,CDR3seq,V-region,D-region,J-region,Frequency
1,CASRWDRFPVNSPLHF,TRBV7-8*03,None,TRBJ1-6*01,88448
2,CASRWDRFPVNSPLHF,TRBV11-3*03,None,TRBJ1-6*01,1447
3,CASRWDRFPVNSPLHF,TRBV7-9*04,None,TRBJ1-6*01,1411
4,CASRWDRLPVNSPLHF,TRBV7-8*03,None,TRBJ1-6*01,331
5,CASRWDRFPVNSPLHF,TRBV7-8*03,None,TRBJ1-6*02,322
6,CASRWDRSPVNSPLHF,TRBV7-8*03,None,TRBJ1-6*01,312
7,CASRWDCFPVNSPLHF,TRBV7-8*03,None,TRBJ1-6*01,307
8,CASRWDRFPVNSPLHF,TRBV7-3*04,None,TRBJ1-6*01,291
9,CASRWGRFPVNSPLHF,TRBV7-8*03,None,TRBJ1-6*01,269
10,CASRWDRFPVNSPPHF,TRBV7-8*03,None,TRBJ1-6*01,255
11,CASRWDRFPVNPPLHF,TRBV7-8*03,None,TRBJ1-6*01,219
12,CASRWDRFPVNSPLRF,TRBV7-8*03,None,TRBJ1-6*01,218
13,CAGRWDRFPVNSPLHF,TRBV7-8*03,None,TRBJ1-6*01,194
14,CASRRDRFPVNSPLHF,TRBV7-8*03,None,TRBJ1-6*01,187
15,CASGWDRFPVNSPLHF,TRBV7-8*03,None,TRBJ1-6*01,174
16,CASRWDRFPVNSPLHF,TRBV11-2*03,None,TRBJ1-6*01,168
17,CASRWDRFPVNSPLHF,TRBV11-3*02,None,TRBJ1-6*01,165
18,CVSRWDRFPVNSPLHF,TRBV7-8*03,None,TRBJ1-6*01,148
19,CASRWDRFPVDSPLHF,TRBV7-8*03,None,TRBJ1-6*01,143
20,CASRWDRFQVNSPLHF,TRBV7-8*03,None,TRBJ1-6*01,135
21,CASRCDRFPVNSPLHF,TRBV7-8*03,None,TRBJ1-6*01,134
22,CASRWDRFPVNSPLHF,TRBV7-1*01,None,TRBJ1-6*01,134
23,CASRWDRFPVNSPLHF,TRBV7-8*03,None,TRBJ1-4*01,132
24,CASRWDRFPVNSLLHF,TRBV7-8*03,None,TRBJ1-6*01,124
25,CASRWDRFPLNSPLHF,TRBV7-8*03,None,TRBJ1-6*01,124
26,CASRWERFPVNSPLHF,TRBV7-8*03,None,TRBJ1-6*01,123
27,CASRWDRFPANSPLHF,TRBV7-8*03,None,TRBJ1-6*01,111
28,CASRWDRFPVSSPLHF,TRBV7-8*03,None,TRBJ1-6*01,111
29,CASRWDRFPVNSHLHF,TRBV7-8*03,None,TRBJ1-6*01,110
30,CASRWDRFTVNSPLHF,TRBV7-8*03,None,TRBJ1-6*01,109
31,CASRWDRFPVNSPLHF,TRBV7-3*05,None,TRBJ1-6*01,99
32,CASRWNRFPVNSPLHF,TRBV7-8*03,None,TRBJ1-6*01,97
33,CASRWDRFPVNSPLNF,TRBV7-8*03,None,TRBJ1-6*01,96
34,CASRWDRFPVNSPLHF,TRBV7-4*01,None,TRBJ1-6*01,93
35,CASRWDRVPVNSPLHF,TRBV7-8*03,None,TRBJ1-6*01,92
36,CTSRWDRFPVNSPLHF,TRBV7-2*03,None,TRBJ1-6*01,91
37,CASRWYRFPVNSPLHF,TRBV7-8*03,None,TRBJ1-6*01,86
38,CASRWDRFPVNSPHHF,TRBV7-8*03,None,TRBJ1-6*01,84
39,CANRWDRFPVNSPLHF,TRBV7-8*03,None,TRBJ1-6*01,83
40,CASRWDRFPVNSPLYF,TRBV7-8*03,None,TRBJ1-6*01,78
41,CASRWDRFPVNSSLHF,TRBV7-8*03,None,TRBJ1-6*01,77
42,CASRWDRFPINSPLHF,TRBV7-8*03,None,TRBJ1-6*01,77
43,CASRWDRFPVNLPLHF,TRBV7-8*03,None,TRBJ1-6*01,76
44,CARRWDRFPVNSPLHF,TRBV7-8*03,None,TRBJ1-6*01,74
45,CASRWDRFLVNSPLHF,TRBV7-8*03,None,TRBJ1-6*01,71
46,CASRWDRFPVNSPLHF,TRBV7-8*01,None,TRBJ1-6*01,70
47,CASRWDHFPVNSPLHF,TRBV7-8*03,None,TRBJ1-6*01,68
48,CASRWDSFPVNSPLHF,TRBV7-8*03,None,TRBJ1-6*01,67
49,CASRWDRFPVNSPLHF,TRBV7-8*02,None,TRBJ1-6*01,67
50,CASRWDRFPVNSTLHF,TRBV7-8*03,None,TRBJ1-6*01,67
51,CASSFSTCSANYGYTF,TRBV12-4*02,None,TRBJ1-2*01,63
52,CASRWDRFPVKSPLHF,TRBV7-8*03,None,TRBJ1-6*01,63
53,CDSRWDRFPVNSPLHF,TRBV7-8*03,None,TRBJ1-6*01,63
54,CASRWVRFPVNSPLHF,TRBV7-8*03,None,TRBJ1-6*01,62
55,CASRWDRFPVNSPLPF,TRBV7-8*03,None,TRBJ1-6*01,61
56,CASRWDRFPVNSPIHF,TRBV7-8*03,None,TRBJ1-6*01,60
57,CASRWDRFPVNSPFHF,TRBV7-8*03,None,TRBJ1-6*01,60
58,CGSRWDRFPVNSPLHF,TRBV7-8*03,None,TRBJ1-6*01,60
59,CASRWDRFSVNSPLHF,TRBV7-8*03,None,TRBJ1-6*01,56
60,CASRLDRFPVNSPLHF,TRBV7-8*03,None,TRBJ1-6*01,56
61,CASRWDRFPVNSPLLF,TRBV7-8*03,None,TRBJ1-6*01,52
62,CASSGMEGQGALYGYTF,TRBV28*01,TRBD1*01,TRBJ1-2*01,49
63,CASRWDLFPVNSPLHF,TRBV7-8*03,None,TRBJ1-6*01,49
64,CASSWDRFPVNSPLHF,TRBV7-8*03,None,TRBJ1-6*01,47
65,CSSRWDRFPVNSPLHF,TRBV7-8*03,None,TRBJ1-6*01,43
66,CASRWDRFRVNSPLHF,TRBV7-8*03,None,TRBJ1-6*01,42
67,CASKWDRFPVNSPLHF,TRBV7-8*03,None,TRBJ1-6*01,42
68,CASRWARFPVNSPLHF,TRBV7-8*03,None,TRBJ1-6*01,41
69,CASRWDRFPVNSRLHF,TRBV7-8*03,None,TRBJ1-6*01,41
70,CASRWHRFPVNSPLHF,TRBV7-8*03,None,TRBJ1-6*01,41
71,CASRWDRFPVNSPLHF,TRBV11-2*02,None,TRBJ1-6*01,39
72,CASRWDRIPVNSPLHF,TRBV7-8*03,None,TRBJ1-6*01,38
73,CASRWDRFAVNSPLHF,TRBV7-8*03,None,TRBJ1-6*01,38
74,CASRWDRFPVNSALHF,TRBV7-8*03,None,TRBJ1-6*01,36
75,CPSRWDRFPVNSPLHF,TRBV7-8*03,None,TRBJ1-6*01,36
76,CASSFSVGPTYEQYF,TRBV14*02,None,TRBJ2-7*01,36
77,CASRWDRFPVNSPRHF,TRBV7-8*03,None,TRBJ1-6*01,35
78,CARRRDRFPVNSPLHF,TRBV7-9*04,None,TRBJ1-6*01,35
79,CASRWDPFPVNSPLHF,TRBV7-8*03,None,TRBJ1-6*01,32
80,CASRWDRCPVNSPLHF,TRBV7-8*03,None,TRBJ1-6*01,32
81,CARRRDRFPVNSPLHF,TRBV11-3*03,None,TRBJ1-6*01,31
82,CACRWDRFPVNSPLHF,TRBV7-8*03,None,TRBJ1-6*01,30
83,CASIWDRFPVNSPLHF,TRBV7-8*03,None,TRBJ1-6*01,28
84,CASRWDRFPVNSPLHF,TRBV7-9*07,None,TRBJ1-6*01,25
85,CASNLRGTRGYGYTF,TRBV27*01,None,TRBJ1-2*01,25
86,CASRWDRFPVNSPLHF,TRBV28*01,None,TRBJ1-6*01,25
87,CASRGDRFPVNSPLHF,TRBV7-8*03,None,TRBJ1-6*01,24
88,CASRWDRFPVNSPLHF,TRBV7-2*02,None,TRBJ1-6*01,24
89,CASRWDRFPVNTPLHF,TRBV7-8*03,None,TRBJ1-6*01,24
90,CASRWDRFPENSPLHF,TRBV7-8*03,None,TRBJ1-6*01,21
91,CASRWDRFPVHSPLHF,TRBV7-8*03,None,TRBJ1-6*01,21
92,CAIRWDRFPVNSPLHF,TRBV7-8*03,None,TRBJ1-6*01,21
93,CSAVAGFSYEQYF,TRBV20-1*06,None,TRBJ2-7*01,20
94,CASRWDRFPVNSPLQF,TRBV7-8*03,None,TRBJ1-6*01,20
95,CASRWDRFPVYSPLHF,TRBV7-8*03,None,TRBJ1-6*01,20
96,CASRWDRFPVTSPLHF,TRBV7-8*03,None,TRBJ1-6*01,19
97,CAWSRWEADYNNEQFF,TRBV30*04,None,TRBJ2-1*01,19
98,CASRWDGFPVNSPLHF,TRBV7-8*03,None,TRBJ1-6*01,18
99,CARRRDGRGMKNCFF,TRBV11-3*03,None,TRBJ1-4*01,17
100,CASRWDRFPVNSPLDF,TRBV7-8*03,None,TRBJ1-6*01,16
101,CASRWDRFPVISPLHF,TRBV7-8*03,None,TRBJ1-6*01,16
102,CARRRDRFPVNSPLHF,TRBV7-8*03,None,TRBJ1-6*01,16
103,CASTWDRFPVNSPLHF,TRBV7-8*03,None,TRBJ1-6*01,15
104,CASRWDRFPVNSPLHF,TRBV7-2*04,None,TRBJ1-6*01,15
105,CASRWDRFPVNSPLHF,TRBV11-2*01,None,TRBJ1-6*01,15
106,CASRWDRFPVNSPLHF,TRBV7-2*01,None,TRBJ1-6*01,15
107,CASRWDRFPVNAPLHF,TRBV7-8*03,None,TRBJ1-6*01,15
108,CARRRDGQGDEKLFF,TRBV7-9*04,None,TRBJ1-4*01,15
109,CASRSDRFPVNSPLHF,TRBV7-8*03,None,TRBJ1-6*01,14
110,CSVEQGPRGTQYF,TRBV29-1*02,None,TRBJ2-3*01,14
111,CSAVAGFSYEQYF,TRBV20-1*03,None,TRBJ2-7*01,13
112,CASSRDRGSNQPQHF,TRBV14*02,None,TRBJ1-5*01,13
113,CSAVAGFSYEQYF,TRBV20-1*02,None,TRBJ2-7*01,12
114,CASRWDRLPVNSPLHF,TRBV11-3*03,None,TRBJ1-6*01,12
115,CSVGQATGTEAFF,TRBV29-1*02,None,TRBJ1-1*01,12
116,CATRWDRFPVNSPLHF,TRBV7-8*03,None,TRBJ1-6*01,11
117,CASRWDRFPVNSPLHF,TRBV7-3*03,None,TRBJ1-6*01,11
118,CASSRVSYNEQFF,TRBV28*01,None,TRBJ2-1*01,11
119,CASRWDRFPVNSPLHF,TRBV3-1*01,None,TRBJ1-6*01,11
120,CASRWDRFPVNSPLHF,TRBV11-3*01,None,TRBJ1-6*01,11
121,CASRWDRFPVNSPLHF,TRBV7-3*01,None,TRBJ1-6*01,11
122,CASRWDRFPVNSPVHF,TRBV7-8*03,None,TRBJ1-6*01,10
123,CSALMAGQAFF,TRBV20-1*02,None,TRBJ1-1*01,10
124,CQKEGRSGDEKLFF,TRBV11-3*03,None,TRBJ1-4*01,10
125,CARRRDGRGMKNCFF,TRBV7-9*04,None,TRBJ1-4*01,9
126,CASSPWTDNYGYTF,TRBV11-3*02,None,TRBJ1-2*01,9
127,CASRWDRYPVNSPLHF,TRBV7-8*03,None,TRBJ1-6*01,8
128,CASSWTGTGGEKLFF,TRBV27*01,TRBD1*01,TRBJ1-4*01,8
129,CASRWDRFPVNSPLHF,TRBV7-9*04,None,TRBJ1-6*02,8
130,CASRWDRFPVNPPLHF,TRBV11-3*03,None,TRBJ1-6*01,8
131,CQKEGRSGDEKLFF,TRBV7-9*04,None,TRBJ1-4*01,8
132,CASRWDRFPGNSPLHF,TRBV7-8*03,None,TRBJ1-6*01,8
133,CASRWDRFPVNSPPHF,TRBV11-3*03,None,TRBJ1-6*01,8
134,CASSPWTDNYGYTF,TRBV11-2*03,None,TRBJ1-2*01,7
135,CASRWDRFPVNSPPHF,TRBV7-9*04,None,TRBJ1-6*01,7
136,CASRWDCFPVNSPLHF,TRBV7-9*04,None,TRBJ1-6*01,6
137,CASRWDRFPVNSPLHF,TRBV5-5*03,None,TRBJ1-6*01,6
138,CASRWERFPVNSPLHF,TRBV11-3*03,None,TRBJ1-6*01,6
139,CASRWDRSPVNSPLHF,TRBV11-3*03,None,TRBJ1-6*01,6
140,CASRWDRFPVNSHLHF,TRBV11-3*03,None,TRBJ1-6*01,6
141,CASSLVTGTTDTQYF,TRBV11-3*03,None,TRBJ2-3*01,6
142,CARRRDGQGDEKLFF,TRBV11-3*03,None,TRBJ1-4*01,6
143,CASRWDRLPVNSPLHF,TRBV7-9*04,None,TRBJ1-6*01,6
144,CASRWDRFPVSSPLHF,TRBV11-3*03,None,TRBJ1-6*01,5
145,CASSPGQGAGDTQYF,TRBV18*01,TRBD1*01,TRBJ2-3*01,5
146,CASRWDRFPVNSPLHF,TRBV7-9*01,None,TRBJ1-6*01,5
147,CASRWDRSPVNSPLHF,TRBV7-9*04,None,TRBJ1-6*01,5
148,CASRWDCFPVNSPLHF,TRBV11-3*03,None,TRBJ1-6*01,5
149,CASRWDRFPVNSPLHF,TRBV5-5*02,None,TRBJ1-6*01,4
150,CSALMAGQAFF,TRBV20-1*06,None,TRBJ1-1*01,4
151,CASRWDCFPVNSPLHF,TRBV7-8*03,None,TRBJ1-6*02,4
152,CASRWDRFTVNSPLHF,TRBV7-9*04,None,TRBJ1-6*01,4
153,CASRWDRLPVNSPLHF,TRBV7-3*04,None,TRBJ1-6*01,4
154,CASRRDRFPVNSPLHF,TRBV11-3*03,None,TRBJ1-6*01,4
155,CASRWDRFPVNSPLHF,TRBV7-9*04,None,TRBJ1-4*01,4
156,CASRWERLPVNSPLHF,TRBV7-8*03,None,TRBJ1-6*01,4
157,CSALMAGQAFF,TRBV20-1*03,None,TRBJ1-1*01,4
158,CASRWDRFPVNSPLHF,TRBV5-8*02,None,TRBJ1-6*01,4
159,CASRWDRFPVNSPLPF,TRBV7-8*03,None,TRBJ1-6*02,4
160,CASRWDRVPVNSPLHF,TRBV7-8*03,None,TRBJ1-6*02,4
161,CASRWDRCPVKSPLHF,TRBV7-8*03,None,TRBJ1-6*01,4
162,CGRWDRFPVNSPLHF,TRBV7-8*03,None,TRBJ1-6*01,4
163,CASRWDRLPVNSPLHF,TRBV7-8*03,None,TRBJ1-6*02,4
164,CASRWDRLPVNPPLHF,TRBV7-8*03,None,TRBJ1-6*01,4
165,CASRWERFPVNSPHHF,TRBV7-8*03,None,TRBJ1-6*01,4
166,CASRWDRFPVNSPLRF,TRBV11-3*03,None,TRBJ1-6*01,4
167,CASRWDRFPVNSPLYF,TRBV11-3*03,None,TRBJ1-6*01,4
168,CASRWDRFPVNSPLHF,TRBV11-1*01,None,TRBJ1-6*01,4
169,CGSRWDRLPVNSPLHF,TRBV7-8*03,None,TRBJ1-6*01,4
170,CDSRWDRFPVNSPLHF,TRBV11-3*03,None,TRBJ1-6*01,3
171,CASRWDRFPVNSPHLF,TRBV7-8*03,None,TRBJ1-6*01,3
172,CASRWDRFPVNSPHHF,TRBV7-8*03,None,TRBJ1-6*02,3
173,CASRWDRLPVNSLLHF,TRBV7-8*03,None,TRBJ1-6*01,3
174,CASRWGRFPVNSPLHF,TRBV7-8*03,None,TRBJ1-6*02,3
175,CASRWDRFPVNSPLHF,TRBV11-3*03,None,TRBJ1-6*02,3
176,CASRWDRFPVNSQLHF,TRBV7-8*03,None,TRBJ1-6*01,3
177,CASRWGRFPVNSPLHF,TRBV7-9*04,None,TRBJ1-6*01,3
178,CANRWDRFPVNSPLHF,TRBV11-3*03,None,TRBJ1-6*01,3
179,CASRWDRSPVNSLLHF,TRBV7-8*03,None,TRBJ1-6*01,3
180,CASRWDRIPVNPPLHF,TRBV7-8*03,None,TRBJ1-6*01,3
181,CASRWDHFPVNSPLHF,TRBV7-9*04,None,TRBJ1-6*01,3
182,CASRWDRFPVKSPLRF,TRBV7-8*03,None,TRBJ1-6*01,3
183,CASRWDRFPVNSPLHF,TRBV11-3*03,None,TRBJ1-4*01,3
184,CASRWDRFPVNSPLCF,TRBV7-8*03,None,TRBJ1-6*01,3
185,CASRWDRIPVNSPLHF,TRBV7-8*03,None,TRBJ1-6*02,3
186,CASRWDRFPVNSPLRF,TRBV7-8*03,None,TRBJ1-6*02,3
187,CDSRWDRFPVNSPHHF,TRBV7-8*03,None,TRBJ1-6*01,3
188,CASRWDCFPVNSPLHF,TRBV11-2*03,None,TRBJ1-6*01,3
189,CASRWDRFPVNSPLHF,TRBV7-9*02,None,TRBJ1-6*01,3
190,CASRWDRFPLNSLLHF,TRBV7-8*03,None,TRBJ1-6*01,3
191,CSVHRGPNTEAFF,TRBV29-1*02,None,TRBJ1-1*01,3
192,CATRWDRLPVNSPLHF,TRBV7-8*03,None,TRBJ1-6*01,3
193,CASSLRQGGNYEQYF,TRBV27*01,None,TRBJ2-7*01,3
194,CARRWDRSPVNSPLHF,TRBV7-8*03,None,TRBJ1-6*01,3
195,CASSLVTGTTDTQYF,TRBV7-9*04,None,TRBJ2-3*01,3
196,CASRWDRFPVNLPLHF,TRBV7-8*03,None,TRBJ1-6*02,3
197,CASRWDRFPVNSPLHF,TRBV5-4*02,None,TRBJ1-6*01,3
198,CASRWDRFPVNSPLHF,TRBV4-3*04,None,TRBJ1-6*01,3
199,CARRRDGRGDEKLFF,TRBV7-9*04,None,TRBJ1-4*01,3
200,CASRWDRFLVNSPLHF,TRBV7-9*04,None,TRBJ1-6*01,3
201,CARRRDGRDEKLFF,TRBV7-9*04,None,TRBJ1-4*01,3
202,CASRWVRFPVNSPLHF,TRBV7-9*04,None,TRBJ1-6*01,3
203,CASRWDRFPVNSPLHF,TRBV7-6*02,None,TRBJ1-6*01,3
204,CASRWDRFPVNPPLHF,TRBV7-3*04,None,TRBJ1-6*01,3
205,CASRWDRVPVNSPLHF,TRBV7-4*01,None,TRBJ1-6*01,3
206,CASRWDRFPVNLPLHF,TRBV11-3*03,None,TRBJ1-6*01,3
207,CASRWERFPVNSPPHF,TRBV7-8*03,None,TRBJ1-6*01,3
208,CASRWDRFPVNSPLHF,TRBV7-9*03,None,TRBJ1-6*01,3
209,CASRWDSFPVKSPLHF,TRBV7-8*03,None,TRBJ1-6*01,3
210,CASRRDRFPVNSPLHF,TRBV7-8*03,None,TRBJ1-6*02,3
211,CASRWDRFPVNPPLHF,TRBV7-8*03,None,TRBJ1-6*02,3
212,CASRWDRFPVNPPLHF,TRBV7-9*04,None,TRBJ1-6*01,3
213,CGSRWDRFPVDSPLHF,TRBV7-8*03,None,TRBJ1-6*01,2
214,CASRGDRLPVNSPLHF,TRBV7-8*03,None,TRBJ1-6*01,2
215,CASRWDRFPVNSPLYF,TRBV7-8*03,None,TRBJ1-6*02,2
216,CASRWDRFPVNSPFPF,TRBV7-8*03,None,TRBJ1-6*01,2
217,CASRWARFPVNSPLHF,TRBV11-2*03,None,TRBJ1-6*01,2
218,CASRWDRFPVNSPHHF,TRBV7-9*04,None,TRBJ1-6*01,2
219,CASRCVRFPVNSPLHF,TRBV7-8*03,None,TRBJ1-6*01,2
220,CASRWDRFPVNSPLHF,TRBV5-4*04,None,TRBJ1-6*01,2
221,CASRWERCPVNSPLHF,TRBV7-8*03,None,TRBJ1-6*01,2
222,CASRWDRAPVNSPLHF,TRBV7-8*03,None,TRBJ1-6*01,2
223,CASRWDRFPVNSPLHF,TRBV5-5*01,None,TRBJ1-6*01,2
224,CASRWDRFPVNSPIHF,TRBV7-3*04,None,TRBJ1-6*01,2
225,CASRWGRFPVNSPLHF,TRBV11-3*03,None,TRBJ1-6*01,2
226,CASRWDRFPVNSPLHF,TRBV7-3*04,None,TRBJ1-6*02,2
227,CASRWACFPVNSPLHF,TRBV7-8*03,None,TRBJ1-6*01,2
228,CASRWERFPVTSPLHF,TRBV7-8*03,None,TRBJ1-6*01,2
229,CASRWDRFPVNSLHHF,TRBV7-8*03,None,TRBJ1-6*01,2
230,CASSFSVGHTYEQYF,TRBV14*02,None,TRBJ2-7*01,2
231,CASRWDGFPVNSPHHF,TRBV7-8*03,None,TRBJ1-6*01,2
232,CASRWDRFPVNSLLHF,TRBV7-3*05,None,TRBJ1-6*01,2
233,CASRWDPFPVNSPLHF,TRBV7-9*04,None,TRBJ1-6*01,2
234,CASRWERFPVNSPLRF,TRBV7-8*03,None,TRBJ1-6*01,2
235,CASRWDRFPVNSPLIF,TRBV7-8*03,None,TRBJ1-6*01,2
236,CASRWERFPVNSPLNF,TRBV7-8*03,None,TRBJ1-6*01,2
237,CASRRDRFPVNSPLHF,TRBV7-9*04,None,TRBJ1-6*01,2
238,CASRLGRFPVNSPLHF,TRBV7-8*03,None,TRBJ1-6*01,2
239,CASRWDRFPVNSPLNF,TRBV7-8*03,None,TRBJ1-6*02,2
240,CASRWDLFPVNSPLHF,TRBV7-8*03,None,TRBJ1-6*02,2
241,CASRWERFPVNSPLHF,TRBV7-8*03,None,TRBJ1-6*02,2
242,CASRWERVPVNSPLHF,TRBV7-8*03,None,TRBJ1-6*01,2
243,CDSRWDRVPVNSPLHF,TRBV7-8*03,None,TRBJ1-6*01,2
244,CASRWDRFPVNSPLHF,TRBV7-8*03,None,TRBJ2-7*01,2
245,CASRWDRFPVNSPINF,TRBV7-8*03,None,TRBJ1-6*01,2
246,CASRWDRFPVNSPLHF,TRBV4-3*02,None,TRBJ1-6*01,2
247,CASRWDRFPVNSPLFF,TRBV7-8*03,None,TRBJ1-6*01,2
248,CASRWDRFPVNSPLHF,TRBV4-3*03,None,TRBJ1-6*01,2
249,CASRWERIPVNSPLHF,TRBV7-8*03,None,TRBJ1-6*01,2
250,CASRWDRFPVNSPLRF,TRBV11-2*01,None,TRBJ1-6*01,2
251,CASRWERFPVNSTLHF,TRBV7-8*03,None,TRBJ1-6*01,2
252,CASRWDGFPVNSPLHF,TRBV7-9*04,None,TRBJ1-6*01,2
253,CASRWGRFPINSPLHF,TRBV7-8*03,None,TRBJ1-6*01,2
254,CASTWDRFAVNSPLHF,TRBV7-8*03,None,TRBJ1-6*01,2
255,CASRWDRFPVNSPLHF,TRBV7-7*02,None,TRBJ1-6*01,2
256,CASRWDRFPVNSPLYF,TRBV7-9*04,None,TRBJ1-6*01,2
257,CASRWDRFAVNSPLRF,TRBV7-8*03,None,TRBJ1-6*01,2
258,CASRCDSFPVNSPLHF,TRBV7-8*03,None,TRBJ1-6*01,2
259,CASRWDRFQVNSPLHF,TRBV11-2*03,None,TRBJ1-6*01,2
260,CASRWDRFTVKSPLHF,TRBV7-8*03,None,TRBJ1-6*01,2
261,CASRWDRVPENSPLHF,TRBV7-8*03,None,TRBJ1-6*01,2
262,CARRRERSGDEKLFF,TRBV11-3*03,None,TRBJ1-4*01,2
263,CASRWDRFSLNSPLHF,TRBV7-8*03,None,TRBJ1-6*01,2
264,CASRWDRVPVKSPLHF,TRBV7-8*03,None,TRBJ1-6*01,2
265,CASRWDRVPVNSHLHF,TRBV7-8*03,None,TRBJ1-6*01,2
266,CASRWDRFRINSPLHF,TRBV7-8*03,None,TRBJ1-6*01,2
267,CASRWYRFPINSPLHF,TRBV7-8*03,None,TRBJ1-6*01,2
268,CARRWDRFPVNSPLHF,TRBV11-2*03,None,TRBJ1-6*01,2
269,CARRWDRFPVNSPLHF,TRBV7-1*01,None,TRBJ1-6*01,2
270,CARRWDRFPVNSPLHF,TRBV7-8*03,None,TRBJ1-6*02,2
271,CSSRWDRLPVNSPLHF,TRBV7-8*03,None,TRBJ1-6*01,2
272,CASRWDRVPVNSPLHF,TRBV7-8*02,None,TRBJ1-6*01,2
273,CSSRWDRFPVNSPIHF,TRBV7-8*03,None,TRBJ1-6*01,2
274,CARRRDGRGDEKLFF,TRBV11-3*03,None,TRBJ1-4*01,2
275,CASRWYRFPVNSPHHF,TRBV7-8*03,None,TRBJ1-6*01,2
276,CARRWDSFPVNSPLHF,TRBV7-8*03,None,TRBJ1-6*01,2
277,CASRWDRVPVNSPLLF,TRBV7-8*03,None,TRBJ1-6*01,2
278,CASRWDRFPVNPPIHF,TRBV7-8*03,None,TRBJ1-6*01,2
279,CASRWDRFPVNSPPHF,TRBV11-3*02,None,TRBJ1-6*01,2
280,CASRWDRFPANSPLHF,TRBV7-9*04,None,TRBJ1-6*01,2
281,CASRWDRFPANSPLHF,TRBV7-8*03,None,TRBJ1-6*02,2
282,CASRWYRFPVNSPLHF,TRBV7-4*01,None,TRBJ1-6*01,2
283,CASRWDRFPANSPLHF,TRBV11-3*03,None,TRBJ1-6*01,2
284,CASRWDRFLVNSPPHF,TRBV7-8*03,None,TRBJ1-6*01,2
285,CASRWDRFPVYSLLHF,TRBV7-8*03,None,TRBJ1-6*01,2
286,CARWDRFPVNSPLHF,TRBV7-8*03,None,TRBJ1-6*01,2
287,CASRWDRFPVTSPLHF,TRBV7-8*03,None,TRBJ1-6*02,2
288,CASRWDRFPVNAPLHF,TRBV11-3*03,None,TRBJ1-6*01,2
289,CASRWHRLPVNSPLHF,TRBV7-8*03,None,TRBJ1-6*01,2
290,CASRWDRFLVNSHLHF,TRBV7-8*03,None,TRBJ1-6*01,2
291,CASRWDRFPVDSPLHF,TRBV7-8*03,None,TRBJ1-6*02,2
292,CASRWDRLPVNSPLHF,TRBV11-3*02,None,TRBJ1-6*01,2
293,CVSRWVRFPVNSPLHF,TRBV7-8*03,None,TRBJ1-6*01,2
294,CASRWDRFPVHSPLHF,TRBV7-8*03,None,TRBJ1-6*02,2
295,CVSRWGCFPVNSSLHF,TRBV7-8*03,None,TRBJ1-6*01,2
296,CASRWNRFTVNSPLHF,TRBV7-8*03,None,TRBJ1-6*01,2
297,CVSRWERFPVNSPLHF,TRBV7-8*03,None,TRBJ1-6*01,2
298,CAGRWDRFPVNSPLHF,TRBV11-3*03,None,TRBJ1-6*01,2
299,CASRWDRLPVNSPLLF,TRBV7-8*03,None,TRBJ1-6*01,2
300,CASRWDRLPVKSPLHF,TRBV7-8*03,None,TRBJ1-6*01,2
301,CASRWDRLPVNSPLRF,TRBV7-8*03,None,TRBJ1-6*01,2
302,CVSRWDRFPVNSPLRF,TRBV7-8*03,None,TRBJ1-6*01,2
303,CASRWDRFPVDSTLHF,TRBV7-8*03,None,TRBJ1-6*01,2
304,CASRWNRFPLNSPLHF,TRBV7-8*03,None,TRBJ1-6*01,2
305,CASRWDRFPVKSPLHF,TRBV11-2*02,None,TRBJ1-6*01,2
306,CASRWDRSPVNSTLHF,TRBV7-8*03,None,TRBJ1-6*01,2
307,CASRWQRFPVNSPLHF,TRBV7-8*03,None,TRBJ1-6*01,2
308,CASRWDRFPVKSPLHF,TRBV11-2*03,None,TRBJ1-6*01,2
309,CVSRWDRFLVNSPLHF,TRBV7-8*03,None,TRBJ1-6*01,2
310,CASRWNRFPINSPLHF,TRBV7-8*03,None,TRBJ1-6*01,2
311,CASRWDRFPVDSPLHF,TRBV11-3*03,None,TRBJ1-6*01,2
312,CAKEGRSGDEKLFF,TRBV7-8*03,None,TRBJ1-4*01,2
313,CVSRRDRFPVNSPLHF,TRBV7-8*03,None,TRBJ1-6*01,2
314,CASRWDRFPVDSHLHF,TRBV7-8*03,None,TRBJ1-6*01,2
315,CANRWDRFPVNSPLHF,TRBV7-9*04,None,TRBJ1-6*01,2
316,CASRWDRIPANSPLHF,TRBV7-8*03,None,TRBJ1-6*01,2
317,CARGWDRFPVNSPLHF,TRBV7-8*03,None,TRBJ1-6*01,2
318,CTSRWDRFPVNSPLRF,TRBV7-2*03,None,TRBJ1-6*01,2
319,CASRWDRFPLNSPLNF,TRBV7-8*03,None,TRBJ1-6*01,2
320,CASRWGRLPVNSPLHF,TRBV7-8*03,None,TRBJ1-6*01,2
321,CASRWDSFPVNSTLHF,TRBV7-8*03,None,TRBJ1-6*01,2
322,CASGWDRFPVNSPLHF,TRBV11-3*03,None,TRBJ1-6*01,2
323,CASRWDRFPVNSPPNF,TRBV7-8*03,None,TRBJ1-6*01,2
324,CASRWDRFAVNSPLHF,TRBV7-3*04,None,TRBJ1-6*01,2
325,CASRWDRFPVNSTLHF,TRBV7-9*04,None,TRBJ1-6*01,2
326,CASRWDSFPVNSPLHF,TRBV7-8*03,None,TRBJ1-6*02,2
327,CASRCDRFPVNSPLHF,TRBV11-3*03,None,TRBJ1-6*01,2
328,CASRWDSFQVNSPLHF,TRBV7-8*03,None,TRBJ1-6*01,2
329,CASRWDRFPVNSPSHF,TRBV7-8*03,None,TRBJ1-6*01,2
330,CASRWDRFPVNSPRNF,TRBV7-8*03,None,TRBJ1-6*01,2
331,CASRWDSFPVNSPLYF,TRBV7-8*03,None,TRBJ1-6*01,2
332,CASRWDRFPVNSPPPF,TRBV7-8*03,None,TRBJ1-6*01,2
333,CASRWDSFPVNSPLHF,TRBV7-8*01,None,TRBJ1-6*01,2
334,CASRWGRFPVNSPLHF,TRBV7-4*01,None,TRBJ1-6*01,2
335,CASRWDRFPVNSALHF,TRBV7-9*04,None,TRBJ1-6*01,2
336,CASRCDHFPVNSPLHF,TRBV7-8*03,None,TRBJ1-6*01,2
337,CASRWDRFPVNSPQHF,TRBV7-8*03,None,TRBJ1-6*01,2
338,CASRWGRFPVNSPLYF,TRBV7-8*03,None,TRBJ1-6*01,2
339,CASRWYRFSVNSPLHF,TRBV7-8*03,None,TRBJ1-6*01,2
340,CASRWDRFAVKSPLHF,TRBV7-8*03,None,TRBJ1-6*01,2
341,CGSRWYRFPVNSPLHF,TRBV7-8*03,None,TRBJ1-6*01,2
342,CPSRWDRFPVKSPLHF,TRBV7-8*03,None,TRBJ1-6*01,2
343,CASRCDRFPVNSPLHF,TRBV7-8*03,None,TRBJ1-6*02,2
344,CASRWDRCPVNSPLHF,TRBV7-9*04,None,TRBJ1-6*01,2
345,CQKEGRSGDEKLFF,TRBV5-3*01,None,TRBJ1-4*01,2
346,CASRWDRFPVNSRLHF,TRBV11-3*03,None,TRBJ1-6*01,2
347,CASRWDSFPLNSPLHF,TRBV7-8*03,None,TRBJ1-6*01,2
348,CASRWDSFPVNLPLHF,TRBV7-8*03,None,TRBJ1-6*01,2
349,CASRWDSFPVNSHLHF,TRBV7-8*03,None,TRBJ1-6*01,2
350,CGSRWDRFPVNSRLHF,TRBV7-8*03,None,TRBJ1-6*01,2
351,CASRWDRFAVNSTLHF,TRBV7-8*03,None,TRBJ1-6*01,2
352,CASRWGRFPVNSPLHF,TRBV7-1*01,None,TRBJ1-6*01,2
353,CASGWDRVPVNSPLHF,TRBV7-8*03,None,TRBJ1-6*01,2
354,CASRWDRFPVNSSLHF,TRBV11-3*03,None,TRBJ1-6*01,2
355,CASGWGRFPVNSPLHF,TRBV7-8*03,None,TRBJ1-6*01,2
356,CASRWDRFPVNSPPHF,TRBV7-8*03,None,TRBJ1-6*02,2
357,CASRWDRFAVNSPLLF,TRBV7-8*03,None,TRBJ1-6*01,2
358,CASRWDSFPVNSPIHF,TRBV7-8*03,None,TRBJ1-6*01,2
359,CGSRWERFPVNSPLHF,TRBV7-8*03,None,TRBJ1-6*01,2
360,CASRWDSFPVNSPLHF,TRBV11-3*03,None,TRBJ1-6*01,2
361,CASRWDSLPVNSPLHF,TRBV7-8*03,None,TRBJ1-6*01,2
362,CASRWLRFPVNSPLNF,TRBV7-8*03,None,TRBJ1-6*01,1
363,CASRWNLFPVNSPLHF,TRBV7-8*03,None,TRBJ1-6*01,1
364,CASRWGRFPVNSPLHF,TRBV11-2*02,None,TRBJ1-6*01,1
365,CASRWGRFPVNSPLHF,TRBV7-9*03,None,TRBJ1-6*01,1
366,CASRWGRFPVNSPLHF,TRBV11-2*03,None,TRBJ1-6*01,1
367,CASRWNRFPLISPLHF,TRBV7-8*03,None,TRBJ1-6*01,1
368,CASRWGLFPVNSPHHF,TRBV7-8*03,None,TRBJ1-6*01,1
369,CASRWGRFPVNSPLHF,TRBV7-8*03,None,TRBJ1-4*01,1
370,CASRWNRFPVKSPPHF,TRBV7-8*03,None,TRBJ1-6*01,1
371,CASRWNRFPVNPPLHF,TRBV7-8*03,None,TRBJ1-6*01,1
372,CASRWKRFPVNSPLHF,TRBV7-4*01,None,TRBJ1-6*01,1
373,CASRWNRFPVNSPLHF,TRBV11-3*03,None,TRBJ1-6*01,1
374,CASRWGRFPVNSPLHF,TRBV7-3*05,None,TRBJ1-6*01,1
375,CASRWGRFPVNSPLHF,TRBV28*01,None,TRBJ1-6*01,1
376,CASRWNRFPVNSPLHF,TRBV7-9*04,None,TRBJ1-6*01,1
377,CASRWGRFPVNSPLHF,TRBV7-3*04,None,TRBJ1-6*01,1
378,CASRWNRFPVNSPLLF,TRBV7-8*03,None,TRBJ1-6*01,1
379,CASRWKRLPVNSPLHF,TRBV7-8*03,None,TRBJ1-6*01,1
380,CASRWGRFPVNSPFHF,TRBV7-8*03,None,TRBJ1-6*01,1
381,CASRWGLFPVNSPLHF,TRBV7-8*03,None,TRBJ1-6*01,1
382,CASRWHPFPVNSPLHF,TRBV7-8*03,None,TRBJ1-6*01,1
383,CASRWGRFSVNSPLHF,TRBV7-8*03,None,TRBJ1-6*01,1
384,CASRWHRFPVKSPLHF,TRBV7-8*03,None,TRBJ1-6*01,1
385,CASRWHRFPVISPLSF,TRBV7-4*01,None,TRBJ1-6*01,1
386,CASRWGRFPVNAPLHF,TRBV7-8*03,None,TRBJ1-6*01,1
387,CASRWHRFPLNAPLSF,TRBV7-8*03,None,TRBJ1-6*01,1
388,CASRWGRFTVNSPLPF,TRBV7-2*01,None,TRBJ1-6*01,1
389,CASRWGRIPVNSPLHF,TRBV7-8*03,None,TRBJ1-6*01,1
390,CASRWHSFPVNSPLHF,TRBV7-8*03,None,TRBJ1-6*01,1
391,CASRWGRFPLNSPHHF,TRBV7-1*01,None,TRBJ1-6*01,1
392,CASRWGRLAVNLPRHF,TRBV7-8*03,None,TRBJ1-6*01,1
393,CASRWGRVPVNSPLHF,TRBV7-8*03,None,TRBJ1-6*01,1
394,CASRWGRVPVDSPLLF,TRBV7-8*03,None,TRBJ1-6*02,1
395,CASRWGRFPLHSPVHF,TRBV7-3*04,None,TRBJ1-6*01,1
396,CASRWGRSPVNSPLHF,TRBV7-8*03,None,TRBJ1-6*01,1
397,CASRWGRFSVNSPLHF,TRBV11-3*03,None,TRBJ1-6*01,1
398,CASRWGRFPVTSPRHF,TRBV11-2*03,None,TRBJ1-6*01,1
399,CASRWGRFLVNSPLHF,TRBV7-8*03,None,TRBJ1-6*01,1
400,CASRWHRFPVNSPLHF,TRBV11-3*02,None,TRBJ1-6*01,1
401,CASRWHRFPVNSPLHF,TRBV11-3*03,None,TRBJ1-6*01,1
402,CASRWHRFPVNSPLHF,TRBV7-3*05,None,TRBJ1-6*01,1
403,CASRWGRFPVNTPLHF,TRBV7-2*01,None,TRBJ1-6*01,1
404,CASRWGRFPVNSPPHF,TRBV7-8*03,None,TRBJ1-6*01,1
405,CASRWGRFPVNPPLHF,TRBV7-8*03,None,TRBJ1-6*01,1
406,CASRWHRFPVNSPLPF,TRBV7-8*03,None,TRBJ1-6*01,1
407,CASRWGHFPVNSPLHF,TRBV7-3*05,None,TRBJ1-6*01,1
408,CASRWHRFTVDSPLHF,TRBV7-8*03,None,TRBJ1-6*01,1
409,CASRWGRFHVNSHLHF,TRBV7-8*03,None,TRBJ1-6*01,1
410,CASRWGRFPVNSPLPF,TRBV7-8*03,None,TRBJ1-6*01,1
411,CASRWHRVPVNSPLHF,TRBV11-2*03,None,TRBJ1-6*01,1
412,CASRWHRVPVNSPLHF,TRBV7-8*03,None,TRBJ1-6*01,1
413,CASRWGRFPVNSPHHF,TRBV7-8*03,None,TRBJ1-6*01,1
414,CASRWHCFPVNSPLHF,TRBV7-8*03,None,TRBJ1-6*01,1
415,CASRWERFPVNSPIHF,TRBV7-8*03,None,TRBJ1-6*01,1
416,CASRWGEFPVKSPLHF,TRBV3-1*01,None,TRBJ1-6*01,1
417,CASRWDRVPVNSPLLF,TRBV11-2*03,None,TRBJ1-6*01,1
418,CASRWDRVPVNSPLHF,TRBV7-8*01,None,TRBJ1-6*01,1
419,CASRWDRVPVNSPLHF,TRBV7-3*04,None,TRBJ1-6*01,1
420,CASRWDRVPVNSPLHF,TRBV7-2*02,None,TRBJ1-6*01,1
421,CASRWDRVPVNSPLHF,TRBV7-1*01,None,TRBJ1-6*01,1
422,CASRWDRVPVNSPLHF,TRBV11-3*02,None,TRBJ1-6*01,1
423,CASRWDRVPVNSPDHF,TRBV7-8*03,None,TRBJ1-6*02,1
424,CASRWDRVPVNSHIHF,TRBV7-3*04,None,TRBJ1-6*01,1
425,CASRWDRVPVNPPLHF,TRBV7-8*03,None,TRBJ1-6*01,1
426,CASRWDRVPVNLPLHF,TRBV7-8*03,None,TRBJ1-6*01,1
427,CASRWDRVPVKSALLF,TRBV7-8*03,None,TRBJ1-6*01,1
428,CASRWDRVPVKLPLHF,TRBV7-8*03,None,TRBJ1-6*01,1
429,CASRWDRVPVDSPLHF,TRBV7-8*03,None,TRBJ1-6*01,1
430,CASRWDRVPGNSPLHF,TRBV7-8*03,None,TRBJ1-6*01,1
431,CASRWDRVPENSPHYF,TRBV7-8*03,None,TRBJ1-6*01,1
432,CASRWDRVLVNSPLHF,TRBV7-8*01,None,TRBJ1-6*01,1
433,CASRWDRVPVNSPLHF,TRBV7-8*02,None,TRBJ1-6*02,1
434,CASRWDRVPVNSPLLF,TRBV7-8*01,None,TRBJ1-6*01,1
435,CASRWGCFPVYSPLHF,TRBV7-8*03,None,TRBJ1-6*01,1
436,CASRWDRVPVNSPLQF,TRBV7-8*03,None,TRBJ1-6*01,1
437,CASRWDRYPVNSPLSF,TRBV7-8*03,None,TRBJ1-6*01,1
438,CASRWDRYPVNSPLLF,TRBV7-8*03,None,TRBJ1-6*01,1
439,CASRWDRYPVNSPLHF,TRBV7-9*04,None,TRBJ1-6*01,1
440,CASRWDRYPVNSPLHF,TRBV7-4*01,None,TRBJ1-6*01,1
441,CASRWDRYPVNSPLHF,TRBV11-3*03,None,TRBJ1-6*01,1
442,CASRWDRYPVNSPIHF,TRBV7-8*03,None,TRBJ1-6*01,1
443,CASRWDRYPGNSPIHF,TRBV7-8*03,None,TRBJ1-6*01,1
444,CASRWDRWPVNSPLHF,TRBV7-8*03,None,TRBJ1-6*01,1
445,CASRWDRWAVNSTLHF,TRBV7-8*03,None,TRBJ1-6*01,1
446,CASRWDRVTVNSPPHF,TRBV7-8*03,None,TRBJ1-6*01,1
447,CASRWDRVTVNSPLHF,TRBV7-8*03,None,TRBJ1-6*01,1
448,CASRWDRVTVKSLHHF,TRBV7-8*01,None,TRBJ1-6*01,1
449,CASRWDRVRVNSPLHF,TRBV7-4*01,None,TRBJ1-6*02,1
450,CASRWDRVQVNSPLHF,TRBV7-8*03,None,TRBJ1-6*01,1
451,CASRWDRVPVNSPPHF,TRBV7-8*03,None,TRBJ1-6*01,1
452,CASRWDRVAVNSPLHF,TRBV7-8*03,None,TRBJ1-6*01,1
453,CASRWDRVALNSPLHF,TRBV7-8*03,None,TRBJ1-6*01,1
454,CASRWDRTPVNSPLHF,TRBV7-4*01,None,TRBJ1-6*01,1
455,CASRWDRTPVHSLLHF,TRBV7-3*04,None,TRBJ1-6*01,1
456,CASRWDRLPVSSPLHF,TRBV7-8*03,None,TRBJ1-6*01,1
457,CASRWDRLPVNSTLHF,TRBV7-8*03,None,TRBJ1-6*01,1
458,CASRWDRLPVNSSLHF,TRBV7-8*03,None,TRBJ1-6*01,1
459,CASRWDRLPVNSPSHF,TRBV7-8*03,None,TRBJ1-6*01,1
460,CASRWDRLPVNSPRNF,TRBV7-8*03,None,TRBJ1-6*01,1
461,CASRWDRLPVNSPRHF,TRBV7-8*03,None,TRBJ1-6*01,1
462,CASRWDRLPVNSPLYF,TRBV7-8*03,None,TRBJ1-6*01,1
463,CASRWDRLPVNSPLSF,TRBV7-8*03,None,TRBJ1-6*01,1
464,CASRWDRLPVNSPLQF,TRBV7-8*03,None,TRBJ1-6*01,1
465,CASRWDRLPVNSPLLF,TRBV7-9*02,None,TRBJ1-6*01,1
466,CASRWDRLPVNSPLHF,TRBV7-8*03,None,TRBJ1-2*01,1
467,CASRWDRLPVNSPLHF,TRBV7-4*01,None,TRBJ1-6*01,1
468,CASRWDRLPVNSPLHF,TRBV7-2*04,None,TRBJ1-6*01,1
469,CASRWDRLPVNSPLHF,TRBV7-2*02,None,TRBJ1-6*01,1
470,CASRWDRLPVNSPLHF,TRBV7-1*01,None,TRBJ1-6*01,1
471,CASRWDRLPVTSPLHF,TRBV7-3*04,None,TRBJ1-6*01,1
472,CASRWDRLQVNSPLHF,TRBV7-8*03,None,TRBJ1-6*01,1
473,CASRWDRLSVKSNLHF,TRBV7-3*04,None,TRBJ1-6*01,1
474,CASRWDRSPVNSPLHF,TRBV7-3*04,None,TRBJ1-6*01,1
475,CASRWDRSSVNSPLHF,TRBV7-8*03,None,TRBJ1-6*01,1
476,CASRWDRSQVNSPLHF,TRBV7-8*03,None,TRBJ1-6*01,1
477,CASRWDRSPVNSPPHF,TRBV7-8*03,None,TRBJ1-6*01,1
478,CASRWDRSPVNSPLHF,TRBV7-8*03,None,TRBJ1-6*02,1
479,CASRWDRSPVNSPLHF,TRBV7-8*03,None,TRBJ1-4*01,1
480,CASRWDRSPVNSPLHF,TRBV7-4*01,None,TRBJ1-6*01,1
481,CASRWDRSPVNSPLHF,TRBV7-2*04,None,TRBJ1-6*01,1
482,CASRWDRLSVNSHQHF,TRBV7-8*03,None,TRBJ1-6*01,1
483,CASRWDRSPVNSPLHF,TRBV5-4*02,None,TRBJ1-6*01,1
484,CASRWDRSPVNSPLHF,TRBV11-2*02,None,TRBJ1-6*01,1
485,CASRWDRSPVKSPLHF,TRBV7-8*03,None,TRBJ1-6*01,1
486,CASRWDRSPLNSPLHF,TRBV7-8*03,None,TRBJ1-6*01,1
487,CASRWDRSPGNSPLHF,TRBV7-8*03,None,TRBJ1-6*01,1
488,CASRWDRSPAKSPLHF,TRBV7-8*03,None,TRBJ1-6*01,1
489,CASRWDRYQVNSPLHF,TRBV7-8*03,None,TRBJ1-6*01,1
490,CASRWDRYSLNSPLHF,TRBV7-6*01,None,TRBJ1-6*01,1
491,CASRWDSCPRNSPLHF,TRBV7-8*03,None,TRBJ1-6*01,1
492,CASRWERFPVNATLSF,TRBV11-2*01,None,TRBJ1-6*01,1
493,CASRWERFPVNSPLRF,TRBV7-3*03,None,TRBJ1-6*01,1
494,CASRWERFPVNSPLPF,TRBV7-8*03,None,TRBJ1-6*01,1
495,CASRWERFPVNSPLLF,TRBV7-8*03,None,TRBJ1-6*01,1
496,CASRWERFPVNSPLHF,TRBV7-3*05,None,TRBJ1-6*01,1
497,CASRWERFPVNSPLHF,TRBV7-3*04,None,TRBJ1-6*01,1
498,CASRWERFPVNSPLHF,TRBV7-2*04,None,TRBJ1-6*01,1
499,CASRWERFPVNSPLHF,TRBV11-3*02,None,TRBJ1-6*01,1
500,CASRWERFPVNSPLCF,TRBV7-8*03,None,TRBJ1-6*01,1
501,CASRWERFPVNSPIHF,TRBV5-6*01,None,TRBJ1-6*01,1
502,CASRWERFPVNSPFHF,TRBV7-8*03,None,TRBJ1-6*01,1
503,CASRWERFPVNSLLHF,TRBV7-8*03,None,TRBJ1-6*01,1
504,CASRWERFPVNSLFHF,TRBV7-8*03,None,TRBJ1-6*01,1
505,CASRWERFPVNSHLHF,TRBV7-9*04,None,TRBJ1-6*01,1
506,CASRWERFPVNSALHF,TRBV7-8*03,None,TRBJ1-6*01,1
507,CASRWERFPVNPPLHF,TRBV7-8*03,None,TRBJ1-6*01,1
508,CASRWERFPVNSPRHF,TRBV7-8*03,None,TRBJ1-6*01,1
509,CASRWERFPVNSPVHF,TRBV7-8*03,None,TRBJ1-6*01,1
510,CASRWERFPVNYPLHF,TRBV7-8*03,None,TRBJ1-6*02,1
511,CASRWERSPVNSPLHF,TRBV7-8*03,None,TRBJ1-6*01,1
512,CASRWGCFPVNSPLLF,TRBV7-8*03,None,TRBJ1-6*01,1
513,CASRWGCFPVNSPLHF,TRBV7-8*03,None,TRBJ1-6*01,1
514,CASRWFRFPVNSPLHF,TRBV7-8*03,None,TRBJ1-6*01,1
515,CASRWERVPVNSPLLF,TRBV7-3*04,None,TRBJ1-6*01,1
516,CASRWERVPVNSPLHF,TRBV7-8*03,None,TRBJ1-6*02,1
517,CASRWERVPVNSPLHF,TRBV5-6*01,None,TRBJ1-6*01,1
518,CASRWERLPVNSRLHF,TRBV7-8*02,None,TRBJ1-6*01,1
519,CASRWERFPVSSPLHF,TRBV7-4*01,None,TRBJ1-6*01,1
520,CASRWERLPVNSPLHF,TRBV11-3*02,None,TRBJ1-6*01,1
521,CASRWERLPVNSPHHF,TRBV28*01,None,TRBJ1-6*01,1
522,CASRWERFTVNSPLHF,TRBV7-8*03,None,TRBJ1-6*01,1
523,CASRWERFSVTSPRHF,TRBV7-8*03,None,TRBJ1-6*01,1
524,CASRWERFSVNSPLNF,TRBV7-8*03,None,TRBJ1-6*01,1
525,CASRWERFQVNSPLHF,TRBV7-8*03,None,TRBJ1-6*01,1
526,CASRWERFPVNLPLHF,TRBV7-8*03,None,TRBJ1-6*01,1
527,CASRWERFPVKSHLHF,TRBV7-8*03,None,TRBJ1-6*01,1
528,CASRWDSFAVNSPHHF,TRBV7-8*03,None,TRBJ1-6*01,1
529,CASRWERFPINSPLLF,TRBV7-8*03,None,TRBJ1-6*01,1
530,CASRWDSFPVNSRHHF,TRBV7-3*01,None,TRBJ1-6*01,1
531,CASRWDSFPVNSPPHF,TRBV7-8*03,None,TRBJ1-6*01,1
532,CASRWDSFPVNSPLRF,TRBV7-8*03,None,TRBJ1-6*01,1
533,CASRWDSFPVNSPLNF,TRBV7-8*03,None,TRBJ1-6*01,1
534,CASRWDSFPVNSPLNF,TRBV5-4*02,None,TRBJ1-6*01,1
535,CASRWDSFPVNSPLHF,TRBV7-9*04,None,TRBJ1-6*01,1
536,CASRWDSFPVNSPLHF,TRBV7-8*03,None,TRBJ1-4*01,1
537,CASRWDSFPVNSPLHF,TRBV7-3*04,None,TRBJ1-6*01,1
538,CASRWDSFPVNSPLHF,TRBV4-3*03,None,TRBJ1-6*01,1
539,CASRWDSFPVNSPLHF,TRBV11-2*03,None,TRBJ1-6*01,1
540,CASRWDSFPVNSPHCF,TRBV7-8*03,None,TRBJ1-6*01,1
541,CASRWDSFPVNSLLHF,TRBV7-8*03,None,TRBJ1-6*01,1
542,CASRWDSFPVNSHLPF,TRBV7-8*03,None,TRBJ1-6*01,1
543,CASRWDSFPLKSPLHF,TRBV7-8*03,None,TRBJ1-6*01,1
544,CASRWDSFPENSPLHF,TRBV7-8*03,None,TRBJ1-6*01,1
545,CASRWDSFPVNSRLHF,TRBV7-8*03,None,TRBJ1-6*01,1
546,CASRWDSFPVNSTLHF,TRBV7-8*03,None,TRBJ1-6*02,1
547,CASRWDSFPVNTPLHF,TRBV11-2*03,None,TRBJ1-6*01,1
548,CASRWECFPVNAPLHF,TRBV7-3*01,None,TRBJ1-6*01,1
549,CASRWERCPVNSPFNF,TRBV7-8*03,None,TRBJ1-6*01,1
550,CASRWERCPVNLPLNF,TRBV7-8*03,None,TRBJ1-6*01,1
551,CASRWELFPVNSPLHF,TRBV7-8*03,None,TRBJ1-6*01,1
552,CASRWEHFPVNSPLHF,TRBV7-8*03,None,TRBJ1-6*01,1
553,CASRWEGLAVKAPHHF,TRBV7-8*03,None,TRBJ1-6*01,1
554,CASRWECFPVTSPLHF,TRBV7-8*03,None,TRBJ1-6*01,1
555,CASRWDSVPVNSTLHF,TRBV7-8*03,None,TRBJ1-6*01,1
556,CASRWDSFPVYSPLHF,TRBV7-3*05,None,TRBJ1-6*01,1
557,CASRWDSVPVNSPQHF,TRBV7-8*03,None,TRBJ1-6*01,1
558,CASRWDSVPVNSPLHF,TRBV7-8*03,None,TRBJ1-6*01,1
559,CASRWDSVPVKSHLHF,TRBV7-8*03,None,TRBJ1-6*01,1
560,CASRWDSSPVNSPLPF,TRBV7-8*03,None,TRBJ1-6*01,1
561,CASRWDSSPVNSPLHF,TRBV7-8*03,None,TRBJ1-6*01,1
562,CASRWDSIPVKSPLHF,TRBV7-8*03,None,TRBJ1-6*01,1
563,CASRWNRFPVNSPPYF,TRBV7-8*03,None,TRBJ1-6*01,1
564,CACNLRVTRGNVYTF,TRBV6-1*01,None,TRBJ1-2*01,1
565,CASRWNRFPVNSTLHF,TRBV7-8*03,None,TRBJ1-6*01,1
566,CQKEGRAGDEKLFF,TRBV7-9*04,None,TRBJ1-4*01,1
567,CQKEGRSWAELLFF,TRBV5-3*02,None,TRBJ1-4*01,1
568,CQKEGRSGEEKLFF,TRBV11-3*03,None,TRBJ1-4*01,1
569,CQKEGRSGDENLFF,TRBV5-3*02,None,TRBJ1-4*01,1
570,CQKEGRSGDEKRCF,TRBV7-9*04,None,TRBJ1-4*01,1
571,CQKEGRSGDEKLLF,TRBV7-9*04,None,TRBJ1-4*01,1
572,CQKEGRSGDEKLFF,TRBV5-8*02,None,TRBJ1-4*01,1
573,CQKEGRSGDEKLFF,TRBV5-3*02,None,TRBJ2-4*01,1
574,CQKEGRSGDEILFF,TRBV7-9*04,None,TRBJ1-4*01,1
575,CQKEGRSGAEKLFF,TRBV11-3*03,None,TRBJ1-4*01,1
576,CQKEGRSGAAKLFF,TRBV5-5*02,None,TRBJ1-4*01,1
577,CQKEGPSGDEKLFF,TRBV5-3*01,None,TRBJ1-4*01,1
578,CSSRLDRFPVNSPLPF,TRBV7-8*03,None,TRBJ1-6*01,1
579,CQKEGLSGDEKLFF,TRBV7-9*04,None,TRBJ1-4*01,1
580,CQEARRSADEKLFF,TRBV11-3*03,None,TRBJ1-4*01,1
581,CPSSWDRFPVNSPLHF,TRBV7-8*03,None,TRBJ1-6*01,1
582,CPSSSMEGQGAPYGYTF,TRBV13*01,TRBD1*01,TRBJ1-2*01,1
583,CPSSFSVGPTYEQYF,TRBV14*02,None,TRBJ2-7*01,1
584,CPSSFSTCSANYGYTF,TRBV12-4*02,None,TRBJ1-2*01,1
585,CPSSFRVGPIYEQYF,TRBV14*02,None,TRBJ2-7*01,1
586,CPSRWQRFPVNSPLHF,TRBV7-8*03,None,TRBJ1-6*01,1
587,CPSRWHLFPVNSTLRF,TRBV7-8*03,None,TRBJ1-6*01,1
588,CPSRWGRSPVNSLLHF,TRBV7-8*03,None,TRBJ1-6*02,1
589,CQKEGWSGDEKMFF,TRBV7-9*04,None,TRBJ1-4*01,1
590,CQKGGRSGDEKLFF,TRBV7-9*04,None,TRBJ1-4*01,1
591,CQKQGRSGDEKLFF,TRBV11-3*03,None,TRBJ1-4*01,1
592,CQMEGCSGDEKLFF,TRBV11-3*03,None,TRBJ1-4*01,1
593,CSDLMAGQAFF,TRBV20-1*02,None,TRBJ1-1*01,1
594,CSAVSGFSYEQYF,TRBV20-1*06,None,TRBJ2-7*01,1
595,CSAVAGFSYEKYF,TRBV20-1*06,None,TRBJ2-7*01,1
596,CSAVAGFSYEKYF,TRBV20-1*03,None,TRBJ2-7*01,1
597,CSAVAGFSYEKNF,TRBV20-1*06,None,TRBJ2-7*01,1
598,CSAVAGFSCEQYF,TRBV20-1*06,None,TRBJ2-7*01,1
599,CSAVAGFSCEQYF,TRBV20-1*03,None,TRBJ2-7*01,1
600,CSAVAEFSYEQYF,TRBV20-1*06,None,TRBJ2-7*01,1
601,CSASDWQGSYNEQFF,TRBV20-1*05,None,TRBJ2-1*01,1
602,CSASDWQCSYEELFF,TRBV20-1*05,None,TRBJ2-1*01,1
603,CSALAGISYEHYF,TRBV20-1*06,None,TRBJ2-7*01,1
604,CSAGAGFSYVQYF,TRBV20-1*03,None,TRBJ2-7*01,1
605,CSAGAGFSYEQYF,TRBV20-1*02,None,TRBJ2-7*01,1
606,CSAGAAFSYEQYF,TRBV20-1*06,None,TRBJ2-7*01,1
607,CSAFMAGQAFF,TRBV20-1*03,None,TRBJ1-1*01,1
608,CRVHRRPNSEAFF,TRBV29-1*03,None,TRBJ1-1*01,1
609,CRVEQGPRGTQHF,TRBV29-1*02,None,TRBJ2-3*01,1
610,CRSRWDRFPVNSPLHF,TRBV7-3*05,None,TRBJ2-4*01,1
611,CRAVGGFSYAQYF,TRBV20-1*02,None,TRBJ2-7*01,1
612,CRALIAGQAFF,TRBV20-1*03,None,TRBJ1-1*01,1
613,CQQEGRSGDEKLVF,TRBV11-1*01,None,TRBJ1-4*01,1
614,CPSRWDSFPVNSPLHF,TRBV11-3*03,None,TRBJ1-6*01,1
615,CPSRWDRLPVNSPFHF,TRBV7-8*03,None,TRBJ1-6*01,1
616,CPSRWDRFPVNSPLNF,TRBV7-8*03,None,TRBJ1-6*01,1
617,CGSRWERFPVNSHLHF,TRBV7-8*03,None,TRBJ1-6*01,1
618,CGSRWDSFPVNSPLHF,TRBV7-8*03,None,TRBJ1-6*01,1
619,CGSRWDRSPVNSPLPF,TRBV7-8*03,None,TRBJ1-6*01,1
620,CGSRWDRLPVDSPLHF,TRBV7-8*01,None,TRBJ1-6*01,1
621,CGSRWDRLPINSPHHF,TRBV7-8*03,None,TRBJ1-6*01,1
622,CGSRWDRIPVHTPLHF,TRBV7-8*03,None,TRBJ1-6*01,1
623,CGSRWDRFPVNSPLLF,TRBV7-8*03,None,TRBJ1-6*01,1
624,CGSRWDRFPVNSPLHF,TRBV7-3*05,None,TRBJ1-6*01,1
625,CGSRWDRFPVNSPLHF,TRBV7-3*04,None,TRBJ1-6*01,1
626,CGSRWDRFPVNSPLHF,TRBV7-3*03,None,TRBJ1-6*01,1
627,CGSRWDRFPVNSPLHF,TRBV5-4*03,None,TRBJ1-6*01,1
628,CGSRWDRFPVNSPLHF,TRBV11-3*03,None,TRBJ1-6*01,1
629,CGSRWDRFPVNSPLHF,TRBV11-3*02,None,TRBJ1-6*01,1
630,CGSRWDRFPVNSLLHF,TRBV7-8*03,None,TRBJ1-6*01,1
631,CGSRWDRFPVNSHLHF,TRBV7-8*03,None,TRBJ1-6*01,1
632,CGSRWDRFPVNSALHF,TRBV7-8*03,None,TRBJ1-6*01,1
633,CGSRWDRFPVNPPLHF,TRBV7-8*03,None,TRBJ1-6*01,1
634,CGSRWDRFPVKSTLHF,TRBV7-8*03,None,TRBJ1-6*01,1
635,CGSRWDRFPVKSPLHF,TRBV7-8*03,None,TRBJ1-6*01,1
636,CGSRWDRCPVNSPLHF,TRBV7-8*03,None,TRBJ1-6*01,1
637,CGSRWDLFRRNSPLHF,TRBV7-8*03,None,TRBJ1-6*02,1
638,CGSRWDHFPVNSPLHF,TRBV7-8*03,None,TRBJ1-6*01,1
639,CGSRWERFPGNSPLHF,TRBV11-3*01,None,TRBJ1-6*01,1
640,CGSRWERFRVNSPLHF,TRBV11-2*01,None,TRBJ1-6*01,1
641,CPSRWDRFPVNSPLHF,TRBV7-8*03,None,TRBJ1-6*02,1
642,CGSRWHRFQVNSPLHF,TRBV7-8*03,None,TRBJ1-6*01,1
643,CPSRWDRFPVNSPLHF,TRBV7-8*02,None,TRBJ1-6*01,1
644,CPSRWDRFPVNSPLHF,TRBV11-2*03,None,TRBJ1-6*01,1
645,CPSRWDRFPVNSHLHF,TRBV7-8*03,None,TRBJ1-6*01,1
646,CPSRWDRFPVKSPLHF,TRBV5-4*04,None,TRBJ1-6*01,1
647,CPSRWDRCPVNSRLHF,TRBV7-8*03,None,TRBJ1-6*01,1
648,CPSRWDLFPVNSPLHF,TRBV7-8*03,None,TRBJ1-6*01,1
649,CPSRRNRFPVNSPLHF,TRBV7-8*03,None,TRBJ1-6*01,1
650,CPRRWDRFPVNSPLHF,TRBV11-3*03,None,TRBJ1-6*01,1
651,CPCRWDRFPVKSPLHF,TRBV7-8*03,None,TRBJ1-6*01,1
652,CLKEGRSGDDKLFF,TRBV7-9*04,None,TRBJ1-4*01,1
653,CKKEGRSGDEKLFF,TRBV7-9*04,None,TRBJ1-4*01,1
654,CHSRWDRFPVNSPLHF,TRBV7-8*03,None,TRBJ1-6*01,1
655,CGTRWDRFPVNSPLHF,TRBV7-8*03,None,TRBJ1-6*01,1
656,CGSSWDRFPVNSHLHF,TRBV7-8*02,None,TRBJ1-6*01,1
657,CGSSFSMGLTYVQYF,TRBV14*02,None,TRBJ2-7*01,1
658,CGSRWYRFPVNSRLHF,TRBV7-8*03,None,TRBJ1-6*01,1
659,CGSRWVRLPVNSPLHF,TRBV7-8*03,None,TRBJ1-6*01,1
660,CGSRWVRFPVNAPLHF,TRBV7-8*03,None,TRBJ1-6*01,1
661,CGSRWVCFPVNSPLHF,TRBV7-8*03,None,TRBJ1-6*01,1
662,CGSRWNRFPVNSPHHF,TRBV7-8*03,None,TRBJ1-6*01,1
663,CGSRWLRFPVNSPLHF,TRBV7-8*03,None,TRBJ1-6*01,1
664,CSLEQGPRGTQYF,TRBV29-1*03,None,TRBJ2-3*01,1
665,CSSRRDRFAVISHLLF,TRBV7-8*03,None,TRBJ2-2*01,1
666,CASRWNRFPVNSTLLF,TRBV7-8*03,None,TRBJ1-6*01,1
667,CVSKWDRFPVNSPLHF,TRBV7-8*03,None,TRBJ1-6*01,1
668,CVSRWDRFPVNSHLHF,TRBV7-8*03,None,TRBJ1-6*01,1
669,CVSRWDRFPVNPPLHF,TRBV7-8*03,None,TRBJ1-6*01,1
670,CVSRWDRFPVNEPLHF,TRBV7-8*03,None,TRBJ1-6*01,1
671,CVSRWDRFPVNAPLHF,TRBV7-3*04,None,TRBJ1-6*01,1
672,CVSRWDRFPANSPLHF,TRBV7-8*03,None,TRBJ1-6*01,1
673,CVSRWDRCPVNSPLNF,TRBV7-8*03,None,TRBJ1-6*01,1
674,CVSRWDPFPVNSPLHF,TRBV7-8*03,None,TRBJ1-6*01,1
675,CVSRWDLFPVNSPINF,TRBV7-8*03,None,TRBJ1-6*01,1
676,CVSRWDCFPVNSPLHF,TRBV11-3*03,None,TRBJ1-6*01,1
677,CVSRRDRFPVNPPIPF,TRBV7-8*03,None,TRBJ1-6*02,1
678,CTWSRWEADYNNEQFF,TRBV30*04,None,TRBJ2-1*01,1
679,CSSRVDRSPVNSPLHF,TRBV7-8*03,None,TRBJ1-6*01,1
680,CTSSRDRGSNQPQHF,TRBV14*02,None,TRBJ1-5*01,1
681,CTSSFSTCSANYGYTF,TRBV6-7*01,None,TRBJ1-2*01,1
682,CTSSFSTCSANYDSTF,TRBV12-4*02,None,TRBJ1-2*01,1
683,CTSRWYRVPVTSPLCF,TRBV7-2*03,None,TRBJ1-6*01,1
684,CTSRWYRFPVNSPPNF,TRBV7-2*03,None,TRBJ1-6*01,1
685,CTSRWNRFPVNSPLHF,TRBV7-2*03,None,TRBJ1-6*01,1
686,CTSRWERIPVSSPLHF,TRBV7-1*01,None,TRBJ1-6*01,1
687,CTSRWERFPVTSPLHF,TRBV7-2*03,None,TRBJ1-6*01,1
688,CTSRWERFPVNSPLHF,TRBV7-2*03,None,TRBJ1-6*01,1
689,CTSRWDRLPVKSTLHF,TRBV7-2*03,None,TRBJ1-6*01,1
690,CVSRWDRFPVNSHLPF,TRBV7-8*03,None,TRBJ1-6*01,1
691,CVSRWDRFPVNSLLHF,TRBV7-8*03,None,TRBJ1-6*01,1
692,CVSRWDRFPVNSPHRF,TRBV7-8*03,None,TRBJ1-6*01,1
693,CVSRWDRFPVNSPLHF,TRBV11-3*03,None,TRBJ1-6*01,1
694,CVTSIWGLHLGF,TRBV15*02,None,TRBJ1-2*01,1
695,CVSSFSVGPTYEQYF,TRBV14*02,None,TRBJ2-7*01,1
696,CVSSFSVGPTYDQYF,TRBV14*02,None,TRBJ1-6*01,1
697,CVSRWNLFTVNSPLHF,TRBV7-9*07,None,TRBJ1-6*01,1
698,CVSRWGRFPVNSPLLF,TRBV7-4*01,None,TRBJ1-6*01,1
699,CVSRWGRFPVNSPLHF,TRBV7-8*03,None,TRBJ1-6*01,1
700,CVSRWGCFPVNSPLHF,TRBV7-8*03,None,TRBJ1-6*01,1
701,CVSRWERFPVNSLLHF,TRBV7-8*03,None,TRBJ1-6*01,1
702,CVSRWERFPVNLLLYF,TRBV11-3*03,None,TRBJ1-6*01,1
703,CVSRWDSFPVNSPLHF,TRBV7-8*03,None,TRBJ1-6*01,1
704,CVSRWDRVPVKSPLHF,TRBV7-8*03,None,TRBJ1-6*01,1
705,CVSRWDRSPVNSPLHF,TRBV7-8*03,None,TRBJ1-6*01,1
706,CVSRWDRLPGNSPLHF,TRBV7-8*03,None,TRBJ1-6*01,1
707,CVSRWDRIQVNSPLHF,TRBV7-8*03,None,TRBJ1-6*01,1
708,CVSRWDRIPVNSPLHF,TRBV7-8*03,None,TRBJ1-6*01,1
709,CVSRWDRFPVTTPLHF,TRBV11-2*02,None,TRBJ1-6*01,1
710,CVSRWDRFPVNSPPHF,TRBV7-8*03,None,TRBJ1-6*01,1
711,CVSRWDRFPVNSPLYF,TRBV7-8*03,None,TRBJ1-6*01,1
712,CVSRWDRFPVNSPLHF,TRBV7-9*04,None,TRBJ1-6*01,1
713,CVSRWDRFPVNSPLHF,TRBV7-3*04,None,TRBJ1-6*01,1
714,CVSRWDRFPVNSPLHF,TRBV14*01,None,TRBJ1-6*01,1
715,CTSRWDRFPVTSPIHF,TRBV7-2*03,None,TRBJ1-6*01,1
716,CTSRWDRFPVNYPLNF,TRBV7-2*03,None,TRBJ1-6*01,1
717,CTSRWDRFPVNSPPHF,TRBV7-2*03,None,TRBJ1-6*01,1
718,CSSSLVTGTTDTQYF,TRBV11-3*03,None,TRBJ2-3*01,1
719,CSSSFSTCSANYGYTF,TRBV12-4*02,None,TRBJ1-2*01,1
720,CSSSFIIGPTYEQYF,TRBV14*02,None,TRBJ2-7*01,1
721,CSSRWNPFPVNSPLHF,TRBV7-8*03,None,TRBJ1-6*01,1
722,CSSRWGRIPVNSHLHF,TRBV7-3*05,None,TRBJ1-6*01,1
723,CSSRWDSFPVNSHLHF,TRBV7-8*03,None,TRBJ1-6*01,1
724,CSSRWDRYPVNSPLRF,TRBV7-8*03,None,TRBJ1-6*01,1
725,CSSRWDRYPVKSTLHF,TRBV7-8*03,None,TRBJ1-6*01,1
726,CSSRWDRVPVNSPLHF,TRBV7-8*03,None,TRBJ1-6*01,1
727,CSSRWDRFQVNSPLNF,TRBV7-8*03,None,TRBJ1-6*01,1
728,CSSRWDRFPVNSPLRF,TRBV7-8*03,None,TRBJ1-6*01,1
729,CSSRWDRFPVNSPLNF,TRBV7-8*03,None,TRBJ1-6*01,1
730,CSSRWDRFPVNSPLNF,TRBV7-3*05,None,TRBJ1-6*01,1
731,CSSRWDRFPVNSPLDF,TRBV11-3*03,None,TRBJ1-6*01,1
732,CSSRWDRFPVNSPHHF,TRBV7-8*03,None,TRBJ1-6*01,1
733,CSSRWDRFPVNSLLHF,TRBV7-8*03,None,TRBJ1-6*01,1
734,CSSRWDRFPVNSHLHF,TRBV7-8*03,None,TRBJ1-6*01,1
735,CSSRWDRFPVNAPLHF,TRBV7-8*03,None,TRBJ1-6*01,1
736,CSSRWDRFPVKSPLHF,TRBV7-8*03,None,TRBJ1-6*01,1
737,CSSRWDGLPVKSPLHF,TRBV11-3*02,None,TRBJ1-6*01,1
738,CSSRWDCFPVNSPLHF,TRBV7-8*03,None,TRBJ1-6*01,1
739,CSSRWARFPVISPLYF,TRBV7-8*03,None,TRBJ1-6*01,1
740,CSSSFSVGPTYEQYF,TRBV14*01,None,TRBJ2-7*01,1
741,CSSSWDRVPVNSALHF,TRBV11-2*03,None,TRBJ1-6*01,1
742,CTSRWDRFPVNSPLHF,TRBV7-9*04,None,TRBJ1-6*01,1
743,CSSTWARFPVNSPLHF,TRBV7-8*03,None,TRBJ1-6*01,1
744,CTSRWDRFPVKSPLHF,TRBV7-2*03,None,TRBJ1-6*01,1
745,CTSRWDRFPLNSPLHF,TRBV7-2*03,None,TRBJ1-6*01,1
746,CTSRWDRFPGYALLYF,TRBV7-2*03,None,TRBJ1-6*02,1
747,CTSRWDRFLVNSPLHF,TRBV7-2*03,None,TRBJ1-6*01,1
748,CTSRWDRCPVNSPLHF,TRBV7-2*03,None,TRBJ1-6*01,1
749,CTSRLHRFPVTSPLHF,TRBV7-2*03,None,TRBJ1-6*01,1
750,CTSRLDRFPVNSPLHF,TRBV7-2*03,None,TRBJ1-6*01,1
751,CTSGWDRFPVNSPLHF,TRBV7-2*03,None,TRBJ1-6*01,1
752,CTRRWDRFPVNSPLHF,TRBV7-2*03,None,TRBJ1-6*01,1
753,CSVVQGPRGTQYF,TRBV29-1*02,None,TRBJ2-3*01,1
754,CSVGQATGTEGFF,TRBV29-1*02,None,TRBJ1-1*01,1
755,CSVGQATGNKGFF,TRBV29-1*02,None,TRBJ1-1*01,1
756,CSVGQAMGTDAFF,TRBV29-1*02,None,TRBJ1-1*01,1
757,CSVEQGPRGTQYF,TRBV29-1*01,None,TRBJ2-3*01,1
758,CSVEQGPRATLYF,TRBV29-1*02,None,TRBJ2-3*01,1
759,CSVEQGPGGTQYF,TRBV29-1*02,None,TRBJ2-3*01,1
760,CSVEQEPRGTQYF,TRBV29-1*02,None,TRBJ2-3*01,1
761,CSVEPGARGPQYF,TRBV29-1*02,None,TRBJ2-3*01,1
762,CSVAQSTGTEAFF,TRBV29-1*02,None,TRBJ1-1*01,1
763,CSTRWDSCPVNSPLHF,TRBV7-8*03,None,TRBJ1-6*01,1
764,CSSTWDRFPVNSPLHF,TRBV11-3*02,None,TRBJ1-6*01,1
765,CGSRWDCFPVNSPLLF,TRBV7-8*03,None,TRBJ1-6*01,1
766,CGSRWDCFPVNSPLHF,TRBV7-8*03,None,TRBJ1-6*01,1
767,CGSRWARFPVNSPLHF,TRBV7-8*03,None,TRBJ1-6*02,1
768,CASSFLTCSANYGYTF,TRBV12-4*02,None,TRBJ1-2*01,1
769,CASSFSTRSANYGYTF,TRBV12-4*02,None,TRBJ1-2*01,1
770,CASSFSTCSANYGYTF,TRBV12-3*01,None,TRBJ1-2*01,1
771,CASSFSTCSANYGYNF,TRBV12-4*02,None,TRBJ1-2*01,1
772,CASSFSTCSANYGYAF,TRBV12-4*02,None,TRBJ1-2*01,1
773,CASSFSTCSADYGYTF,TRBV12-4*02,None,TRBJ1-2*01,1
774,CASSFSLGATYDQYF,TRBV14*02,None,TRBJ2-7*01,1
775,CASSFSLELTYQQYF,TRBV13*01,None,TRBJ2-7*01,1
776,CASSFSACSANYGYTF,TRBV12-4*02,None,TRBJ1-2*01,1
777,CASSFSACSANYGYTF,TRBV12-4*01,None,TRBJ1-2*01,1
778,CASSFNVGPTYDQYF,TRBV14*02,None,TRBJ2-7*01,1
779,CASSFIVGATDEQYF,TRBV14*02,None,TRBJ2-7*01,1
780,CGSRWACVPENSPFHF,TRBV7-8*01,None,TRBJ1-6*01,1
781,CASSFIVEATYERYF,TRBV14*02,None,TRBJ2-7*01,1
782,CASSFETCSANYGYTF,TRBV12-4*02,None,TRBJ1-2*01,1
783,CASSDMEGQGALYGYTF,TRBV28*01,TRBD1*01,TRBJ1-2*01,1
784,CASSCVRFSANYRHHF,TRBV7-3*05,None,TRBJ1-2*01,1
785,CASRYSRTGELFF,TRBV28*01,None,TRBJ2-2*01,1
786,CASRYDRFPVNSPLHF,TRBV7-8*03,None,TRBJ1-6*01,1
787,CASRYDRFPLNSPLHF,TRBV7-8*03,None,TRBJ1-6*01,1
788,CASRWYSVPVNSPQHF,TRBV7-3*04,None,TRBJ1-6*01,1
789,CASRWYRVPVNSPLHF,TRBV9*03,None,TRBJ1-6*01,1
790,CASRWYRVPVNSPLHF,TRBV7-8*03,None,TRBJ1-6*01,1
791,CASSFSTRSPNYGYNF,TRBV12-4*02,None,TRBJ1-2*01,1
792,CASSFSTYSANYGYSF,TRBV12-4*02,None,TRBJ1-2*01,1
793,CASSFSVVLTYAQYF,TRBV14*02,None,TRBJ2-7*01,1
794,CASSFVTVSQPQNF,TRBV28*01,None,TRBJ1-5*01,1
795,CASSRVTYNEQFF,TRBV28*01,None,TRBJ2-1*01,1
796,CASSRGLCPGNSSLYF,TRBV7-8*03,None,TRBJ1-6*01,1
797,CASSRDRGSNKPQHF,TRBV14*02,None,TRBJ1-5*01,1
798,CASSRDRFPVKSPHHF,TRBV7-8*03,None,TRBJ1-6*01,1
799,CASSRARFPANSPPHF,TRBV11-2*02,None,TRBJ1-6*01,1
800,CASSPWTDNYGYTF,TRBV7-3*04,None,TRBJ1-2*01,1
801,CASSPWTDNCGYTF,TRBV11-3*02,None,TRBJ1-2*01,1
802,CASSPGQGAGDTQYF,TRBV7-9*04,TRBD1*01,TRBJ2-3*01,1
803,CASSPAYKEQFF,TRBV2*02,None,TRBJ2-1*01,1
804,CASSLVTGTTNTQYF,TRBV11-1*01,None,TRBJ2-3*01,1
805,CASSLVTGTTDTQYF,TRBV14*02,None,TRBJ2-3*01,1
806,CASSLVTGTTDTLYF,TRBV11-3*03,None,TRBJ2-3*01,1
807,CASSLERFPVNLPLHF,TRBV7-8*03,None,TRBJ1-6*01,1
808,CASSLDPFPVNYPYPF,TRBV3-1*02,None,TRBJ1-6*01,1
809,CASSLDKGSNQPQNF,TRBV14*01,None,TRBJ1-5*01,1
810,CASSISTCPASYVYTF,TRBV12-4*02,None,TRBJ1-2*01,1
811,CASSISSCSAKYSYTF,TRBV12-4*02,None,TRBJ1-2*01,1
812,CASSHAKCFPNYGHTF,TRBV6-6*05,None,TRBJ1-6*02,1
813,CASSGTEGQGALYGYTF,TRBV28*01,TRBD1*01,TRBJ1-2*01,1
814,CASSGMEGHAALYCYTF,TRBV28*01,None,TRBJ1-2*01,1
815,CASSGDRFPVNSPLHF,TRBV7-8*03,None,TRBJ1-6*01,1
816,CASRWYRLPVNSPHHF,TRBV7-8*03,None,TRBJ1-6*01,1
817,CASRWYRFTVNSPLRF,TRBV7-8*03,None,TRBJ1-6*01,1
818,CASRWDRLPVNSPLHF,TRBV5-8*01,None,TRBJ1-6*01,1
819,CASRWVRFPVNSPLRF,TRBV7-8*03,None,TRBJ1-6*01,1
820,CASRWVRFPVNSPLNF,TRBV7-8*03,None,TRBJ1-6*01,1
821,CASRWVRFPVNSPLHF,TRBV7-3*05,None,TRBJ1-6*02,1
822,CASRWVRFPVNSPLHF,TRBV5-4*03,None,TRBJ1-6*01,1
823,CASRWVRFPVNSPLHF,TRBV11-3*03,None,TRBJ1-6*01,1
824,CASRWVRFPVNSPLHF,TRBV11-3*02,None,TRBJ1-6*01,1
825,CASRWVRFPGNSPLRF,TRBV7-8*03,None,TRBJ1-6*01,1
826,CASRWVCVPGNSPLHF,TRBV7-8*03,None,TRBJ1-6*01,1
827,CASRWVCFPVNSPLHF,TRBV7-8*03,None,TRBJ1-6*01,1
828,CASRWVCCPVNSPLRF,TRBV7-1*01,None,TRBJ1-6*01,1
829,CASRWTSFPVNTPLHF,TRBV7-8*03,None,TRBJ1-6*01,1
830,CASRWTRFPVNSPPHF,TRBV7-8*03,None,TRBJ1-6*01,1
831,CASRWTRFPVNSPLRF,TRBV7-8*03,None,TRBJ1-6*01,1
832,CASRWSRFPVNSPLNF,TRBV7-8*03,None,TRBJ1-6*01,1
833,CASRWNSSPVKSPLNF,TRBV7-8*03,None,TRBJ1-6*01,1
834,CASRWNSIPVNSPLHF,TRBV7-1*01,None,TRBJ1-6*01,1
835,CASRWNSFPVNSPLNF,TRBV7-8*03,None,TRBJ1-6*01,1
836,CASRWNSFPVNSPLHF,TRBV7-8*03,None,TRBJ1-6*01,1
837,CASRWNSFPVKSPLHF,TRBV7-8*03,None,TRBJ1-6*02,1
838,CASRWNRSPVNSPLHF,TRBV7-8*03,None,TRBJ1-6*01,1
839,CASRWNRIPVNSPLHF,TRBV7-8*03,None,TRBJ1-6*01,1
840,CASRWNRFSVNSPLHF,TRBV7-8*03,None,TRBJ1-6*01,1
841,CASRWVRFPVNSPLPF,TRBV7-8*03,None,TRBJ1-6*01,1
842,CASRWVRFPVNSRLHF,TRBV7-8*03,None,TRBJ1-6*01,1
843,CASRWYRFPVTSRMHF,TRBV7-8*03,None,TRBJ1-6*01,1
844,CASRWVRFTVNSPLHF,TRBV7-8*03,None,TRBJ1-6*01,1
845,CASRWYRFPVTSPLHF,TRBV11-3*02,None,TRBJ1-6*01,1
846,CASRWYRFPVTSPLHF,TRBV11-1*01,None,TRBJ1-6*01,1
847,CASRWYRFPVNSTLHF,TRBV7-8*03,None,TRBJ1-6*01,1
848,CASRWYRFPVNSRHHF,TRBV7-4*01,None,TRBJ1-6*01,1
849,CASRWYRFPVNSPRHF,TRBV7-8*03,None,TRBJ1-6*01,1
850,CASRWYRFPVNSPPHF,TRBV7-8*03,None,TRBJ1-6*01,1
851,CASRWYRFPVNSPPHF,TRBV5-5*03,None,TRBJ1-6*01,1
852,CASRWYRFPVNSPLLF,TRBV7-8*03,None,TRBJ1-6*02,1
853,CASRWYRFPVNSPLHF,TRBV7-3*05,None,TRBJ1-6*01,1
854,CASRWYRFPVNSPLHF,TRBV11-3*03,None,TRBJ1-6*01,1
855,CASRWYRFPVNSPLHF,TRBV11-3*02,None,TRBJ1-6*01,1
856,CASRWYRFPVNSHLHF,TRBV7-8*03,None,TRBJ1-6*01,1
857,CASRWYRFPVNSALHF,TRBV7-3*05,None,TRBJ1-6*01,1
858,CASRWYRFPVNLPLHF,TRBV7-8*03,None,TRBJ1-6*01,1
859,CASRWYRFPVKSPLHF,TRBV7-8*03,None,TRBJ1-6*02,1
860,CASRWYRFPENSPHHF,TRBV7-6*02,None,TRBJ1-6*01,1
861,CASRWYRFPANSPLHF,TRBV7-8*03,None,TRBJ1-6*01,1
862,CASRWYRFAVNSHHYF,TRBV7-8*03,None,TRBJ1-6*01,1
863,CASRWVRYPVNSPLNF,TRBV7-8*03,None,TRBJ1-6*01,1
864,CASRWVRLPVNSPLHF,TRBV7-8*03,None,TRBJ1-6*01,1
865,CASRWVRIPVNSPLHF,TRBV7-8*03,None,TRBJ1-6*01,1
866,CASSSDRCPVNSPLHF,TRBV7-8*03,None,TRBJ1-6*01,1
867,CASSSDRFPVNSPLHF,TRBV7-8*03,None,TRBJ1-6*01,1
868,CASSSSTCTDNYGYTF,TRBV12-4*02,None,TRBJ1-2*01,1
869,CDSRWDRFPLTSHLHF,TRBV7-8*03,None,TRBJ1-6*01,1
870,CDSRWDGVAVNSPLHF,TRBV7-3*04,None,TRBJ1-6*01,1
871,CDSRWDGLPVNSPLHF,TRBV7-8*03,None,TRBJ1-6*01,1
872,CDSRWDCFPVNSPLHF,TRBV7-8*03,None,TRBJ1-6*01,1
873,CDSRRNRFRVNSPPHF,TRBV7-8*03,None,TRBJ1-6*01,1
874,CDSRRDRITVNSPLHF,TRBV7-8*03,None,TRBJ1-6*01,1
875,CDSRRDRFPVNSPLHF,TRBV7-8*03,None,TRBJ1-6*01,1
876,CDSRLDRFPVTSPLHF,TRBV11-2*01,None,TRBJ1-6*01,1
877,CDSRLDRFPVNSPLHF,TRBV7-8*03,None,TRBJ1-6*01,1
878,CDSKWDRFPVNSTLHF,TRBV7-8*03,None,TRBJ1-6*01,1
879,CDSGWDRFPVNSPLHF,TRBV7-8*03,None,TRBJ1-6*01,1
880,CDRRWERFPVNSPLHF,TRBV7-3*05,None,TRBJ1-6*02,1
881,CDNRWDRFPVNSLLHF,TRBV7-8*03,None,TRBJ1-6*01,1
882,CDCRWERFPVNSPLHF,TRBV7-8*03,None,TRBJ1-6*01,1
883,CCALSPVSYELYF,TRBV20-1*07,None,TRBJ2-7*01,1
884,CAWSRWDADYNNEQFF,TRBV30*04,None,TRBJ2-1*01,1
885,CATSRDRGRNQPLHF,TRBV11-2*03,None,TRBJ1-5*01,1
886,CATRWYRFPVNSPLHF,TRBV7-8*03,None,TRBJ1-6*01,1
887,CATRWNRFPVNSPLHF,TRBV7-8*03,None,TRBJ1-6*01,1
888,CATRWHRRLVKSPLHF,TRBV4-2*02,None,TRBJ1-6*01,1
889,CATRWECFPVNSPLNF,TRBV7-8*03,None,TRBJ1-6*01,1
890,CATRWDRFPVTWPLTF,TRBV7-8*01,None,TRBJ1-6*01,1
891,CDSRWDLFPVNSPLHF,TRBV7-8*03,None,TRBJ1-6*01,1
892,CDSRWDRFPVNSPLHF,TRBV11-2*03,None,TRBJ1-6*01,1
893,CATRWDRFAVNSPLHF,TRBV7-8*03,None,TRBJ1-6*01,1
894,CDSRWDRFPVNSPLHF,TRBV5-6*01,None,TRBJ1-6*01,1
895,CGSRRERLPVNSRLHF,TRBV11-2*03,None,TRBJ1-6*01,1
896,CGSRRDRVKVDSALGF,TRBV7-8*03,None,TRBJ1-6*01,1
897,CGSRCVRFPVNSHLHF,TRBV7-8*03,None,TRBJ1-6*01,1
898,CGSRCDRFPVNSHLHF,TRBV7-8*03,None,TRBJ1-6*01,1
899,CGSRCDRFPLKSPLHF,TRBV7-8*03,None,TRBJ1-6*02,1
900,CGSIWDRFPVNSPLHF,TRBV7-8*03,None,TRBJ1-6*01,1
901,CGSGWERFPVHYALHF,TRBV7-8*03,None,TRBJ1-6*02,1
902,CGRWDRFTVNSLLPF,TRBV7-8*03,None,TRBJ1-6*01,1
903,CFSRWHRFPVNSPLHF,TRBV7-8*03,None,TRBJ1-6*01,1
904,CFSRWDRFPVNSPLHF,TRBV7-8*03,None,TRBJ1-6*01,1
905,CEKEGRSGDEKLFF,TRBV7-9*04,None,TRBJ1-4*01,1
906,CDSTWDGFPVNSPLHF,TRBV7-8*03,None,TRBJ1-6*01,1
907,CDSSWGRFPVNSALHF,TRBV7-3*03,None,TRBJ1-6*01,1
908,CDSRWGCFPVNSPLHF,TRBV7-8*03,None,TRBJ1-6*01,1
909,CDSRWDRLPVNSPLHF,TRBV7-8*03,None,TRBJ1-6*01,1
910,CDSRWDRIPVNSPLHF,TRBV28*01,None,TRBJ1-6*01,1
911,CDSRWDRFRVNSHLHF,TRBV7-8*01,None,TRBJ1-6*01,1
912,CDSRWDRFPVNSRLHF,TRBV7-8*03,None,TRBJ1-6*01,1
913,CDSRWDRFPVNSPPHF,TRBV7-8*03,None,TRBJ1-6*01,1
914,CDSRWDRFPVNSPLQF,TRBV7-8*03,None,TRBJ1-6*01,1
915,CDSRWDRFPVNSPLHF,TRBV7-8*02,None,TRBJ1-6*01,1
916,CATRWDRFPVNSPLHF,TRBV7-8*03,None,TRBJ1-2*01,1
917,CATRWDCFPVNSPLHF,TRBV7-8*03,None,TRBJ1-6*01,1
918,CASSTWTDNYGYTF,TRBV11-3*02,None,TRBJ1-2*01,1
919,CASSWTGTGGEKLFF,TRBV28*01,TRBD1*01,TRBJ1-4*01,1
920,CASSWTGIGRENLFF,TRBV27*01,None,TRBJ1-4*01,1
921,CASSWERFPVNSPDHF,TRBV7-8*03,None,TRBJ1-6*01,1
922,CASSWDRSPLNSPLLF,TRBV11-2*03,None,TRBJ1-6*01,1
923,CASSWDRFPVNSSLPF,TRBV7-8*03,None,TRBJ1-6*01,1
924,CASSWDRFPVNSPRHF,TRBV7-8*03,None,TRBJ1-6*02,1
925,CASSWDRFPVNSPRHF,TRBV11-3*03,None,TRBJ1-6*01,1
926,CASSWDRFPVNSPLRF,TRBV7-8*02,None,TRBJ1-6*01,1
927,CASSWDRFPVNSPLLF,TRBV7-8*03,None,TRBJ1-6*01,1
928,CASSWDRFPVNSPLHF,TRBV7-8*03,None,TRBJ1-4*01,1
929,CASSWDRFPVNSPLHF,TRBV7-1*01,None,TRBJ1-6*02,1
930,CASSWDRFPVNSPHNF,TRBV7-8*03,None,TRBJ1-6*01,1
931,CASSWDRFPVNSPFHF,TRBV7-8*03,None,TRBJ1-6*01,1
932,CASSWDRFPVNSLLHF,TRBV7-8*03,None,TRBJ1-6*01,1
933,CASSWDRFPVNAPLHF,TRBV7-8*03,None,TRBJ1-6*01,1
934,CASSWDRFPVKSTLHF,TRBV7-8*03,None,TRBJ1-6*01,1
935,CASSWDRFPVKSPLRF,TRBV11-3*03,None,TRBJ1-6*01,1
936,CASSWDRFPVKSPLHF,TRBV7-8*03,None,TRBJ1-6*01,1
937,CASSWDRFPVHSPLHF,TRBV7-8*03,None,TRBJ1-6*01,1
938,CASSWDRFPGPSPLPF,TRBV7-8*03,None,TRBJ1-6*01,1
939,CASSWARFPVNSPLHF,TRBV7-8*03,None,TRBJ1-6*01,1
940,CASSWARFPVNSPHHF,TRBV7-8*03,None,TRBJ1-6*01,1
941,CASSWTGTGGEKLFF,TRBV27*01,None,TRBJ1-4*01,1
942,CASTCDRCALISPLHF,TRBV4-2*02,None,TRBJ1-6*02,1
943,CATRLHRFPVNSPLHF,TRBV15*02,None,TRBJ1-6*02,1
944,CASTCDRFPVNSPLHF,TRBV7-8*03,None,TRBJ1-6*01,1
945,CATRIGGLHLRF,TRBV15*02,None,TRBJ1-2*01,1
946,CATIWDRFPVNSPLRF,TRBV7-8*03,None,TRBJ1-6*01,1
947,CASTWYRFPVNSPLHF,TRBV7-8*03,None,TRBJ1-6*01,1
948,CASTWDRVPVNTSRHF,TRBV7-8*03,None,TRBJ1-6*01,1
949,CASTWDRVPVNSPLHF,TRBV7-8*03,None,TRBJ1-6*02,1
950,CASTWDRSPVNSPLHF,TRBV7-8*03,None,TRBJ1-6*01,1
951,CASTWDRLRVNSPHRF,TRBV7-8*03,None,TRBJ1-6*01,1
952,CASTWDRFSVNSPLNF,TRBV7-8*03,None,TRBJ1-6*02,1
953,CASTWDRFPVNTPLHF,TRBV7-8*03,None,TRBJ1-6*01,1
954,CASTWDRFPVNSPLNF,TRBV7-8*03,None,TRBJ1-6*01,1
955,CASTWDRFPVNSPLHF,TRBV7-9*05,None,TRBJ1-6*01,1
956,CASTWDRFPVNSPLHF,TRBV7-8*03,None,TRBJ1-6*02,1
957,CASTWDRFPVNSPLHF,TRBV4-2*02,None,TRBJ1-6*01,1
958,CASTWDRFPLNSPLHF,TRBV7-8*03,None,TRBJ1-6*01,1
959,CASTWDRFPGNSPLHF,TRBV7-8*03,None,TRBJ1-6*01,1
960,CASTWDPLPVKSRLHF,TRBV7-8*03,None,TRBJ1-6*01,1
961,CASTWDCFPVNSPLHF,TRBV7-3*04,None,TRBJ1-6*01,1
962,CASTWARFPVNSLLHF,TRBV7-8*03,None,TRBJ1-6*01,1
963,CASTLPSSPVNSRFHF,TRBV7-3*05,None,TRBJ1-6*01,1
964,CASTGHCSRVNSPLHF,TRBV7-8*03,None,TRBJ1-6*01,1
965,CASTFSVGRSKVQYF,TRBV14*02,None,TRBJ2-7*01,1
966,CASRWDRLPVNSPLHF,TRBV5-8*02,None,TRBJ1-6*01,1
967,CASRWDRFPVSSTLHF,TRBV7-8*03,None,TRBJ1-6*01,1
968,CASRWDRLPVNSPLHF,TRBV5-5*03,None,TRBJ1-6*01,1
969,CASRLDRFPVTSPLYF,TRBV7-8*03,None,TRBJ1-6*02,1
970,CASRLDRFPVNSPLHF,TRBV7-8*03,None,TRBJ1-6*02,1
971,CASRLDRFPVNSPLHF,TRBV7-8*02,None,TRBJ1-6*01,1
972,CASRLDRFPVNSPLHF,TRBV7-3*05,None,TRBJ1-6*01,1
973,CASRLDRFPVNSPLHF,TRBV5-7*01,None,TRBJ1-6*01,1
974,CASRLDRFPVNSPLHF,TRBV5-5*01,None,TRBJ1-6*01,1
975,CASRLDRFPVNSPLHF,TRBV5-4*04,None,TRBJ1-6*01,1
976,CASRLDRFPVNSPLHF,TRBV11-3*03,None,TRBJ1-6*01,1
977,CASRLDRFPVNSPFLF,TRBV7-8*03,None,TRBJ1-6*01,1
978,CASRLDRFPVNSLLHF,TRBV7-8*03,None,TRBJ1-6*01,1
979,CASRLDRFPVNSALHF,TRBV7-8*03,None,TRBJ1-6*01,1
980,CASRLDRFAVNSPLHF,TRBV7-8*03,None,TRBJ1-6*01,1
981,CASRLARLPVNSLLHF,TRBV7-8*03,None,TRBJ1-6*01,1
982,CASRGVRFPVNSPLHF,TRBV7-8*03,None,TRBJ1-6*01,1
983,CASRGVRFPVNSPHYF,TRBV7-8*03,None,TRBJ1-6*01,1
984,CASRGMEGQGALYGYTF,TRBV28*01,TRBD1*01,TRBJ1-2*01,1
985,CASRGGRFPVNSPLHF,TRBV7-8*03,None,TRBJ1-6*01,1
986,CASRGGRFPVNSPLHF,TRBV7-3*04,None,TRBJ1-6*01,1
987,CASRGDSCPVNSPLHF,TRBV5-6*01,None,TRBJ1-6*01,1
988,CASRGDRFRVNSTLHF,TRBV7-8*03,None,TRBJ1-6*01,1
989,CASRLDRFPVNSPLHF,TRBV7-9*04,None,TRBJ1-6*01,1
990,CASRLDRFSVNSHLTF,TRBV13*02,None,TRBJ1-6*01,1
991,CASRGDRFPVNSPLHF,TRBV11-2*03,None,TRBJ1-6*01,1
992,CASRLDRLPVNSPLHF,TRBV7-8*03,None,TRBJ1-6*01,1
993,CASRRDRFPVNSPLHF,TRBV7-8*01,None,TRBJ1-6*01,1
994,CASRRDRFPVNSPLHF,TRBV11-3*02,None,TRBJ1-6*01,1
995,CASRRDRFPVNSPLHF,TRBV11-2*03,None,TRBJ1-6*01,1
996,CASRRDRFPVNAHLHF,TRBV7-8*03,None,TRBJ1-6*01,1
997,CASRRDRFPVKSPLHF,TRBV7-8*03,None,TRBJ1-6*01,1
998,CASRRDRFPVDSPLHF,TRBV7-8*02,None,TRBJ1-6*01,1
999,CASRRDRFPANSPLHF,TRBV11-3*03,None,TRBJ1-6*01,1
1000,CASRRDRCPVNSPLPF,TRBV7-8*03,None,TRBJ1-6*01,1
1001,CASRRDRCPVNSPLHF,TRBV7-8*03,None,TRBJ1-6*01,1
1002,CASRRDCFPVNSPLHF,TRBV7-8*03,None,TRBJ1-6*01,1
1003,CASRRARFPVNSPLRF,TRBV7-8*03,None,TRBJ1-6*01,1
1004,CASRMERFPVTSPLHF,TRBV7-8*02,None,TRBJ1-6*01,1
1005,CASRMDRFPVNSPLHF,TRBV7-8*03,None,TRBJ1-6*01,1
1006,CASRLYSCPVNYPLNF,TRBV7-1*01,None,TRBJ1-6*01,1
1007,CASRLVCFPVNSPLHF,TRBV7-8*03,None,TRBJ1-6*01,1
1008,CASRLNRFPVNSPHLF,TRBV7-8*03,None,TRBJ1-6*01,1
1009,CASRLNCFPVNSPLHF,TRBV7-8*03,None,TRBJ1-6*02,1
1010,CASRLDRLSVKSPLHF,TRBV5-4*01,None,TRBJ1-6*01,1
1011,CASRLDRLPVNSQLHF,TRBV7-8*03,None,TRBJ1-6*01,1
1012,CASRGDRFPVNSPRHF,TRBV7-8*03,None,TRBJ1-6*01,1
1013,CASRGDRFPANSPLHF,TRBV7-8*03,None,TRBJ1-6*01,1
1014,CASKWDSFPVNSPLHF,TRBV7-8*03,None,TRBJ1-6*01,1
1015,CASRCDRFPVNSPLRF,TRBV7-8*03,None,TRBJ1-6*01,1
1016,CASRCDRFPVNSPLHF,TRBV7-3*04,None,TRBJ1-6*01,1
1017,CASRCDRFPVKSPLHF,TRBV7-8*03,None,TRBJ1-6*01,1
1018,CASRCDRFPVKSHLHF,TRBV23-1*01,None,TRBJ1-6*01,1
1019,CASRCDRFPGNSPLHF,TRBV7-8*03,None,TRBJ1-6*01,1
1020,CASRCDRFPANSPVNF,TRBV7-4*01,None,TRBJ1-6*01,1
1021,CASRCDCVPVNSPLHF,TRBV7-8*03,None,TRBJ1-6*01,1
1022,CASRCARFPVNSPLHF,TRBV7-8*03,None,TRBJ1-6*01,1
1023,CASNWDRCPVNSPLHF,TRBV7-8*03,None,TRBJ1-6*01,1
1024,CASNSRGTRGYGYIF,TRBV27*01,None,TRBJ1-2*01,1
1025,CASNRRGTRGYGYTF,TRBV27*01,None,TRBJ1-2*01,1
1026,CASNLSGTRGYGYTF,TRBV27*01,None,TRBJ1-2*01,1
1027,CASNLRWTRGYGYTF,TRBV27*01,None,TRBJ1-2*01,1
1028,CASNLRGTVGYGYTF,TRBV27*01,None,TRBJ1-2*01,1
1029,CASNLRGTRRYGYSF,TRBV27*01,None,TRBJ1-2*01,1
1030,CASNLRGTRGYGYTF,TRBV25-1*01,None,TRBJ1-2*01,1
1031,CASNLRGTRGYCYTF,TRBV24-1*01,None,TRBJ1-2*01,1
1032,CASNLRGPRGSGYTF,TRBV27*01,None,TRBJ1-2*01,1
1033,CASNLMGTRGYGYTF,TRBV27*01,None,TRBJ1-2*01,1
1034,CASLRGQGAGDTQYF,TRBV18*01,TRBD1*01,TRBJ2-3*01,1
1035,CASRCDRFPVNSPLNF,TRBV7-8*03,None,TRBJ1-6*01,1
1036,CASRCDRFPVNSPPHF,TRBV7-8*03,None,TRBJ1-6*01,1
1037,CASRGDRFAVNSLLNF,TRBV11-3*03,None,TRBJ1-6*01,1
1038,CASRCDRFPVNSRLDF,TRBV7-8*03,None,TRBJ1-6*01,1
1039,CASRGARFPVNSPLHF,TRBV7-8*03,None,TRBJ1-6*01,1
1040,CASRFSSCPVNSRHHF,TRBV7-8*03,None,TRBJ1-2*01,1
1041,CASREDSFLVNSPLHF,TRBV5-7*01,None,TRBJ1-6*01,1
1042,CASRCYSFPANFPLHF,TRBV7-3*05,None,TRBJ1-6*01,1
1043,CASRCTRFPVPTTLQF,TRBV11-3*01,None,TRBJ1-6*01,1
1044,CASRCNSFPVKSPLHF,TRBV11-2*02,None,TRBJ1-6*01,1
1045,CASRCNRVPVNSPPHF,TRBV7-8*03,None,TRBJ1-6*01,1
1046,CASRCGRFPVNSPLHF,TRBV7-8*01,None,TRBJ1-6*01,1
1047,CASRCESYSANSPFTF,TRBV7-4*01,None,TRBJ1-2*01,1
1048,CASRCERIPVSSPLHF,TRBV5-4*04,None,TRBJ1-6*01,1
1049,CASRCDSFPVNSPHHF,TRBV7-8*03,None,TRBJ1-6*01,1
1050,CASRCDSFPVKSPLHF,TRBV7-8*03,None,TRBJ1-6*01,1
1051,CASRCDRYPVNSPLHF,TRBV7-8*03,None,TRBJ1-6*01,1
1052,CASRCDRSPVNSPLHF,TRBV7-8*03,None,TRBJ1-6*01,1
1053,CASRCDRITVNSPLHF,TRBV7-8*03,None,TRBJ1-6*01,1
1054,CASRCDRFTVNSPLHF,TRBV7-8*03,None,TRBJ1-6*01,1
1055,CASRCDRFRVNSPLHF,TRBV7-8*03,None,TRBJ1-6*01,1
1056,CASRCDRFPVNSTLNF,TRBV7-8*03,None,TRBJ1-6*01,1
1057,CASRCDRFPVNSTLHF,TRBV7-8*03,None,TRBJ1-6*01,1
1058,CASRRDRFPVNSPLPF,TRBV7-8*03,None,TRBJ1-6*01,1
1059,CASRRDRFPVNSPPHF,TRBV11-3*03,None,TRBJ1-6*01,1
1060,CASRRDRFPVYSPLHF,TRBV7-8*03,None,TRBJ1-6*01,1
1061,CASRWDDFPVDSPLHF,TRBV11-3*02,None,TRBJ1-6*01,1
1062,CASRWDCVPVNTPLHF,TRBV7-8*03,None,TRBJ1-6*01,1
1063,CASRWDCSPVNSPLHF,TRBV7-8*03,None,TRBJ1-6*01,1
1064,CASRWDCMPGNSPLHF,TRBV7-8*03,None,TRBJ1-6*01,1
1065,CASRWDCLPVNSPLHF,TRBV7-8*03,None,TRBJ1-6*01,1
1066,CASRWDCIPVNSPLPF,TRBV7-8*03,None,TRBJ1-6*01,1
1067,CASRWDCIPVNSPLHF,TRBV7-8*03,None,TRBJ1-6*01,1
1068,CASRWDCFRVNSPLHF,TRBV7-8*03,None,TRBJ1-6*01,1
1069,CASRWDCFQVNSPLHF,TRBV7-8*03,None,TRBJ1-6*01,1
1070,CASRWDCFPVTSPLHF,TRBV7-8*03,None,TRBJ1-6*01,1
1071,CASRWDCFPVNSSLHF,TRBV7-2*01,None,TRBJ1-6*01,1
1072,CASRWDCFPVNSPRHF,TRBV7-8*03,None,TRBJ1-6*01,1
1073,CASRWDCFPVNSPPHF,TRBV7-8*03,None,TRBJ1-6*01,1
1074,CASRWDCFPVNSPLNF,TRBV7-8*03,None,TRBJ1-6*01,1
1075,CASRWDCFPVNSPLHF,TRBV7-4*01,None,TRBJ1-6*01,1
1076,CASRWDCFPVNSPLHF,TRBV7-3*04,None,TRBJ1-6*01,1
1077,CASRWDCFPVNSPLHF,TRBV7-2*02,None,TRBJ1-6*01,1
1078,CASRWDCFPVNSPLHF,TRBV7-1*01,None,TRBJ1-6*01,1
1079,CASRWDCFPVNSPLDF,TRBV7-8*03,None,TRBJ1-6*01,1
1080,CASRWDCFPVNSPIRF,TRBV7-8*03,None,TRBJ1-6*01,1
1081,CASRWDCYPVNSPLHF,TRBV7-8*03,None,TRBJ1-6*01,1
1082,CASRWDGFPVNSHLHF,TRBV7-8*03,None,TRBJ1-6*01,1
1083,CASRRDRFRVNSPLHF,TRBV7-8*03,None,TRBJ1-6*01,1
1084,CASRWDGFPVNSPPYF,TRBV7-8*03,None,TRBJ1-6*01,1
1085,CASRWDLFPVNSPRNF,TRBV4-1*02,None,TRBJ1-6*01,1
1086,CASRWDLFPVNSPLHF,TRBV7-9*04,None,TRBJ1-6*01,1
1087,CASRWDLFPVNSPLHF,TRBV7-3*04,None,TRBJ1-6*01,1
1088,CASRWDLFPVNSPLHF,TRBV7-2*04,None,TRBJ1-6*01,1
1089,CASRWDLFPVNSPLHF,TRBV7-2*01,None,TRBJ1-6*01,1
1090,CASRWDLFPVNSPLHF,TRBV11-3*03,None,TRBJ1-6*01,1
1091,CASRWDLFPVNSPLHF,TRBV11-3*02,None,TRBJ1-6*01,1
1092,CASRWDLFPVNSPLHF,TRBV11-1*01,None,TRBJ1-6*01,1
1093,CASRWDLFPVNSPHRF,TRBV7-8*03,None,TRBJ1-6*01,1
1094,CASRWDLFPVNSPHHF,TRBV7-8*03,None,TRBJ1-6*01,1
1095,CASRWDLFPVKSPLHF,TRBV7-8*03,None,TRBJ1-6*01,1
1096,CASRWDLFPVDSPLNF,TRBV7-8*03,None,TRBJ1-6*01,1
1097,CASRWDHVPVNSPLHF,TRBV7-8*03,None,TRBJ1-6*01,1
1098,CASRWDHFPVNSPLRF,TRBV7-8*03,None,TRBJ1-6*01,1
1099,CASRWDHFPVNSPLHF,TRBV7-8*01,None,TRBJ1-6*01,1
1100,CASRWDHFPVHSPLLF,TRBV7-8*03,None,TRBJ1-6*01,1
1101,CASRWDHFPVDSPLHF,TRBV7-8*03,None,TRBJ1-6*01,1
1102,CASRWDGSPVNSAHHF,TRBV7-8*03,None,TRBJ1-6*01,1
1103,CASRWDGLPVNSPLHF,TRBV7-8*03,None,TRBJ1-6*01,1
1104,CASRWDCFPVNSPIHF,TRBV11-3*02,None,TRBJ1-6*01,1
1105,CASRWDCFPVNSLLHF,TRBV7-8*03,None,TRBJ1-6*01,1
1106,CASRWDCFPVNSHLHF,TRBV7-8*03,None,TRBJ1-6*01,1
1107,CASRWDCFPVKSPPHF,TRBV7-8*03,None,TRBJ1-6*01,1
1108,CASRWARFPANSPLHF,TRBV7-8*03,None,TRBJ1-6*01,1
1109,CASRWAPFPVNSPLHF,TRBV7-8*03,None,TRBJ1-6*01,1
1110,CASRWAGFPVNSPLYF,TRBV11-3*03,None,TRBJ1-6*01,1
1111,CASRWACYPVNSPLHF,TRBV7-3*04,None,TRBJ1-6*01,1
1112,CASRWACLPVNSPLNF,TRBV7-8*03,None,TRBJ1-6*01,1
1113,CASRWACFLVNSPLHF,TRBV7-8*03,None,TRBJ1-6*01,1
1114,CASRVDCFPVNSPLHF,TRBV7-8*03,None,TRBJ1-6*01,1
1115,CASRSERFPVNSPLHF,TRBV7-8*03,None,TRBJ1-6*01,1
1116,CASRSDRSPVNSPLNF,TRBV7-8*03,None,TRBJ1-6*01,1
1117,CASRSDRFPVNSTLHF,TRBV7-8*03,None,TRBJ1-6*01,1
1118,CASRSDRFPVNSPLRF,TRBV7-8*03,None,TRBJ1-6*01,1
1119,CASRSDRFLLNSPLHF,TRBV7-8*03,None,TRBJ1-6*01,1
1120,CASRSDRCPVNSPLHF,TRBV7-8*03,None,TRBJ1-6*01,1
1121,CASRRNRIPVNSPLHF,TRBV7-8*03,None,TRBJ1-6*01,1
1122,CASRRHRFRVCSPLHF,TRBV7-8*03,None,TRBJ1-6*01,1
1123,CASRRHRFPVNSRLHF,TRBV7-3*05,None,TRBJ1-6*01,1
1124,CASRRERFPVNSPLHF,TRBV7-8*03,None,TRBJ1-6*01,1
1125,CASRRDRLPVNSRLHF,TRBV7-8*03,None,TRBJ1-6*02,1
1126,CASRRDRFSVNSTLLF,TRBV7-8*03,None,TRBJ1-6*01,1
1127,CASRWARFPGNSPLDF,TRBV7-8*03,None,TRBJ1-6*01,1
1128,CASRWARFPVDSPLRF,TRBV11-2*03,None,TRBJ1-6*01,1
1129,CASRWARFPVESPLYF,TRBV7-8*03,None,TRBJ1-6*01,1
1130,CASRWARFPVNSSLHF,TRBV7-8*03,None,TRBJ1-6*01,1
1131,CASRWDCFPANSPLHF,TRBV7-8*03,None,TRBJ1-6*01,1
1132,CASRWCRFPVNSPLHF,TRBV7-8*03,None,TRBJ1-6*01,1
1133,CASRWCRFPVNSPFHF,TRBV7-8*03,None,TRBJ1-6*02,1
1134,CASRWCRFAVNSPLHF,TRBV7-8*03,None,TRBJ1-6*01,1
1135,CASRWASFPANSPLHF,TRBV7-8*03,None,TRBJ1-6*01,1
1136,CASRWARLPVNSPLHF,TRBV7-8*03,None,TRBJ1-6*01,1
1137,CASRWARFPVTSPLHF,TRBV7-8*03,None,TRBJ1-6*02,1
1138,CASRWARFPVTSPLHF,TRBV7-8*03,None,TRBJ1-6*01,1
1139,CASRWARFPVNSPLHF,TRBV7-8*03,None,TRBJ1-4*01,1
1140,CASRWARFPVISPLHF,TRBV7-8*01,None,TRBJ1-6*01,1
1141,CASRWARFPVNSPLHF,TRBV7-8*01,None,TRBJ1-6*01,1
1142,CASRWARFPVNSPLHF,TRBV7-4*01,None,TRBJ1-6*01,1
1143,CASRWARFPVNSPLHF,TRBV7-3*04,None,TRBJ1-6*01,1
1144,CASRWARFPVNSPFHF,TRBV7-8*03,None,TRBJ1-6*01,1
1145,CASRWARFPVNPPLHF,TRBV7-8*03,None,TRBJ1-6*01,1
1146,CASRWARFPVNAPLHF,TRBV11-2*03,None,TRBJ1-6*02,1
1147,CASRWARFPVKSPLHF,TRBV7-8*03,None,TRBJ1-6*01,1
1148,CASRWARFPVKSPLHF,TRBV7-3*04,None,TRBJ1-6*01,1
1149,CASLLFSFKADSPLHF,TRBV7-3*01,None,TRBJ1-6*01,1
1150,CASKWDRVTVNSPLHF,TRBV7-8*03,None,TRBJ1-6*01,1
1151,CASRWDRLPVNSPLHF,TRBV5-5*02,None,TRBJ1-6*01,1
1152,CARRRDGRGMKNCFF,TRBV7-9*07,None,TRBJ1-4*01,1
1153,CARRRDGRGMKLFF,TRBV7-9*04,None,TRBJ1-4*01,1
1154,CARRRDGRDEKLFF,TRBV11-3*03,None,TRBJ1-4*01,1
1155,CARRRDGQGDEKLFF,TRBV11-2*03,None,TRBJ1-4*01,1
1156,CARRRDGGDEKLFF,TRBV7-8*03,None,TRBJ1-4*01,1
1157,CARRKNKFTVNSPLHF,TRBV7-8*03,None,TRBJ1-6*01,1
1158,CARRGSVRAMYEQFF,TRBV14*02,None,TRBJ2-7*01,1
1159,CARRGARFPVNSPLHF,TRBV7-8*03,None,TRBJ1-6*01,1
1160,CARRCDRFPVNSPLHF,TRBV7-8*03,None,TRBJ1-6*01,1
1161,CARMRDRIPVNSPLHF,TRBV5-3*01,None,TRBJ1-6*01,1
1162,CARMRDRFPVNSPLHF,TRBV11-3*03,None,TRBJ1-6*01,1
1163,CARKWKRFPVNSPHYF,TRBV7-8*03,None,TRBJ1-6*01,1
1164,CARKWDRFPVNSPLHF,TRBV7-8*03,None,TRBJ1-6*01,1
1165,CARKRDGRGMKNCFF,TRBV11-3*03,None,TRBJ1-4*01,1
1166,CARGWCRFPVNSQLHF,TRBV7-8*03,None,TRBJ1-6*01,1
1167,CANRWGRFPVNSPLHF,TRBV7-8*03,None,TRBJ1-6*01,1
1168,CANRWDRLPVNSPLHF,TRBV7-8*03,None,TRBJ1-6*01,1
1169,CANRWDRFPVNSPLNF,TRBV7-8*03,None,TRBJ1-6*01,1
1170,CANRWDRFPVNSPLHF,TRBV7-8*03,None,TRBJ1-6*02,1
1171,CANRWDRFPVNSPLHF,TRBV7-8*01,None,TRBJ1-6*01,1
1172,CARRRDGRGMKNCF,TRBV7-9*04,None,TRBJ1-4*01,1
1173,CARRRDGWGMKNCFF,TRBV7-9*04,None,TRBJ1-4*01,1
1174,CANRWDRFPVHSPLHF,TRBV7-8*03,None,TRBJ1-6*01,1
1175,CARRRDRFPANSPLHF,TRBV7-9*04,None,TRBJ1-6*01,1
1176,CARRWDRFPVKSPLHF,TRBV7-8*03,None,TRBJ1-6*02,1
1177,CARRWDRFPVKQPLHF,TRBV7-8*03,None,TRBJ1-6*01,1
1178,CARRWDRFPAHSPPHF,TRBV7-8*03,None,TRBJ1-6*01,1
1179,CARRWDRFLVNSPLHF,TRBV7-8*03,None,TRBJ1-6*01,1
1180,CARRWDLFPVNSPLHF,TRBV7-8*03,None,TRBJ1-6*02,1
1181,CARRWDCFPVNSLLHF,TRBV7-8*03,None,TRBJ1-6*01,1
1182,CARRWARFPVNSPLHF,TRBV7-8*03,None,TRBJ1-6*01,1
1183,CARRWARFPVNSPLHF,TRBV5-3*02,None,TRBJ1-6*01,1
1184,CARRRRSGDEKLFF,TRBV7-9*04,None,TRBJ1-4*01,1
1185,CARRRRSGDEKLFF,TRBV11-3*03,None,TRBJ1-4*01,1
1186,CARRRGSGDEKLFF,TRBV11-3*03,None,TRBJ1-4*01,1
1187,CARRRDRSPVNSPLHF,TRBV7-8*03,None,TRBJ1-6*01,1
1188,CARRRDRLPVNSPLFF,TRBV7-8*03,None,TRBJ1-6*01,1
1189,CARRRDRIPVSSPLPF,TRBV7-8*03,None,TRBJ1-6*01,1
1190,CARRRDRFQVNSPLHF,TRBV7-9*04,None,TRBJ1-6*01,1
1191,CARRRDRFPVNSTLHF,TRBV7-9*04,None,TRBJ1-6*01,1
1192,CARRRDRFPVNSPLHF,TRBV7-9*04,None,TRBJ1-4*01,1
1193,CARRRDRFPVNSPLHF,TRBV11-2*03,None,TRBJ1-6*01,1
1194,CARRRDRFPVNSPHHF,TRBV11-3*03,None,TRBJ1-6*01,1
1195,CANRWDRFPVNSPLHF,TRBV7-3*04,None,TRBJ1-6*01,1
1196,CANRWDRFPINSPLRF,TRBV7-8*03,None,TRBJ1-6*01,1
1197,CASKWDRFPVNSPPHF,TRBV7-8*03,None,TRBJ1-6*01,1
1198,CAGRWDRVPVNPPLHF,TRBV7-8*03,None,TRBJ1-6*01,1
1199,CAGRWDRFRVNSPLHF,TRBV7-8*03,None,TRBJ1-6*01,1
1200,CAGRWDRFPVNSTHHF,TRBV7-8*03,None,TRBJ1-6*01,1
1201,CAGRWDRFPVNSRHHF,TRBV3-1*01,None,TRBJ1-6*01,1
1202,CAGRWDRFPVNSPLHF,TRBV7-9*04,None,TRBJ1-6*01,1
1203,CAGRWDRFPVNSPLHF,TRBV7-8*02,None,TRBJ1-6*01,1
1204,CAGRWDCFPVNSPLHF,TRBV7-8*03,None,TRBJ1-6*01,1
1205,CAGRRDRFPVNSPLHF,TRBV7-8*03,None,TRBJ1-6*01,1
1206,CAGRLDCFPVNSPLHF,TRBV7-8*03,None,TRBJ1-6*01,1
1207,CAGRCDRFPVNSPLHF,TRBV7-8*03,None,TRBJ1-6*01,1
1208,CADRWDRFPVNSPLHF,TRBV7-8*03,None,TRBJ1-6*01,1
1209,CACSRDRFPVNSPLHF,TRBV7-8*03,None,TRBJ1-6*01,1
1210,CACRWDRVPVNSPLHF,TRBV7-8*03,None,TRBJ1-6*01,1
1211,CACRWDRVPVNSHLHF,TRBV7-8*03,None,TRBJ1-6*01,1
1212,CACRWDRFQVNSPLRF,TRBV7-8*03,None,TRBJ1-6*01,1
1213,CACRWDRFPVNSPPPF,TRBV7-8*03,None,TRBJ1-6*01,1
1214,CACRWDRFPVNSPLHF,TRBV7-9*04,None,TRBJ1-6*01,1
1215,CACRWDRFPVNSPLHF,TRBV11-3*03,None,TRBJ1-6*01,1
1216,CACRWDRFPVNSALHF,TRBV7-8*03,None,TRBJ1-6*01,1
1217,CACRWDRFPLISPPHF,TRBV7-8*03,None,TRBJ1-6*01,1
1218,CAGRWDRLPVNSPLHF,TRBV7-8*03,None,TRBJ1-6*01,1
1219,CAGRWDRVPVNYPLHF,TRBV7-8*03,None,TRBJ1-6*02,1
1220,CANRWDRFPENSPLHF,TRBV7-8*03,None,TRBJ1-6*01,1
1221,CAGRWERFPVNSPLLF,TRBV7-8*03,None,TRBJ1-6*01,1
1222,CANRSDRFPVNSPLHF,TRBV7-8*03,None,TRBJ1-6*01,1
1223,CANRSARSPVNSPLHF,TRBV9*03,None,TRBJ1-6*01,1
1224,CANGWDRFPVNSPLHF,TRBV7-8*03,None,TRBJ1-6*01,1
1225,CAMRWDRFPVNSPIHF,TRBV7-8*03,None,TRBJ1-6*01,1
1226,CAKEGRSGDEKLFF,TRBV11-3*03,None,TRBJ1-4*01,1
1227,CAISWDRVLVNSALHF,TRBV11-3*03,None,TRBJ1-6*01,1
1228,CAISWDRFPVKSLLHF,TRBV7-8*03,None,TRBJ1-6*01,1
1229,CAIRWNSFPVNSPLHF,TRBV7-8*03,None,TRBJ1-6*01,1
1230,CAIRWGRFPVNSALHF,TRBV7-8*03,None,TRBJ1-6*02,1
1231,CAIRWERFPVNSPLHF,TRBV7-8*03,None,TRBJ1-6*01,1
1232,CAIRWDRLPVNSPLHF,TRBV7-8*03,None,TRBJ1-6*01,1
1233,CAIRWDRLPVNSPHHF,TRBV7-8*03,None,TRBJ1-6*01,1
1234,CAIRWDRFSVNSPLHF,TRBV7-8*03,None,TRBJ1-6*01,1
1235,CAIRWDRFPVNSPLNF,TRBV7-8*03,None,TRBJ1-6*01,1
1236,CAIRWDPIPVNSPLHF,TRBV7-8*03,None,TRBJ1-6*01,1
1237,CAINLRGTRGYGYTF,TRBV27*01,None,TRBJ1-2*01,1
1238,CAIIWNSLTLNSPLHF,TRBV7-8*03,None,TRBJ1-6*01,1
1239,CAGSFSVGPTYEQYF,TRBV14*02,None,TRBJ2-7*01,1
1240,CAGRWYRFPVNSPLHF,TRBV7-8*03,None,TRBJ1-6*01,1
1241,CARRWDRFPVKSPRHF,TRBV7-8*03,None,TRBJ1-6*01,1
1242,CARRWDRFPVNAPLDF,TRBV7-8*03,None,TRBJ1-6*01,1
1243,CARRWDRFPVNSPLHF,TRBV11-3*03,None,TRBJ1-6*01,1
1244,CASIWDLSLVNSPRPF,TRBV7-8*03,None,TRBJ1-6*01,1
1245,CASIRERFPVNSPLHF,TRBV7-8*03,None,TRBJ1-6*01,1
1246,CASIFSVGPTYEQYF,TRBV14*02,None,TRBJ2-7*01,1
1247,CASIFSTCSANYGYTF,TRBV12-4*02,None,TRBJ1-2*01,1
1248,CASICVRFPVNSPLHF,TRBV7-8*03,None,TRBJ1-6*01,1
1249,CASGWYRFPVNSPLHF,TRBV7-8*03,None,TRBJ1-6*01,1
1250,CASGWVRFTVNSPHHF,TRBV11-3*02,None,TRBJ1-6*01,1
1251,CASGWPRFPVNSPLHF,TRBV7-3*01,None,TRBJ1-6*01,1
1252,CASGWNRVPINSPLHF,TRBV7-8*03,None,TRBJ1-6*01,1
1253,CASGWERIPVKTPLHF,TRBV7-3*05,None,TRBJ1-6*01,1
1254,CASGWDRYPVNSPLHF,TRBV7-8*03,None,TRBJ1-6*01,1
1255,CASGWDRLPVNSPLHF,TRBV7-8*03,None,TRBJ1-6*01,1
1256,CASGWDRFTVKAPLHF,TRBV7-8*03,None,TRBJ1-6*02,1
1257,CASGWDRFPVNSPLRF,TRBV7-8*03,None,TRBJ1-6*01,1
1258,CASGWDRFPVNSPLLF,TRBV7-8*03,None,TRBJ1-6*01,1
1259,CASGWDRFPVNSPLHF,TRBV7-9*04,None,TRBJ1-6*01,1
1260,CASGWDRFPVNSPLHF,TRBV7-8*01,None,TRBJ1-6*01,1
1261,CASGWDRFPVNSPLHF,TRBV7-4*01,None,TRBJ1-6*01,1
1262,CASGWDRFPVNSPLHF,TRBV7-3*05,None,TRBJ1-6*01,1
1263,CASGWDRFPVNSPLHF,TRBV11-2*03,None,TRBJ1-6*01,1
1264,CASIWDIFPLNSPLHF,TRBV7-8*03,None,TRBJ1-6*01,1
1265,CASIWDRFPVKSPLHF,TRBV7-8*03,None,TRBJ1-6*01,1
1266,CARRWDRFPVNSPLHF,TRBV5-3*01,None,TRBJ1-6*01,1
1267,CASIWDRFPVNSHLHF,TRBV7-8*03,None,TRBJ1-6*01,1
1268,CASKWDRFPVNSPLHF,TRBV7-9*05,None,TRBJ1-6*01,1
1269,CASKWDRFPVNSPLHF,TRBV7-9*04,None,TRBJ1-6*01,1
1270,CASKWDRFPVNSPLHF,TRBV7-3*04,None,TRBJ1-6*01,1
1271,CASKWDRFPVNSPLHF,TRBV5-4*04,None,TRBJ1-6*01,1
1272,CASKWDRFPVNSPIHF,TRBV7-8*03,None,TRBJ1-6*01,1
1273,CASKWDRFPVISPLHF,TRBV7-8*03,None,TRBJ1-6*01,1
1274,CASKWDHFPVNSPLHF,TRBV7-8*03,None,TRBJ1-6*01,1
1275,CASKLYPSPVNSPLHF,TRBV7-9*03,None,TRBJ1-6*01,1
1276,CASIWYPFPVNSPLHF,TRBV5-7*01,None,TRBJ1-6*01,1
1277,CASIWVRFPGNSPLHF,TRBV7-8*03,None,TRBJ1-6*01,1
1278,CASIWVLFPVNSPIRF,TRBV7-8*03,None,TRBJ1-6*01,1
1279,CASIWGRFPVNSPLHF,TRBV7-8*03,None,TRBJ1-6*01,1
1280,CASIWERFSGNSPLHF,TRBV7-8*03,None,TRBJ1-6*01,1
1281,CASIWDSFPVNSPLHF,TRBV7-8*03,None,TRBJ1-6*01,1
1282,CASIWDSFPGKSPLHF,TRBV7-8*03,None,TRBJ1-6*01,1
1283,CASIWDRSPVNSPLHF,TRBV7-8*03,None,TRBJ1-6*01,1
1284,CASIWDRFTVNSPLHF,TRBV7-8*03,None,TRBJ1-6*01,1
1285,CASIWDRFPVNSPLRF,TRBV7-8*03,None,TRBJ1-6*01,1
1286,CASIWDRFPVNSPLHF,TRBV11-3*02,None,TRBJ1-6*01,1
1287,CASGWDRFPVNSPHHF,TRBV7-8*03,None,TRBJ1-6*01,1
1288,CASGWDRFPVNSPHHF,TRBV7-4*01,None,TRBJ1-6*01,1
1289,CASGWDRCPVKSPLHF,TRBV7-8*03,None,TRBJ1-6*02,1
1290,CASGWDHFPVNSPLHF,TRBV7-8*03,None,TRBJ1-6*01,1
1291,CARRWGRSPVNSPLHF,TRBV7-8*03,None,TRBJ1-6*01,1
1292,CARRWGRILVHTLFHF,TRBV7-8*03,None,TRBJ1-6*01,1
1293,CARRWGRFPVNSPLHF,TRBV7-8*03,None,TRBJ1-6*01,1
1294,CARRWERLPVNSPLPF,TRBV7-4*01,None,TRBJ1-6*01,1
1295,CARRWERCPVNSRLHF,TRBV7-8*03,None,TRBJ1-6*01,1
1296,CARRWDRVPVNSPLHF,TRBV7-8*03,None,TRBJ1-6*01,1
1297,CARRWDRLPVNSPLHF,TRBV7-4*01,None,TRBJ1-6*01,1
1298,CARRWDRIPVNSPLHF,TRBV7-8*03,None,TRBJ1-6*01,1
1299,CARRWDRFQVNSPLHF,TRBV7-8*03,None,TRBJ1-6*01,1
1300,CARRWDRFPVNSTLHF,TRBV7-8*03,None,TRBJ1-6*01,1
1301,CARRWDRFPVNSSLHF,TRBV7-8*03,None,TRBJ1-6*02,1
1302,CARRWDRFPVNSPRHF,TRBV7-8*03,None,TRBJ1-6*01,1
1303,CARRWDRFPVNSPLRF,TRBV7-8*03,None,TRBJ1-6*02,1
1304,CARRWDRFPVNSPLRF,TRBV7-8*03,None,TRBJ1-6*01,1
1305,CARRWDRFPVNSPLNF,TRBV7-8*03,None,TRBJ1-6*01,1
1306,CARRWDRFPVNSPLLF,TRBV7-8*03,None,TRBJ1-6*01,1
1307,CARRWDRFPVNSPLHF,TRBV7-9*04,None,TRBJ1-6*01,1
1308,CARRWDRFPVNSPLHF,TRBV7-3*01,None,TRBJ1-6*01,1
1309,CARRWDRFPVNSPLHF,TRBV5-3*02,None,TRBJ1-6*01,1
1310,CARRWKRFPVNSPLHF,TRBV7-8*03,None,TRBJ1-6*01,1
1311,CARRWNRFPANTPLHF,TRBV7-8*03,None,TRBJ1-6*01,1
1312,CARRWNRFPVNSPLHF,TRBV7-8*03,None,TRBJ1-6*01,1
1313,CARWDRFPVNSPLHF,TRBV11-3*03,None,TRBJ1-6*01,1
1314,CASGRDRSPVNSPLHF,TRBV7-8*03,None,TRBJ1-6*01,1
1315,CASGRDRFPVNSPLHF,TRBV7-8*03,None,TRBJ1-6*01,1
1316,CASGRDRFPVNSPLHF,TRBV11-3*03,None,TRBJ1-6*01,1
1317,CASGFSTYSANYGYTF,TRBV12-4*02,None,TRBJ1-2*01,1
1318,CASGFSTGSANYGYTF,TRBV12-4*01,None,TRBJ1-2*01,1
1319,CASGCGRCPVNSALLF,TRBV7-8*03,None,TRBJ1-6*01,1
1320,CASCGMKGQVALYGCTF,TRBV28*01,None,TRBJ1-2*01,1
1321,CARWDRFSVNSPLHF,TRBV7-8*03,None,TRBJ1-6*01,1
1322,CARVCCRFPVNSPPHF,TRBV19*01,None,TRBJ1-6*01,1
1323,CARRWVRFPVNSPLHF,TRBV5-8*02,None,TRBJ1-6*01,1
1324,CARTWERFPVNSALHF,TRBV7-8*03,None,TRBJ1-6*01,1
1325,CARSWERFPVNFPLHF,TRBV7-8*03,None,TRBJ1-6*01,1
1326,CARSVANCSPNYGYNF,TRBV6-4*02,None,TRBJ1-6*01,1
1327,CARSRWEADYNNEQFF,TRBV30*04,None,TRBJ2-1*01,1
1328,CARSRDRFPVNSPLHF,TRBV7-8*03,None,TRBJ1-6*01,1
1329,CARSFSVGLNYAQYF,TRBV14*02,None,TRBJ2-7*01,1
1330,CARSFSTCSANYGYTF,TRBV12-4*02,None,TRBJ1-2*01,1
1331,CARRWVRIPVNSPLHF,TRBV7-8*03,None,TRBJ1-6*01,1
1332,CASRWDLLPVNSHLHF,TRBV7-8*03,None,TRBJ1-6*01,1
1333,CASRWDPFPGNSPLHF,TRBV7-8*03,None,TRBJ1-6*01,1
1334,CASRWDPFPVHSPLHF,TRBV7-8*03,None,TRBJ1-6*01,1
1335,CASRWDRFPVNSTLHF,TRBV7-3*05,None,TRBJ1-6*01,1
1336,CASRWDRFPVNSTLHF,TRBV11-1*01,None,TRBJ1-6*01,1
1337,CASRWDRFPVNSTIHF,TRBV7-8*03,None,TRBJ1-6*01,1
1338,CASRWDRFPVNSSLPF,TRBV7-8*03,None,TRBJ1-6*01,1
1339,CASRWDRFPVNSSLHF,TRBV7-9*04,None,TRBJ1-6*01,1
1340,CASRWDRFPVNSSLHF,TRBV7-8*03,None,TRBJ1-4*01,1
1341,CASRWDRFPVNSSLHF,TRBV7-3*04,None,TRBJ1-6*01,1
1342,CASRWDRFPVNSSLHF,TRBV7-2*01,None,TRBJ1-6*01,1
1343,CASRWDRFPVNSSLHF,TRBV7-1*01,None,TRBJ1-6*01,1
1344,CASRWDRFPVNSSFHF,TRBV7-8*03,None,TRBJ1-6*01,1
1345,CASRWDRFPVNSRLTF,TRBV7-8*03,None,TRBJ1-6*01,1
1346,CASRWDRFPVNSRLSF,TRBV7-8*03,None,TRBJ1-6*01,1
1347,CASRWDRFPVNSRLLF,TRBV7-8*03,None,TRBJ1-6*01,1
1348,CASRWDRFPVNSRLHF,TRBV7-1*01,None,TRBJ1-6*01,1
1349,CASRWDRFPVNSPTHF,TRBV7-8*03,None,TRBJ1-6*01,1
1350,CASRWDRFPVNSPRHF,TRBV7-9*04,None,TRBJ1-6*01,1
1351,CASRWDRFPVNSPRHF,TRBV4-3*04,None,TRBJ1-6*01,1
1352,CASRWDRFPVNSPRHF,TRBV11-3*03,None,TRBJ1-6*01,1
1353,CASRWDRFPVNSPRHF,TRBV11-3*02,None,TRBJ1-6*01,1
1354,CASRWDRFPVNSPRHF,TRBV11-2*03,None,TRBJ1-6*01,1
1355,CASRWDRFPVNSTLHF,TRBV11-3*03,None,TRBJ1-6*01,1
1356,CASRWDRFPVNSTLNF,TRBV7-8*03,None,TRBJ1-6*01,1
1357,CASRWDRFPVNSPPRF,TRBV7-8*03,None,TRBJ1-6*01,1
1358,CASRWDRFPVNSVLHF,TRBV7-8*03,None,TRBJ1-6*01,1
1359,CASRWDRFPVTSPLHF,TRBV11-2*01,None,TRBJ1-6*01,1
1360,CASRWDRFPVTAPHHF,TRBV7-8*03,None,TRBJ1-6*01,1
1361,CASRWDRFPVSSTLPF,TRBV7-8*03,None,TRBJ1-6*01,1
1362,CACRWDGFPVNSPLHF,TRBV7-8*03,None,TRBJ1-6*01,1
1363,CASRWDRFPVSSRHHF,TRBV7-8*03,None,TRBJ1-6*01,1
1364,CASRWDRFPVSSPLNF,TRBV7-8*03,None,TRBJ1-6*01,1
1365,CASRWDRFPVSSPLLF,TRBV7-8*03,None,TRBJ1-6*01,1
1366,CASRWDRFPVSSPLHF,TRBV7-9*04,None,TRBJ1-6*01,1
1367,CASRWDRFPVSSPLHF,TRBV7-4*01,None,TRBJ1-6*01,1
1368,CASRWDRFPVSSPLHF,TRBV5-4*02,None,TRBJ1-6*01,1
1369,CASRWDRFPVSSPLHF,TRBV28*01,None,TRBJ1-6*01,1
1370,CASRWDRFPVSSPLHF,TRBV11-3*02,None,TRBJ1-6*01,1
1371,CASRWDRFPVSSLLHF,TRBV7-8*03,None,TRBJ1-6*02,1
1372,CASRWDRFPVSSLLDF,TRBV7-8*03,None,TRBJ1-6*01,1
1373,CASRWDRFPVSLPLHF,TRBV7-8*03,None,TRBJ1-6*01,1
1374,CASRWDRFPVPSPLHF,TRBV7-9*04,None,TRBJ1-6*01,1
1375,CASRWDRFPVNYPLNF,TRBV7-8*03,None,TRBJ1-6*01,1
1376,CASRWDRFPVNYHQHF,TRBV7-8*03,None,TRBJ1-6*01,1
1377,CASRWDRFPVNTPHHF,TRBV7-8*03,None,TRBJ1-6*01,1
1378,CASRWDRFPVNSPQHF,TRBV3-1*02,None,TRBJ1-6*01,1
1379,CASRWDRFPVNSPPLF,TRBV7-8*03,None,TRBJ1-6*01,1
1380,CASRWDPFPVNSALHF,TRBV7-8*03,None,TRBJ1-6*01,1
1381,CASRWDRFPVNSPLPF,TRBV7-9*04,None,TRBJ1-6*01,1
1382,CASRWDRFPVNSPLPF,TRBV7-1*01,None,TRBJ1-6*01,1
1383,CASRWDRFPVNSPLPF,TRBV5-5*03,None,TRBJ1-6*01,1
1384,CASRWDRFPVNSPLPF,TRBV11-3*01,None,TRBJ1-6*01,1
1385,CASRWDRFPVNSPLNF,TRBV7-8*01,None,TRBJ1-6*01,1
1386,CASRWDRFPVNSPLNF,TRBV7-3*04,None,TRBJ1-6*01,1
1387,CASRWDRFPVNSPLNF,TRBV4-3*02,None,TRBJ1-6*01,1
1388,CASRWDRFPVNSPLLF,TRBV7-9*04,None,TRBJ1-6*01,1
1389,CASRWDRFPVNSPLLF,TRBV7-3*04,None,TRBJ1-6*01,1
1390,CASRWDRFPVNSPLLF,TRBV11-2*03,None,TRBJ1-6*01,1
1391,CASRWDRFPVNSPLHF,TRBV9*02,None,TRBJ1-6*01,1
1392,CASRWDRFPVNSPLHF,TRBV7-8*03,None,TRBJ1-1*01,1
1393,CASRWDRFPVNSPLHF,TRBV7-8*02,None,TRBJ1-6*02,1
1394,CASRWDRFPVNSPLHF,TRBV7-8*01,None,TRBJ1-6*02,1
1395,CASRWDRFPVNSPLHF,TRBV7-4*01,None,TRBJ1-6*02,1
1396,CASRWDRFPVNSPLHF,TRBV7-3*05,None,TRBJ1-6*02,1
1397,CASRWDRFPVNSPLHF,TRBV5-8*01,None,TRBJ1-6*01,1
1398,CASRWDRFPVNSPLHF,TRBV5-7*01,None,TRBJ1-6*01,1
1399,CASRWDRFPVNSPLHF,TRBV5-6*01,None,TRBJ1-6*01,1
1400,CASRWDRFPVNSPLHF,TRBV5-4*03,None,TRBJ1-6*01,1
1401,CASRWDRFPVNSPLPF,TRBV7-2*04,None,TRBJ1-6*01,1
1402,CASRWDRFPVNSPLQF,TRBV11-3*03,None,TRBJ1-6*01,1
1403,CASRWDRFPVNSPPHF,TRBV7-4*01,None,TRBJ1-6*01,1
1404,CASRWDRFPVNSPLQF,TRBV7-2*02,None,TRBJ1-6*01,1
1405,CASRWDRFPVNSPPHF,TRBV7-3*01,None,TRBJ1-6*01,1
1406,CASRWDRFPVNSPPHF,TRBV7-1*01,None,TRBJ1-6*01,1
1407,CASRWDRFPVNSPPHF,TRBV5-8*02,None,TRBJ1-6*01,1
1408,CASRWDRFPVNSPPHF,TRBV11-2*03,None,TRBJ1-6*01,1
1409,CASRWDRFPVNSPLYF,TRBV7-8*03,None,TRBJ1-4*01,1
1410,CASRWDRFPVNSPLYF,TRBV7-1*01,None,TRBJ1-6*01,1
1411,CASRWDRFPVNSPLTF,TRBV7-8*03,None,TRBJ1-6*01,1
1412,CASRWDRFPVNSPLSF,TRBV7-8*03,None,TRBJ1-6*02,1
1413,CASRWDRFPVNSPLSF,TRBV7-8*03,None,TRBJ1-6*01,1
1414,CASRWDRFPVNSPLRF,TRBV7-9*07,None,TRBJ1-6*01,1
1415,CASRWDRFPVNSPLRF,TRBV7-9*04,None,TRBJ1-6*01,1
1416,CASRWDRFPVNSPLRF,TRBV7-8*02,None,TRBJ1-6*01,1
1417,CASRWDRFPVNSPLRF,TRBV7-8*01,None,TRBJ1-6*01,1
1418,CASRWDRFPVNSPLRF,TRBV7-3*04,None,TRBJ1-6*01,1
1419,CASRWDRFPVNSPLRF,TRBV4-3*01,None,TRBJ1-6*01,1
1420,CASRWDRFPVNSPLRF,TRBV11-3*03,None,TRBJ1-6*02,1
1421,CASRWDRFPVNSPLRF,TRBV11-3*01,None,TRBJ1-6*01,1
1422,CASRWDRFPVNSPLRF,TRBV11-2*03,None,TRBJ1-6*01,1
1423,CASRWDRFPVNSPLQF,TRBV7-9*04,None,TRBJ1-6*01,1
1424,CASRWDRFPVTSPLHF,TRBV11-2*03,None,TRBJ1-6*01,1
1425,CASRWDRFPVTSPLHF,TRBV7-8*02,None,TRBJ1-6*01,1
1426,CASRWDRFPVTSPLPF,TRBV7-3*04,None,TRBJ1-6*01,1
1427,CASRWDRIPVNSPLHF,TRBV7-3*05,None,TRBJ1-6*01,1
1428,CASRWDRIPVNSPLHF,TRBV5-4*02,None,TRBJ1-6*01,1
1429,CASRWDRIPVNSPLHF,TRBV11-3*03,None,TRBJ1-6*01,1
1430,CASRWDRIPVNSPIHF,TRBV7-3*01,None,TRBJ1-6*01,1
1431,CASRWDRIPVNSPFHF,TRBV7-9*04,None,TRBJ1-6*01,1
1432,CASRWDRIPVNSHHHF,TRBV7-8*03,None,TRBJ1-6*01,1
1433,CASRWDRIPVNAPLHF,TRBV11-3*01,None,TRBJ1-6*01,1
1434,CASRWDRIPVKSPLHF,TRBV7-8*03,None,TRBJ1-6*01,1
1435,CASRWDRIPVKSPLHF,TRBV7-3*04,None,TRBJ1-6*01,1
1436,CASRWDRIPVISPLHF,TRBV7-4*01,None,TRBJ1-6*01,1
1437,CASRWDRIPLNSPLHF,TRBV7-8*01,None,TRBJ1-6*01,1
1438,CASRWDRIPINSPFHF,TRBV7-8*03,None,TRBJ1-6*01,1
1439,CASRWDRIPGHSPLHF,TRBV7-8*03,None,TRBJ1-6*01,1
1440,CASRWDRILVNSPLHF,TRBV7-1*01,None,TRBJ1-6*01,1
1441,CASRWDRFTVNSPRHF,TRBV7-3*05,None,TRBJ1-6*01,1
1442,CASRWDRFTVNSPLNF,TRBV7-3*03,None,TRBJ1-6*01,1
1443,CASRWDRFTVNSPLLF,TRBV7-8*03,None,TRBJ1-6*01,1
1444,CASRWDRFTVNSPLHF,TRBV7-9*02,None,TRBJ1-6*01,1
1445,CASRWDRFTVNSPLHF,TRBV5-5*02,None,TRBJ1-6*01,1
1446,CASRWDRFTVNSPLHF,TRBV11-3*03,None,TRBJ1-6*01,1
1447,CASRWDRIPVNSPLHF,TRBV7-1*01,None,TRBJ1-6*01,1
1448,CASRWDRIPVNSPLHF,TRBV7-9*04,None,TRBJ1-6*01,1
1449,CASRWDRFPVVSTLHF,TRBV7-8*03,None,TRBJ1-6*01,1
1450,CASRWDRIPVNSPLNF,TRBV7-8*03,None,TRBJ1-6*01,1
1451,CASRWDRLPVNSPLHF,TRBV28*01,None,TRBJ1-6*01,1
1452,CASRWDRLPVNSPLHF,TRBV11-2*03,None,TRBJ1-6*01,1
1453,CASRWDRLPVNSPHHF,TRBV7-8*03,None,TRBJ1-6*01,1
1454,CASRWDRLPVNSPHHF,TRBV7-3*04,None,TRBJ1-6*01,1
1455,CASRWDRLPVNSPFHF,TRBV7-8*03,None,TRBJ1-6*01,1
1456,CASRWDRLPVNSLPHF,TRBV7-8*03,None,TRBJ1-6*01,1
1457,CASRWDRLPVNSALHF,TRBV7-8*03,None,TRBJ1-6*02,1
1458,CASRWDRLPVNSAHYF,TRBV7-8*03,None,TRBJ1-6*01,1
1459,CASRWDRLPVNLPLKF,TRBV4-2*01,None,TRBJ1-6*01,1
1460,CASRWDRLPVKSQLHF,TRBV7-8*03,None,TRBJ1-6*01,1
1461,CASRWDRLPVKSPLRF,TRBV7-8*03,None,TRBJ1-6*01,1
1462,CASRWDRLPLNSPLHF,TRBV7-8*03,None,TRBJ1-6*01,1
1463,CASRWDRLPINTPPHF,TRBV7-8*03,None,TRBJ1-6*01,1
1464,CASRWDRLPGNSPRHF,TRBV7-8*03,None,TRBJ1-6*01,1
1465,CASRWDRLLVSSHLHF,TRBV7-8*03,None,TRBJ1-6*02,1
1466,CASRWDRISVNSPLHF,TRBV7-8*03,None,TRBJ1-6*01,1
1467,CASRWDRIRVNSPLHF,TRBV7-8*03,None,TRBJ1-6*01,1
1468,CASRWDRIRVNAPHFF,TRBV7-8*03,None,TRBJ1-6*01,1
1469,CASRWDRIPVNSPLPF,TRBV7-8*03,None,TRBJ1-6*01,1
1470,CASRWDRFTVNSPLHF,TRBV11-3*02,None,TRBJ1-6*01,1
1471,CASRWDRFTVNSPLDF,TRBV7-8*03,None,TRBJ1-6*01,1
1472,CASRWDRFTVNSPLDF,TRBV11-3*03,None,TRBJ1-6*01,1
1473,CASRWDRFTVNSPHHF,TRBV7-8*03,None,TRBJ1-6*01,1
1474,CASRWDRFQVNSPLHF,TRBV4-2*01,None,TRBJ1-6*01,1
1475,CASRWDRFQVNSPLHF,TRBV3-1*01,None,TRBJ1-6*01,1
1476,CASRWDRFQVNSPLHF,TRBV11-3*02,None,TRBJ1-6*01,1
1477,CASRWDRFQVNSPLHF,TRBV11-2*02,None,TRBJ1-6*01,1
1478,CASRWDRFQVNSPIHF,TRBV7-8*03,None,TRBJ1-6*01,1
1479,CASRWDRFQVNSPHHF,TRBV7-8*03,None,TRBJ1-6*01,1
1480,CASRWDRFQVNSLLHF,TRBV7-8*03,None,TRBJ1-6*01,1
1481,CASRWDRFQVNQPLRF,TRBV7-8*02,None,TRBJ1-6*01,1
1482,CASRWDRFQVNPPLHF,TRBV7-8*03,None,TRBJ1-6*01,1
1483,CASRWDRFQVNLPPHF,TRBV7-8*03,None,TRBJ1-6*01,1
1484,CASRWDRFQVNLPLHF,TRBV7-8*03,None,TRBJ1-6*02,1
1485,CASRWDRFQVHSPLHF,TRBV7-8*03,None,TRBJ1-6*01,1
1486,CASRWDRFQLNSPLHF,TRBV7-8*03,None,TRBJ1-6*01,1
1487,CASRWDRFQANSPLHF,TRBV7-3*04,None,TRBJ1-6*01,1
1488,CASRWDRFPVYSPPHF,TRBV7-8*03,None,TRBJ1-6*01,1
1489,CASRWDRFPVYSPLRF,TRBV11-3*03,None,TRBJ1-6*02,1
1490,CASRWDRFPVYSPLPF,TRBV7-8*03,None,TRBJ1-6*02,1
1491,CASRWDRFPVYSPLHF,TRBV7-9*04,None,TRBJ1-6*01,1
1492,CASRWDRFPVYSPLHF,TRBV11-3*03,None,TRBJ1-6*01,1
1493,CASRWDRFQVNSPLHF,TRBV7-3*05,None,TRBJ1-6*01,1
1494,CASRWDRFQVNSPLHF,TRBV7-9*04,None,TRBJ1-6*01,1
1495,CASRWDRFQVNSPLHF,TRBV9*01,None,TRBJ1-6*01,1
1496,CASRWDRFRVNSPLHF,TRBV7-9*04,None,TRBJ1-6*01,1
1497,CASRWDRFTVNSHLHF,TRBV7-8*03,None,TRBJ1-6*01,1
1498,CASRWDRFTVNAPLHF,TRBV7-8*03,None,TRBJ1-6*01,1
1499,CASRWDRFTINSPLHF,TRBV7-8*03,None,TRBJ1-6*01,1
1500,CASRWDRFTGNSPLHF,TRBV7-8*03,None,TRBJ1-6*01,1
1501,CASRWDRFTAHSPIHF,TRBV7-8*03,None,TRBJ1-6*01,1
1502,CASRWDRFSVNSPLHF,TRBV7-3*04,None,TRBJ1-6*01,1
1503,CASRWDRFSVNSPLGF,TRBV7-8*03,None,TRBJ1-6*02,1
1504,CASRWDRFSVNSPIHF,TRBV7-8*03,None,TRBJ1-6*01,1
1505,CASRWDRFRVNSPLHF,TRBV7-8*03,None,TRBJ1-6*02,1
1506,CASRWDRFQVNSPLNF,TRBV7-2*02,None,TRBJ1-6*01,1
1507,CASRWDRFRVNSPLHF,TRBV11-3*03,None,TRBJ1-6*01,1
1508,CASRWDRFRVNSHLFF,TRBV7-8*03,None,TRBJ1-6*01,1
1509,CASRWDRFRVNSHHHF,TRBV7-8*03,None,TRBJ1-6*01,1
1510,CASRWDRFRVNSALHF,TRBV11-3*03,None,TRBJ1-6*01,1
1511,CASRWDRFRVNLTLHF,TRBV7-8*03,None,TRBJ1-6*01,1
1512,CASRWDRFQVTSPLHF,TRBV7-8*03,None,TRBJ1-6*01,1
1513,CASRWDRFQVSSPHHF,TRBV7-8*03,None,TRBJ1-6*01,1
1514,CASRWDRFQVNSPLRF,TRBV7-9*04,None,TRBJ1-6*01,1
1515,CASRWDRFPVNSPLHF,TRBV4-3*04,None,TRBJ1-4*01,1
1516,CASRWDRFPVNSPLHF,TRBV4-3*01,None,TRBJ1-6*01,1
1517,CASRWDRFPVNSPLHF,TRBV4-1*01,None,TRBJ1-6*01,1
1518,CASRWDRFPGNSPLHF,TRBV7-9*04,None,TRBJ1-6*01,1
1519,CASRWDRFPGNSPLHF,TRBV5-6*01,None,TRBJ1-6*01,1
1520,CASRWDRFPGNSPLHF,TRBV11-3*02,None,TRBJ1-6*01,1
1521,CASRWDRFPGNSPHYF,TRBV7-8*03,None,TRBJ1-6*01,1
1522,CASRWDRFPGNSPFHF,TRBV7-8*03,None,TRBJ1-6*02,1
1523,CASRWDRFPENSPLHF,TRBV5-4*02,None,TRBJ1-6*01,1
1524,CASRWDRFPEKSPLHF,TRBV7-8*03,None,TRBJ1-6*01,1
1525,CASRWDRFPEHSPLHF,TRBV7-8*03,None,TRBJ1-6*01,1
1526,CASRWDRFPDNSPLHF,TRBV7-8*03,None,TRBJ1-6*01,1
1527,CASRWDRFPANTPLHF,TRBV7-8*03,None,TRBJ1-6*01,1
1528,CASRWDRFPANSSLHF,TRBV7-8*03,None,TRBJ1-6*01,1
1529,CASRWDRFPANSPLLF,TRBV7-8*03,None,TRBJ1-6*01,1
1530,CASRWDRFPANSPLHF,TRBV7-3*04,None,TRBJ1-6*01,1
1531,CASRWDRFPANSHLHF,TRBV7-8*03,None,TRBJ1-6*01,1
1532,CASRWDRFPANPPLHF,TRBV7-8*03,None,TRBJ1-6*01,1
1533,CASRWDRFPANAPLHF,TRBV7-8*03,None,TRBJ1-6*01,1
1534,CASRWDRFLVTSPPHF,TRBV7-8*03,None,TRBJ1-6*01,1
1535,CASRWDRFLVNSPLDF,TRBV7-8*03,None,TRBJ1-6*01,1
1536,CASRWDRFLVNSPFHF,TRBV11-3*03,None,TRBJ1-6*01,1
1537,CASRWDRFLVNSLLHF,TRBV7-8*03,None,TRBJ1-6*01,1
1538,CASRWDRFPGNSPLHF,TRBV7-2*04,None,TRBJ1-6*01,1
1539,CASRWDRFPINSPTNF,TRBV7-3*05,None,TRBJ1-6*01,1
1540,CASRWDRFPVDSPLHF,TRBV7-8*03,None,TRBJ1-4*01,1
1541,CASRWDRFPINSSLHF,TRBV7-8*03,None,TRBJ1-6*01,1
1542,CASRWDRFPVDSPLHF,TRBV7-3*05,None,TRBJ1-6*01,1
1543,CASRWDRFPVDSPLHF,TRBV7-3*04,None,TRBJ1-6*01,1
1544,CASRWDRFPVDSPLHF,TRBV7-2*04,None,TRBJ1-6*01,1
1545,CASRWDRFPVDSPIHF,TRBV7-8*03,None,TRBJ1-6*01,1
1546,CASRWDRFPVDSHPNF,TRBV7-8*03,None,TRBJ1-6*01,1
1547,CASRWDRFPVCSLLPF,TRBV5-4*04,None,TRBJ1-6*01,1
1548,CASRWDRFPSNSPLHF,TRBV7-8*03,None,TRBJ1-6*01,1
1549,CASRWDRFPLTSPLHF,TRBV7-8*03,None,TRBJ1-6*01,1
1550,CASRWDRFPLTSLVHF,TRBV5-4*02,None,TRBJ1-6*01,1
1551,CASRWDRFPLNSTLHF,TRBV7-8*03,None,TRBJ1-6*01,1
1552,CASRWDRFPLNSPPHF,TRBV7-8*03,None,TRBJ1-6*01,1
1553,CASRWDRFPLNSPLSF,TRBV7-8*03,None,TRBJ1-6*01,1
1554,CASRWDRFPLNSPLRF,TRBV7-8*03,None,TRBJ1-6*01,1
1555,CASRWDRFPLNSPLLF,TRBV7-8*03,None,TRBJ1-6*01,1
1556,CASRWDRFPLNSPLLF,TRBV11-3*03,None,TRBJ1-6*01,1
1557,CASRWDRFPLNSPLHF,TRBV7-9*04,None,TRBJ1-6*01,1
1558,CASRWDRFPLNSPLHF,TRBV7-8*03,None,TRBJ1-6*02,1
1559,CASRWDRFPLNSPLHF,TRBV7-8*01,None,TRBJ1-6*01,1
1560,CASRWDRFPLNSPLHF,TRBV11-3*03,None,TRBJ1-6*01,1
1561,CASRWDRFLVHSPIQF,TRBV11-2*03,None,TRBJ1-6*01,1
1562,CASRWDRFIVNSPLHF,TRBV7-4*01,None,TRBJ1-6*01,1
1563,CASRWDRFGVNSPLHF,TRBV7-8*03,None,TRBJ1-6*02,1
1564,CASRWDRFGVNSPLHF,TRBV7-8*03,None,TRBJ1-6*01,1
1565,CASRWDRCPVNSPLHF,TRBV7-1*01,None,TRBJ1-6*01,1
1566,CASRWDRCPVHSPLHF,TRBV7-8*03,None,TRBJ1-6*01,1
1567,CASRWDRCPVDSPLHF,TRBV7-3*04,None,TRBJ1-6*01,1
1568,CASRWDRCAVKSPLFF,TRBV7-8*03,None,TRBJ1-6*01,1
1569,CASRWDRAPVNSPLHF,TRBV7-7*02,None,TRBJ1-6*01,1
1570,CASRWDRAPLNSPLHF,TRBV7-8*03,None,TRBJ1-6*01,1
1571,CASRWDPTPVNSPLHF,TRBV7-8*03,None,TRBJ1-6*01,1
1572,CASRWDPSPVNSPLHF,TRBV7-8*03,None,TRBJ1-6*01,1
1573,CASRWDPLPVNSPLHF,TRBV7-8*03,None,TRBJ1-6*01,1
1574,CASRWDPIPVNSPLHF,TRBV7-8*03,None,TRBJ1-6*01,1
1575,CASRWDPFPVNSPLRF,TRBV7-8*03,None,TRBJ1-6*01,1
1576,CASRWDPFPVNSPLRF,TRBV7-3*04,None,TRBJ1-6*01,1
1577,CASRWDPFPVNSPLPF,TRBV7-9*04,None,TRBJ1-2*01,1
1578,CASRWDPFPVNSPLPF,TRBV7-8*03,None,TRBJ1-6*01,1
1579,CASRWDPFPVNSPLHF,TRBV7-8*01,None,TRBJ1-6*01,1
1580,CASRWDPFPVNSPLHF,TRBV7-1*01,None,TRBJ1-6*01,1
1581,CASRWDPFPVNSPFPF,TRBV7-4*01,None,TRBJ1-6*01,1
1582,CASRWDPFPVNSLLHF,TRBV7-8*03,None,TRBJ1-6*01,1
1583,CASRWDPFPVNSHLHF,TRBV7-8*03,None,TRBJ1-6*01,1
1584,CASRWDRCPVNSPLHF,TRBV7-4*01,None,TRBJ1-6*01,1
1585,CASRWDRCPVNSPLHF,TRBV7-8*01,None,TRBJ1-6*01,1
1586,CASRWDRCPVNSPLPF,TRBV7-8*03,None,TRBJ1-6*01,1
1587,CASRWDRFAVKSPLLF,TRBV7-8*03,None,TRBJ1-6*01,1
1588,CASRWDRFAVNSPLLF,TRBV7-1*01,None,TRBJ1-6*01,1
1589,CASRWDRFAVNSPLHF,TRBV7-8*01,None,TRBJ1-6*01,1
1590,CASRWDRFAVNSPLHF,TRBV5-5*03,None,TRBJ1-6*01,1
1591,CASRWDRFAVNSPLHF,TRBV11-3*03,None,TRBJ1-6*01,1
1592,CASRWDRFAVNSPLHF,TRBV11-2*01,None,TRBJ1-6*01,1
1593,CASRWDRFAVNSPHHF,TRBV7-8*03,None,TRBJ1-6*01,1
1594,CASRWDRFAVNSPHHF,TRBV11-2*02,None,TRBJ1-6*01,1
1595,CASRWDRFAVNRPLHF,TRBV7-2*04,None,TRBJ1-6*01,1
1596,CASRWDRFAVDSPLHF,TRBV7-8*03,None,TRBJ1-6*01,1
1597,CASRWDRCPVNSPLTF,TRBV3-1*01,None,TRBJ1-6*01,1
1598,CASRWDRCSVNSPLLF,TRBV7-1*01,None,TRBJ1-6*01,1
1599,CASRWDRCSVNSPLHF,TRBV7-8*03,None,TRBJ1-6*01,1
1600,CASRWDRCQVNSPHHF,TRBV7-6*02,None,TRBJ1-6*01,1
1601,CASRWDRCPVSVPLHF,TRBV7-8*03,None,TRBJ1-6*01,1
1602,CASRWDRCPVNSTLLF,TRBV7-8*03,None,TRBJ1-6*01,1
1603,CASRWDRCPVNSTHHF,TRBV7-3*05,None,TRBJ1-6*01,1
1604,CASRWDRCPVNSRLHF,TRBV7-8*03,None,TRBJ1-6*01,1
1605,CASRWDRCPVNSRHHF,TRBV7-8*03,None,TRBJ1-6*01,1
1606,CASRWDRFPVDSPLHF,TRBV7-4*01,None,TRBJ1-6*01,1
1607,CASRWDRFPVDSPLRF,TRBV7-8*03,None,TRBJ1-6*01,1
1608,CASRWDRFPVNSPLHF,TRBV25-1*01,None,TRBJ1-6*01,1
1609,CASRWDRFPVNSLLRF,TRBV7-8*03,None,TRBJ1-6*01,1
1610,CASRWDRFPVNSLLHF,TRBV7-8*03,None,TRBJ1-6*02,1
1611,CASRWDRFPVNSLLHF,TRBV7-3*03,None,TRBJ1-6*01,1
1612,CASRWDRFPVNSLLHF,TRBV11-2*03,None,TRBJ1-6*01,1
1613,CASRWDRFPVNSLIHF,TRBV7-8*03,None,TRBJ1-6*01,1
1614,CASRWDRFPVNSHVHF,TRBV7-8*03,None,TRBJ1-6*01,1
1615,CASRWDRFPVNSHPHF,TRBV7-8*03,None,TRBJ1-6*01,1
1616,CASRWDRFPVNSHLNF,TRBV7-8*03,None,TRBJ1-6*01,1
1617,CASRWDRFPVNSHLHF,TRBV7-9*04,None,TRBJ1-6*01,1
1618,CASRWDRFPVNSHLHF,TRBV7-8*02,None,TRBJ1-6*01,1
1619,CASRWDRFPVNSHLHF,TRBV7-3*03,None,TRBJ1-6*01,1
1620,CASRWDRFPVNSHLHF,TRBV7-3*01,None,TRBJ1-6*01,1
1621,CASRWDRFPVNSHLHF,TRBV11-2*02,None,TRBJ1-6*01,1
1622,CASRWDRFPVNSHLDF,TRBV7-8*03,None,TRBJ1-6*01,1
1623,CASRWDRFPVNSFLHF,TRBV7-8*03,None,TRBJ1-6*01,1
1624,CASRWDRFPVNSAYHF,TRBV7-8*03,None,TRBJ1-6*01,1
1625,CASRWDRFPVNSALYF,TRBV7-8*03,None,TRBJ1-6*01,1
1626,CASRWDRFPVNSALNF,TRBV7-8*03,None,TRBJ1-6*01,1
1627,CASRWDRFPVNSALHF,TRBV7-8*01,None,TRBJ1-6*01,1
1628,CASRWDRFPVNSALHF,TRBV7-3*05,None,TRBJ1-6*01,1
1629,CASRWDRFPVNSLLHF,TRBV7-9*04,None,TRBJ1-6*01,1
1630,CASRWDRFPVNSNLHF,TRBV7-8*03,None,TRBJ1-6*01,1
1631,CASRWDRFPVDSTLNF,TRBV7-3*05,None,TRBJ1-6*01,1
1632,CASRWDRFPVNSPFHF,TRBV11-3*03,None,TRBJ1-6*01,1
1633,CASRWDRFPVNSPLHF,TRBV2*02,None,TRBJ1-6*01,1
1634,CASRWDRFPVNSPLHF,TRBV19*03,None,TRBJ1-6*01,1
1635,CASRWDRFPVNSPLHF,TRBV14*02,None,TRBJ1-6*01,1
1636,CASRWDRFPVNSPLHF,TRBV11-3*02,None,TRBJ1-6*02,1
1637,CASRWDRFPVNSPLHF,TRBV11-2*03,None,TRBJ1-6*02,1
1638,CASRWDRFPVNSPLHF,TRBV11-2*03,None,TRBJ1-4*01,1
1639,CASRWDRFPVNSPLCF,TRBV7-2*01,None,TRBJ1-6*01,1
1640,CASRWDRFPVNSPISF,TRBV5-5*03,None,TRBJ1-6*01,1
1641,CASRWDRFPVNSPINF,TRBV7-3*05,None,TRBJ1-6*01,1
1642,CASRWDRFPVNSPIHF,TRBV7-8*03,None,TRBJ1-4*01,1
1643,CASRWDRFPVNSPIHF,TRBV11-3*03,None,TRBJ1-6*01,1
1644,CASRWDRFPVNSPHNF,TRBV7-8*03,None,TRBJ1-6*01,1
1645,CASRWDRFPVNSPHHF,TRBV11-3*03,None,TRBJ1-6*01,1
1646,CASRWDRFPVNSPHFF,TRBV7-8*03,None,TRBJ1-6*01,1
1647,CASRWDRFPVNSPHF,TRBV7-8*03,None,TRBJ1-6*01,1
1648,CASRWDRFPVNSPFPF,TRBV7-9*04,None,TRBJ1-6*01,1
1649,CASRWDRFPVNSPFPF,TRBV7-4*01,None,TRBJ1-6*01,1
1650,CASRWDRFPVNSPFNF,TRBV7-8*03,None,TRBJ1-2*01,1
1651,CASRWDRFPVNSPFLF,TRBV7-8*03,None,TRBJ1-6*01,1
1652,CASRWDRFPVNSAHHF,TRBV11-3*03,None,TRBJ1-6*01,1
1653,CASRWDRFPVNPPPHF,TRBV7-8*03,None,TRBJ1-6*01,1
1654,CASRWDRFPVNPPLRF,TRBV7-8*03,None,TRBJ1-6*01,1
1655,CASRWDRFPVNPPLHF,TRBV7-9*07,None,TRBJ1-6*01,1
1656,CASRWDRFPVKSPLHF,TRBV7-3*05,None,TRBJ1-6*01,1
1657,CASRWDRFPVKSPLHF,TRBV25-1*01,None,TRBJ1-6*01,1
1658,CASRWDRFPVKSPLHF,TRBV11-3*03,None,TRBJ1-6*01,1
1659,CASRWDRFPVKSPIHF,TRBV7-8*03,None,TRBJ1-6*01,1
1660,CASRWDRFPVKSHLHF,TRBV7-8*03,None,TRBJ1-6*01,1
1661,CASRWDRFPVKPPLHF,TRBV7-8*03,None,TRBJ1-6*01,1
1662,CASRWDRFPVKATLHF,TRBV7-8*03,None,TRBJ1-6*01,1
1663,CASRWDRFPVKAPRNF,TRBV7-8*03,None,TRBJ1-6*01,1
1664,CASRWDRFPVKAPLRF,TRBV7-8*03,None,TRBJ1-6*01,1
1665,CASRWDRFPVKAPLHF,TRBV7-8*03,None,TRBJ1-6*01,1
1666,CASRWDRFPVISPLRF,TRBV7-8*03,None,TRBJ1-6*01,1
1667,CASRWDRFPVISPLHF,TRBV11-3*03,None,TRBJ1-6*01,1
1668,CASRWDRFPVISHLHF,TRBV11-3*02,None,TRBJ1-6*01,1
1669,CASRWDRFPVHSPLHF,TRBV7-9*04,None,TRBJ1-6*01,1
1670,CASRWDRFPVHSPLHF,TRBV11-3*03,None,TRBJ1-6*01,1
1671,CASRWDRFPVHSPLHF,TRBV11-3*02,None,TRBJ1-6*01,1
1672,CASRWDRFPVHSPLHF,TRBV11-2*02,None,TRBJ1-6*01,1
1673,CASRWDRFPVHSLLHF,TRBV7-8*03,None,TRBJ1-6*01,1
1674,CASRWDRFPVHSALHF,TRBV10-1*02,None,TRBJ1-6*01,1
1675,CASRWDRFPVKSPLHF,TRBV7-8*03,None,TRBJ1-6*02,1
1676,CASRWDRFPVKSPLNF,TRBV7-8*03,None,TRBJ1-6*01,1
1677,CASRWDRFPVKSPLPF,TRBV5-8*02,None,TRBJ1-6*01,1
1678,CASRWDRFPVNLPLHF,TRBV7-9*04,None,TRBJ1-6*01,1
1679,CASRWDRFPVNPPLHF,TRBV7-8*03,None,TRBJ1-4*01,1
1680,CASRWDRFPVNPPLHF,TRBV7-8*01,None,TRBJ1-6*01,1
1681,CASRWDRFPVNPPLHF,TRBV7-1*01,None,TRBJ1-6*01,1
1682,CASRWDRFPVNPPLHF,TRBV11-3*02,None,TRBJ1-6*01,1
1683,CASRWDRFPVNPPLHF,TRBV11-2*03,None,TRBJ1-6*01,1
1684,CASRWDRFPVNPPHHF,TRBV7-8*03,None,TRBJ1-6*01,1
1685,CASRWDRFPVNLSLHF,TRBV7-8*03,None,TRBJ1-6*01,1
1686,CASRWDRFPVNLPPHF,TRBV7-8*03,None,TRBJ1-6*01,1
1687,CASRWDRFPVNLPLHF,TRBV7-8*02,None,TRBJ1-6*01,1
1688,CASRWDRFPVKSPPHF,TRBV7-8*03,None,TRBJ1-6*01,1
1689,CASRWDRFPVNLPLHF,TRBV7-6*02,None,TRBJ1-6*01,1
1690,CASRWDRFPVNLPLHF,TRBV7-1*01,None,TRBJ1-6*01,1
1691,CASRWDRFPVNAPRHF,TRBV7-8*03,None,TRBJ1-6*01,1
1692,CASRWDRFPVNAPLLF,TRBV7-3*01,None,TRBJ1-6*01,1
1693,CASRWDRFPVNAPHHF,TRBV7-8*03,None,TRBJ1-6*01,1
1694,CASRWDRFPVNAALHF,TRBV7-8*03,None,TRBJ1-6*01,1
1695,CASRWDRFPVLSPLHF,TRBV7-8*03,None,TRBJ1-6*01,1
1696,CASRWDRFPVKSTLHF,TRBV7-8*03,None,TRBJ1-6*01,1
1697,CYSRWDRFPVNSPLHF,TRBV7-8*03,None,TRBJ1-6*01,1
