,CDR3seq,V-region,D-region,J-region,Frequency
1,CASRWDRFPVNSPLHF,TRBV7-8*03,None,TRBJ1-6*01,138944
2,CVSRWDRFPVNSPLHF,TRBV7-8*03,None,TRBJ1-6*01,759
3,CASRWDRFPVNSPLHF,TRBV7-3*04,None,TRBJ1-6*01,434
4,CASRWGRFPVNSPLHF,TRBV7-8*03,None,TRBJ1-6*01,421
5,CASRWDRLPVNSPLHF,TRBV7-8*03,None,TRBJ1-6*01,410
6,CASRWDRFPVNPPLHF,TRBV7-8*03,None,TRBJ1-6*01,362
7,CASRWDRSPVNSPLHF,TRBV7-8*03,None,TRBJ1-6*01,343
8,CASRWDRFPVNSPPHF,TRBV7-8*03,None,TRBJ1-6*01,337
9,CASRCDRFPVNSPLHF,TRBV7-8*03,None,TRBJ1-6*01,316
10,CASRWDCFPVNSPLHF,TRBV7-8*03,None,TRBJ1-6*01,299
11,CASRWDRFPLNSPLHF,TRBV7-8*03,None,TRBJ1-6*01,296
12,CASGWDRFPVNSPLHF,TRBV7-8*03,None,TRBJ1-6*01,280
13,CASRWDRFPVNSPLHF,TRBV7-8*03,None,TRBJ1-6*02,271
14,CASRWYRFPVNSPLHF,TRBV7-8*03,None,TRBJ1-6*01,263
15,CASRRDRFPVNSPLHF,TRBV7-8*03,None,TRBJ1-6*01,259
16,CASRWDRFPVNSPLRF,TRBV7-8*03,None,TRBJ1-6*01,253
17,CASRWERFPVNSPLHF,TRBV7-8*03,None,TRBJ1-6*01,240
18,CASRWDRFPANSPLHF,TRBV7-8*03,None,TRBJ1-6*01,228
19,CASRWDRFPVDSPLHF,TRBV7-8*03,None,TRBJ1-6*01,218
20,CAGRWDRFPVNSPLHF,TRBV7-8*03,None,TRBJ1-6*01,210
21,CASRWDRFPVNSPLHF,TRBV7-3*05,None,TRBJ1-6*01,190
22,CASRWDRFPVNSHLHF,TRBV7-8*03,None,TRBJ1-6*01,178
23,CASRWDRFPVSSPLHF,TRBV7-8*03,None,TRBJ1-6*01,174
24,CASRWDRVPVNSPLHF,TRBV7-8*03,None,TRBJ1-6*01,172
25,CASRWDRFPINSPLHF,TRBV7-8*03,None,TRBJ1-6*01,170
26,CASRWDRFTVNSPLHF,TRBV7-8*03,None,TRBJ1-6*01,164
27,CASRWDRFPVNSPLNF,TRBV7-8*03,None,TRBJ1-6*01,163
28,CANRWDRFPVNSPLHF,TRBV7-8*03,None,TRBJ1-6*01,155
29,CASRWDRFPVNSLLHF,TRBV7-8*03,None,TRBJ1-6*01,147
30,CASRWNRFPVNSPLHF,TRBV7-8*03,None,TRBJ1-6*01,144
31,CTSRWDRFPVNSPLHF,TRBV7-2*03,None,TRBJ1-6*01,143
32,CASRWDRFPVNSPFHF,TRBV7-8*03,None,TRBJ1-6*01,136
33,CASRWDRFPVNSSLHF,TRBV7-8*03,None,TRBJ1-6*01,135
34,CASKWDRFPVNSPLHF,TRBV7-8*03,None,TRBJ1-6*01,134
35,CASRWDRFLVNSPLHF,TRBV7-8*03,None,TRBJ1-6*01,131
36,CDSRWDRFPVNSPLHF,TRBV7-8*03,None,TRBJ1-6*01,122
37,CSSRWDRFPVNSPLHF,TRBV7-8*03,None,TRBJ1-6*01,120
38,CASRWDRFPVNSPLHF,TRBV11-3*02,None,TRBJ1-6*01,119
39,CARRWDRFPVNSPLHF,TRBV7-8*03,None,TRBJ1-6*01,119
40,CASRWDRFPVNSPLYF,TRBV7-8*03,None,TRBJ1-6*01,114
41,CASRLDRFPVNSPLHF,TRBV7-8*03,None,TRBJ1-6*01,114
42,CASRWDRFPVNSPLHF,TRBV7-1*01,None,TRBJ1-6*01,114
43,CASRWDRFQVNSPLHF,TRBV7-8*03,None,TRBJ1-6*01,111
44,CASRWDRFSVNSPLHF,TRBV7-8*03,None,TRBJ1-6*01,109
45,CASRWDRFPVNSPLHF,TRBV7-8*02,None,TRBJ1-6*01,101
46,CASRWDRFPVNSPLHF,TRBV7-8*01,None,TRBJ1-6*01,100
47,CASRWDSFPVNSPLHF,TRBV7-8*03,None,TRBJ1-6*01,99
48,CASRWDRFPVNSPLHF,TRBV11-2*03,None,TRBJ1-6*01,96
49,CASRWDRFPVNSPHHF,TRBV7-8*03,None,TRBJ1-6*01,96
50,CASRWDRIPVNSPLHF,TRBV7-8*03,None,TRBJ1-6*01,95
51,CASRWDRFPVNLPLHF,TRBV7-8*03,None,TRBJ1-6*01,94
52,CASRWDRFPVNSPLHF,TRBV7-4*01,None,TRBJ1-6*01,93
53,CASRWHRFPVNSPLHF,TRBV7-8*03,None,TRBJ1-6*01,91
54,CASRWDRFPVNSPIHF,TRBV7-8*03,None,TRBJ1-6*01,90
55,CASRWDRFPVNSTLHF,TRBV7-8*03,None,TRBJ1-6*01,87
56,CASSWDRFPVNSPLHF,TRBV7-8*03,None,TRBJ1-6*01,85
57,CASRWDRFPVNSPLHF,TRBV11-2*02,None,TRBJ1-6*01,83
58,CASRWDHFPVNSPLHF,TRBV7-8*03,None,TRBJ1-6*01,83
59,CASRWARFPVNSPLHF,TRBV7-8*03,None,TRBJ1-6*01,73
60,CASRWDLFPVNSPLHF,TRBV7-8*03,None,TRBJ1-6*01,73
61,CGSRWDRFPVNSPLHF,TRBV7-8*03,None,TRBJ1-6*01,72
62,CASRWDRFPVNSPLHF,TRBV7-9*04,None,TRBJ1-6*01,72
63,CPSRWDRFPVNSPLHF,TRBV7-8*03,None,TRBJ1-6*01,70
64,CASRWVRFPVNSPLHF,TRBV7-8*03,None,TRBJ1-6*01,70
65,CAIRWDRFPVNSPLHF,TRBV7-8*03,None,TRBJ1-6*01,64
66,CASRWDRFPVKSPLHF,TRBV7-8*03,None,TRBJ1-6*01,63
67,CASRWDRFPVNSPLHF,TRBV11-3*03,None,TRBJ1-6*01,62
68,CASRWDRFPVNSPLPF,TRBV7-8*03,None,TRBJ1-6*01,60
69,CASIWDRFPVNSPLHF,TRBV7-8*03,None,TRBJ1-6*01,58
70,CASRSDRFPVNSPLHF,TRBV7-8*03,None,TRBJ1-6*01,57
71,CASRWDPFPVNSPLHF,TRBV7-8*03,None,TRBJ1-6*01,54
72,CASRWDRFAVNSPLHF,TRBV7-8*03,None,TRBJ1-6*01,52
73,CACRWDRFPVNSPLHF,TRBV7-8*03,None,TRBJ1-6*01,48
74,CASRWDRFRVNSPLHF,TRBV7-8*03,None,TRBJ1-6*01,48
75,CASRWDRFPVNSPRHF,TRBV7-8*03,None,TRBJ1-6*01,47
76,CASRWDRFPVNTPLHF,TRBV7-8*03,None,TRBJ1-6*01,47
77,CASRWDRFPVNSRLHF,TRBV7-8*03,None,TRBJ1-6*01,45
78,CASRWDRFPVNSPLHF,TRBV11-2*01,None,TRBJ1-6*01,45
79,CASRWDRFPVNSPLLF,TRBV7-8*03,None,TRBJ1-6*01,44
80,CASRWDRFPVNSPLQF,TRBV7-8*03,None,TRBJ1-6*01,43
81,CAWSGDYRNEQFF,TRBV30*04,None,TRBJ2-1*01,40
82,CASRWDRFPVNSPLHF,TRBV7-2*04,None,TRBJ1-6*01,40
83,CATRWDRFPVNSPLHF,TRBV7-8*03,None,TRBJ1-6*01,39
84,CASRWDRFPVTSPLHF,TRBV7-8*03,None,TRBJ1-6*01,37
85,CASRWDRFPVNSPLHF,TRBV7-2*01,None,TRBJ1-6*01,35
86,CASSFSTCSANYGYTF,TRBV12-4*02,None,TRBJ1-2*01,35
87,CASRWDRFPENSPLHF,TRBV7-8*03,None,TRBJ1-6*01,34
88,CASRWDRFPVNSPLHF,TRBV11-3*01,None,TRBJ1-6*01,33
89,CASRWDRFPVNSALHF,TRBV7-8*03,None,TRBJ1-6*01,32
90,CASRWDGFPVNSPLHF,TRBV7-8*03,None,TRBJ1-6*01,32
91,CASRGDRFPVNSPLHF,TRBV7-8*03,None,TRBJ1-6*01,32
92,CASRWDRFPVNSPLHF,TRBV7-2*02,None,TRBJ1-6*01,32
93,CASRWDRFPVHSPLHF,TRBV7-8*03,None,TRBJ1-6*01,31
94,CASRWDRFPVNAPLHF,TRBV7-8*03,None,TRBJ1-6*01,30
95,CASRWDRFPVNSPLHF,TRBV7-3*01,None,TRBJ1-6*01,26
96,CASRWDRCPVNSPLHF,TRBV7-8*03,None,TRBJ1-6*01,26
97,CASSTGSEQYF,TRBV6-6*03,None,TRBJ2-7*01,24
98,CASRWDRFPVNSPLHF,TRBV7-3*03,None,TRBJ1-6*01,24
99,CASRWDRFPVNSPLDF,TRBV7-8*03,None,TRBJ1-6*01,23
100,CASRWDRFPVYSPLHF,TRBV7-8*03,None,TRBJ1-6*01,21
101,CASRWDRFPGNSPLHF,TRBV7-8*03,None,TRBJ1-6*01,21
102,CASRWDRFPVISPLHF,TRBV7-8*03,None,TRBJ1-6*01,21
103,CASRWDRYPVNSPLHF,TRBV7-8*03,None,TRBJ1-6*01,17
104,CASSFSVGPTYEQYF,TRBV14*02,None,TRBJ2-7*01,17
105,CASRWDRFPVNSPLHF,TRBV28*01,None,TRBJ1-6*01,14
106,CASRWDRFPVNSPLHF,TRBV5-4*03,None,TRBJ1-6*01,14
107,CASTWDRFPVNSPLHF,TRBV7-8*03,None,TRBJ1-6*01,13
108,CASRWDRFPVNSPLHF,TRBV5-5*03,None,TRBJ1-6*01,13
109,CASRWDRFPVNSPLHF,TRBV7-9*07,None,TRBJ1-6*01,12
110,CASRWDRFPVNSPVHF,TRBV7-8*03,None,TRBJ1-6*01,11
111,CASRWDRFPVNSPLHF,TRBV11-1*01,None,TRBJ1-6*01,11
112,CASRWDRFPVNSPLHF,TRBV5-4*02,None,TRBJ1-6*01,9
113,CVSRCDRFPVNSPLHF,TRBV7-8*03,None,TRBJ1-6*01,9
114,CASRWDRFPVNSPLHF,TRBV5-4*04,None,TRBJ1-6*01,9
115,CATSRRQGETQYF,TRBV15*02,None,TRBJ2-5*01,8
116,CASSLDRVSQPQHF,TRBV11-2*01,None,TRBJ1-5*01,8
117,CASRWDRFPVNSPLHF,TRBV7-9*02,None,TRBJ1-6*01,8
118,CASRSLDRGRTDTQYF,TRBV12-4*02,None,TRBJ2-3*01,8
119,CASRWDRFPVNSPLHF,TRBV5-8*02,None,TRBJ1-6*01,8
120,CSAVAGFSYEQYF,TRBV20-1*02,None,TRBJ2-7*01,8
121,CASRCDRFPLNSPLHF,TRBV7-8*03,None,TRBJ1-6*01,8
122,CASSFPPRETQYF,TRBV19*03,None,TRBJ2-5*01,8
123,CASRWDRFPVNSPLHF,TRBV7-9*03,None,TRBJ1-6*01,7
124,CASRWDRFPVNSPLHF,TRBV5-7*01,None,TRBJ1-6*01,7
125,CSALMAGQAFF,TRBV20-1*02,None,TRBJ1-1*01,6
126,CASGWDRSPVNSPLHF,TRBV7-8*03,None,TRBJ1-6*01,6
127,CASRGDRFPVNSPLHF,TRBV7-8*03,None,TRBJ1-6*02,6
128,CASRWDRFPVNSPLHF,TRBV7-9*01,None,TRBJ1-6*01,6
129,CGRWDRFPVNSPLHF,TRBV7-8*03,None,TRBJ1-6*01,6
130,CASRWDRLPVNSPLHF,TRBV7-8*03,None,TRBJ1-6*02,6
131,CASSQGGAVSYEQFF,TRBV4-1*02,None,TRBJ2-1*01,5
132,CSALMAGQAFF,TRBV20-1*03,None,TRBJ1-1*01,5
133,CSAVAGFSYEQYF,TRBV20-1*06,None,TRBJ2-7*01,5
134,CASRWERLPVNSPLHF,TRBV7-8*03,None,TRBJ1-6*01,5
135,CASRWDRFPVNSPPRF,TRBV7-8*03,None,TRBJ1-6*01,5
136,CVSRWDRFPVNSPLHF,TRBV7-8*03,None,TRBJ1-6*02,5
137,CASRWDRFPVNSPLHF,TRBV4-3*03,None,TRBJ1-6*01,5
138,CASRWDRFPVNSHHHF,TRBV7-8*03,None,TRBJ1-6*01,4
139,CASRWDRFPVNSPLHF,TRBV5-5*02,None,TRBJ1-6*01,4
140,CSAVAGFSYEQYF,TRBV20-1*03,None,TRBJ2-7*01,4
141,CASRCDRLPVNSPLHF,TRBV7-8*03,None,TRBJ1-6*01,4
142,CASRWDRFTVNSHLHF,TRBV7-8*03,None,TRBJ1-6*01,4
143,CASRWDRFPVNSPLHF,TRBV4-3*02,None,TRBJ1-6*01,4
144,CASRWDRFPVNSLLHF,TRBV7-3*05,None,TRBJ1-6*01,4
145,CASRWDRSTVNSPLHF,TRBV7-8*03,None,TRBJ1-6*01,4
146,CASRCDSFPVNSPLHF,TRBV7-8*03,None,TRBJ1-6*01,4
147,CASRWDRVPENSPLHF,TRBV7-8*03,None,TRBJ1-6*01,4
148,CASRWDRFPVNSPLHF,TRBV7-8*03,None,TRBJ1-1*01,4
149,CASKPGTSVVDTQYF,TRBV12-4*02,TRBD2*01,TRBJ2-3*01,4
150,CASSLDRVSQPQHF,TRBV7-2*04,None,TRBJ1-5*01,4
151,CASRWDRFPVNSPLHF,TRBV4-3*04,None,TRBJ1-6*01,4
152,CASRWDRLPVNSPLHF,TRBV7-3*04,None,TRBJ1-6*01,4
153,CASRWDRIPVNSHLHF,TRBV7-8*03,None,TRBJ1-6*01,4
154,CASRWDSVPVNSPLHF,TRBV7-8*03,None,TRBJ1-6*01,4
155,CASRWKRFPVNSPLHF,TRBV7-8*03,None,TRBJ1-6*01,3
156,CASRWDRFPLNTPLHF,TRBV7-8*03,None,TRBJ1-6*01,3
157,CASRWERFPVNSPLHF,TRBV7-3*04,None,TRBJ1-6*01,3
158,CASRWDRFPVNSPLRF,TRBV7-8*01,None,TRBJ1-6*01,3
159,CPSRWDRFPVNSPLHF,TRBV7-3*04,None,TRBJ1-6*01,3
160,CVSRWDRFPVNSPLNF,TRBV7-8*03,None,TRBJ1-6*01,3
161,CASRWYRFPVNSPIHF,TRBV7-8*03,None,TRBJ1-6*01,3
162,CASRWDRVPVNSTLHF,TRBV7-8*03,None,TRBJ1-6*01,3
163,CASRWDRPPVNSPLHF,TRBV7-8*03,None,TRBJ1-6*01,3
164,CASRRTGSFYEAFF,TRBV6-6*05,None,TRBJ1-1*01,3
165,CASRWDRVPVNSPLYF,TRBV7-8*03,None,TRBJ1-6*01,3
166,CASRWDCLPVNSPLHF,TRBV7-8*03,None,TRBJ1-6*01,3
167,CASRWDRFPVNSPLNF,TRBV7-3*05,None,TRBJ1-6*01,3
168,CARRWARFPVNSPLHF,TRBV7-8*03,None,TRBJ1-6*01,3
169,CASRWERFTVNSPLHF,TRBV7-8*03,None,TRBJ1-6*01,3
170,CATSTGGVQPQHF,TRBV6-6*05,None,TRBJ1-5*01,3
171,CASIWDRFPVNSPLNF,TRBV7-8*03,None,TRBJ1-6*01,3
172,CASRWDRFPVNSPLNF,TRBV7-8*03,None,TRBJ1-6*02,3
173,CASRWDRVPVNSPLNF,TRBV7-8*03,None,TRBJ1-6*01,3
174,CATSTGGVQPQHF,TRBV6-6*04,None,TRBJ1-5*01,3
175,CASSWDRFPVNSTLHF,TRBV7-8*03,None,TRBJ1-6*01,3
176,CVSRWDRFPANSPLHF,TRBV7-8*03,None,TRBJ1-6*01,3
177,CASRWDRVPVNSHLHF,TRBV7-8*03,None,TRBJ1-6*01,3
178,CASRWDRFPVNSPLHF,TRBV7-8*03,None,TRBJ2-7*01,3
179,CASRRERFPVNSPLHF,TRBV7-8*03,None,TRBJ1-6*01,3
180,CASRGDCFPVNSPLHF,TRBV7-8*03,None,TRBJ1-6*01,3
181,CASRWNRFPVNSPLHF,TRBV11-2*03,None,TRBJ1-6*01,3
182,CASRWDRVPVKSPLHF,TRBV7-8*03,None,TRBJ1-6*01,3
183,CASKPGTSVVDTQYF,TRBV12-4*02,TRBD2*02,TRBJ2-3*01,3
184,CASRWDPIPVNSPLHF,TRBV7-8*03,None,TRBJ1-6*01,3
185,CVSRWDRFPVNSPLRF,TRBV7-8*03,None,TRBJ1-6*01,3
186,CASRWDRFPVNSPLHF,TRBV23-1*01,None,TRBJ1-6*01,3
187,CASRWGRFPVNSPPHF,TRBV7-8*03,None,TRBJ1-6*01,3
188,CASSWDRFPVNSPLNF,TRBV7-8*03,None,TRBJ1-6*01,3
189,CVNRWDRFPVNSPLHF,TRBV7-8*03,None,TRBJ1-6*01,3
190,CASSWDRVPVNSPLHF,TRBV7-8*03,None,TRBJ1-6*01,3
191,CASRWDRFPSHDAKCLPNSPLHF,TRBV7-8*03,None,TRBJ1-6*01,3
192,CASRWDRFPVNSPLHF,TRBV5-6*01,None,TRBJ1-6*01,3
193,CASRWERFPVNSHLHF,TRBV7-8*03,None,TRBJ1-6*01,3
194,CARRWGRFPVNSPLHF,TRBV7-8*03,None,TRBJ1-6*01,3
195,CASSQDRRTTDTQYF,TRBV4-2*01,None,TRBJ2-3*01,3
196,CASRWDRVPVNSPLHF,TRBV7-3*04,None,TRBJ1-6*01,3
197,CASRLYRFPVNSPLHF,TRBV7-8*03,None,TRBJ1-6*01,3
198,CASRSGRFPVNSPLHF,TRBV7-8*03,None,TRBJ1-6*01,3
199,CASRWDSIPVNSPLHF,TRBV7-8*03,None,TRBJ1-6*01,2
200,CASRWERFPINSPLHF,TRBV7-8*03,None,TRBJ1-6*01,2
201,CASRWDRFPVKSPRHF,TRBV7-8*03,None,TRBJ1-6*01,2
202,CASSWARFPVNSPLHF,TRBV7-8*03,None,TRBJ1-6*01,2
203,CASSWDCFPVNSPLHF,TRBV7-8*03,None,TRBJ1-6*01,2
204,CVSRWDRIPVNSPLHF,TRBV7-8*03,None,TRBJ1-6*01,2
205,CATSTGGVQPQHF,TRBV6-6*03,TRBD1*01,TRBJ1-5*01,2
206,CATSTGGVQPQHF,TRBV6-6*05,TRBD1*01,TRBJ1-5*01,2
207,CASRWARFPVNSPLPF,TRBV7-8*03,None,TRBJ1-6*01,2
208,CASRWYRFPVNSPLHF,TRBV7-1*01,None,TRBJ1-6*01,2
209,CASRWDRFPVNSPLFF,TRBV7-8*03,None,TRBJ1-6*01,2
210,CASRWDSFPVNSPLNF,TRBV7-8*03,None,TRBJ1-6*01,2
211,CASRWDRFPVKSPLHF,TRBV7-3*05,None,TRBJ1-6*01,2
212,CASSQDRRTTDTQYF,TRBV5-4*02,None,TRBJ2-3*01,2
213,CASRWERFPVNSPLHF,TRBV7-8*03,None,TRBJ1-6*02,2
214,CASRWDRVPVNSPLHF,TRBV7-1*01,None,TRBJ1-6*01,2
215,CASRWDRFPVNSPLHF,TRBV19*02,None,TRBJ1-6*01,2
216,CASRWDRFPVNAPLNF,TRBV7-8*03,None,TRBJ1-6*01,2
217,CASRWDRFPVISPLHF,TRBV7-3*05,None,TRBJ1-6*01,2
218,CAWSGDYRNEQFF,TRBV30*01,None,TRBJ2-1*01,2
219,CASRFSTCSANYGYTF,TRBV12-4*02,None,TRBJ1-2*01,2
220,CASRWDRFTVDSPLHF,TRBV7-8*03,None,TRBJ1-6*01,2
221,CASRRYRFPVNSPLHF,TRBV7-8*03,None,TRBJ1-6*01,2
222,CAWSGDYRHEQFF,TRBV30*04,None,TRBJ2-1*01,2
223,CASRCDRVPVNSPLNF,TRBV7-8*03,None,TRBJ1-6*01,2
224,CASRWDRFPVNSPLHF,TRBV4-1*02,None,TRBJ1-6*01,2
225,CASSQDRRTTDTQYF,TRBV5-4*04,None,TRBJ2-3*01,2
226,CASRWDRFSLNSPLHF,TRBV7-8*03,None,TRBJ1-6*01,2
227,CASRWERFPVNSPLNF,TRBV7-8*03,None,TRBJ1-6*01,2
228,CASRWDRFTVKSPLHF,TRBV7-8*03,None,TRBJ1-6*01,2
229,CAGRRDRFPVNSPLHF,TRBV7-8*03,None,TRBJ1-6*01,2
230,CASRWDRFPLNSPLHF,TRBV7-1*01,None,TRBJ1-6*01,2
231,CASRCDRSPVNSPLHF,TRBV7-8*03,None,TRBJ1-6*01,2
232,CASSITMTGPEQFF,TRBV27*01,None,TRBJ2-1*01,2
233,CASSRDRFPVNSPLHF,TRBV7-8*03,None,TRBJ1-6*01,2
234,CASRWARFPVNSPLHF,TRBV7-2*01,None,TRBJ1-6*01,2
235,CASSWDRFPVTSPLHF,TRBV7-8*03,None,TRBJ1-6*01,2
236,CASRGARFPVNSPLHF,TRBV7-8*03,None,TRBJ1-6*01,2
237,CVSRWDRLPVNSPLHF,TRBV7-8*03,None,TRBJ1-6*01,2
238,CASRWDRIPVNSLLHF,TRBV7-8*03,None,TRBJ1-6*01,2
239,CASSWDRFPVNSPLHF,TRBV7-8*03,None,TRBJ1-6*02,2
240,CASRWDRFPVNSPLHF,TRBV5-4*01,None,TRBJ1-6*01,2
241,CASSWDRFPVNSPLLF,TRBV7-8*03,None,TRBJ1-6*01,2
242,CASRWDRFPLYSPLHF,TRBV7-8*03,None,TRBJ1-6*01,2
243,CASRWDRIPVHSPLHF,TRBV7-8*03,None,TRBJ1-6*01,2
244,CASRWDRFPVNPRLHF,TRBV7-8*03,None,TRBJ1-6*01,2
245,CASRWDRFPVNSHLPF,TRBV7-8*03,None,TRBJ1-6*01,2
246,CASRLDRFPVNSPLHF,TRBV7-3*04,None,TRBJ1-6*01,2
247,CASRLDRFPVNSPLHF,TRBV7-8*02,None,TRBJ1-6*01,2
248,CASSWDRFPVNSPLPF,TRBV7-8*03,None,TRBJ1-6*01,2
249,CASRWERFPVNPPLHF,TRBV7-8*03,None,TRBJ1-6*01,2
250,CASRWDRFPVNLPLNF,TRBV7-8*03,None,TRBJ1-6*01,2
251,CAGRWERFPVNSPLHF,TRBV7-8*03,None,TRBJ1-6*01,2
252,CASRWDCFPVNLPLHF,TRBV7-8*03,None,TRBJ1-6*01,2
253,CASRWDRFPVNSHLHF,TRBV7-1*01,None,TRBJ1-6*01,2
254,CASRRDRFPVNPPLHF,TRBV7-8*03,None,TRBJ1-6*01,2
255,CASSWDRFPVNSPLRF,TRBV7-8*03,None,TRBJ1-6*01,2
256,CASRRDRCPVNSPLHF,TRBV7-8*03,None,TRBJ1-6*01,2
257,CASRWDSCPVNSPLHF,TRBV7-8*03,None,TRBJ1-6*01,2
258,CASRWDSFPVKSPLHF,TRBV7-8*03,None,TRBJ1-6*01,2
259,CASRLGRFPVNSPLHF,TRBV7-8*03,None,TRBJ1-6*01,2
260,CASRWDSFPANSPLHF,TRBV7-8*03,None,TRBJ1-6*01,2
261,CASRWYRVPVNSPLHF,TRBV7-8*03,None,TRBJ1-6*01,2
262,CASRWDRFPVNSPFHF,TRBV11-2*03,None,TRBJ1-6*01,2
263,CASRWYRFPVNSPLPF,TRBV7-8*03,None,TRBJ1-6*01,2
264,CASRWDRFPVNSPFHF,TRBV7-3*04,None,TRBJ1-6*01,2
265,CASRWDRFQENSPLHF,TRBV7-8*03,None,TRBJ1-6*01,2
266,CASRWERFPLNSPLHF,TRBV7-8*03,None,TRBJ1-6*01,2
267,CASSWDRFPLNSPLHF,TRBV7-8*03,None,TRBJ1-6*01,2
268,CASRWDRVPVNSPLHF,TRBV7-8*03,None,TRBJ1-6*02,2
269,CASRWDRFPVNSPIYF,TRBV7-8*03,None,TRBJ1-6*01,2
270,CASRWDRFPVNSPIRF,TRBV7-8*03,None,TRBJ1-6*01,2
271,CASRWDRVPVNSPLLF,TRBV7-8*03,None,TRBJ1-6*01,2
272,CASRWDRFPVNSPIHF,TRBV7-8*03,None,TRBJ1-6*02,2
273,CASRWDRFPVNPLLHF,TRBV7-8*03,None,TRBJ1-6*01,2
274,CASRWDCVPVNSPLHF,TRBV7-8*03,None,TRBJ1-6*01,2
275,CASRGDRFPVNSHLHF,TRBV7-8*03,None,TRBJ1-6*01,2
276,CASRWDRFTINSPLHF,TRBV7-8*03,None,TRBJ1-6*01,2
277,CASRWDSFPVNSPLHF,TRBV7-3*05,None,TRBJ1-6*01,2
278,CASRWDRFPVNPPLHF,TRBV7-3*04,None,TRBJ1-6*01,2
279,CASSWDRFPVNSPFHF,TRBV7-8*03,None,TRBJ1-6*01,2
280,CATRWDRFPVNSPLHF,TRBV7-3*04,None,TRBJ1-6*01,2
281,CASRGDRVPVNSPLHF,TRBV7-8*03,None,TRBJ1-6*01,2
282,CASRWDRFSVNSPLHF,TRBV7-3*04,None,TRBJ1-6*01,2
283,CASRWERFPVNSPLHF,TRBV7-8*01,None,TRBJ1-6*01,2
284,CASRWDRFPVNPPLNF,TRBV7-8*03,None,TRBJ1-6*01,2
285,CASRWERFPVNSPLHF,TRBV7-3*05,None,TRBJ1-6*01,2
286,CASRWDRVPVNSRLHF,TRBV7-8*03,None,TRBJ1-6*01,2
287,CASRWDRFPVHSPLHF,TRBV7-3*04,None,TRBJ1-6*01,2
288,CASRGNRFPVNSPLHF,TRBV7-8*03,None,TRBJ1-6*01,2
289,CASRWDRVRVNSPLHF,TRBV7-8*03,None,TRBJ1-6*01,2
290,CAIRWDRFPVDSPLHF,TRBV7-8*03,None,TRBJ1-6*01,2
291,CASRCDRIPVNSPLHF,TRBV7-8*03,None,TRBJ1-6*01,2
292,CASRWDLFPVNSPLNF,TRBV7-8*03,None,TRBJ1-6*01,2
293,CASRWGRFPVNSHLHF,TRBV7-8*03,None,TRBJ1-6*01,2
294,CASRWGRFPINSPLHF,TRBV7-8*03,None,TRBJ1-6*01,2
295,CARRWDRVPVNSPLHF,TRBV7-8*03,None,TRBJ1-6*01,2
296,CVRRWDRFPVNSPLHF,TRBV7-8*03,None,TRBJ1-6*01,2
297,CASRWDRFPVNSPRHF,TRBV7-3*04,None,TRBJ1-6*01,2
298,CASRWDPFPVNSPLNF,TRBV7-8*03,None,TRBJ1-6*01,2
299,CASRWDRIQVNSPLHF,TRBV7-8*03,None,TRBJ1-6*01,2
300,CDSRWARFPVNSPLHF,TRBV7-8*03,None,TRBJ1-6*01,2
301,CARWDRFPVNSPLHF,TRBV7-8*03,None,TRBJ1-6*01,2
302,CASGCDRFPVNSPLHF,TRBV7-8*03,None,TRBJ1-6*01,2
303,CASGERGATETQYF,TRBV10-2*01,None,TRBJ2-5*01,2
304,CASRWDPFPVNSPLHF,TRBV7-8*03,None,TRBJ1-6*02,2
305,CASRWDRFQVNSPLNF,TRBV7-8*03,None,TRBJ1-6*01,2
306,CASRWERVPVNSPLHF,TRBV7-8*03,None,TRBJ1-6*01,2
307,CASGWDRFPVNPPLHF,TRBV7-8*03,None,TRBJ1-6*01,2
308,CPSRWHRFPVNSPLHF,TRBV7-8*03,None,TRBJ1-6*01,2
309,CASRWDRFQVTSPLHF,TRBV7-8*03,None,TRBJ1-6*01,2
310,CASGWDRFTVNSPLHF,TRBV7-8*03,None,TRBJ1-6*01,2
311,CASGWDRLPVNSPLHF,TRBV7-8*03,None,TRBJ1-6*01,2
312,CASRWDRFTVNSPIHF,TRBV7-8*03,None,TRBJ1-6*01,2
313,CASGWGRFPVNSPLHF,TRBV7-8*03,None,TRBJ1-6*01,2
314,CASRWDRFPVNSPLRF,TRBV7-1*01,None,TRBJ1-6*01,2
315,CAISETPWQEAQSTDTQYF,TRBV10-3*01,None,TRBJ2-3*01,2
316,CARRWDRFTVNSPLHF,TRBV7-8*03,None,TRBJ1-6*01,2
317,CSSRWARFPVNSPLHF,TRBV7-8*03,None,TRBJ1-6*01,2
318,CASRWDRIRVNSPLHF,TRBV7-8*03,None,TRBJ1-6*01,2
319,CARRWDLFPVNSPLHF,TRBV7-8*03,None,TRBJ1-6*01,2
320,CANRWDRFPVNSPLHF,TRBV7-3*04,None,TRBJ1-6*01,2
321,CASRWDRLPVISPLHF,TRBV7-8*03,None,TRBJ1-6*01,2
322,CASRWDRFLVNSPHHF,TRBV7-8*03,None,TRBJ1-6*01,2
323,CASRWDRLPVNSPHHF,TRBV7-8*03,None,TRBJ1-6*01,2
324,CACRRDRFPVNSPLHF,TRBV7-8*03,None,TRBJ1-6*01,2
325,CARRRDRFPVNSPLHF,TRBV7-8*03,None,TRBJ1-6*01,2
326,CASRWGRFPVNSPLRF,TRBV7-8*03,None,TRBJ1-6*01,2
327,CASRWDRLPVNSPLHF,TRBV7-8*02,None,TRBJ1-6*01,2
328,CSSRWERFPVNSPLHF,TRBV7-8*03,None,TRBJ1-6*01,2
329,CTSRWGRFPVNSPLHF,TRBV7-2*03,None,TRBJ1-6*01,2
330,CASRWDRFPVSSPIHF,TRBV7-8*03,None,TRBJ1-6*01,2
331,CARRWDRFRVNSPLHF,TRBV7-8*03,None,TRBJ1-6*01,2
332,CASRWDRFPANSPLHF,TRBV7-3*05,None,TRBJ1-6*01,2
333,CARRWDRFPVNAPLHF,TRBV7-8*03,None,TRBJ1-6*01,2
334,CASRWNRFPVNSPLHF,TRBV7-3*04,None,TRBJ1-6*01,2
335,CASRWNRFPVNSPLHF,TRBV7-3*05,None,TRBJ1-6*01,2
336,CARRWDRFPVNSPLHF,TRBV5-3*01,None,TRBJ1-6*01,2
337,CASRWNRFPVNSPLHF,TRBV7-8*03,None,TRBJ1-6*02,2
338,CSSRWDRFPLNSPLHF,TRBV7-8*03,None,TRBJ1-6*01,2
339,CARRWDRFPVNSPLYF,TRBV7-8*03,None,TRBJ1-6*01,2
340,CASRWDRSAVNSPLHF,TRBV7-8*03,None,TRBJ1-6*01,2
341,CASRWDRFPEKSPLHF,TRBV7-8*03,None,TRBJ1-6*01,2
342,CASRWDRVPINSPLHF,TRBV7-8*03,None,TRBJ1-6*01,2
343,CVSGWDRFPVNSPLHF,TRBV7-8*03,None,TRBJ1-6*01,2
344,CASRWDRFPVNSPLPF,TRBV7-1*01,None,TRBJ1-6*01,2
345,CASRCDRFPVNSPLHF,TRBV7-2*01,None,TRBJ1-6*01,2
346,CASRWDRFPVNSPLHF,TRBV7-3*04,None,TRBJ1-6*02,2
347,CVSRWDHFPVNSPLHF,TRBV7-8*03,None,TRBJ1-6*01,2
348,CASKWDRVPVNSPLHF,TRBV7-8*03,None,TRBJ1-6*01,2
349,CASRWDHFPINSPLHF,TRBV7-8*03,None,TRBJ1-6*01,2
350,CASRWDRFPVNSPLNF,TRBV7-2*04,None,TRBJ1-6*01,2
351,CASIWYRFPVNSPLHF,TRBV7-8*03,None,TRBJ1-6*01,2
352,CASRWDIVPVNSPLHF,TRBV7-8*03,None,TRBJ1-6*01,2
353,CVSRWDRFLVNSPLHF,TRBV7-8*03,None,TRBJ1-6*01,2
354,CASRWDRIPVNSPLPF,TRBV7-8*03,None,TRBJ1-6*01,2
355,CASRWDRFPVKSPHHF,TRBV7-8*03,None,TRBJ1-6*01,2
356,CDSRWDRFPVNSPLLF,TRBV7-8*03,None,TRBJ1-6*01,2
357,CASRWDRIPVNSPLNF,TRBV7-8*03,None,TRBJ1-6*01,2
358,CASRWYRFPLNSPLHF,TRBV7-8*03,None,TRBJ1-6*01,2
359,CASRCDPFPVNSPLHF,TRBV7-8*03,None,TRBJ1-6*01,2
360,CASRWDRFPVNSPLHF,TRBV9*03,None,TRBJ1-6*01,2
361,CDSRWDRFTVNSPLHF,TRBV7-8*03,None,TRBJ1-6*01,2
362,CDSRWDRFPVNSPLHF,TRBV7-3*04,None,TRBJ1-6*01,2
363,CASRWYRCPVNSPLHF,TRBV7-8*03,None,TRBJ1-6*01,2
364,CASRWDRVPVNSPLHF,TRBV11-3*02,None,TRBJ1-6*01,2
365,CVSRWDRFPVNSLLHF,TRBV7-8*03,None,TRBJ1-6*01,2
366,CDSRWDRFPVDSPLHF,TRBV7-8*03,None,TRBJ1-6*01,2
367,CDSRWERFPVNSPLHF,TRBV7-8*03,None,TRBJ1-6*01,2
368,CASRCDRFPVNSPLRF,TRBV7-8*03,None,TRBJ1-6*01,2
369,CASRCARFPVNSPLHF,TRBV7-8*03,None,TRBJ1-6*01,2
370,CASRWDRIPVNSPLYF,TRBV7-8*03,None,TRBJ1-6*01,2
371,CAIRWDRFPLNSPLHF,TRBV7-8*03,None,TRBJ1-6*01,2
372,CASRWDRFPVNSPLHF,TRBV7-4*01,None,TRBJ1-6*02,2
373,CASRWDRFPVNSPLNF,TRBV7-8*01,None,TRBJ1-6*01,2
374,CASIWDRSPVNSPLHF,TRBV7-8*03,None,TRBJ1-6*01,2
375,CAGKWDRFPVNSPLHF,TRBV7-8*03,None,TRBJ1-6*01,2
376,CVSRWDRFPLNSPLHF,TRBV7-8*03,None,TRBJ1-6*01,2
377,CASRWERFPVTSPLHF,TRBV7-8*03,None,TRBJ1-6*01,2
378,CASRWGRFPVNSPLHF,TRBV7-3*05,None,TRBJ1-6*01,1
379,CASRWGRFPVNSPLHF,TRBV7-1*01,None,TRBJ1-6*01,1
380,CASRWDRIPANSPLHF,TRBV7-8*03,None,TRBJ1-6*01,1
381,CASRWDRIAVNSPLHF,TRBV7-8*03,None,TRBJ1-6*01,1
382,CASRWGRFPVNSPLHF,TRBV5-7*01,None,TRBJ1-6*01,1
383,CASRWERFPVDSPLHF,TRBV7-8*03,None,TRBJ1-6*01,1
384,CASRWGRFPVNSPLHF,TRBV7-8*01,None,TRBJ1-6*01,1
385,CASRWERFPVNSPPHF,TRBV7-8*03,None,TRBJ1-6*01,1
386,CASRWERFPVHSPLHF,TRBV7-9*04,None,TRBJ1-6*01,1
387,CASRWGRFPVNSPLHF,TRBV7-8*02,None,TRBJ1-6*01,1
388,CASRWDRGPVNSPLFF,TRBV7-8*03,None,TRBJ1-6*02,1
389,CASRWERFPANSPLHF,TRBV7-8*03,None,TRBJ1-6*01,1
390,CASRWERFPGNSPLHF,TRBV7-8*03,None,TRBJ1-6*01,1
391,CASRWERFPVNSPLQF,TRBV7-8*03,None,TRBJ1-6*01,1
392,CASRWERCPVNATLQF,TRBV7-8*03,None,TRBJ1-6*01,1
393,CASRWERCPVNSPLHF,TRBV7-8*01,None,TRBJ1-6*01,1
394,CASRWGSFQVNSPLHF,TRBV7-8*03,None,TRBJ1-6*01,1
395,CASRWERCPVNSPLHF,TRBV7-8*03,None,TRBJ1-6*01,1
396,CASRWERCPVNSPLQF,TRBV7-3*04,None,TRBJ1-6*01,1
397,CASRWERFAVNSPLRF,TRBV7-8*03,None,TRBJ1-6*02,1
398,CASRWGRVPVNSPLHF,TRBV7-8*03,None,TRBJ1-6*01,1
399,CASRWERFLVNSPLHF,TRBV7-8*03,None,TRBJ1-6*01,1
400,CASRWGRLAVNAPLHF,TRBV11-3*03,None,TRBJ1-6*01,1
401,CASRWGRFPVTSPLHF,TRBV7-8*03,None,TRBJ1-6*01,1
402,CASRWGRFPVSSPLHF,TRBV7-8*03,None,TRBJ1-6*01,1
403,CASRWGRFPVNSTLHF,TRBV7-8*03,None,TRBJ1-6*01,1
404,CASRWGRFPVNSTLHF,TRBV5-5*03,None,TRBJ1-6*01,1
405,CASRWERFLVTSPLHF,TRBV11-3*02,None,TRBJ1-6*01,1
406,CASRWGRFPVNSRPHF,TRBV7-8*03,None,TRBJ1-6*01,1
407,CASRWERFPVNSPLTF,TRBV7-8*01,None,TRBJ1-6*01,1
408,CASRWGRFPVNSRLHF,TRBV7-8*03,None,TRBJ1-6*01,1
409,CASRWDRGPVNSPLFF,TRBV7-3*04,None,TRBJ1-6*01,1
410,CASRWGRFPVNSPLYF,TRBV7-8*03,None,TRBJ1-6*01,1
411,CASRWERFPVNSPLYF,TRBV7-8*03,None,TRBJ1-6*01,1
412,CASRWGRFPVNSPLPF,TRBV7-8*03,None,TRBJ1-6*01,1
413,CASRWERFPENSPLHF,TRBV7-8*03,None,TRBJ1-6*01,1
414,CASRWGRFPVNSPLHF,TRBV7-8*03,None,TRBJ1-6*02,1
415,CASRWGRFPVNSPLHF,TRBV11-2*03,None,TRBJ1-6*01,1
416,CASRWGRFPVNSPHHF,TRBV7-9*04,None,TRBJ1-6*01,1
417,CASRWGRFPVNSPLHF,TRBV11-2*01,None,TRBJ1-6*01,1
418,CASRWERFPVNSTLHF,TRBV7-8*03,None,TRBJ1-6*01,1
419,CASRWESFPANSPLHF,TRBV7-8*03,None,TRBJ1-6*01,1
420,CASRWDRIPVDSPLHF,TRBV7-8*03,None,TRBJ1-6*01,1
421,CASRWDRIPLNSPLHF,TRBV7-8*03,None,TRBJ1-6*01,1
422,CASRWERFPVNSPLHF,TRBV5-4*02,None,TRBJ1-6*01,1
423,CASRWERFPVNSPLHF,TRBV5-5*03,None,TRBJ1-6*01,1
424,CASRWERFPVNSPLHF,TRBV5-7*01,None,TRBJ1-6*01,1
425,CASRWERYSVNSPLYF,TRBV11-2*02,None,TRBJ1-6*01,1
426,CASRWERFPVNSPLHF,TRBV7-3*01,None,TRBJ1-2*01,1
427,CASRWERVPVNSPLNF,TRBV7-8*03,None,TRBJ1-6*01,1
428,CASRWERFPVSSPLHF,TRBV7-8*03,None,TRBJ1-6*01,1
429,CASRWERVPVNSLLHF,TRBV7-8*03,None,TRBJ1-6*01,1
430,CASRWERSPVKSPLHF,TRBV7-8*03,None,TRBJ1-6*01,1
431,CASRWERLRATSPLHF,TRBV7-8*03,None,TRBJ1-6*01,1
432,CASRWERFQVNSPLHF,TRBV7-8*03,None,TRBJ1-6*01,1
433,CASRWERFPVNSPLHF,TRBV7-8*03,None,TRBJ1-2*01,1
434,CASRWERFRVTSPLHF,TRBV7-8*03,None,TRBJ1-6*01,1
435,CASRWERLPVNSPLRF,TRBV7-8*03,None,TRBJ1-6*01,1
436,CASRWERFSVNSPLHF,TRBV7-8*03,None,TRBJ1-6*01,1
437,CASRWERLPVNSHLHF,TRBV7-8*03,None,TRBJ1-6*01,1
438,CASRWERLPVNLPLHF,TRBV7-8*03,None,TRBJ1-6*01,1
439,CASRWERIPVNSPLHF,TRBV7-3*04,None,TRBJ1-6*01,1
440,CASRWERIPVNSPFHF,TRBV7-2*02,None,TRBJ1-6*01,1
441,CASRWDRIPVHSLLHF,TRBV7-8*03,None,TRBJ1-6*01,1
442,CASRWERFPVNSPLHF,TRBV11-3*03,None,TRBJ1-6*01,1
443,CASRWERFPVNSPLHF,TRBV11-2*01,None,TRBJ1-6*01,1
444,CASRWERFPVKSPLHF,TRBV7-8*03,None,TRBJ1-6*01,1
445,CASRWERFPVNSPLDF,TRBV7-8*03,None,TRBJ1-6*01,1
446,CASRWERFPVNAPLHF,TRBV11-1*01,None,TRBJ1-6*01,1
447,CASRWGRFPVNSPLDF,TRBV7-8*03,None,TRBJ1-6*01,1
448,CASRWERFPVNAPLHF,TRBV7-8*03,None,TRBJ1-6*01,1
449,CASRWERFPVNEPLHF,TRBV7-8*03,None,TRBJ1-6*01,1
450,CASRWERFPVNSRLHF,TRBV11-2*02,None,TRBJ1-6*01,1
451,CASRWGRFPVNPPLHF,TRBV7-8*03,None,TRBJ1-6*01,1
452,CASRWGRFPVDSPLHF,TRBV7-8*03,None,TRBJ1-6*01,1
453,CASRWERFPVNSALHF,TRBV7-8*03,None,TRBJ1-6*01,1
454,CASRWERFPVNSHLHF,TRBV11-3*03,None,TRBJ1-6*01,1
455,CASRWGRFPENSTLHF,TRBV7-8*03,None,TRBJ1-6*01,1
456,CASRWGRFPENSPHHF,TRBV7-8*03,None,TRBJ1-6*02,1
457,CASRWDRIPQNSPLQF,TRBV7-3*05,None,TRBJ1-6*01,1
458,CASRWGRFPEDSPLHF,TRBV7-8*03,None,TRBJ1-6*01,1
459,CASRWGRFLVNSPIHF,TRBV7-8*01,None,TRBJ1-6*01,1
460,CASRWGRCPVNSPLRF,TRBV7-8*03,None,TRBJ1-6*01,1
461,CASRWGPVPVNSPLHF,TRBV7-8*03,None,TRBJ1-6*01,1
462,CASRWERFPVNSPFHF,TRBV7-8*03,None,TRBJ1-6*01,1
463,CASRWGCFPVNSPLHF,TRBV7-8*03,None,TRBJ1-6*01,1
464,CASRWESFPVNSPLHF,TRBV7-8*03,None,TRBJ1-6*01,1
465,CASRWERFPVNSPHHF,TRBV11-2*02,None,TRBJ1-6*01,1
466,CASRWERFPVNSRLHF,TRBV7-8*03,None,TRBJ1-6*01,1
467,CASRWERFPVNSSLHF,TRBV7-8*03,None,TRBJ1-6*01,1
468,CASRWERFPVNSTLHF,TRBV5-4*03,None,TRBJ1-6*01,1
469,CASRWDRLPVHSPLHF,TRBV7-8*03,None,TRBJ1-6*01,1
470,CASRWDRVPVTSPLHF,TRBV7-8*03,None,TRBJ1-6*01,1
471,CASRWEQFPVNSPLHF,TRBV7-8*03,None,TRBJ1-6*01,1
472,CASRWDRSPVNSPLHF,TRBV11-2*01,None,TRBJ1-6*01,1
473,CASRWDRSPVNSPRHF,TRBV7-8*03,None,TRBJ1-6*01,1
474,CASRWDRSPVNSPPHF,TRBV7-8*03,None,TRBJ1-6*01,1
475,CASRWDRSPVNSPLRF,TRBV7-8*03,None,TRBJ1-6*01,1
476,CASRWDRSPVNSPLNF,TRBV11-3*02,None,TRBJ1-6*01,1
477,CASRWDRSPVNSPLHF,TRBV7-8*03,None,TRBJ1-1*01,1
478,CASRWDRSPVNSPLHF,TRBV5-5*02,None,TRBJ1-6*01,1
479,CASRWDRSPVNSPLHF,TRBV11-2*03,None,TRBJ1-6*01,1
480,CASRWDRSPVNSPIHF,TRBV7-8*03,None,TRBJ1-6*02,1
481,CASRWDRSPVNSTLHF,TRBV7-8*03,None,TRBJ1-6*01,1
482,CASRWDRSPVNSPHHF,TRBV7-8*03,None,TRBJ1-6*02,1
483,CASRWDRSPVNSPHHF,TRBV7-8*03,None,TRBJ1-6*01,1
484,CASRWDRSPVNSGHHF,TRBV7-8*03,None,TRBJ1-6*01,1
485,CASRWDRSPVNPPLHF,TRBV7-8*03,None,TRBJ1-6*01,1
486,CASRWDRSPVNLPLHF,TRBV7-8*03,None,TRBJ1-6*01,1
487,CASRWDRSPVKSPLHF,TRBV7-8*03,None,TRBJ1-6*01,1
488,CASRWDRSPVISPLHF,TRBV5-5*03,None,TRBJ1-6*01,1
489,CASRWDRSPVNSRLHF,TRBV7-8*03,None,TRBJ1-6*01,1
490,CASRWDRSPVNTPLHF,TRBV7-8*03,None,TRBJ1-6*01,1
491,CASRWDRSPLNSPLHF,TRBV7-8*03,None,TRBJ1-6*01,1
492,CASRWDRVPINSPLHF,TRBV7-4*01,None,TRBJ1-6*01,1
493,CASRWDRVPVNAPLYF,TRBV7-8*03,None,TRBJ1-6*01,1
494,CASRWDRIPVNSSLHF,TRBV7-8*03,None,TRBJ1-6*01,1
495,CASRWDRIPVNTPLHF,TRBV11-2*02,None,TRBJ1-6*01,1
496,CASRWDRVPVNAHLHF,TRBV7-8*03,None,TRBJ1-6*02,1
497,CASRWDRVPVKSPLRF,TRBV7-8*03,None,TRBJ1-6*01,1
498,CASRWDRVPVISSLPF,TRBV7-8*03,None,TRBJ1-6*01,1
499,CASRWDRVPLNSPLHF,TRBV7-3*05,None,TRBJ1-6*01,1
500,CASRWDRVPGNSPLHF,TRBV7-8*03,None,TRBJ1-6*01,1
501,CASRWDRSPVSSPLHF,TRBV7-8*03,None,TRBJ1-6*01,1
502,CASRWDRVPGNAPLHF,TRBV11-2*02,None,TRBJ1-6*01,1
503,CASRWDRVPANSPLHF,TRBV7-8*03,None,TRBJ1-6*01,1
504,CASRWDRVLVNSPLHF,TRBV7-8*03,None,TRBJ1-6*01,1
505,CASRWDRVLLNSPLHF,TRBV11-2*01,None,TRBJ1-6*01,1
506,CASRWDRVAVNSPLHF,TRBV7-8*03,None,TRBJ1-6*01,1
507,CASRWDRTPVNSPLHF,TRBV7-8*03,None,TRBJ1-6*01,1
508,CASRWDRIPVTSPLHF,TRBV11-3*01,None,TRBJ1-6*01,1
509,CASRWDRSPVDSLLRF,TRBV7-9*03,None,TRBJ1-6*01,1
510,CASRWDRSPINSPLHF,TRBV7-8*03,None,TRBJ1-6*02,1
511,CASRWDRVPVNSPHHF,TRBV7-3*04,None,TRBJ1-6*01,1
512,CASRWDRLPVNSPLHF,TRBV11-2*02,None,TRBJ1-6*01,1
513,CASRWDRLPVNSPLHF,TRBV7-8*03,None,TRBJ1-1*01,1
514,CASRWDRLPVNSPLHF,TRBV7-4*01,None,TRBJ1-6*01,1
515,CASRWDRLPVNSPLHF,TRBV7-3*05,None,TRBJ1-6*01,1
516,CASRWDRLPVNSPLHF,TRBV7-2*04,None,TRBJ1-6*01,1
517,CASRWDRLPVNSPLHF,TRBV7-1*01,None,TRBJ1-6*01,1
518,CASRWDRLPVNSPLHF,TRBV5-7*01,None,TRBJ1-6*01,1
519,CASRWDRLPVNSPLHF,TRBV11-3*02,None,TRBJ1-6*01,1
520,CASRWDRLPVNSPINF,TRBV11-3*01,None,TRBJ1-6*01,1
521,CASRWDRLPVNSPLLF,TRBV7-8*03,None,TRBJ1-6*01,1
522,CASRWDRLPVNSPIHF,TRBV7-8*03,None,TRBJ1-6*01,1
523,CASRWDRLPVNSPFHF,TRBV7-8*03,None,TRBJ1-6*01,1
524,CASRWDRLPVNSHLHF,TRBV7-8*03,None,TRBJ1-6*01,1
525,CASRWDRLPVNAPLHF,TRBV7-8*03,None,TRBJ1-6*01,1
526,CASRWDRLPVKSPLHF,TRBV7-8*03,None,TRBJ1-6*01,1
527,CASRWDRLPVHPPLHF,TRBV9*01,None,TRBJ1-6*01,1
528,CASRWDRLPVKSPHHF,TRBV7-2*01,None,TRBJ1-6*01,1
529,CASRWDRLPVDSPLHF,TRBV7-8*03,None,TRBJ1-6*01,1
530,CASRWDRLPVNSPLQF,TRBV7-8*03,None,TRBJ1-6*01,1
531,CASRWDRSPENSPLHF,TRBV7-3*01,None,TRBJ1-6*01,1
532,CASRWDRLRVNLRLHF,TRBV7-8*03,None,TRBJ1-6*02,1
533,CASRWDRSPANSPLHF,TRBV7-8*03,None,TRBJ1-6*01,1
534,CASRWDRRPVNSPLHF,TRBV7-8*03,None,TRBJ1-6*01,1
535,CASRWDRLTVNFAPHF,TRBV7-8*03,None,TRBJ1-6*01,1
536,CASRWDRISVNSPLHF,TRBV7-7*02,None,TRBJ1-6*01,1
537,CASRWDRLSVNSPLHF,TRBV7-8*03,None,TRBJ1-6*01,1
538,CASRWDRLPGNSPLHF,TRBV7-8*03,None,TRBJ1-6*01,1
539,CASRWDRLRVNSPLHF,TRBV7-8*03,None,TRBJ1-6*01,1
540,CASRWDRLPVTSPLHF,TRBV7-8*03,None,TRBJ1-6*01,1
541,CASRWDRLPVNSPLRF,TRBV7-8*03,None,TRBJ1-6*01,1
542,CASRWDRLPVSSPLHF,TRBV7-8*03,None,TRBJ1-6*01,1
543,CASRWDRLPINSPLHF,TRBV7-8*03,None,TRBJ1-6*01,1
544,CASRWDRLPVQSPLHF,TRBV7-8*03,None,TRBJ1-6*01,1
545,CASRWDRLPLNSPLHF,TRBV7-8*03,None,TRBJ1-6*01,1
546,CASRWDRLPVNSTLYF,TRBV7-3*01,None,TRBJ1-6*01,1
547,CASRWDRLPVNSRLHF,TRBV7-8*03,None,TRBJ1-6*01,1
548,CASRWDRLPVNSPLYF,TRBV7-4*01,None,TRBJ1-6*01,1
549,CASRWDRVPVNLPLHF,TRBV7-8*03,None,TRBJ1-6*01,1
550,CASRWDRVPVNSPHHF,TRBV7-8*03,None,TRBJ1-6*01,1
551,CASRWEPFPVNSPLNF,TRBV7-8*03,None,TRBJ1-6*02,1
552,CASRWDSFPVNSHLHF,TRBV7-8*03,None,TRBJ1-6*01,1
553,CASRWDSFPVNSPLHF,TRBV7-9*04,None,TRBJ1-6*01,1
554,CASRWDSFPVNSPLHF,TRBV11-2*03,None,TRBJ1-6*01,1
555,CASRWDSFPVNSPIHF,TRBV7-3*04,None,TRBJ1-6*01,1
556,CASRWDRIPVNLPLLF,TRBV7-8*01,None,TRBJ1-6*01,1
557,CASRWDSFPVNSPFHF,TRBV7-8*03,None,TRBJ1-2*01,1
558,CASRWDSFPVNSLLPF,TRBV11-2*02,None,TRBJ1-6*01,1
559,CASRWDSFPVNSHLQF,TRBV7-8*03,None,TRBJ1-6*02,1
560,CASRWDSFPVNSALHF,TRBV7-8*03,None,TRBJ1-6*01,1
561,CASRWDSFPVNSPLNF,TRBV11-3*02,None,TRBJ1-6*01,1
562,CASRWDSFPVNPPLHF,TRBV7-8*03,None,TRBJ1-6*01,1
563,CASRWDSFPVNLPLHF,TRBV7-8*03,None,TRBJ1-6*01,1
564,CASRWDSFPLNSPLHF,TRBV7-8*03,None,TRBJ1-6*01,1
565,CASRWDSFPINSPLHF,TRBV7-8*03,None,TRBJ1-6*01,1
566,CASRWDSFPGNSPLNF,TRBV7-8*01,None,TRBJ1-6*01,1
567,CASRWDSFLVNSPLHF,TRBV7-8*03,None,TRBJ1-6*01,1
568,CASRWDRYPVNSPLHF,TRBV7-8*02,None,TRBJ1-6*01,1
569,CASRWDSFPVNSPLLF,TRBV7-8*03,None,TRBJ1-6*01,1
570,CASRWDSFPVNSPLQF,TRBV7-8*03,None,TRBJ1-6*01,1
571,CASRWDRYPVNSPLHF,TRBV7-2*01,None,TRBJ1-6*01,1
572,CASRWDSMPVNSPLHF,TRBV5-4*02,None,TRBJ1-6*01,1
573,CASRWEPFPVNSPLHF,TRBV7-8*03,None,TRBJ1-6*01,1
574,CASRWELFLVTSPLHF,TRBV7-8*03,None,TRBJ1-6*01,1
575,CASRWEHFPVNSPLHF,TRBV7-3*05,None,TRBJ1-6*01,1
576,CASRWEHFPVNSPLHF,TRBV5-5*02,None,TRBJ1-6*01,1
577,CASRWECFPVNSPLHF,TRBV7-8*03,None,TRBJ1-6*01,1
578,CASRWDSVPVTSPLHF,TRBV7-8*03,None,TRBJ1-6*01,1
579,CASRWDSSPVNSPFHF,TRBV7-8*03,None,TRBJ1-6*01,1
580,CASRWDSLPVNSPLNF,TRBV7-8*03,None,TRBJ1-6*01,1
581,CASRWDRIPVKSPLHF,TRBV7-8*03,None,TRBJ1-6*01,1
582,CASRWDSLPLNSPLHF,TRBV7-8*03,None,TRBJ1-6*01,1
583,CASRWDSFTVNSPLQF,TRBV7-8*03,None,TRBJ1-6*01,1
584,CASRWDSFQVTSPLHF,TRBV7-8*03,None,TRBJ1-6*01,1
585,CASRWDSFQVNSPLHF,TRBV7-8*03,None,TRBJ1-6*01,1
586,CASRWDSFPVNSTLHF,TRBV7-8*03,None,TRBJ1-6*01,1
587,CASRWDSFPVNSRLHF,TRBV7-8*03,None,TRBJ1-6*01,1
588,CASRWDSFPVNSPQHF,TRBV7-8*03,None,TRBJ1-6*01,1
589,CASRWDRYPVNSPLHF,TRBV7-3*05,None,TRBJ1-6*01,1
590,CASRWDRYPVNSPFPF,TRBV7-4*01,None,TRBJ1-6*01,1
591,CASRWDRVPVNSPHHF,TRBV7-8*03,None,TRBJ1-6*02,1
592,CASRWDRVPVNSPLHF,TRBV5-4*04,None,TRBJ1-6*01,1
593,CASRWDRIPVNSPLHF,TRBV4-2*01,None,TRBJ1-6*01,1
594,CASRWDRIPVNSPLHF,TRBV5-4*01,None,TRBJ1-6*01,1
595,CASRWDRVPVNSPLHF,TRBV7-4*01,None,TRBJ1-6*01,1
596,CASRWDRVPVNSPLHF,TRBV7-3*05,None,TRBJ1-6*01,1
597,CASRWDRVPVNSPLHF,TRBV7-1*01,None,TRBJ1-6*02,1
598,CASRWDRVPVNSPLHF,TRBV5-5*03,None,TRBJ1-6*01,1
599,CASRWDRIPVNSPLHF,TRBV7-3*05,None,TRBJ1-6*01,1
600,CASRWDRVPVNSPLHF,TRBV5-4*03,None,TRBJ1-6*01,1
601,CASRWGSIPVNSPLHF,TRBV7-8*03,None,TRBJ1-6*01,1
602,CASRWDRIPVNSPLHF,TRBV7-8*03,None,TRBJ1-6*02,1
603,CASRWDRVPVNSPLHF,TRBV11-2*03,None,TRBJ1-6*01,1
604,CASRWDRVPVNSPLFF,TRBV11-3*02,None,TRBJ1-6*01,1
605,CASRWDRIPVNSPLPF,TRBV7-8*03,None,TRBJ1-6*02,1
606,CASRWDRVPVNSPLDF,TRBV7-8*03,None,TRBJ1-6*01,1
607,CASRWDRVPVNSPIHF,TRBV7-8*03,None,TRBJ1-6*01,1
608,CASRWDRVPVNSPHPF,TRBV7-8*03,None,TRBJ1-6*01,1
609,CASRWDRIPVNSPLHF,TRBV11-2*03,None,TRBJ1-6*01,1
610,CASRWDRVPVNSPLHF,TRBV7-8*01,None,TRBJ1-6*01,1
611,CASRWDRYPLNSPLHF,TRBV7-8*03,None,TRBJ1-6*01,1
612,CASRWDRVQVTSPLHF,TRBV7-3*01,None,TRBJ1-6*01,1
613,CASRWDRYPGNSPFHF,TRBV7-8*03,None,TRBJ1-6*01,1
614,CASRWDRYAVNSPLHF,TRBV7-8*03,None,TRBJ1-6*01,1
615,CASRWDRVVVNSPLHF,TRBV7-8*03,None,TRBJ1-6*01,1
616,CASRWDRVTVNSPLHF,TRBV7-8*03,None,TRBJ1-6*01,1
617,CASRWDRVTVNSHHHF,TRBV7-8*03,None,TRBJ1-6*01,1
618,CASRWDRVSVNSPLHF,TRBV7-8*03,None,TRBJ1-6*01,1
619,CASRWDRIPVNSPFHF,TRBV7-3*04,None,TRBJ1-6*01,1
620,CASRWDRVQVNSPLHF,TRBV7-8*03,None,TRBJ1-6*01,1
621,CASRWDRIPVNSPFHF,TRBV7-8*03,None,TRBJ1-6*01,1
622,CASRWDRVQVNSLLHF,TRBV7-8*03,None,TRBJ1-6*01,1
623,CASRWDRVPVNSRHHF,TRBV7-8*03,None,TRBJ1-6*02,1
624,CASRWDRVPVNSPVHF,TRBV7-8*03,None,TRBJ1-6*01,1
625,CASRWDRVPVNSPPHF,TRBV7-8*03,None,TRBJ1-6*01,1
626,CASRWDRVPVNSPLYF,TRBV5-4*02,None,TRBJ1-6*01,1
627,CASRWDRVPVNSPLPF,TRBV7-8*03,None,TRBJ1-6*01,1
628,CASRWDRVPVNSPLNF,TRBV5-8*02,None,TRBJ1-6*01,1
629,CACRCDRFPVNSPLHF,TRBV7-8*03,None,TRBJ1-6*01,1
630,CASRWYRFPVDSPLHF,TRBV7-8*03,None,TRBJ1-6*01,1
631,CASRWHLFPVNSPLYF,TRBV7-8*03,None,TRBJ1-6*01,1
632,CGSRWDRSTVNSPLRF,TRBV7-8*03,None,TRBJ1-6*01,1
633,CPSRRDRFQVNSPLHF,TRBV7-8*03,None,TRBJ1-6*01,1
634,CPSRCDRLPVNAPLHF,TRBV7-8*01,None,TRBJ1-6*01,1
635,CPSRCDRFPVNSPLHF,TRBV7-8*03,None,TRBJ1-6*01,1
636,CPSRCDRFPVNSPLHF,TRBV7-3*05,None,TRBJ1-6*02,1
637,CPSRCDLFPVNSPLHF,TRBV7-8*03,None,TRBJ1-6*01,1
638,CPSAWDRFPVNSPLRF,TRBV7-8*03,None,TRBJ1-6*01,1
639,CPRRWDRFPVNSPLHF,TRBV7-8*01,None,TRBJ1-6*01,1
640,CPRGCDRFPANSPLHF,TRBV4-3*04,None,TRBJ1-6*01,1
641,CHSRWDRFPVNSPLYF,TRBV7-3*05,None,TRBJ1-6*01,1
642,CGTRWDRFTVNSPLHF,TRBV7-8*03,None,TRBJ1-6*01,1
643,CGSRWERFPVNSPFHF,TRBV11-2*03,None,TRBJ1-6*01,1
644,CGSRWDRSPVNSPLHF,TRBV7-8*03,None,TRBJ1-6*01,1
645,CPSRWDPFPVNSPLHF,TRBV7-8*03,None,TRBJ1-6*01,1
646,CGSRWDRLPVNSRLHF,TRBV7-8*03,None,TRBJ1-6*01,1
647,CGSRWDRFQVNSPLHF,TRBV7-8*03,None,TRBJ1-6*01,1
648,CGSRWDRFPVNSRLHF,TRBV7-8*03,None,TRBJ1-6*01,1
649,CGSRWDRFPVNSPFHF,TRBV7-8*03,None,TRBJ1-6*01,1
650,CGSRWDRFPVNSHLHF,TRBV7-8*03,None,TRBJ1-6*01,1
651,CGSRWDRFPVKSHLHF,TRBV7-8*03,None,TRBJ1-6*01,1
652,CGSRWDRFPVDSPLHF,TRBV7-8*03,None,TRBJ1-6*01,1
653,CGSRWDRFPLNSPLHF,TRBV7-3*01,None,TRBJ1-6*01,1
654,CGSRWDRFPGNSPLHF,TRBV7-8*03,None,TRBJ1-6*01,1
655,CGSRWDRFLVNSPLHF,TRBV28*01,None,TRBJ1-6*01,1
656,CGSRWDRCPVNSHLHF,TRBV7-8*03,None,TRBJ1-6*01,1
657,CPSRWDCFPVNSPLHF,TRBV7-8*03,None,TRBJ1-6*01,1
658,CPSRWDRFPANSPLHF,TRBV7-8*03,None,TRBJ1-6*01,1
659,CGSRWDGLPVNAPLYF,TRBV11-3*02,None,TRBJ1-6*01,1
660,CRSRWDRFPVDSPLHF,TRBV7-8*03,None,TRBJ1-6*01,1
661,CSGRWDRFPVNSPLHF,TRBV7-8*03,None,TRBJ1-6*01,1
662,CSCRWDRFPVNSPLHF,TRBV7-8*03,None,TRBJ1-6*01,1
663,CSAVVGFSYEQYF,TRBV20-1*02,None,TRBJ2-7*01,1
664,CSAVAGISYEQYF,TRBV20-1*02,None,TRBJ2-7*01,1
665,CSAVAGFSYEQYF,TRBV20-1*02,None,TRBJ1-2*01,1
666,CSAVAGFSYDQYF,TRBV20-1*03,None,TRBJ2-7*01,1
667,CSASDWQGSYNEQFF,TRBV20-1*05,None,TRBJ2-1*01,1
668,CSALMAGQAFF,TRBV20-1*06,None,TRBJ1-1*01,1
669,CSAGTETSSLIYEQYF,TRBV20-1*06,None,TRBJ2-7*01,1
670,CSAGAGFCSEQYF,TRBV20-1*03,None,TRBJ2-7*01,1
671,CRSRWDRFPVNSPLHF,TRBV7-2*01,None,TRBJ1-6*01,1
672,CRSRWDRFPINSPLHF,TRBV7-8*03,None,TRBJ1-6*01,1
673,CPSRWDRFPVDSPLHF,TRBV7-8*03,None,TRBJ1-6*01,1
674,CQKEGRSGEEKLFF,TRBV5-3*02,None,TRBJ1-4*01,1
675,CPSSWDRFPVNSHLHF,TRBV7-8*03,None,TRBJ1-6*01,1
676,CPSRWYRFPVNSPLHF,TRBV7-8*03,None,TRBJ1-6*01,1
677,CPSRWNRFPVNSALHF,TRBV7-8*03,None,TRBJ1-6*01,1
678,CPSRWGRFPVNSPIHF,TRBV7-8*03,None,TRBJ1-6*01,1
679,CPSRWERFPVNSHLHF,TRBV7-8*03,None,TRBJ2-7*01,1
680,CPSRWDRFPVNSPLHF,TRBV7-8*01,None,TRBJ1-6*01,1
681,CPSRWDRFPVNSPLHF,TRBV5-4*02,None,TRBJ1-6*01,1
682,CPSRWDRFPVNSPLHF,TRBV11-2*03,None,TRBJ1-6*01,1
683,CPSRWDRFPVNSPHHF,TRBV7-9*02,None,TRBJ1-6*01,1
684,CPSRWDRFPVNSHLHF,TRBV7-8*03,None,TRBJ1-6*01,1
685,CGSRWDLFLVNSPLHF,TRBV7-8*03,None,TRBJ1-6*01,1
686,CGSRWDCFPVNSPLLF,TRBV7-8*03,None,TRBJ1-6*01,1
687,CSRRWDRFPVNSPLHF,TRBV7-8*03,None,TRBJ1-6*01,1
688,CDCRWDRFPVNSPLHF,TRBV7-8*03,None,TRBJ1-6*01,1
689,CDSRWDRFPVNSPLHF,TRBV11-3*03,None,TRBJ1-6*01,1
690,CDSRWDRFPVNSHLHF,TRBV7-8*03,None,TRBJ1-6*01,1
691,CDSRGDRFPVNSPLHF,TRBV7-8*03,None,TRBJ1-6*01,1
692,CDSRCDSFPLNSPHHF,TRBV7-8*03,None,TRBJ1-6*01,1
693,CDSRCDRFPVNSPLHF,TRBV7-8*03,None,TRBJ1-6*01,1
694,CDSNPRSSVVDTQYF,TRBV12-4*02,None,TRBJ2-3*01,1
695,CDSIWDCFPVNPPLHF,TRBV7-8*03,None,TRBJ1-6*01,1
696,CDRRWDRFPVNSPLHF,TRBV7-8*03,None,TRBJ1-6*01,1
697,CDRRGLRFQVTSHLHF,TRBV7-8*03,None,TRBJ1-6*01,1
698,CDNRWDRSPVNSPLHF,TRBV7-8*03,None,TRBJ1-6*01,1
699,CDNRWDRFPVNSPLHF,TRBV7-8*03,None,TRBJ1-6*01,1
700,CCAVAGFSYEKYF,TRBV20-1*03,None,TRBJ2-7*01,1
701,CDSRWDRFPVNSPLHF,TRBV7-8*01,None,TRBJ1-6*01,1
702,CAWSVDYRNEQFF,TRBV30*01,None,TRBJ2-1*01,1
703,CAWSSDYRNEEFF,TRBV30*04,None,TRBJ2-1*01,1
704,CAWSGYDRNEQFF,TRBV30*02,None,TRBJ2-1*01,1
705,CAWSGNYRNEQFF,TRBV30*04,None,TRBJ2-1*01,1
706,CAWSGDYMNEQFF,TRBV30*04,None,TRBJ2-1*01,1
707,CAWSGAFRNAQFF,TRBV30*04,None,TRBJ2-1*01,1
708,CAWRAHYRNEQFF,TRBV30*05,None,TRBJ2-1*01,1
709,CAWCGDYRNEQFF,TRBV30*02,None,TRBJ2-1*01,1
710,CAVLLIQGGQKLIF,TRBV7-3*05,None,TRBJ1-1*01,1
711,CAVILIQGAQKLVF,TRBV2*02,None,TRBJ1-1*01,1
712,CATTWDRSPVNSPLHF,TRBV7-8*03,None,TRBJ1-6*01,1
713,CDSRWDRFPVNSPLHF,TRBV5-5*03,None,TRBJ1-6*01,1
714,CDSRWDRFPVNSPLNF,TRBV7-8*03,None,TRBJ1-6*01,1
715,CGSRSDRFPVNSPLHF,TRBV7-8*03,None,TRBJ1-6*01,1
716,CDSRWYRFPVNSPLHF,TRBV7-8*03,None,TRBJ1-6*01,1
717,CGSRRECFPVNSPLHF,TRBV7-3*01,None,TRBJ1-6*01,1
718,CGSRRDRVPVNSPLHF,TRBV11-1*01,None,TRBJ1-6*01,1
719,CGSRRDRFPLSSPLHF,TRBV7-8*03,None,TRBJ1-6*01,1
720,CGSRGHRFPVNSPLHF,TRBV7-8*03,None,TRBJ1-6*01,1
721,CGSRCYRFPVNSPLYF,TRBV7-8*03,None,TRBJ1-6*01,1
722,CGSRCDRFPVNSPLHF,TRBV7-8*03,None,TRBJ1-6*01,1
723,CGSIWDRLPVNSPLHF,TRBV11-1*01,None,TRBJ1-6*01,1
724,CGRRRDRFPVSSPLHF,TRBV7-8*03,None,TRBJ1-6*01,1
725,CGRRCVCFPGNSPLHF,TRBV7-8*03,None,TRBJ1-6*01,1
726,CESRWDRFPVNSPLHF,TRBV7-8*03,None,TRBJ1-6*01,1
727,CDSSWDRFPVNSLLHF,TRBV7-8*03,None,TRBJ1-6*01,1
728,CDSRWTRCPENSPLHF,TRBV11-2*03,None,TRBJ1-6*01,1
729,CDSRWDRFPVNSPLQF,TRBV7-8*03,None,TRBJ1-6*01,1
730,CDSRWECFPVNSHLHF,TRBV7-8*03,None,TRBJ1-6*01,1
731,CDSRWDSFPVNSPLHF,TRBV7-8*03,None,TRBJ1-6*01,1
732,CDSRWDSFPVNSHLHF,TRBV7-8*03,None,TRBJ1-6*01,1
733,CDSRWDSFLVNSPLHF,TRBV7-8*03,None,TRBJ1-6*01,1
734,CDSRWDSCPVDSPLYF,TRBV7-8*03,None,TRBJ1-6*01,1
735,CDSRWDRYPVNSPLHF,TRBV7-8*03,None,TRBJ1-6*01,1
736,CDSRWDRVPVNSPLHF,TRBV7-8*03,None,TRBJ1-6*01,1
737,CDSRWDRSPVNSPLHF,TRBV7-8*03,None,TRBJ1-6*01,1
738,CDSRWDRLPVNSPLHF,TRBV7-8*03,None,TRBJ1-6*01,1
739,CDSRWDRFPVNSPVHF,TRBV7-8*03,None,TRBJ1-6*01,1
740,CDSRWDRFPVNSPLRF,TRBV11-2*02,None,TRBJ1-6*01,1
741,CSNRWDRFPVNSPLHF,TRBV7-8*03,None,TRBJ1-6*01,1
742,CSRRWDRFRVNSPLHF,TRBV7-8*03,None,TRBJ1-6*01,1
743,CATSTGSEQSF,TRBV6-6*04,None,TRBJ2-7*01,1
744,CVSIWDRFPVNSPLHF,TRBV7-8*03,None,TRBJ1-6*01,1
745,CVSRWDRFPVNSPLHF,TRBV11-3*01,None,TRBJ1-6*01,1
746,CVSRWDRFPVNSPLDF,TRBV7-8*03,None,TRBJ1-6*01,1
747,CVSRWDRFPVNSPFHF,TRBV7-8*03,None,TRBJ1-6*01,1
748,CVSRWDRFPVNPPLHF,TRBV7-8*03,None,TRBJ1-6*01,1
749,CVSRWDRFPINSPLHF,TRBV7-8*03,None,TRBJ1-6*01,1
750,CVSRWDPFPVNSPLHF,TRBV7-8*03,None,TRBJ1-6*01,1
751,CVSRWDGFRVNSPLHF,TRBV7-8*03,None,TRBJ1-6*01,1
752,CVSRWDGFPVNSPLHF,TRBV7-8*03,None,TRBJ1-6*01,1
753,CVSRWARFPVNSHLHF,TRBV7-8*03,None,TRBJ1-6*01,1
754,CVSRRDRFPVHSPLHF,TRBV7-8*03,None,TRBJ1-6*01,1
755,CVSRLDRFPVNSPLHF,TRBV7-8*03,None,TRBJ1-6*01,1
756,CVRRWGRFPVNSPLHF,TRBV5-8*02,None,TRBJ1-6*01,1
757,CVSRWDRFPVNSPLHF,TRBV28*01,None,TRBJ1-6*01,1
758,CVCRWGRFTVNSPLHF,TRBV7-8*03,None,TRBJ1-6*01,1
759,CTTRFGRCPVNSRHDF,TRBV7-2*03,None,TRBJ1-6*01,1
760,CTSSFPPRETQYF,TRBV19*03,None,TRBJ2-5*01,1
761,CTSRWYRFPVNSPLHF,TRBV7-2*03,None,TRBJ1-6*01,1
762,CTSRWVRFPVNSPLHF,TRBV7-2*03,None,TRBJ1-6*01,1
763,CTSRWNSFPVSTPLHF,TRBV7-2*03,None,TRBJ1-6*01,1
764,CTSRWHRFPSIPPLHF,TRBV7-2*03,None,TRBJ1-6*01,1
765,CTSRWERFPVNSLQHF,TRBV7-2*03,None,TRBJ1-6*01,1
766,CTSRWDRFTVNSPLHF,TRBV7-2*03,None,TRBJ1-6*01,1
767,CTSRWDRFPVNSPLQF,TRBV7-2*03,None,TRBJ1-6*01,1
768,CTSRWDRFPVNSPLPF,TRBV7-2*03,None,TRBJ1-6*01,1
769,CVSRWDRFPVNSPLHF,TRBV11-3*02,None,TRBJ1-6*01,1
770,CVSRWDRFPVNSPLHF,TRBV7-1*01,None,TRBJ1-6*01,1
771,CTSRWDRFPVNSLLHF,TRBV7-2*03,None,TRBJ1-6*01,1
772,CVSRWDRVPVNSPLYF,TRBV7-8*03,None,TRBJ1-6*01,1
773,CYSRWDRFLVNSPINF,TRBV7-8*03,None,TRBJ1-6*01,1
774,CYSRCGRVPVSSPLYF,TRBV7-8*03,None,TRBJ1-6*01,1
775,CVSSWDRVPVNSPLHF,TRBV7-8*02,None,TRBJ1-6*01,1
776,CVSSWDRFPVNSHLHF,TRBV7-8*03,None,TRBJ1-6*01,1
777,CVSSWDRFLVNSPLHF,TRBV7-8*03,None,TRBJ1-6*01,1
778,CVSSFSTCSANYGYTF,TRBV12-4*02,None,TRBJ1-2*01,1
779,CVSRWNRFPVNSPLHF,TRBV7-8*03,None,TRBJ1-6*01,1
780,CVSRWHRFPVNSPLHF,TRBV7-8*03,None,TRBJ1-6*01,1
781,CVSRWGSFPVTSPVLF,TRBV5-5*03,None,TRBJ1-6*01,1
782,CVSRWGRFPVNSPLHF,TRBV7-8*03,None,TRBJ1-6*01,1
783,CVSRWERFSVNSPLHF,TRBV7-8*03,None,TRBJ1-6*01,1
784,CVSRWDRLPVISPLHF,TRBV7-8*03,None,TRBJ1-6*01,1
785,CVSRWDRFPVNSPLHF,TRBV7-3*04,None,TRBJ1-6*01,1
786,CVSRWDRFVVHSPLYF,TRBV7-8*03,None,TRBJ1-6*01,1
787,CVSRWDRFSVNSPLHF,TRBV7-8*03,None,TRBJ1-6*01,1
788,CVSRWDRFQVNSPLHF,TRBV7-8*03,None,TRBJ1-6*01,1
789,CVSRWDRFPVNTPLHF,TRBV7-8*03,None,TRBJ1-6*01,1
790,CVSRWDRFPVNSSLHF,TRBV7-8*03,None,TRBJ1-6*01,1
791,CVSRWDRFPVNSPRHF,TRBV7-8*03,None,TRBJ1-6*01,1
792,CVSRWDRFPVNSPLYF,TRBV7-8*03,None,TRBJ1-6*01,1
793,CVSRWDRFPVNSPLQF,TRBV7-2*01,None,TRBJ1-6*01,1
794,CVSRWDRFPVNSPLHF,TRBV7-9*04,None,TRBJ1-6*01,1
795,CVSRWDRFPVNSPLHF,TRBV7-8*02,None,TRBJ1-6*01,1
796,CVSRWDRFPVNSPLHF,TRBV7-4*01,None,TRBJ1-6*01,1
797,CTSRWDRFPVNSPLNF,TRBV7-2*03,None,TRBJ1-6*01,1
798,CTSRWDRFPVDSPLHF,TRBV7-2*03,None,TRBJ1-6*01,1
799,CSSGQVLRTTDTQYF,TRBV11-3*02,None,TRBJ2-3*01,1
800,CSSRWARSPEKSPLYF,TRBV7-3*04,None,TRBJ1-6*01,1
801,CSSRWDRFPVNSPLHF,TRBV7-3*04,None,TRBJ1-6*01,1
802,CSSRWDRFPVNSPLHF,TRBV7-2*03,None,TRBJ1-6*01,1
803,CSSRWDRFPVNSPLHF,TRBV7-2*01,None,TRBJ1-6*01,1
804,CSSRWDRFPVNSPLHF,TRBV11-2*03,None,TRBJ1-6*01,1
805,CSSRWDRFPVNSPHYF,TRBV7-8*01,None,TRBJ1-6*01,1
806,CSSRWDRFPVNSLLHF,TRBV7-8*02,None,TRBJ1-6*01,1
807,CSSRWDRFPGNSRLHF,TRBV7-8*03,None,TRBJ1-6*01,1
808,CSSRWDRFPANSPLHF,TRBV7-8*03,None,TRBJ1-6*01,1
809,CSSRWDLFPVNSPLHF,TRBV7-8*03,None,TRBJ1-6*01,1
810,CSSRWDGFPVNSPLHF,TRBV7-8*03,None,TRBJ1-6*01,1
811,CSSRWDCFPVNSPLHF,TRBV7-8*03,None,TRBJ1-6*01,1
812,CSSRWARLPVNSPLHF,TRBV29-1*01,None,TRBJ1-6*01,1
813,CSSRWDRFPVNSPLNF,TRBV7-8*03,None,TRBJ1-6*01,1
814,CSSRRERLPAYSPLHF,TRBV7-2*03,None,TRBJ1-6*01,1
815,CSSRFLDRGRTDTQYF,TRBV12-4*02,None,TRBJ2-3*01,1
816,CSSRCDRFSVNSPLHF,TRBV7-8*03,None,TRBJ1-6*01,1
817,CSSRCDRFPVNSPLHF,TRBV7-4*01,None,TRBJ1-6*01,1
818,CSSRCDRFPVNSALHF,TRBV7-8*03,None,TRBJ1-6*01,1
819,CSSKWDRFPVNSPLHF,TRBV7-8*03,None,TRBJ1-6*01,1
820,CSSKWDRFPGNSPLRF,TRBV11-3*02,None,TRBJ1-6*01,1
821,CSSKRDRFPVNSPLHF,TRBV7-8*03,None,TRBJ1-6*01,1
822,CSSIWDRFPVNSPLNF,TRBV7-8*03,None,TRBJ1-6*02,1
823,CSSIWDRFPVNSPLHF,TRBV7-3*05,None,TRBJ1-6*01,1
824,CSSIWDRFLVNSPHRF,TRBV7-8*03,None,TRBJ1-6*01,1
825,CSSRWDRFPVNSPLLF,TRBV7-8*03,None,TRBJ1-6*01,1
826,CSSRWDRFPVNSPLPF,TRBV5-4*02,None,TRBJ1-6*01,1
827,CTSRWDRFPLNSPLFF,TRBV7-2*03,None,TRBJ1-6*01,1
828,CSSRWHRFTVNSPLYF,TRBV7-2*03,None,TRBJ1-6*01,1
829,CTSRWDRFPENSPLRF,TRBV7-2*03,None,TRBJ1-6*01,1
830,CTSRWDRFAVNSPLHF,TRBV7-2*03,None,TRBJ1-6*01,1
831,CTSRSDRFPVNSPLHF,TRBV7-2*03,None,TRBJ1-6*01,1
832,CTSRCDRFPVNSPLHF,TRBV7-2*03,None,TRBJ1-6*01,1
833,CTRRWDRFPVNSPLHF,TRBV7-2*03,None,TRBJ1-6*01,1
834,CTNLWDCVPVNSPLHF,TRBV7-2*03,None,TRBJ1-1*01,1
835,CTIRWARFPVNSPLNF,TRBV7-2*03,None,TRBJ1-6*01,1
836,CSTRWYRFPVNSPLPF,TRBV7-8*03,None,TRBJ1-6*01,1
837,CSSSTGSQQCF,TRBV6-6*03,None,TRBJ2-7*01,1
838,CSSSIPMTRPELFF,TRBV27*01,None,TRBJ2-1*01,1
839,CSSRWYRFRENSPLHF,TRBV7-8*03,None,TRBJ1-6*01,1
840,CSSRWHRFPVNSPIHF,TRBV7-8*03,None,TRBJ1-6*01,1
841,CSSRWDRFPVNSPLRF,TRBV7-8*03,None,TRBJ1-6*01,1
842,CSSRWHRFPSNSPLHF,TRBV7-8*03,None,TRBJ1-6*01,1
843,CSSRWHRFLVNSPLPF,TRBV7-8*02,None,TRBJ1-6*01,1
844,CSSRWDSFPANSPLHF,TRBV5-6*01,None,TRBJ1-6*01,1
845,CSSRWDRVPVTSPLRF,TRBV7-8*03,None,TRBJ1-6*01,1
846,CSSRWDRVPVNSPLHF,TRBV7-8*03,None,TRBJ1-6*01,1
847,CSSRWDRSPENSHLHF,TRBV7-8*03,None,TRBJ1-6*01,1
848,CSSRWDRIPVNSPLNF,TRBV7-8*03,None,TRBJ1-6*01,1
849,CSSRWDRFTVNSPLHF,TRBV7-8*03,None,TRBJ1-6*01,1
850,CSSRWDRFQVNSPLHF,TRBV7-8*03,None,TRBJ1-6*01,1
851,CSSRWDRFPVSSPLHF,TRBV7-8*03,None,TRBJ1-6*01,1
852,CSSRWDRFPVNSTLHF,TRBV7-8*03,None,TRBJ1-6*01,1
853,CATSTRGVQPQHF,TRBV6-6*05,None,TRBJ1-5*01,1
854,CATSTGGVQPQHF,TRBV6-6*03,None,TRBJ1-5*01,1
855,CASRWHPFPVNSPLHF,TRBV7-8*03,None,TRBJ1-6*01,1
856,CASRWYRFPVKSPLHF,TRBV7-8*03,None,TRBJ1-6*01,1
857,CASRWYRFPVNSPPHF,TRBV7-8*03,None,TRBJ1-6*01,1
858,CASRWYRFPVNSPLPF,TRBV7-8*03,None,TRBJ1-6*02,1
859,CASRWYRFPVNSPLNF,TRBV7-8*03,None,TRBJ1-6*01,1
860,CASRWYRFPVNSPLHF,TRBV7-8*03,None,TRBJ1-6*02,1
861,CASRWYRFPVNSPLHF,TRBV7-3*04,None,TRBJ1-6*01,1
862,CASRWYRFPVNSPLHF,TRBV7-2*04,None,TRBJ1-6*01,1
863,CASRWYRFPVNSPLHF,TRBV5-5*02,None,TRBJ1-6*02,1
864,CASRWYRFPVNSPLHF,TRBV4-3*02,None,TRBJ1-6*01,1
865,CASRWYRFPVNSPLHF,TRBV4-1*02,None,TRBJ1-6*01,1
866,CASRWYRFPVNSPFNF,TRBV7-8*03,None,TRBJ1-6*01,1
867,CASRWYRFPVNLPLHF,TRBV7-8*03,None,TRBJ1-6*01,1
868,CASRWDRFTVNSPRHF,TRBV7-8*03,None,TRBJ1-6*01,1
869,CASRWYRFPVNSTLHF,TRBV7-8*03,None,TRBJ1-6*01,1
870,CASRWYRFPGDSPLHF,TRBV7-8*03,None,TRBJ1-6*01,1
871,CASRWYRFLVNSPLHF,TRBV7-8*03,None,TRBJ1-6*01,1
872,CASRWYGFPVNSPLHF,TRBV28*01,None,TRBJ1-6*02,1
873,CASRWVVLPVNPPLHF,TRBV7-8*03,None,TRBJ1-6*01,1
874,CASRWVSFPVNSTLHF,TRBV7-8*03,None,TRBJ1-6*01,1
875,CASRWVSFPVNSALHF,TRBV7-8*03,None,TRBJ1-6*01,1
876,CASRWVRYPVNTPLHF,TRBV7-8*03,None,TRBJ1-6*01,1
877,CASRWVRVPVNSPLHF,TRBV11-2*03,None,TRBJ1-6*01,1
878,CASRWVRVPVNPPLHF,TRBV7-8*03,None,TRBJ1-6*01,1
879,CASRWVRTPVNSPLHF,TRBV7-8*03,None,TRBJ1-6*01,1
880,CASRWVRLRENSHLHF,TRBV7-8*03,None,TRBJ1-6*01,1
881,CASRWYRFPVNSSLHF,TRBV7-8*03,None,TRBJ1-6*01,1
882,CASRWYRFPVNTALHF,TRBV7-8*03,None,TRBJ1-6*01,1
883,CASRWVRLPVNSPFHF,TRBV7-8*03,None,TRBJ1-6*01,1
884,CASSCDRSPVNSPRLF,TRBV7-8*01,None,TRBJ1-6*01,1
885,CASSFSTYSANYGYTF,TRBV12-4*01,None,TRBJ1-2*01,1
886,CASSFSTCSASYGYTF,TRBV12-4*02,None,TRBJ1-2*01,1
887,CASSFSTCSANYGYTF,TRBV6-9*01,None,TRBJ1-2*01,1
888,CASSFSTCSADYGYTF,TRBV12-4*02,None,TRBJ1-2*01,1
889,CASSFPTSSVNYGYTF,TRBV6-5*01,None,TRBJ1-2*01,1
890,CASSFLTCSANYGYTF,TRBV12-4*02,None,TRBJ1-2*01,1
891,CASSFIVGPTYEQYF,TRBV14*01,None,TRBJ2-7*01,1
892,CASSFHPREPKYF,TRBV19*03,None,TRBJ2-5*01,1
893,CASSCSTCSANYGYTF,TRBV12-4*02,None,TRBJ1-2*01,1
894,CASSCERFPVNSPLHF,TRBV7-8*03,None,TRBJ1-6*01,1
895,CASSCDRVPVNSPLHF,TRBV7-8*03,None,TRBJ1-6*01,1
896,CASSCDRFPVNSPLHF,TRBV7-8*03,None,TRBJ1-6*01,1
897,CASRWYRFPVNTPLLF,TRBV7-8*03,None,TRBJ1-6*01,1
898,CASSCDRFPVNSPLHF,TRBV5-8*01,None,TRBJ1-6*01,1
899,CASSAGSAQHF,TRBV9*01,None,TRBJ2-7*01,1
900,CASRWYSVPVNSPLHF,TRBV7-8*03,None,TRBJ1-6*01,1
901,CASRWYRVPVNSPLHF,TRBV7-3*04,None,TRBJ1-6*01,1
902,CASRWYRVPVKSPLNF,TRBV7-8*03,None,TRBJ1-6*01,1
903,CASRWYRMTVNSSLYF,TRBV7-8*03,None,TRBJ1-6*01,1
904,CASRWYRLPVNSPLHF,TRBV7-8*03,None,TRBJ1-6*01,1
905,CASRWYRLPVNSPHHF,TRBV7-8*03,None,TRBJ1-6*01,1
906,CASRWYRIPVNSPLHF,TRBV7-4*01,None,TRBJ1-6*01,1
907,CASRWYRIPVNSPLHF,TRBV28*01,None,TRBJ1-6*01,1
908,CASRWYRFQVNSPLHF,TRBV7-8*03,None,TRBJ1-6*01,1
909,CASRWVRLPVNSPLHF,TRBV7-8*03,None,TRBJ1-6*01,1
910,CASRWVRLPANSPLHF,TRBV7-8*03,None,TRBJ1-6*01,1
911,CASSFSVGPTYEQYF,TRBV14*02,None,TRBJ1-1*01,1
912,CASRWHRSPVNSPLYF,TRBV7-8*03,None,TRBJ1-6*02,1
913,CASRWNRFTVNSPLHF,TRBV7-8*03,None,TRBJ1-6*01,1
914,CASRWNRFPVNSTLHF,TRBV7-8*03,None,TRBJ1-6*01,1
915,CASRWNRFPVNSPLNF,TRBV7-8*03,None,TRBJ1-6*01,1
916,CASRWNRFPVNSPLHF,TRBV5-8*02,None,TRBJ1-6*01,1
917,CASRWNRFPVNSAHHF,TRBV7-8*03,None,TRBJ1-6*01,1
918,CASRWNRFPVNLPLHF,TRBV7-3*04,None,TRBJ1-6*01,1
919,CASRWNRFPINSPLYF,TRBV7-8*03,None,TRBJ1-6*02,1
920,CASRWNPSPVNSPLHF,TRBV7-1*01,None,TRBJ1-6*01,1
921,CASRWNPFPVNSPLHF,TRBV7-8*03,None,TRBJ1-6*01,1
922,CASRWKRFTVNSPLHF,TRBV7-8*03,None,TRBJ1-6*01,1
923,CASRWKRCPVNSPPRF,TRBV7-8*03,None,TRBJ1-6*01,1
924,CASRWHRLPVNSPVHF,TRBV7-8*03,None,TRBJ1-6*01,1
925,CASRWNRVPVNSPLHF,TRBV28*01,None,TRBJ1-6*01,1
926,CASRWHRFPVTSPHHF,TRBV7-8*03,None,TRBJ1-6*01,1
927,CASRWHRFPVSSPLHF,TRBV7-3*05,None,TRBJ1-6*01,1
928,CASRWHRFPVNSPLPF,TRBV7-3*05,None,TRBJ1-6*01,1
929,CASRWHRFPVNSPLHF,TRBV7-2*04,None,TRBJ1-6*01,1
930,CASRWHRFPVNSPLHF,TRBV11-2*02,None,TRBJ1-6*01,1
931,CASRWHRFPVNPPLHF,TRBV7-4*01,None,TRBJ1-6*01,1
932,CASRWHRFPVNAPLHF,TRBV7-8*03,None,TRBJ1-6*01,1
933,CASRWHRFPVKSPLHF,TRBV7-8*03,None,TRBJ1-6*01,1
934,CASRWHRFPVHSPLPF,TRBV11-2*03,None,TRBJ1-6*01,1
935,CASRWHRFPGNSPLHF,TRBV7-8*03,None,TRBJ1-6*01,1
936,CASRWHPFPVNSPLSF,TRBV7-8*03,None,TRBJ1-6*01,1
937,CASRWNRVPENSPLHF,TRBV7-3*05,None,TRBJ1-6*01,1
938,CASRWNRVPVNSPLHF,TRBV7-8*03,None,TRBJ1-6*01,1
939,CASRWVRFTVNSPLHF,TRBV7-8*03,None,TRBJ1-6*01,1
940,CASRWVRFPVNSPHHF,TRBV7-8*03,None,TRBJ1-6*01,1
941,CASRWVRFSVNSPLHF,TRBV7-8*03,None,TRBJ1-6*01,1
942,CASRWVRFRVNSPLHF,TRBV11-2*02,None,TRBJ1-6*01,1
943,CASRWVRFPVNSRLHF,TRBV7-8*03,None,TRBJ1-6*01,1
944,CASRWVRFPVNSPPNF,TRBV7-8*01,None,TRBJ1-6*01,1
945,CASRWVRFPVNSPLHF,TRBV7-8*02,None,TRBJ1-6*01,1
946,CASRWVRFPVNSPLHF,TRBV7-3*05,None,TRBJ1-6*01,1
947,CASRWVRFPVNSPLHF,TRBV7-3*04,None,TRBJ1-6*01,1
948,CASRWVRFPVNSPLHF,TRBV7-2*01,None,TRBJ1-6*01,1
949,CASRWVRFPVNSPLHF,TRBV7-1*01,None,TRBJ1-6*01,1
950,CASRWVRFPVNSPLHF,TRBV5-4*01,None,TRBJ1-6*01,1
951,CASRWVRFPVNSPIHF,TRBV7-8*03,None,TRBJ1-6*01,1
952,CASRWVRFPVKSPLHF,TRBV7-8*03,None,TRBJ1-6*01,1
953,CASRWQRFPVNSPLQF,TRBV7-8*03,None,TRBJ1-6*01,1
954,CASRWVRFPENSPLHF,TRBV7-8*03,None,TRBJ1-6*01,1
955,CASRWVRFPENSPHHF,TRBV7-8*03,None,TRBJ1-6*01,1
956,CASRWVRFLVNSPHHF,TRBV7-8*03,None,TRBJ1-6*01,1
957,CASRWVPFPVNSPLHF,TRBV7-8*03,None,TRBJ1-6*01,1
958,CASRWVHFPVNSPLHF,TRBV7-8*03,None,TRBJ1-6*01,1
959,CASRWVCFPVNSPLHF,TRBV7-8*03,None,TRBJ1-6*01,1
960,CASRWVCFPVNSPLHF,TRBV7-2*02,None,TRBJ1-6*01,1
961,CASRWSRIPVNSPLHF,TRBV7-8*03,None,TRBJ1-6*01,1
962,CASRWSRFPVNSTLHF,TRBV7-8*03,None,TRBJ1-6*01,1
963,CASRWSRFPVNSPLLF,TRBV7-8*03,None,TRBJ1-6*01,1
964,CASRWSHYPVNSSLHF,TRBV7-8*03,None,TRBJ1-6*01,1
965,CASSFSVGPTYEQCF,TRBV14*02,None,TRBJ2-7*01,1
966,CASSFSVVPTYEQYF,TRBV14*02,None,TRBJ2-7*01,1
967,CATSTGGVQPQHF,TRBV12-4*02,None,TRBJ1-5*01,1
968,CASSWNRFPVKSPLHF,TRBV7-8*03,None,TRBJ1-6*01,1
969,CASTWDRFPANSPLNF,TRBV7-8*03,None,TRBJ1-6*01,1
970,CASTWDRFAVNSPLHF,TRBV4-3*01,None,TRBJ1-6*01,1
971,CASTWDRCPLKSPLRF,TRBV7-8*03,None,TRBJ1-6*01,1
972,CASTWDPLPVNSPLHF,TRBV7-8*03,None,TRBJ1-6*01,1
973,CASTWDLFPVNSPNHF,TRBV7-3*04,None,TRBJ1-6*01,1
974,CASTWDGFPGNSPLHF,TRBV7-2*02,None,TRBJ1-6*01,1
975,CASTGDRVPVNSRLHF,TRBV7-8*03,None,TRBJ1-6*01,1
976,CASTGDRFPVNSPLHF,TRBV7-8*03,None,TRBJ1-6*01,1
977,CASTCDRFPVNSPLNF,TRBV7-8*03,None,TRBJ1-6*01,1
978,CASSWYPFPVNSPPHF,TRBV7-8*03,None,TRBJ1-6*01,1
979,CASSWVRFPVNSPLHF,TRBV7-8*03,None,TRBJ1-6*01,1
980,CASSWNRFPENSTLHF,TRBV7-8*03,None,TRBJ1-6*02,1
981,CASTWDRFPVNSPLHF,TRBV7-8*02,None,TRBJ1-6*01,1
982,CASSWHLFPVNSPLTF,TRBV7-8*03,None,TRBJ1-6*01,1
983,CASSWERFSVNSAFTF,TRBV12-4*02,None,TRBJ1-6*01,1
984,CASSWERFPVNSPLHF,TRBV7-8*03,None,TRBJ1-6*01,1
985,CASSWERFPVNSPLHF,TRBV7-3*05,None,TRBJ1-6*01,1
986,CASSWELFPVNSPLNF,TRBV7-8*03,None,TRBJ1-6*01,1
987,CASSWDSVPVNSPLHF,TRBV7-8*03,None,TRBJ1-6*01,1
988,CASSWDSVALNSPLHF,TRBV7-8*03,None,TRBJ1-6*01,1
989,CASSWDSFPVNSPLHF,TRBV7-8*03,None,TRBJ1-6*01,1
990,CASSWDRVPVTSPHYF,TRBV7-8*03,None,TRBJ2-7*01,1
991,CASSWDRIPVNSPLHF,TRBV7-8*03,None,TRBJ1-6*01,1
992,CASSWDRFPVNSPVNF,TRBV5-8*02,None,TRBJ1-6*01,1
993,CASTWDRFPVNSPIHF,TRBV7-8*03,None,TRBJ1-6*01,1
994,CASTWDRFPVNSPLRF,TRBV7-8*03,None,TRBJ1-6*01,1
995,CASSWDRFPVNSPRHF,TRBV7-8*03,None,TRBJ1-6*01,1
996,CATRWDRFPVKSPLHF,TRBV7-8*03,None,TRBJ1-6*01,1
997,CATSRRQGETQYF,TRBV15*01,None,TRBJ2-5*01,1
998,CATSRRQGATQYF,TRBV15*01,None,TRBJ2-5*01,1
999,CATSFPPRETRYF,TRBV19*03,None,TRBJ2-5*01,1
1000,CATRWQRFPVNSPLHF,TRBV7-8*03,None,TRBJ1-6*01,1
1001,CATRWHRFAVNSHVYF,TRBV7-8*03,None,TRBJ1-6*01,1
1002,CATRWDRVPVNSPLHF,TRBV7-8*03,None,TRBJ1-6*01,1
1003,CATRWDRSPVNSPLHF,TRBV7-8*03,None,TRBJ1-6*01,1
1004,CATRWDRLPVNSPLHF,TRBV7-8*03,None,TRBJ1-6*01,1
1005,CATRWDRFTVNSPLHF,TRBV7-8*03,None,TRBJ1-6*01,1
1006,CATRWDRFPVTSPLHF,TRBV7-8*03,None,TRBJ1-6*01,1
1007,CATRWDRFPVNSPPHF,TRBV7-8*03,None,TRBJ1-6*01,1
1008,CATRWDRFPINSPLHF,TRBV7-8*03,None,TRBJ1-6*01,1
1009,CASTWDRFPVTSPLHF,TRBV7-8*03,None,TRBJ1-6*01,1
1010,CATRWDRFAVNSPLHF,TRBV7-8*03,None,TRBJ1-6*01,1
1011,CATRRERFLVNSPLHF,TRBV7-8*03,None,TRBJ1-6*01,1
1012,CATRLDRFPVNSPLHF,TRBV7-8*02,None,TRBJ1-6*01,1
1013,CATGRRQGETQYF,TRBV15*02,None,TRBJ2-5*01,1
1014,CASVWDRFPVNSPLHF,TRBV7-8*03,None,TRBJ1-6*01,1
1015,CASVDRGATETQYF,TRBV10-2*01,None,TRBJ2-5*01,1
1016,CASTWYRFPVNSPLHF,TRBV7-8*03,None,TRBJ1-6*01,1
1017,CASTWDRVPVNSPLHF,TRBV7-8*03,None,TRBJ1-6*01,1
1018,CASTWDRSPVNSPLHF,TRBV7-8*03,None,TRBJ1-6*01,1
1019,CASTWDRIPVNSPLHF,TRBV7-8*03,None,TRBJ1-6*01,1
1020,CASTWDRFSVNSPLHF,TRBV7-8*03,None,TRBJ1-6*01,1
1021,CASSWDRFPVNSPRHF,TRBV7-8*03,None,TRBJ1-6*02,1
1022,CASSWDRFPVNSPPHF,TRBV7-8*03,None,TRBJ1-6*01,1
1023,CASSFSVVPTYQQYF,TRBV14*02,None,TRBJ2-7*01,1
1024,CASSLSTCSANYRYTF,TRBV12-4*02,None,TRBJ1-2*01,1
1025,CASSRDLFPVNSPLHF,TRBV7-8*03,None,TRBJ1-6*01,1
1026,CASSQGGAVTYEQFF,TRBV4-1*02,None,TRBJ2-1*01,1
1027,CASSQGGAVSYEQFF,TRBV4-1*02,None,TRBJ2-7*01,1
1028,CASSQGGAVSNEQFF,TRBV4-1*02,None,TRBJ2-1*01,1
1029,CASSQDRTKTDTQYF,TRBV5-4*02,None,TRBJ2-3*01,1
1030,CASSQDRRTTDTQYF,TRBV5-8*02,None,TRBJ2-3*01,1
1031,CASSQDRRTTDTQYF,TRBV5-5*02,None,TRBJ2-3*01,1
1032,CASSQDRRTTDTHYF,TRBV5-4*04,None,TRBJ2-3*01,1
1033,CASSQDLRTTDTQYF,TRBV4-2*01,None,TRBJ2-3*01,1
1034,CASSQARRTTDTQYF,TRBV5-4*03,None,TRBJ2-3*01,1
1035,CASSLSVGPTYEQYF,TRBV14*02,None,TRBJ2-7*01,1
1036,CASSLSTCSANYGYTF,TRBV12-4*02,None,TRBJ1-2*01,1
1037,CASSRDRVPVNSPLHF,TRBV7-3*05,None,TRBJ1-6*01,1
1038,CASSLSTCSANSGFTF,TRBV12-4*02,None,TRBJ1-2*01,1
1039,CASSLSGISTDRQYF,TRBV7-9*04,None,TRBJ2-3*01,1
1040,CASSLGESGGEQYF,TRBV11-2*03,None,TRBJ2-7*01,1
1041,CASSLGASGSPYEQYF,TRBV7-9*04,None,TRBJ2-7*01,1
1042,CASSLDRVSQPQHF,TRBV11-2*03,None,TRBJ1-5*01,1
1043,CASSLDRVSLPPHF,TRBV11-3*02,None,TRBJ1-5*01,1
1044,CASSLDRVRQPQHF,TRBV11-2*01,None,TRBJ1-5*01,1
1045,CASSLDRMSQPQHF,TRBV7-2*04,None,TRBJ1-5*01,1
1046,CASSLDRLSQPQHF,TRBV11-2*01,None,TRBJ1-5*01,1
1047,CASSLDRFPVNSPLHF,TRBV7-8*03,None,TRBJ1-6*02,1
1048,CASSLDRASQPQHF,TRBV11-3*01,None,TRBJ1-5*01,1
1049,CASSRDRLPVNSPLHF,TRBV7-8*03,None,TRBJ1-6*01,1
1050,CASSRHLSPVHSPLHF,TRBV7-8*03,None,TRBJ1-6*01,1
1051,CASSWDRFPVNSPLQF,TRBV7-8*03,None,TRBJ1-6*01,1
1052,CASSWDRFPVNLPLHF,TRBV7-8*03,None,TRBJ1-6*01,1
1053,CASSWDRFPVNSPLPF,TRBV7-3*04,None,TRBJ1-6*01,1
1054,CASSWDRFPVNSPLHF,TRBV7-8*01,None,TRBJ1-6*01,1
1055,CASSWDRFPVNSPLHF,TRBV7-2*04,None,TRBJ1-6*01,1
1056,CASSWDRFPVNSPLHF,TRBV7-1*01,None,TRBJ1-6*01,1
1057,CASSWDRFPVNSPLHF,TRBV11-2*01,None,TRBJ1-6*01,1
1058,CASSWDRFPVNSPIYF,TRBV7-8*03,None,TRBJ1-6*01,1
1059,CASSWDRFPVNSPHHF,TRBV7-8*03,None,TRBJ1-6*01,1
1060,CASSWDRFPVNSLLHF,TRBV7-8*03,None,TRBJ1-6*01,1
1061,CASSWDRFPVNSHLNF,TRBV7-2*04,None,TRBJ1-6*01,1
1062,CASSWDRFPVNSHLHF,TRBV7-8*03,None,TRBJ1-6*01,1
1063,CASSWDRFPVNLQLHF,TRBV7-8*03,None,TRBJ1-6*01,1
1064,CASSWDRFPVHSPLHF,TRBV7-8*03,None,TRBJ1-6*01,1
1065,CASSSDRFPVNSPFHF,TRBV7-8*03,None,TRBJ1-6*01,1
1066,CASSWDRFPIISPLYF,TRBV11-3*02,None,TRBJ1-6*01,1
1067,CASSWDRFAVNSPLTF,TRBV7-2*04,None,TRBJ1-6*01,1
1068,CASSWDRCPVTSPLHF,TRBV11-2*01,None,TRBJ1-6*01,1
1069,CASSWDRCPVNSPLHF,TRBV7-3*01,None,TRBJ1-6*01,1
1070,CASSWDPIPVDSPLHF,TRBV7-8*03,None,TRBJ1-6*01,1
1071,CASSWDPFPVTSPLRF,TRBV7-8*03,None,TRBJ1-6*01,1
1072,CASSWDPFPVNLPLHF,TRBV7-8*03,None,TRBJ1-6*01,1
1073,CASSWARFPGNSPLHF,TRBV7-8*03,None,TRBJ1-6*01,1
1074,CASSTGYEQYF,TRBV6-6*03,None,TRBJ2-7*01,1
1075,CASSSGRFPVNSPLHF,TRBV7-8*03,None,TRBJ1-6*01,1
1076,CASSSDRFPVNSPLHF,TRBV7-8*03,None,TRBJ1-6*01,1
1077,CASRWDRFTVNSRLHF,TRBV7-8*03,None,TRBJ1-6*01,1
1078,CASRWDRFPVNSPRHF,TRBV7-8*02,None,TRBJ1-6*01,1
1079,CASRWDRFTVNSPPHF,TRBV7-8*03,None,TRBJ1-6*01,1
1080,CASRGHRFPVNSPLHF,TRBV7-8*03,None,TRBJ1-6*01,1
1081,CASRGERFPVNSPLNF,TRBV11-2*03,None,TRBJ1-6*01,1
1082,CASRGELFPVNSPLNF,TRBV7-8*03,None,TRBJ1-6*01,1
1083,CASRGDWFPVNSPLHF,TRBV7-8*01,None,TRBJ1-6*01,1
1084,CASRGDSLSENSPLHF,TRBV15*03,None,TRBJ1-6*01,1
1085,CASRGDRSPVNSPLHF,TRBV7-8*03,None,TRBJ1-6*01,1
1086,CASRGDRFTVNSPLHF,TRBV7-3*01,None,TRBJ1-6*01,1
1087,CASRGDRFQVNSPLYF,TRBV7-8*03,None,TRBJ1-6*01,1
1088,CASRGDRFPVNSPLYF,TRBV7-8*03,None,TRBJ1-6*01,1
1089,CASRGDRFPVNSPLHF,TRBV7-8*02,None,TRBJ1-6*01,1
1090,CASRGDRFPVNSPLHF,TRBV11-2*02,None,TRBJ1-6*01,1
1091,CASRGDRFPVNAPLPF,TRBV11-3*02,None,TRBJ1-6*01,1
1092,CASRGDRFPVKSPLHF,TRBV7-8*03,None,TRBJ1-6*01,1
1093,CASRGDRFPGNSPLHF,TRBV7-8*03,None,TRBJ1-6*01,1
1094,CASRGDRFLVNSPLHF,TRBV7-8*03,None,TRBJ1-6*01,1
1095,CASRGDRCPVNSPLHF,TRBV7-8*03,None,TRBJ1-6*01,1
1096,CASRGDRCPLNSPRHF,TRBV7-8*03,None,TRBJ1-6*01,1
1097,CASRGDPFPVNLPLHF,TRBV7-8*03,None,TRBJ1-6*01,1
1098,CASRGDLFPVNSPLNF,TRBV7-8*03,None,TRBJ1-6*01,1
1099,CASRGDHCPVNPPLLF,TRBV7-8*03,None,TRBJ1-6*01,1
1100,CASRGDGFPVNSPLPF,TRBV7-8*03,None,TRBJ1-6*01,1
1101,CASRFGRFPVNSPIHF,TRBV11-3*01,None,TRBJ1-6*01,1
1102,CASREDRIPVNSPLHF,TRBV7-3*04,None,TRBJ1-6*01,1
1103,CASRCYSFPVNSPLHF,TRBV7-8*03,None,TRBJ1-6*01,1
1104,CASRGGRFPVNSPLHF,TRBV7-8*03,None,TRBJ1-6*01,1
1105,CASRGVRFPVNSPLHF,TRBV11-3*02,None,TRBJ1-6*01,1
1106,CASQWCRFPVNSPLHF,TRBV7-8*03,None,TRBJ1-6*01,1
1107,CASRHDRFPANSPLHF,TRBV7-8*03,None,TRBJ1-6*01,1
1108,CASRLDRLSVNSPLHF,TRBV7-8*03,None,TRBJ1-6*01,1
1109,CASRLDRFRVNSPLHF,TRBV7-8*03,None,TRBJ1-6*01,1
1110,CASRLDRFPVNSSLHF,TRBV7-8*03,None,TRBJ1-6*01,1
1111,CASRLDRFPVNSPLRF,TRBV7-8*03,None,TRBJ1-6*01,1
1112,CASRLDRFPVNSPLQF,TRBV7-3*05,None,TRBJ1-6*01,1
1113,CASRLDRFPVNSPLNF,TRBV7-8*03,None,TRBJ1-6*01,1
1114,CASRLDRFPVNSPLLF,TRBV7-8*03,None,TRBJ1-6*01,1
1115,CASRLDRFPVNSPLHF,TRBV11-2*02,None,TRBJ1-6*01,1
1116,CASRLDRFPVNSPFHF,TRBV7-8*03,None,TRBJ1-6*01,1
1117,CASRLDRFPVNSALHF,TRBV7-8*03,None,TRBJ1-6*01,1
1118,CASRLDRFPVKSPLHF,TRBV7-8*03,None,TRBJ1-6*01,1
1119,CASRLDRFPLNSPLHF,TRBV5-1*02,None,TRBJ1-6*01,1
1120,CASRLDRFPGNSPLHF,TRBV5-6*01,None,TRBJ1-6*01,1
1121,CASRLDRFPENSPLHF,TRBV7-8*03,None,TRBJ1-6*01,1
1122,CASRLDRFPANSPLHF,TRBV7-8*03,None,TRBJ1-6*01,1
1123,CASRLDRCPVNSPLHF,TRBV7-8*03,None,TRBJ1-6*01,1
1124,CASRLDPFPVNSPLHF,TRBV7-8*03,None,TRBJ1-6*01,1
1125,CASRLDGSPVNSPLHF,TRBV7-8*03,None,TRBJ1-6*01,1
1126,CASRLDGFPVNSPLHF,TRBV7-8*03,None,TRBJ1-6*01,1
1127,CASRLDCFAVNSPLHF,TRBV7-8*03,None,TRBJ1-6*01,1
1128,CASRLATCSANSAFHF,TRBV7-3*05,None,TRBJ1-2*01,1
1129,CASRLARFPVSSPLHF,TRBV7-8*03,None,TRBJ1-6*01,1
1130,CASRLAPCPANYAYHF,TRBV13*02,None,TRBJ1-2*01,1
1131,CASRCYRFPVNSPLHF,TRBV7-8*03,None,TRBJ1-6*01,1
1132,CASRCVSFTANSPVHF,TRBV23-1*01,None,TRBJ1-6*01,1
1133,CASRCVRVPVNSPLHF,TRBV7-8*03,None,TRBJ1-6*01,1
1134,CASRCVRFPVKSPLHF,TRBV7-3*05,None,TRBJ1-6*01,1
1135,CASRCDRFPVYSPLHF,TRBV7-8*03,None,TRBJ1-6*01,1
1136,CASRCDRFPVNSPPHF,TRBV7-8*03,None,TRBJ1-6*01,1
1137,CASRCDRFPVNSPLPF,TRBV7-3*04,None,TRBJ1-6*01,1
1138,CASRCDRFPVNSPLNF,TRBV7-8*03,None,TRBJ1-6*01,1
1139,CASRCDRFPVNSPLLF,TRBV7-8*03,None,TRBJ1-6*01,1
1140,CASRCDRFPVNSPLHF,TRBV7-8*02,None,TRBJ1-6*01,1
1141,CASRCDRFPVNSPLHF,TRBV7-8*01,None,TRBJ1-6*01,1
1142,CASRCDRFPVNSPLHF,TRBV5-5*03,None,TRBJ1-6*01,1
1143,CASRCDRFPVNSPLHF,TRBV5-5*01,None,TRBJ1-6*01,1
1144,CASRCDRFPVNSPLHF,TRBV11-3*03,None,TRBJ1-6*01,1
1145,CASRCDRFPVNSPLHF,TRBV11-2*03,None,TRBJ1-6*01,1
1146,CASRCDRFPVNPPLHF,TRBV7-8*03,None,TRBJ1-6*01,1
1147,CASRCDRFPVKSPLLF,TRBV7-8*03,None,TRBJ1-6*01,1
1148,CASRCDRFPVISPLHF,TRBV7-8*03,None,TRBJ1-6*01,1
1149,CASRCDRFPANSHFCF,TRBV7-8*03,None,TRBJ1-6*01,1
1150,CASRCDRFLVNSPLHF,TRBV7-8*03,None,TRBJ1-6*01,1
1151,CASRCDPFTVNSPLNF,TRBV7-8*03,None,TRBJ1-6*02,1
1152,CASRCDLFQVNSPRHF,TRBV11-2*03,None,TRBJ1-6*01,1
1153,CASRCDLFHVNSPLHF,TRBV7-8*03,None,TRBJ1-6*01,1
1154,CASRCDCFPVNSPLKF,TRBV7-2*01,None,TRBJ1-6*01,1
1155,CASRCDCFPVNSPLHF,TRBV7-8*03,None,TRBJ1-6*02,1
1156,CASRCARFRVNSPLHF,TRBV5-4*03,None,TRBJ1-6*01,1
1157,CASRCARFPVNSLYNF,TRBV7-8*03,None,TRBJ1-6*01,1
1158,CASRCDRFRVNSPLHF,TRBV7-8*03,None,TRBJ1-6*01,1
1159,CASRCDRFSVNSPLHF,TRBV11-3*03,None,TRBJ1-6*01,1
1160,CASRCDRFSVNSPLHF,TRBV7-8*03,None,TRBJ1-6*01,1
1161,CASRCERFPVNSPLNF,TRBV7-3*05,None,TRBJ1-6*01,1
1162,CASRCTRFPVNSPLHF,TRBV7-8*03,None,TRBJ1-6*01,1
1163,CASRCSRFSVNSAFPF,TRBV7-3*05,None,TRBJ1-6*01,1
1164,CASRCNRFPVNSPLHF,TRBV7-8*03,None,TRBJ1-6*01,1
1165,CASRCNRFPVNSPLHF,TRBV11-3*02,None,TRBJ1-6*01,1
1166,CASRCNCFPVSSPLHF,TRBV7-8*03,None,TRBJ1-6*01,1
1167,CASRCLDSAVTATQYF,TRBV7-8*03,None,TRBJ2-3*01,1
1168,CASRCGSFPVNSHLHF,TRBV7-8*03,None,TRBJ1-6*02,1
1169,CASRCGRLPVNSAVYF,TRBV7-8*03,None,TRBJ1-6*01,1
1170,CASRCGRFPVNSPLHF,TRBV7-8*03,None,TRBJ1-6*01,1
1171,CASRCERIPLNSSLYF,TRBV4-3*02,None,TRBJ1-6*01,1
1172,CASRCEHFLVNSPLHF,TRBV5-4*02,None,TRBJ1-6*01,1
1173,CASRCDRIPVNSPLHF,TRBV7-3*05,None,TRBJ1-6*01,1
1174,CASRCDSVPENSPLHF,TRBV7-8*03,None,TRBJ1-6*01,1
1175,CASRCDSFTVNSPLHF,TRBV7-2*01,None,TRBJ1-6*01,1
1176,CASRCDRVRVNSPLHF,TRBV7-8*03,None,TRBJ1-6*01,1
1177,CASRCDRVPVNSPLHF,TRBV7-8*03,None,TRBJ1-6*01,1
1178,CASRCDRVPVKSPLHF,TRBV7-8*03,None,TRBJ1-6*01,1
1179,CASRCDRVPLSSDLHF,TRBV11-2*03,None,TRBJ1-6*01,1
1180,CASRCDRSPVNSLLHF,TRBV7-8*02,None,TRBJ1-6*01,1
1181,CASRCDRLPVNSTLHF,TRBV7-8*03,None,TRBJ1-6*01,1
1182,CASRCDRLPANSPFHF,TRBV7-8*03,None,TRBJ1-6*01,1
1183,CASRCDRITVNSPLHF,TRBV7-8*03,None,TRBJ1-6*01,1
1184,CASRLDRSPVNSPLHF,TRBV7-8*03,None,TRBJ1-6*01,1
1185,CASRLDRVPVNSHLHF,TRBV7-8*03,None,TRBJ1-6*02,1
1186,CASRLERFTVNSTLHF,TRBV7-8*03,None,TRBJ1-6*01,1
1187,CASRSDRFPINSPLHF,TRBV7-8*03,None,TRBJ1-6*01,1
1188,CASRWALVPVTSPLHF,TRBV7-3*03,None,TRBJ1-6*01,1
1189,CASRWALFPVNLHIRF,TRBV11-2*03,None,TRBJ1-6*01,1
1190,CASRWAGFPVNSTLHF,TRBV7-8*03,None,TRBJ1-6*01,1
1191,CASRWACFPFNSRLHF,TRBV7-8*03,None,TRBJ1-6*01,1
1192,CASRTGSVLYF,TRBV6-6*05,None,TRBJ2-7*01,1
1193,CASRSYRLPVNSTLNF,TRBV7-8*03,None,TRBJ1-6*01,1
1194,CASRSYRFPINSPLHF,TRBV7-8*03,None,TRBJ1-6*01,1
1195,CASRSVRIPVNSPLHF,TRBV7-8*03,None,TRBJ1-6*01,1
1196,CASRSVRFPVNSPLHF,TRBV7-8*03,None,TRBJ1-6*01,1
1197,CASRSLYRERTDTQYF,TRBV12-3*01,None,TRBJ2-3*01,1
1198,CASRSLDWGGTDPQYF,TRBV12-4*02,None,TRBJ2-3*01,1
1199,CASRSLDRGTTDTPYF,TRBV12-4*02,None,TRBJ2-3*01,1
1200,CASRSLARWRTDTQYF,TRBV6-6*03,None,TRBJ2-3*01,1
1201,CASRSERIPVNSPLHF,TRBV7-8*03,None,TRBJ1-6*01,1
1202,CASRSEHCPVNSPLHF,TRBV7-8*03,None,TRBJ1-6*01,1
1203,CASRSDRLPVNSPHHF,TRBV7-8*03,None,TRBJ1-6*01,1
1204,CASRSDRIPVNSPLHF,TRBV7-8*03,None,TRBJ1-6*02,1
1205,CASRSDRIPVNSPLHF,TRBV7-1*01,None,TRBJ2-4*01,1
1206,CASRSDRFQVNSLLHF,TRBV7-8*03,None,TRBJ1-6*01,1
1207,CASRSDRFPVNSPLYF,TRBV7-8*03,None,TRBJ1-6*01,1
1208,CASRSDRFPVNSPLRF,TRBV7-8*03,None,TRBJ1-6*01,1
1209,CASRSDRFPVNSPLHF,TRBV5-4*01,None,TRBJ1-6*01,1
1210,CASRSDRFPVNSPIHF,TRBV7-8*03,None,TRBJ1-6*01,1
1211,CASRWAPFPVNSPLHF,TRBV7-8*03,None,TRBJ1-6*01,1
1212,CASRWARCPVNSPLHF,TRBV7-8*03,None,TRBJ1-6*01,1
1213,CASRWARFHVNSPLHF,TRBV7-8*03,None,TRBJ1-6*01,1
1214,CASRWARFPVNSPLYF,TRBV7-8*03,None,TRBJ1-6*01,1
1215,CASRWARVPVKSPLYF,TRBV7-8*03,None,TRBJ1-6*01,1
1216,CASRWARSPVNSHLHF,TRBV11-3*02,None,TRBJ1-6*01,1
1217,CASRWARLPVNSTHHF,TRBV7-8*03,None,TRBJ1-6*01,1
1218,CASRWARLPVNSPLHF,TRBV7-8*03,None,TRBJ1-6*01,1
1219,CASRWARFTVNSPLHF,TRBV7-8*03,None,TRBJ1-6*01,1
1220,CASRWARFTVNSLLPF,TRBV7-8*03,None,TRBJ1-6*01,1
1221,CASRWARFQVNSPLHF,TRBV11-2*02,None,TRBJ1-6*01,1
1222,CASRWARFPVTSPLHF,TRBV5-6*01,None,TRBJ1-6*01,1
1223,CASRWARFPVNSRLHF,TRBV7-8*03,None,TRBJ1-6*01,1
1224,CASRWARFPVNSPRPF,TRBV7-8*03,None,TRBJ1-6*01,1
1225,CASRWARFPVNSPLPF,TRBV11-2*02,None,TRBJ1-6*01,1
1226,CASRWARFPLNSPLHF,TRBV7-8*03,None,TRBJ1-6*01,1
1227,CASRWARFPVNSPLHF,TRBV7-8*03,None,TRBJ1-6*02,1
1228,CASRWARFPVNSPLHF,TRBV7-8*01,None,TRBJ1-6*01,1
1229,CASRWARFPVNSPLHF,TRBV7-1*01,None,TRBJ1-6*01,1
1230,CASRWARFPVNSPFHF,TRBV7-8*03,None,TRBJ1-6*01,1
1231,CASRWARFPVNSLLHF,TRBV7-8*03,None,TRBJ1-6*01,1
1232,CASRWARFPVNSALHF,TRBV7-8*03,None,TRBJ1-6*01,1
1233,CASRWARFPVNPPLHF,TRBV7-8*03,None,TRBJ1-6*01,1
1234,CASRWARFPVNAPLHF,TRBV7-8*03,None,TRBJ1-6*01,1
1235,CASRWARFPVKSPRHF,TRBV7-8*03,None,TRBJ1-6*01,1
1236,CASRWARFPVKSPLHF,TRBV7-8*03,None,TRBJ1-6*01,1
1237,CASRSDRFPVDSPLHF,TRBV7-8*03,None,TRBJ1-6*01,1
1238,CASRSDRFAVNSPLHF,TRBV7-8*03,None,TRBJ1-6*01,1
1239,CASRLGGFPVNPPLHF,TRBV7-8*03,None,TRBJ1-6*01,1
1240,CASRSDPFPVNSAHHF,TRBV7-8*03,None,TRBJ1-6*01,1
1241,CASRRDRFPVNSPLYF,TRBV7-8*03,None,TRBJ1-6*01,1
1242,CASRRDRFPVNSPLPF,TRBV7-8*03,None,TRBJ1-6*01,1
1243,CASRRDRFPVNSPLNF,TRBV7-8*03,None,TRBJ1-6*01,1
1244,CASRRDRFPVNSPLHF,TRBV7-8*01,None,TRBJ1-6*01,1
1245,CASRRDRFPVNSPLHF,TRBV7-3*05,None,TRBJ1-6*01,1
1246,CASRRDRFPVNSPLHF,TRBV4-3*04,None,TRBJ1-6*01,1
1247,CASRRDRFPVNSPLDF,TRBV7-8*03,None,TRBJ1-6*01,1
1248,CASRRDRFPVNSPIHF,TRBV7-8*03,None,TRBJ1-6*01,1
1249,CASRRDRFPVNSPHHF,TRBV7-8*03,None,TRBJ1-6*02,1
1250,CASRRDRFPVNSPHHF,TRBV7-8*03,None,TRBJ1-6*01,1
1251,CASRRDRFPVNSHLHF,TRBV7-8*03,None,TRBJ1-6*01,1
1252,CASRRDRFPVKSPLHF,TRBV7-8*03,None,TRBJ1-6*02,1
1253,CASRRDRFPITSPLHF,TRBV7-8*03,None,TRBJ1-6*01,1
1254,CASRRDRFPINSPLHF,TRBV7-8*03,None,TRBJ1-6*01,1
1255,CASRRDLFPVNSPLHF,TRBV7-8*01,None,TRBJ1-6*01,1
1256,CASRRDHFPVNSPLHF,TRBV7-8*03,None,TRBJ1-6*01,1
1257,CASRRDGFPVNSPLHF,TRBV7-8*03,None,TRBJ1-6*01,1
1258,CASRQERFPVNSPLHF,TRBV7-8*03,None,TRBJ1-6*01,1
1259,CASRQDRFPVNSPLHF,TRBV7-8*03,None,TRBJ1-6*01,1
1260,CASRQDRFPANSPLHF,TRBV7-8*02,None,TRBJ1-6*01,1
1261,CASRLVRFPGNSPLHF,TRBV11-2*02,None,TRBJ1-6*01,1
1262,CASRLSTCSVNYGFTF,TRBV12-4*02,None,TRBJ1-2*01,1
1263,CASRLNRFPVNSPLHF,TRBV7-8*03,None,TRBJ1-6*01,1
1264,CASRRDRFPVNSPPHF,TRBV7-8*03,None,TRBJ1-6*01,1
1265,CASRRDRFPVSSPLHF,TRBV7-8*03,None,TRBJ1-6*01,1
1266,CASRRDRFPVTSPLHF,TRBV7-8*03,None,TRBJ1-6*01,1
1267,CASRRERFPVHSPLHF,TRBV11-2*03,None,TRBJ1-6*01,1
1268,CASRSDHFPVNSPLHF,TRBV7-8*03,None,TRBJ1-6*01,1
1269,CASRSDCFPVNSPLHF,TRBV2*02,None,TRBJ1-6*01,1
1270,CASRRYRFPVDSPLHF,TRBV7-8*02,None,TRBJ1-6*01,1
1271,CASRRVRFPVNSPLHF,TRBV7-3*05,None,TRBJ1-6*01,1
1272,CASRRTGSFYEAFF,TRBV6-6*03,None,TRBJ1-1*01,1
1273,CASRRTGSFYEAFF,TRBV27*01,None,TRBJ1-1*01,1
1274,CASRRSRFPVNSPLHF,TRBV7-8*03,None,TRBJ1-6*01,1
1275,CASRRHRFPVNSPLHF,TRBV7-8*03,None,TRBJ1-6*01,1
1276,CASRRERFPVNTPLHF,TRBV7-8*03,None,TRBJ1-6*01,1
1277,CASRRERFPVNSPLHF,TRBV7-3*04,None,TRBJ1-6*01,1
1278,CASRRERFPLNSPLHF,TRBV7-8*03,None,TRBJ1-6*01,1
1279,CASRRDRFQVNSPLHF,TRBV7-8*03,None,TRBJ1-6*01,1
1280,CASRRDRYPVNSPLHF,TRBV7-9*02,None,TRBJ1-6*01,1
1281,CASRRDRVPVNSPLLF,TRBV7-8*03,None,TRBJ1-6*01,1
1282,CASRRDRVPVNSPLHF,TRBV7-8*03,None,TRBJ1-6*01,1
1283,CASRRDRVPVNEPLYF,TRBV7-8*03,None,TRBJ1-6*01,1
1284,CASRRDRSPVNSPLHF,TRBV7-8*03,None,TRBJ1-6*01,1
1285,CASRRDRNPVNSPLHF,TRBV7-8*03,None,TRBJ1-6*01,1
1286,CASRRDRLPVNSPLHF,TRBV7-8*03,None,TRBJ1-6*01,1
1287,CASRRDRIPVNSPLHF,TRBV7-8*03,None,TRBJ1-6*01,1
1288,CASRRDRIPENSPLHF,TRBV7-3*04,None,TRBJ1-6*01,1
1289,CASRRDRFSVNSPLHF,TRBV7-8*03,None,TRBJ1-6*01,1
1290,CASRADRFPVNSPLHF,TRBV7-8*03,None,TRBJ1-6*01,1
1291,CASQLWISVVDTKYF,TRBV13*02,None,TRBJ2-3*01,1
1292,CASRWASFSGTSRLHF,TRBV11-3*02,None,TRBJ1-6*01,1
1293,CARQEDNFPENSPLHF,TRBV5-4*03,None,TRBJ1-6*01,1
1294,CARGWDRFSVNSPLNF,TRBV7-8*03,None,TRBJ1-6*01,1
1295,CARGCERFPVNSPLHF,TRBV7-8*03,None,TRBJ1-6*01,1
1296,CANSYHANTGELFF,TRBV6-5*01,None,TRBJ2-2*01,1
1297,CANRWDRFQVNSPLHF,TRBV7-8*03,None,TRBJ1-6*01,1
1298,CANRWDRFPVNSTLHF,TRBV7-8*03,None,TRBJ1-6*01,1
1299,CANRWDRFPVNSPPHF,TRBV7-8*03,None,TRBJ1-6*01,1
1300,CANRWDRFPVNSPLYF,TRBV7-8*03,None,TRBJ1-6*01,1
1301,CANRWDRFPVNSPLRF,TRBV7-8*03,None,TRBJ1-6*01,1
1302,CANRWDRFPVNSPLNF,TRBV7-8*03,None,TRBJ1-6*01,1
1303,CANRWDRFPVNSPLHF,TRBV7-8*01,None,TRBJ1-6*01,1
1304,CANRWDRFPVNSPLHF,TRBV7-3*05,None,TRBJ1-6*01,1
1305,CANRWDRFPVNSPFHF,TRBV7-8*03,None,TRBJ1-6*01,1
1306,CANRWDRFPVNSHLHF,TRBV7-8*03,None,TRBJ1-6*01,1
1307,CANRWDRFPVNLPLHF,TRBV7-8*03,None,TRBJ1-6*01,1
1308,CANRWDRFPANSPLHF,TRBV7-8*03,None,TRBJ1-6*01,1
1309,CANRWDRFLVNSPIHF,TRBV7-8*03,None,TRBJ1-6*01,1
1310,CANRWDGFPVNSPLHF,TRBV7-8*03,None,TRBJ1-6*01,1
1311,CANRWDCFPVNSPLHF,TRBV7-3*04,None,TRBJ1-6*01,1
1312,CANRRDRFPVNSPLHF,TRBV7-8*03,None,TRBJ1-6*01,1
1313,CANRGDRFPVNSPLHF,TRBV7-8*03,None,TRBJ1-6*01,1
1314,CANIWDSCPVNSPLHF,TRBV7-8*03,None,TRBJ1-6*01,1
1315,CALSPPGGASKIIF,TRBV2*02,None,TRBJ1-1*01,1
1316,CALSGDYRNEQFF,TRBV30*04,None,TRBJ2-1*01,1
1317,CARGWDRVPANSPHHF,TRBV7-9*04,None,TRBJ1-6*01,1
1318,CARRCARFQVNSPLHF,TRBV7-8*03,None,TRBJ1-6*01,1
1319,CASNFTTRETQYF,TRBV19*03,None,TRBJ2-5*01,1
1320,CARRCDRFPVNSPLHF,TRBV7-8*03,None,TRBJ1-6*01,1
1321,CARRWDRFPVNSPIHF,TRBV7-8*03,None,TRBJ1-6*01,1
1322,CARRWDRFPVNSHLHF,TRBV7-8*03,None,TRBJ1-6*01,1
1323,CARRWDRFPVNPPLHF,TRBV11-3*02,None,TRBJ1-6*01,1
1324,CARRWDRFPVNAPLHF,TRBV11-3*02,None,TRBJ1-6*01,1
1325,CARRWDRFPVMSPLLF,TRBV7-8*03,None,TRBJ1-6*01,1
1326,CARRWDRFPVKSALHF,TRBV7-8*03,None,TRBJ1-6*01,1
1327,CARRWDRFPLNSHLHF,TRBV7-7*02,None,TRBJ1-6*01,1
1328,CARRWDRFPINSPLHF,TRBV7-8*03,None,TRBJ1-6*01,1
1329,CARRWDRFPANSPLHF,TRBV7-8*03,None,TRBJ1-6*01,1
1330,CARRWDRFLVNSPLHF,TRBV7-8*03,None,TRBJ1-6*01,1
1331,CARRWDGFPVNSPLHF,TRBV7-8*03,None,TRBJ1-6*02,1
1332,CARRWDGFPVNSPLHF,TRBV7-8*03,None,TRBJ1-6*01,1
1333,CARRWDCFPVNSPLHF,TRBV7-8*03,None,TRBJ1-6*01,1
1334,CARRWARFPVNTPLPF,TRBV7-8*03,None,TRBJ1-6*01,1
1335,CARRWARFPVNSRLHF,TRBV7-8*03,None,TRBJ1-6*01,1
1336,CARRWARFPLNSPLQF,TRBV7-8*03,None,TRBJ1-6*01,1
1337,CARRWAGFPVNSPLHF,TRBV11-2*03,None,TRBJ1-6*01,1
1338,CARRTGSEQYF,TRBV6-6*05,None,TRBJ2-7*01,1
1339,CARRSDRFPVNSTLHF,TRBV7-8*03,None,TRBJ1-6*01,1
1340,CARRRYRSPVKSPLHF,TRBV7-8*03,None,TRBJ1-6*01,1
1341,CARRLDRFPVNSPLHF,TRBV7-8*03,None,TRBJ1-6*01,1
1342,CARRLDRFPVNSPLHF,TRBV7-3*04,None,TRBJ1-6*01,1
1343,CARRFLAANTEVFF,TRBV6-6*05,None,TRBJ1-1*01,1
1344,CAITWDRFPVNSPLHF,TRBV7-8*03,None,TRBJ1-6*01,1
1345,CAISRDRLPEKSPLPF,TRBV5-7*01,None,TRBJ1-6*01,1
1346,CAISFSVGPSYEQYF,TRBV14*02,None,TRBJ2-7*01,1
1347,CAISFSTYSTNYGYTF,TRBV10-3*02,None,TRBJ1-2*01,1
1348,CAGRWNRFPVNSPLHF,TRBV4-1*01,None,TRBJ1-6*01,1
1349,CAGRWDSFPVNSPLHF,TRBV7-8*03,None,TRBJ1-6*01,1
1350,CAGRWDRSPVNSPLHF,TRBV7-8*03,None,TRBJ1-6*01,1
1351,CAGRWDRSPVNSPLHF,TRBV7-3*04,None,TRBJ1-6*01,1
1352,CAGRWDRFPVNSPLRF,TRBV7-8*03,None,TRBJ1-6*01,1
1353,CAGRWDRFPVNSPLHF,TRBV7-8*03,None,TRBJ1-6*02,1
1354,CAGRWDRFPVNSPLHF,TRBV7-8*01,None,TRBJ1-6*01,1
1355,CAGRWDRFPVNSPLHF,TRBV7-3*04,None,TRBJ1-6*01,1
1356,CAGRWDRFPVNSPLHF,TRBV11-3*02,None,TRBJ1-6*01,1
1357,CAGRWDRFPVNSPLHF,TRBV11-2*02,None,TRBJ1-6*01,1
1358,CAGRWDRFPVKSPIHF,TRBV7-8*03,None,TRBJ1-6*01,1
1359,CAGRWDRFPLNSPLHF,TRBV7-8*03,None,TRBJ1-6*01,1
1360,CAGRWDRFLVNSPLHF,TRBV7-8*03,None,TRBJ1-6*01,1
1361,CAGRSDRFPVNSPLHF,TRBV7-8*03,None,TRBJ1-6*01,1
1362,CAGRLDRFPVNSLLHF,TRBV28*01,None,TRBJ1-6*01,1
1363,CAGLGGQRAQNLIF,TRBV28*01,None,TRBJ1-1*01,1
1364,CAGGQLEATETQYF,TRBV10-2*01,None,TRBJ2-5*01,1
1365,CACSWDRFPVNSPLHF,TRBV7-8*03,None,TRBJ1-6*01,1
1366,CACRWYRFPENSPLHF,TRBV7-8*03,None,TRBJ1-6*01,1
1367,CACRWDRFTVKSPLLF,TRBV7-8*03,None,TRBJ1-6*01,1
1368,CACRWDRFPVNSPLHF,TRBV7-3*04,None,TRBJ1-6*01,1
1369,CACRWDRFLVNSPLHF,TRBV7-8*03,None,TRBJ1-6*01,1
1370,CACRWDFFRVNSPLHF,TRBV7-3*04,None,TRBJ1-6*01,1
1371,CAGRWVRFPVNSPLHF,TRBV7-8*03,None,TRBJ1-6*01,1
1372,CAGRYDRLPVNSPLHF,TRBV7-8*03,None,TRBJ1-6*01,1
1373,CAGSWHRFPVNSPLHF,TRBV28*01,None,TRBJ1-6*01,1
1374,CAIRWDRFPVNSPLHF,TRBV7-3*04,None,TRBJ1-6*01,1
1375,CAISETPWQETQSTDTQYF,TRBV10-3*01,None,TRBJ2-3*01,1
1376,CAIRWYRFPVNSPLHF,TRBV7-8*03,None,TRBJ1-6*01,1
1377,CAIRWERVPVKSPLHF,TRBV7-8*03,None,TRBJ1-6*01,1
1378,CAIRWDRYPVNSPLHF,TRBV7-8*03,None,TRBJ1-6*01,1
1379,CAIRWDRSPVNSPLHF,TRBV7-8*03,None,TRBJ1-6*01,1
1380,CAIRWDRLPINSPLHF,TRBV7-8*03,None,TRBJ1-6*01,1
1381,CAIRWDRFTVKSPIHF,TRBV7-8*03,None,TRBJ1-6*01,1
1382,CAIRWDRFTVHSPLHF,TRBV7-8*03,None,TRBJ1-6*01,1
1383,CAIRWDRFPVNSRLHF,TRBV7-8*03,None,TRBJ1-6*01,1
1384,CAIRWDRFPVNSPLRF,TRBV7-8*03,None,TRBJ1-6*01,1
1385,CAIRWDRFPVNSPLHF,TRBV11-2*03,None,TRBJ1-6*02,1
1386,CAHQCDRFPVNSPLHF,TRBV5-3*02,None,TRBJ1-6*01,1
1387,CAIRWDRFPVNSALHF,TRBV7-8*03,None,TRBJ1-6*01,1
1388,CAIRWDRFPVNPPLHF,TRBV7-8*03,None,TRBJ1-6*01,1
1389,CAIRWDRFPVNLPLHF,TRBV7-8*03,None,TRBJ1-6*01,1
1390,CAIRWDRFPVNAPLHF,TRBV7-8*03,None,TRBJ1-6*01,1
1391,CAIRWDRFPGNSPLHF,TRBV7-8*03,None,TRBJ1-6*01,1
1392,CAIRWARFPKNSPLHF,TRBV11-3*02,None,TRBJ1-6*01,1
1393,CAIRGVRFPVNSPLHF,TRBV7-8*03,None,TRBJ1-6*01,1
1394,CAIRCYLFPINSPLNF,TRBV7-8*03,None,TRBJ1-6*02,1
1395,CAIRCDRFPVNSHLSF,TRBV7-8*03,None,TRBJ1-6*01,1
1396,CAIRCDRFPANSPLHF,TRBV7-9*06,None,TRBJ1-6*01,1
1397,CARRWDRFPVNSPLCF,TRBV7-8*03,None,TRBJ1-6*01,1
1398,CARRWDRFPVNSPLHF,TRBV11-2*03,None,TRBJ1-6*01,1
1399,CARRWDRFPVNSPLHF,TRBV28*01,None,TRBJ1-6*01,1
1400,CASGWDRFPVNSSLHF,TRBV7-8*03,None,TRBJ1-6*01,1
1401,CASIWDRLPVNSRLHF,TRBV4-3*01,None,TRBJ1-6*01,1
1402,CASIWDRLPVNSPLHF,TRBV7-8*03,None,TRBJ1-6*01,1
1403,CASIWDRFQLKSPLHF,TRBV7-8*03,None,TRBJ1-6*01,1
1404,CASIWDRFPVTSPLNF,TRBV7-8*03,None,TRBJ1-6*01,1
1405,CASIWDRFPVNSPLHF,TRBV7-4*01,None,TRBJ1-6*01,1
1406,CASIWDRFPVNSPLHF,TRBV7-3*05,None,TRBJ1-6*01,1
1407,CASIWDRFPVNSPIHF,TRBV7-8*03,None,TRBJ1-6*01,1
1408,CASIWDRFPVNSPFHF,TRBV7-8*03,None,TRBJ1-6*01,1
1409,CASIWDRFPVNSPFHF,TRBV7-8*02,None,TRBJ1-6*01,1
1410,CASIWDRFPVNSALHF,TRBV7-8*03,None,TRBJ1-6*01,1
1411,CASIWDRFPVNPPLHF,TRBV7-8*01,None,TRBJ1-6*01,1
1412,CASIWDRFPVNPPLHF,TRBV11-3*02,None,TRBJ1-6*01,1
1413,CASIWDRFPVDSPLHF,TRBV7-8*03,None,TRBJ1-6*01,1
1414,CASIWDRFPGNSPIYF,TRBV7-8*03,None,TRBJ1-6*01,1
1415,CASIWDPFPVNSPIHF,TRBV7-8*01,None,TRBJ1-6*01,1
1416,CASIWDPFPVNPPLHF,TRBV7-8*03,None,TRBJ1-6*01,1
1417,CASIWDLFPVNSPLHF,TRBV7-8*03,None,TRBJ1-6*01,1
1418,CASISDRFPENSPLHF,TRBV11-3*02,None,TRBJ1-6*01,1
1419,CASIRRQRNTQYF,TRBV28*01,None,TRBJ2-5*01,1
1420,CASIRDRFPVNSPLHF,TRBV7-8*03,None,TRBJ1-6*01,1
1421,CASICYCFPIISPIHF,TRBV7-9*07,None,TRBJ1-6*01,1
1422,CASGWDRVPVNSPLHF,TRBV7-8*03,None,TRBJ1-6*01,1
1423,CASGWDRFPVNTPLHF,TRBV7-3*04,None,TRBJ1-6*01,1
1424,CASIWEPVPENSPLPF,TRBV7-4*01,None,TRBJ1-6*01,1
1425,CASIWERIPVNSPLHF,TRBV7-8*03,None,TRBJ1-6*01,1
1426,CASIWGRFPVKSPLHF,TRBV7-8*03,None,TRBJ1-6*01,1
1427,CASKWDRFPVNSPVHF,TRBV7-8*03,None,TRBJ1-6*01,1
1428,CASMWDRSPVNSPLHF,TRBV7-3*04,None,TRBJ1-6*01,1
1429,CASLWDRFPVNSPLHF,TRBV7-8*03,None,TRBJ1-6*01,1
1430,CASKWVRFPVNSPLHF,TRBV7-8*03,None,TRBJ1-6*01,1
1431,CASKWERFPVNSPLHF,TRBV7-8*03,None,TRBJ1-6*01,1
1432,CASKWDRSPVNSPLHF,TRBV7-8*03,None,TRBJ1-6*01,1
1433,CASKWDRLPVNSPLHF,TRBV7-8*03,None,TRBJ1-6*01,1
1434,CASKWDRILVDSPLHF,TRBV7-8*03,None,TRBJ1-6*01,1
1435,CASKWDRFRVNSPLHF,TRBV7-8*03,None,TRBJ1-6*01,1
1436,CASKWDRFPVSSPLHF,TRBV7-8*03,None,TRBJ1-6*01,1
1437,CASKWDRFPVNTPLHF,TRBV7-8*03,None,TRBJ1-6*01,1
1438,CASKWDRFPVNPPLHF,TRBV7-8*03,None,TRBJ1-6*01,1
1439,CASIWHRFPVNSPIHF,TRBV7-8*03,None,TRBJ1-6*01,1
1440,CASKWDRFPLNSPLHF,TRBV7-8*03,None,TRBJ1-6*01,1
1441,CASKWDGFPVNSPIHF,TRBV7-8*03,None,TRBJ1-6*01,1
1442,CASKWARFPVNSPLHF,TRBV7-8*03,None,TRBJ1-6*01,1
1443,CASKPGTSVVDTQYF,TRBV12-4*01,TRBD2*01,TRBJ2-3*01,1
1444,CASKPGTSVVDTQYF,TRBV12-3*01,TRBD2*02,TRBJ2-3*01,1
1445,CASKPGTSVVDKQYF,TRBV12-4*02,TRBD2*02,TRBJ2-3*01,1
1446,CASKCDRFPVNTAHYF,TRBV7-8*03,None,TRBJ1-6*01,1
1447,CASIWYRVPVNSPLHF,TRBV7-8*03,None,TRBJ1-6*01,1
1448,CASIWYCTPEKSPLHF,TRBV7-8*03,None,TRBJ1-6*01,1
1449,CASIWVRFPVNSTLHF,TRBV7-8*03,None,TRBJ1-6*01,1
1450,CASGWDRFPVNSTLHF,TRBV7-8*03,None,TRBJ1-6*01,1
1451,CASGWDRFPVNSPLHF,TRBV7-8*03,None,TRBJ1-6*02,1
1452,CARRWDRFPVNSPLHF,TRBV7-3*05,None,TRBJ1-6*01,1
1453,CASGWDRFPVNSPLHF,TRBV7-8*02,None,TRBJ1-6*01,1
1454,CARRWDSFPVNSPLHF,TRBV7-8*03,None,TRBJ1-6*02,1
1455,CARRWDSFPVNSPLHF,TRBV7-8*03,None,TRBJ1-6*01,1
1456,CARRWDRVRVNSPLHF,TRBV7-8*03,None,TRBJ1-6*01,1
1457,CARRWDRVPVNSPLHF,TRBV7-2*02,None,TRBJ1-6*01,1
1458,CARRWDRTPVNSPLHF,TRBV7-8*03,None,TRBJ1-6*01,1
1459,CARRWDRTLVNSPLHF,TRBV7-2*01,None,TRBJ1-6*01,1
1460,CARRWDRSPVNSPLHF,TRBV7-8*03,None,TRBJ1-6*02,1
1461,CARRWDRSPVNSPLHF,TRBV7-8*03,None,TRBJ1-6*01,1
1462,CARRWDRSPVNSHLHF,TRBV11-2*01,None,TRBJ1-6*01,1
1463,CARRWDRLPVNSALHF,TRBV7-8*03,None,TRBJ1-6*01,1
1464,CARRWDRLPENSPLHF,TRBV7-2*04,None,TRBJ1-6*01,1
1465,CARRWDRIPVNSPLHF,TRBV7-8*03,None,TRBJ1-6*01,1
1466,CARRWDRFTVNSPLHF,TRBV5-8*02,None,TRBJ1-6*01,1
1467,CARRWDRFSVNSPLHF,TRBV7-8*03,None,TRBJ1-6*01,1
1468,CARRWDRFQVNSPLHF,TRBV7-8*03,None,TRBJ1-6*01,1
1469,CARRWDRFPVTSPLHF,TRBV7-8*03,None,TRBJ1-6*01,1
1470,CARRWDRFPVNSSLHF,TRBV7-8*03,None,TRBJ1-6*01,1
1471,CARRWDRFPVNSRLHF,TRBV5-3*02,None,TRBJ1-6*01,1
1472,CARRWDRFPVNSPPHF,TRBV7-8*03,None,TRBJ1-6*01,1
1473,CARRWDRFPVNSPLPF,TRBV7-8*03,None,TRBJ1-6*01,1
1474,CARRWDRFPVNSPLNF,TRBV7-8*03,None,TRBJ1-6*01,1
1475,CARRWDRFPVNSPLLF,TRBV7-3*04,None,TRBJ1-6*02,1
1476,CARRWDRFPVNSPLHF,TRBV7-8*03,None,TRBJ1-6*02,1
1477,CARRWERFPLNSTISF,TRBV7-2*02,None,TRBJ1-6*01,1
1478,CARRWGRFPVNLPLHF,TRBV7-8*03,None,TRBJ1-6*01,1
1479,CARRWHIFPVNSPLHF,TRBV7-8*03,None,TRBJ1-6*01,1
1480,CASGCERFPVNSPLHF,TRBV7-3*04,None,TRBJ1-6*01,1
1481,CASGWDRFPVNSPLHF,TRBV11-2*03,None,TRBJ1-6*01,1
1482,CASGWDRFPINSPLHF,TRBV7-8*03,None,TRBJ1-6*01,1
1483,CASGWDRFLVNSPLHF,TRBV7-8*03,None,TRBJ1-6*01,1
1484,CASGWDLFPVNSPLHF,TRBV7-8*03,None,TRBJ1-6*01,1
1485,CASGWDCFPVNSPLHF,TRBV7-8*03,None,TRBJ1-6*01,1
1486,CASGLDRFPVNSPLHF,TRBV7-8*03,None,TRBJ1-6*01,1
1487,CASGGDRFPVNSPLHF,TRBV11-2*02,None,TRBJ1-6*01,1
1488,CASGFSTCGANYGYTF,TRBV9*03,None,TRBJ1-2*01,1
1489,CASGERGDTETQYF,TRBV10-2*01,None,TRBJ2-5*01,1
1490,CASGERGATETQYF,TRBV10-2*01,None,TRBJ2-7*01,1
1491,CASCWDRVPVTSVLHF,TRBV7-3*01,None,TRBJ1-6*01,1
1492,CARRWYSFPVNSPLHF,TRBV7-8*03,None,TRBJ1-6*01,1
1493,CARWDRVPVNSPLHF,TRBV7-8*03,None,TRBJ1-6*01,1
1494,CARWDRFPLNSPLHF,TRBV7-8*03,None,TRBJ1-6*01,1
1495,CARTWDRSPVNSPLHF,TRBV19*02,None,TRBJ1-6*01,1
1496,CARSWDRVPVNSPLHF,TRBV7-8*03,None,TRBJ1-6*01,1
1497,CARSWDRFQVNSNLHF,TRBV11-2*02,None,TRBJ1-6*01,1
1498,CARSWDRFPVNSPLHF,TRBV7-8*03,None,TRBJ1-6*01,1
1499,CARSWDRFPVNSHLHF,TRBV7-8*03,None,TRBJ1-6*01,1
1500,CARSWDRFLENSPLHF,TRBV5-3*02,None,TRBJ1-6*01,1
1501,CARSGDYRNEQFF,TRBV30*04,None,TRBJ2-1*01,1
1502,CARSFSTCSANYGYTF,TRBV12-4*02,None,TRBJ1-2*01,1
1503,CASRWARVPVNSPLHF,TRBV7-8*03,None,TRBJ1-6*01,1
1504,CASRWASFTVNSPLHF,TRBV7-8*03,None,TRBJ1-6*01,1
1505,CASRWDRFTVNSPLRF,TRBV7-8*01,None,TRBJ1-6*01,1
1506,CASRWDRFPVNSPLHF,TRBV4-3*02,None,TRBJ1-6*02,1
1507,CASRWDRFPVNSPLHF,TRBV4-1*01,None,TRBJ1-6*01,1
1508,CASRWDRFPVNSPLHF,TRBV25-1*01,None,TRBJ1-6*01,1
1509,CASRWDRFPVNSPLHF,TRBV2*02,None,TRBJ1-6*02,1
1510,CASRWDRFPVNSPLGF,TRBV7-8*03,None,TRBJ1-6*01,1
1511,CASRWDRFPVNSPLDF,TRBV7-3*04,None,TRBJ1-6*01,1
1512,CASRWDRFPVNSPLAF,TRBV7-8*03,None,TRBJ1-6*01,1
1513,CASRWDRFPVNSPINF,TRBV7-8*03,None,TRBJ1-6*01,1
1514,CASRWDRFPVNSPIHF,TRBV7-3*04,None,TRBJ1-6*01,1
1515,CASRWDRFPVNSPIHF,TRBV5-5*02,None,TRBJ1-6*01,1
1516,CASRWDRFPVNSPIHF,TRBV11-3*02,None,TRBJ1-6*01,1
1517,CASRWDRFPVNSPIHF,TRBV11-2*03,None,TRBJ1-6*01,1
1518,CASRWDRFPVNSPHYF,TRBV7-8*03,None,TRBJ1-6*01,1
1519,CASRWDRFPVNSPHRF,TRBV7-8*03,None,TRBJ1-6*01,1
1520,CASRWDRFPVNSPHHF,TRBV7-3*04,None,TRBJ1-6*01,1
1521,CASRWDRFPVNSPHHF,TRBV7-2*04,None,TRBJ1-6*01,1
1522,CASRWDRFPVNSPHHF,TRBV7-2*02,None,TRBJ1-6*01,1
1523,CASRWDRFPVNSPFNF,TRBV7-8*03,None,TRBJ1-6*01,1
1524,CASRWDRFPVNSPFHF,TRBV7-3*05,None,TRBJ1-6*01,1
1525,CASRWDRFPVNSPFHF,TRBV7-3*01,None,TRBJ1-6*01,1
1526,CASRWDRFPVNSNLHF,TRBV11-3*02,None,TRBJ1-6*01,1
1527,CASRWDRFPVNSLLRF,TRBV7-8*03,None,TRBJ1-6*01,1
1528,CASRWDRFPVNSLLPF,TRBV7-8*03,None,TRBJ1-6*01,1
1529,CASRWDRFPVNSLLHF,TRBV7-4*01,None,TRBJ1-6*01,1
1530,CASRWDRFPVNSPLHF,TRBV4-2*01,None,TRBJ1-6*01,1
1531,CASRWDRFPVNSPLHF,TRBV5-8*01,None,TRBJ1-6*01,1
1532,CASRWDRFPVKSLLHF,TRBV7-8*03,None,TRBJ1-6*01,1
1533,CASRWDRFPVNSPLHF,TRBV7-1*01,None,TRBJ1-6*02,1
1534,CASRWDRFPVNSPLRF,TRBV11-2*02,None,TRBJ1-6*01,1
1535,CASRWDRFPVNSPLRF,TRBV11-1*01,None,TRBJ1-6*01,1
1536,CASRWDRFPVNSPLQF,TRBV4-1*02,None,TRBJ1-6*01,1
1537,CASRWDRFPVNSPLPF,TRBV7-9*04,None,TRBJ1-6*01,1
1538,CASRWDRFPVNSPLPF,TRBV7-3*05,None,TRBJ1-6*01,1
1539,CASRWDRFPVNSPLPF,TRBV7-3*04,None,TRBJ1-6*01,1
1540,CASRWDRFPVNSPLPF,TRBV5-8*01,None,TRBJ1-6*01,1
1541,CASRWDRFPVNSPLPF,TRBV11-2*03,None,TRBJ1-6*01,1
1542,CASRWDRFPVNSPLNF,TRBV7-9*04,None,TRBJ1-6*01,1
1543,CASRWDRFPVNSPLNF,TRBV7-8*03,None,TRBJ2-7*01,1
1544,CASRWDRFPVNSPLNF,TRBV7-8*02,None,TRBJ1-6*01,1
1545,CASRWDRFPVNSPLNF,TRBV7-3*04,None,TRBJ1-6*01,1
1546,CASRWDRFPVNSPLNF,TRBV7-3*03,None,TRBJ1-6*01,1
1547,CASRWDRFPVNSPLNF,TRBV7-3*01,None,TRBJ1-6*01,1
1548,CASRWDRFPVNSPLNF,TRBV7-2*01,None,TRBJ1-6*01,1
1549,CASRWDRFPVNSPLNF,TRBV5-4*04,None,TRBJ1-6*01,1
1550,CASRWDRFPVNSPLLF,TRBV7-8*03,None,TRBJ1-6*02,1
1551,CASRWDRFPVNSPLLF,TRBV7-8*02,None,TRBJ1-6*02,1
1552,CASRWDRFPVNSPLLF,TRBV7-2*02,None,TRBJ1-6*01,1
1553,CASRWDRFPVNSPLHF,TRBV7-8*02,None,TRBJ2-7*01,1
1554,CASRWDRFPVNSPLHF,TRBV7-8*02,None,TRBJ1-6*02,1
1555,CASRWDRFPVNSPLHF,TRBV7-8*01,None,TRBJ1-6*02,1
1556,CASRWDRFPVNSPLHF,TRBV7-2*04,None,TRBJ1-6*02,1
1557,CASRWDRFPVNSLLHF,TRBV7-3*04,None,TRBJ1-6*01,1
1558,CASRWDRFPVNSLLHF,TRBV7-2*04,None,TRBJ1-6*01,1
1559,CASRWDRFPVNSLIHF,TRBV7-8*03,None,TRBJ1-6*01,1
1560,CASRWDRFPVNSIRHF,TRBV7-3*05,None,TRBJ1-6*01,1
1561,CASRWDRFPVNLPLYF,TRBV7-8*03,None,TRBJ1-6*01,1
1562,CASRWDRFPVNLPLYF,TRBV7-3*04,None,TRBJ1-6*01,1
1563,CASRWDRFPVNLPLLF,TRBV7-8*03,None,TRBJ1-6*01,1
1564,CASRWDRFPVNLPLHF,TRBV7-9*07,None,TRBJ1-6*01,1
1565,CASRWDRFPVNLPLHF,TRBV7-3*04,None,TRBJ1-6*01,1
1566,CASRWDRFPVNLPLHF,TRBV4-3*02,None,TRBJ1-6*01,1
1567,CASRWDRFPVNLPLHF,TRBV25-1*01,None,TRBJ1-6*01,1
1568,CASRWDRFPVNLPLHF,TRBV11-2*03,None,TRBJ1-6*01,1
1569,CASRWDRFPVNEPLHF,TRBV7-8*03,None,TRBJ1-6*01,1
1570,CASRWDRFPVNAPRHF,TRBV7-8*03,None,TRBJ1-6*01,1
1571,CASRWDRFPVNAPLFF,TRBV7-8*03,None,TRBJ1-6*01,1
1572,CASRWDRFPVNAPIHF,TRBV7-8*03,None,TRBJ1-6*01,1
1573,CASRWDRFPVNAPHHF,TRBV7-8*03,None,TRBJ1-6*01,1
1574,CASRWDRFPVNAPHHF,TRBV7-7*01,None,TRBJ1-6*01,1
1575,CASRWDRFPVNAHLHF,TRBV7-8*03,None,TRBJ1-6*01,1
1576,CASRWDRFPVKTPRHF,TRBV7-8*03,None,TRBJ1-6*01,1
1577,CASRWDRFPVKTPLPF,TRBV7-8*03,None,TRBJ1-6*01,1
1578,CASRWDRFPVKSRLHF,TRBV7-7*02,None,TRBJ1-6*01,1
1579,CASRWDRFPVKSPPNF,TRBV7-8*03,None,TRBJ1-6*01,1
1580,CASRWDRFPVKSPLRF,TRBV7-8*03,None,TRBJ1-6*01,1
1581,CASRWDRFPVKSPLPF,TRBV7-8*03,None,TRBJ1-6*01,1
1582,CASRWDRFPVKSPLHF,TRBV7-3*04,None,TRBJ1-6*01,1
1583,CASRWDRFPVKSPLHF,TRBV11-3*02,None,TRBJ1-6*01,1
1584,CASRWDRFPVNLRLHF,TRBV7-8*03,None,TRBJ1-6*01,1
1585,CASRWDRFPVNPLLHF,TRBV7-8*03,None,TRBJ1-6*02,1
1586,CASRWDRFPVNPPLHF,TRBV11-3*02,None,TRBJ1-6*01,1
1587,CASRWDRFPVNSALPF,TRBV7-1*01,None,TRBJ1-6*01,1
1588,CASRWDRFPVNSHLYF,TRBV30*05,None,TRBJ1-6*01,1
1589,CASRWDRFPVNSHLHF,TRBV7-8*03,None,TRBJ1-6*02,1
1590,CASRWDRFPVNSHLHF,TRBV7-8*01,None,TRBJ1-6*01,1
1591,CASRWDRFPVNSHLHF,TRBV7-3*05,None,TRBJ1-6*01,1
1592,CASRWDRFPVNSHLHF,TRBV7-3*04,None,TRBJ1-6*01,1
1593,CASRWDRFPVNSHLHF,TRBV7-2*04,None,TRBJ1-6*01,1
1594,CASRWDRFPVNSHLHF,TRBV11-2*03,None,TRBJ1-6*01,1
1595,CASRWDRFPVNSHLHF,TRBV11-1*01,None,TRBJ1-6*01,1
1596,CASRWDRFPVNSHIHF,TRBV7-8*03,None,TRBJ1-6*01,1
1597,CASRWDRFPVNSFLHF,TRBV7-8*03,None,TRBJ1-6*01,1
1598,CASRWDRFPVNSALHF,TRBV5-7*01,None,TRBJ1-6*01,1
1599,CASRWDRFPVNPPLHF,TRBV7-2*02,None,TRBJ1-6*01,1
1600,CASRWDRFPVNSAHHF,TRBV7-8*03,None,TRBJ1-6*01,1
1601,CASRWDRFPVNQPLNF,TRBV7-8*03,None,TRBJ1-6*01,1
1602,CASRWDRFPVNQPLHF,TRBV7-8*03,None,TRBJ1-6*01,1
1603,CASRWDRFPVNQHLHF,TRBV7-8*03,None,TRBJ1-6*01,1
1604,CASRWDRFPVNPTLHF,TRBV7-8*03,None,TRBJ1-6*01,1
1605,CASRWDRFPVNPPPHF,TRBV7-8*03,None,TRBJ1-6*01,1
1606,CASRWDRFPVNPPLYF,TRBV7-8*03,None,TRBJ1-6*01,1
1607,CASRWDRFPVNPPLQF,TRBV7-8*03,None,TRBJ1-6*01,1
1608,CASRWDRFPVNPPLPF,TRBV11-3*01,None,TRBJ1-6*01,1
1609,CASRWDRFPVNPPLHF,TRBV7-4*01,None,TRBJ1-6*01,1
1610,CASRWDRFPVNSPLRF,TRBV11-3*02,None,TRBJ1-6*01,1
1611,CASRWDRFPVNSPLRF,TRBV7-2*01,None,TRBJ1-6*01,1
1612,CASRWDRFPVNSPLRF,TRBV7-2*04,None,TRBJ1-6*01,1
1613,CASRWDRFPVTQPHHF,TRBV7-8*03,None,TRBJ1-6*01,1
1614,CASRWDRFQVTSPPHF,TRBV7-8*01,None,TRBJ1-6*01,1
1615,CASRWDRFQVNSPVHF,TRBV7-8*03,None,TRBJ1-6*01,1
1616,CASRWDRFQVNSPLNF,TRBV7-3*01,None,TRBJ1-6*01,1
1617,CASRWDRFQVNSPLLF,TRBV7-8*03,None,TRBJ1-6*01,1
1618,CASRWDRFQVNSPLHF,TRBV7-8*02,None,TRBJ1-6*01,1
1619,CASRWDRFQVNSPLHF,TRBV7-3*01,None,TRBJ1-6*01,1
1620,CASRWDRFQVNSPLDF,TRBV7-8*03,None,TRBJ1-6*01,1
1621,CASRWDRFQVNSLLNF,TRBV7-8*03,None,TRBJ1-6*01,1
1622,CASRWDRFQVNLPLHF,TRBV7-8*03,None,TRBJ1-6*01,1
1623,CASRWDRFQVKSPLHF,TRBV7-8*03,None,TRBJ1-6*01,1
1624,CASRWDRFQVISPLNF,TRBV7-8*03,None,TRBJ1-6*01,1
1625,CASRWDRFQANSPLHF,TRBV7-8*03,None,TRBJ1-6*01,1
1626,CASRWDRFPVYSTLHF,TRBV7-8*02,None,TRBJ1-6*01,1
1627,CASRWDRFPVYSRLHF,TRBV7-8*03,None,TRBJ1-6*02,1
1628,CASRWDRFPVYSPLHF,TRBV5-8*02,None,TRBJ1-6*01,1
1629,CASRWDRFPVYSPFHF,TRBV4-2*01,None,TRBJ1-6*01,1
1630,CASRWDRFPVTSPLYF,TRBV7-8*03,None,TRBJ1-6*01,1
1631,CASRWDRFPVTSPLPF,TRBV7-8*03,None,TRBJ1-6*01,1
1632,CASRWDRFPVTSPLHF,TRBV7-8*03,None,TRBJ1-6*02,1
1633,CASRWDRFPVTSPLHF,TRBV7-2*02,None,TRBJ1-6*01,1
1634,CASRWDRFPVTSPLHF,TRBV19*01,None,TRBJ1-6*01,1
1635,CASRWDRFPVTSPLDF,TRBV7-8*03,None,TRBJ1-6*01,1
1636,CASRWDRFPVTSPINF,TRBV7-8*03,None,TRBJ1-6*01,1
1637,CASRWDRFRANSPLHF,TRBV7-8*03,None,TRBJ1-6*01,1
1638,CASRWDRFRLNSPLHF,TRBV7-8*03,None,TRBJ1-6*01,1
1639,CASRWDRFRVNPPLHF,TRBV7-8*03,None,TRBJ1-6*01,1
1640,CASRWDRFSVNSPLYF,TRBV7-8*03,None,TRBJ1-6*01,1
1641,CASRWDRFTVNSPLQF,TRBV7-8*03,None,TRBJ1-6*01,1
1642,CASRWDRFTVNSPLPF,TRBV7-8*03,None,TRBJ1-6*01,1
1643,CASRWDRFTVNSPLNF,TRBV7-8*03,None,TRBJ1-6*01,1
1644,CASRWDRFTVNSPLHF,TRBV7-3*03,None,TRBJ1-6*01,1
1645,CASRWDRFTVNSPLHF,TRBV11-3*02,None,TRBJ1-6*01,1
1646,CASRWDRFTVNSGLHF,TRBV7-8*03,None,TRBJ1-6*01,1
1647,CASRWDRFTVNPPLHF,TRBV7-8*03,None,TRBJ1-6*01,1
1648,CASRWDRFTVKSPLNF,TRBV7-8*03,None,TRBJ1-6*01,1
1649,CASRWDRFTVKSPLLF,TRBV7-9*01,None,TRBJ1-6*01,1
1650,CASRWDRFTLNSPLHF,TRBV7-8*03,None,TRBJ1-6*01,1
1651,CASRWDRFSVNSPLNF,TRBV7-8*03,None,TRBJ1-6*01,1
1652,CASRWDRFRVNSPLHF,TRBV11-3*02,None,TRBJ1-6*01,1
1653,CASRWDRFSVNSPLHF,TRBV7-8*03,None,TRBJ1-6*02,1
1654,CASRWDRFSVNSPLHF,TRBV7-8*01,None,TRBJ1-6*01,1
1655,CASRWDRFSVNSPLHF,TRBV7-2*04,None,TRBJ1-6*01,1
1656,CASRWDRFSVNSPLHF,TRBV11-2*03,None,TRBJ1-6*01,1
1657,CASRWDRFSVNLPLHF,TRBV7-8*03,None,TRBJ1-6*01,1
1658,CASRWDRFSLNSPLHF,TRBV7-8*03,None,TRBJ2-7*01,1
1659,CASRWDRFSANSHLHF,TRBV7-1*01,None,TRBJ1-6*01,1
1660,CASRWDRFRVNSRLHF,TRBV7-8*03,None,TRBJ1-6*01,1
1661,CASRWDRFRVNSPLQF,TRBV7-8*03,None,TRBJ1-6*01,1
1662,CASRWDRFRVNSPLHF,TRBV7-3*05,None,TRBJ1-6*01,1
1663,CASRWDRFPVTSPFHF,TRBV7-8*03,None,TRBJ1-6*01,1
1664,CASRWDRFPVSSSLHF,TRBV7-8*03,None,TRBJ1-6*01,1
1665,CASRWDRFPVNSPLRF,TRBV7-3*04,None,TRBJ1-6*01,1
1666,CASRWDRFPVSSPRRF,TRBV7-8*03,None,TRBJ1-6*01,1
1667,CASRWDRFPVNSRLNF,TRBV7-8*03,None,TRBJ1-6*01,1
1668,CASRWDRFPVNSRLHF,TRBV7-8*03,None,TRBJ1-1*01,1
1669,CASRWDRFPVNSRLHF,TRBV7-4*01,None,TRBJ1-6*01,1
1670,CASRWDRFPVNSQLHF,TRBV7-8*03,None,TRBJ1-6*01,1
1671,CASRWDRFPVNSPVPF,TRBV7-8*03,None,TRBJ1-6*01,1
1672,CASRWDRFPVNSPVNF,TRBV7-8*03,None,TRBJ1-6*01,1
1673,CASRWDRFPVNSPTHF,TRBV7-8*03,None,TRBJ1-6*01,1
1674,CASRWDRFPVNSPRLF,TRBV7-8*03,None,TRBJ1-6*01,1
1675,CACRGDRLPVNSPLHF,TRBV7-8*03,None,TRBJ1-6*01,1
1676,CASRWDRFPVNSPRHF,TRBV7-3*05,None,TRBJ1-6*01,1
1677,CASRWDRFPVNSPRHF,TRBV11-2*02,None,TRBJ1-6*01,1
1678,CASRWDRFPVNSPQYF,TRBV7-8*03,None,TRBJ1-6*01,1
1679,CASRWDRFPVNSPPHF,TRBV7-4*01,None,TRBJ1-6*01,1
1680,CASRWDRFPVNSPPHF,TRBV7-3*05,None,TRBJ1-6*01,1
1681,CASRWDRFPVNSPPHF,TRBV7-3*04,None,TRBJ1-6*01,1
1682,CASRWDRFPVNSPPHF,TRBV11-2*02,None,TRBJ1-6*01,1
1683,CASRWDRFPVNSPLYF,TRBV7-2*04,None,TRBJ1-6*01,1
1684,CASRWDRFPVNSPLYF,TRBV5-4*04,None,TRBJ1-6*01,1
1685,CASRWDRFPVNSPLYF,TRBV11-3*02,None,TRBJ1-6*01,1
1686,CASRWDRFPVNSPLTF,TRBV7-8*03,None,TRBJ1-6*01,1
1687,CASRWDRFPVNSPLSF,TRBV7-8*03,None,TRBJ1-6*01,1
1688,CASRWDRFPVNSPLRF,TRBV7-8*03,None,TRBJ1-6*02,1
1689,CASRWDRFPVNSPLRF,TRBV7-8*03,None,TRBJ1-1*01,1
1690,CASRWDRFPVNSRLRF,TRBV7-3*04,None,TRBJ1-6*01,1
1691,CASRWDRFPVNSSLHF,TRBV11-2*03,None,TRBJ1-6*01,1
1692,CASRWDRFPVNSSLHF,TRBV7-3*05,None,TRBJ1-6*01,1
1693,CASRWDRFPVNTPLYF,TRBV7-8*03,None,TRBJ1-6*01,1
1694,CASRWDRFPVSSPLRF,TRBV7-8*03,None,TRBJ1-6*01,1
1695,CASRWDRFPVSSPLNF,TRBV7-8*03,None,TRBJ1-6*01,1
1696,CASRWDRFPVSSPLHF,TRBV7-8*02,None,TRBJ1-6*01,1
1697,CASRWDRFPVSSPLHF,TRBV11-3*02,None,TRBJ1-6*01,1
1698,CASRWDRFPVSSPINF,TRBV7-8*03,None,TRBJ1-6*01,1
1699,CASRWDRFPVSSPFHF,TRBV7-8*03,None,TRBJ1-6*01,1
1700,CASRWDRFPVQSPLHF,TRBV7-8*03,None,TRBJ1-6*01,1
1701,CASRWDRFPVNYPHHF,TRBV7-8*03,None,TRBJ1-6*01,1
1702,CASRWDRFPVNTRLHF,TRBV7-8*03,None,TRBJ1-6*01,1
1703,CASRWDRFPVNTPTHF,TRBV7-8*03,None,TRBJ1-6*01,1
1704,CASRWDRFPVNTPLHF,TRBV7-4*01,None,TRBJ1-6*01,1
1705,CASRWDRFPVNSSPHF,TRBV7-8*03,None,TRBJ1-6*01,1
1706,CASRWDRFPVNTPLHF,TRBV7-1*01,None,TRBJ1-6*01,1
1707,CASRWDRFPVNTPIHF,TRBV7-8*03,None,TRBJ1-6*01,1
1708,CASRWDRFPVNSTLYF,TRBV7-8*03,None,TRBJ1-6*01,1
1709,CASRWDRFPVNSTLRF,TRBV7-8*03,None,TRBJ1-6*01,1
1710,CASRWDRFPVNSTLNF,TRBV7-8*03,None,TRBJ1-6*01,1
1711,CASRWDRFPVNSTLHF,TRBV7-3*05,None,TRBJ1-6*01,1
1712,CASRWDRFPVNSTLHF,TRBV11-3*01,None,TRBJ1-6*01,1
1713,CASRWDRFPVNSTHHF,TRBV7-8*03,None,TRBJ1-6*01,1
1714,CASRWDRFPVNSSVHF,TRBV7-3*05,None,TRBJ1-6*01,1
1715,CASRWDRFPVNSSRHF,TRBV7-8*03,None,TRBJ1-6*01,1
1716,CASRWDRFPVKSPLHF,TRBV11-2*03,None,TRBJ1-6*01,1
1717,CASRWDRFPVKSAHHF,TRBV7-8*03,None,TRBJ1-6*01,1
1718,CASRWAVFPVKSPLHF,TRBV7-8*03,None,TRBJ1-6*01,1
1719,CASRWDRCPVNAPLHF,TRBV7-8*03,None,TRBJ1-6*01,1
1720,CASRWDRAPVNSPFLF,TRBV7-8*03,None,TRBJ1-6*01,1
1721,CASRWDQFPVNSPLHF,TRBV7-8*03,None,TRBJ1-6*01,1
1722,CASRWDPYPVNLPLHF,TRBV7-8*03,None,TRBJ1-6*01,1
1723,CASRWDPVPLNSPLHF,TRBV7-8*03,None,TRBJ1-6*01,1
1724,CASRWDPSPVNSPLHF,TRBV7-3*01,None,TRBJ1-6*01,1
1725,CASRWDPSPANSPLHF,TRBV7-8*03,None,TRBJ1-6*01,1
1726,CASRWDPLPVNSPLHF,TRBV7-8*03,None,TRBJ1-6*01,1
1727,CASRWDPFRVNSPLHF,TRBV7-3*04,None,TRBJ1-6*01,1
1728,CASRWDPFPVTSPLHF,TRBV7-3*04,None,TRBJ1-6*01,1
1729,CASRWDPFPVSSPLHF,TRBV7-8*03,None,TRBJ1-6*01,1
1730,CASRWDPFPVNSTLNF,TRBV7-8*03,None,TRBJ1-6*01,1
1731,CASRWDPFPVNSPPNF,TRBV7-8*03,None,TRBJ1-6*01,1
1732,CASRWDPFPVNSPPHF,TRBV7-8*03,None,TRBJ1-6*01,1
1733,CASRWDPFPVNSPLYF,TRBV7-8*03,None,TRBJ1-6*01,1
1734,CASRWDPFPVNSPLRF,TRBV7-8*03,None,TRBJ1-6*01,1
1735,CASRWDPFPVNSPLPF,TRBV7-8*03,None,TRBJ1-6*01,1
1736,CASRWDPFPVNSPLNF,TRBV7-3*05,None,TRBJ1-6*01,1
1737,CASRWDPFPVNSPLHF,TRBV5-6*01,None,TRBJ1-6*01,1
1738,CASRWDPFPVNSPLHF,TRBV5-4*02,None,TRBJ1-6*01,1
1739,CASRWDPFPVNSPIHF,TRBV7-8*03,None,TRBJ1-6*01,1
1740,CASRWDPFPVNSPHHF,TRBV7-8*03,None,TRBJ1-6*01,1
1741,CASRWDPFPVNSPFHF,TRBV7-3*05,None,TRBJ1-6*01,1
1742,CASRWDPFPVNSLLHF,TRBV7-8*03,None,TRBJ1-6*01,1
1743,CASRWDRCPANSPLHF,TRBV5-4*03,None,TRBJ1-6*01,1
1744,CASRWDRCPVNAPLNF,TRBV7-8*03,None,TRBJ1-6*01,1
1745,CASRWDRFPVKPPLHF,TRBV7-8*03,None,TRBJ1-6*01,1
1746,CASRWDRCPVNPPPHF,TRBV5-8*01,None,TRBJ1-6*01,1
1747,CASRWDRFLLTSPLHF,TRBV7-8*03,None,TRBJ1-6*01,1
1748,CASRWDRFLLRSPLHF,TRBV7-8*02,None,TRBJ1-6*01,1
1749,CASRWDRFLLNSPLHF,TRBV7-8*03,None,TRBJ1-6*01,1
1750,CASRWDRFAVTSPLHF,TRBV7-8*03,None,TRBJ1-6*01,1
1751,CASRWDRFAVNSPLPF,TRBV7-8*03,None,TRBJ1-6*01,1
1752,CASRWDRFAVNSPLLF,TRBV7-8*03,None,TRBJ1-6*01,1
1753,CASRWDRFAVNSPLHF,TRBV7-2*02,None,TRBJ1-6*01,1
1754,CASRWDRFAVNSPIHF,TRBV7-8*03,None,TRBJ1-6*01,1
1755,CASRWDRFAVNPTLHF,TRBV7-8*03,None,TRBJ1-6*01,1
1756,CASRWDRFAANSPLLF,TRBV7-8*03,None,TRBJ1-6*01,1
1757,CASRWDRDPVNSRLHF,TRBV7-8*03,None,TRBJ1-6*01,1
1758,CASRWDRDPVNSPLHF,TRBV7-8*03,None,TRBJ1-6*01,1
1759,CASRWDRCTVNSPLHF,TRBV7-8*02,None,TRBJ1-6*01,1
1760,CASRWDRCPVSSPLHF,TRBV7-8*03,None,TRBJ1-6*01,1
1761,CASRWDRCPVNSRRHF,TRBV7-8*03,None,TRBJ1-6*01,1
1762,CASRWDRCPVNSPLLF,TRBV7-8*03,None,TRBJ1-6*01,1
1763,CASRWDRCPVNSPLHF,TRBV7-8*01,None,TRBJ1-6*01,1
1764,CASRWDRCPVNSPLHF,TRBV7-2*01,None,TRBJ1-6*01,1
1765,CASRWDRCPVNSPLHF,TRBV4-3*02,None,TRBJ1-6*01,1
1766,CASRWDRCPVNSPLHF,TRBV3-1*01,None,TRBJ1-6*01,1
1767,CASRWDRCPVNSPLHF,TRBV11-3*03,None,TRBJ1-6*01,1
1768,CASRWDRCPVNSPHHF,TRBV4-3*02,None,TRBJ1-6*01,1
1769,CASRWDRCPVNSLLHF,TRBV7-8*03,None,TRBJ1-6*01,1
1770,CASRWDPFPIKSPLHF,TRBV7-8*03,None,TRBJ1-6*01,1
1771,CASRWDLVPVNSPLHF,TRBV7-8*03,None,TRBJ1-6*02,1
1772,CASRWDLVPVNSPLHF,TRBV7-8*03,None,TRBJ1-6*01,1
1773,CASRWDLVPVNAPLHF,TRBV5-4*04,None,TRBJ1-6*01,1
1774,CASRWDGFPVNSPLHF,TRBV7-3*05,None,TRBJ1-6*01,1
1775,CASRWDGFPVNSHLHF,TRBV7-8*03,None,TRBJ1-6*01,1
1776,CASRWDGFAVNSPLHF,TRBV7-8*03,None,TRBJ1-6*01,1
1777,CASRWDCVPVISPLHF,TRBV7-8*03,None,TRBJ1-6*01,1
1778,CASRWDCFTVNSPLHF,TRBV7-8*03,None,TRBJ1-6*01,1
1779,CASRWDCFQVNSPLHF,TRBV7-8*03,None,TRBJ1-6*01,1
1780,CASRWDCFQVNSPIHF,TRBV7-8*03,None,TRBJ1-6*01,1
1781,CASRWDCFPVNSPRHF,TRBV7-8*03,None,TRBJ1-6*01,1
1782,CASRWDCFPVNSPLYF,TRBV7-8*03,None,TRBJ1-6*01,1
1783,CASRWDCFPVNSPLNF,TRBV7-8*03,None,TRBJ1-6*01,1
1784,CASRWDCFPVNSPLHF,TRBV7-8*03,None,TRBJ1-6*02,1
1785,CASRWDCFPVNSPLHF,TRBV7-4*01,None,TRBJ1-6*01,1
1786,CASRWDCFPVNSPLHF,TRBV7-3*04,None,TRBJ1-6*01,1
1787,CASRWDCFPVNSPLHF,TRBV7-1*01,None,TRBJ1-6*01,1
1788,CASRWDCFPVNSPLHF,TRBV5-7*01,None,TRBJ1-6*01,1
1789,CASRWDCFPVNSPLHF,TRBV5-4*03,None,TRBJ1-6*01,1
1790,CASRWDCFPVNSPLHF,TRBV11-2*03,None,TRBJ1-6*01,1
1791,CASRWDCFPVNSPIYF,TRBV7-8*03,None,TRBJ1-6*01,1
1792,CASRWDCFPVNAPLHF,TRBV7-8*03,None,TRBJ1-6*01,1
1793,CASRWDCFPINSPLHF,TRBV7-8*03,None,TRBJ1-6*01,1
1794,CASRWDCFPANSPHNF,TRBV7-8*03,None,TRBJ1-6*02,1
1795,CASRWDCFLVNSPLNF,TRBV7-8*01,None,TRBJ1-6*01,1
1796,CASRWCRFPVNSPLHF,TRBV7-8*03,None,TRBJ1-6*01,1
1797,CASRWDGFPVNSPLHF,TRBV7-8*03,None,TRBJ1-6*02,1
1798,CASRWDGFPVNSPLLF,TRBV7-8*03,None,TRBJ1-6*02,1
1799,CASRWDGFPVNSPLNF,TRBV5-5*02,None,TRBJ1-6*01,1
1800,CASRWDLCPVDSPLHF,TRBV7-8*03,None,TRBJ1-1*01,1
1801,CASRWDLSPVNLPLHF,TRBV7-8*03,None,TRBJ1-6*01,1
1802,CASRWDLPPVNSPIHF,TRBV7-3*01,None,TRBJ1-6*01,1
1803,CASRWDLFPVYSHLHF,TRBV7-3*04,None,TRBJ1-6*01,1
1804,CASRWDLFPVNSPLYF,TRBV7-8*03,None,TRBJ1-6*01,1
1805,CASRWDLFPVNSPLHF,TRBV7-8*01,None,TRBJ1-6*01,1
1806,CASRWDLFPVNSPIHF,TRBV7-8*03,None,TRBJ1-6*01,1
1807,CASRWDLFPVNSLLHF,TRBV7-8*03,None,TRBJ1-6*01,1
1808,CASRWDLFPVNPPLHF,TRBV7-8*03,None,TRBJ1-6*01,1
1809,CASRWDLFPVHSPLHF,TRBV7-8*03,None,TRBJ1-6*01,1
1810,CASRWDLFPGNSPLPF,TRBV7-8*03,None,TRBJ1-6*01,1
1811,CASRWDIFPVNSPLHF,TRBV7-8*03,None,TRBJ1-6*01,1
1812,CASRWDGIPVNSPLHF,TRBV7-8*03,None,TRBJ1-6*01,1
1813,CASRWDHVPVNSHLHF,TRBV7-8*03,None,TRBJ1-6*01,1
1814,CASRWDHSPVNSPLHF,TRBV7-8*03,None,TRBJ1-6*01,1
1815,CASRWDHFTVNSPLHF,TRBV7-8*03,None,TRBJ1-6*01,1
1816,CASRWDHFPVNSPLHF,TRBV7-3*05,None,TRBJ1-6*01,1
1817,CASRWDHFPVNPPLHF,TRBV7-8*03,None,TRBJ1-6*01,1
1818,CASRWDHCPVNSPLHF,TRBV5-4*04,None,TRBJ1-6*01,1
1819,CASRWDHCLVNSPLHF,TRBV7-8*03,None,TRBJ1-6*01,1
1820,CASRWDHCIVNSPLHF,TRBV7-8*03,None,TRBJ1-6*01,1
1821,CASRWDGSPVNSPLHF,TRBV7-8*03,None,TRBJ1-6*01,1
1822,CASRWDGLPVNSPHHF,TRBV7-8*03,None,TRBJ1-6*01,1
1823,CASRWDRFLVDSPLHF,TRBV7-8*03,None,TRBJ1-6*01,1
1824,CASRWDRFLVNPPLHF,TRBV7-8*03,None,TRBJ1-6*01,1
1825,CASRWDRFLVNSHLHF,TRBV7-8*03,None,TRBJ1-6*01,1
1826,CASRWDRFPINSPLHF,TRBV7-2*02,None,TRBJ1-6*01,1
1827,CASRWDRFPSISRLHF,TRBV7-8*03,None,TRBJ1-6*01,1
1828,CASRWDRFPRNSPLHF,TRBV7-8*03,None,TRBJ1-6*01,1
1829,CASRWDRFPLNSTRHF,TRBV7-8*03,None,TRBJ1-6*01,1
1830,CASRWDRFPLNSSLHF,TRBV7-8*03,None,TRBJ1-6*01,1
1831,CASRWDRFPLNSPPHF,TRBV7-8*03,None,TRBJ1-6*01,1
1832,CASRWDRFPLNSPLYF,TRBV7-8*03,None,TRBJ1-6*01,1
1833,CASRWDRFPLNSPLNF,TRBV7-9*04,None,TRBJ1-6*01,1
1834,CASRWDRFPLNSPLHF,TRBV7-8*03,None,TRBJ1-6*02,1
1835,CASRWDRFPLNSPLHF,TRBV7-4*01,None,TRBJ1-6*01,1
1836,CASRWDRFPLNSPLHF,TRBV7-2*01,None,TRBJ1-6*01,1
1837,CASRWDRFPLNSPLHF,TRBV11-3*02,None,TRBJ1-6*01,1
1838,CASRWDRFPLNSPIHF,TRBV7-8*03,None,TRBJ1-6*01,1
1839,CASRWDRFPLNSPHHF,TRBV7-8*03,None,TRBJ1-6*01,1
1840,CASRWDRFPLNSLLHF,TRBV7-8*03,None,TRBJ1-6*01,1
1841,CASRWDRFPLKSRLHF,TRBV5-5*02,None,TRBJ1-6*01,1
1842,CASRWDRFPLKSPLHF,TRBV7-8*03,None,TRBJ1-6*01,1
1843,CASRWDRFPLDSPLHF,TRBV7-8*03,None,TRBJ1-6*01,1
1844,CASRWDRFPINSSLHF,TRBV7-8*03,None,TRBJ1-6*01,1
1845,CASRWDRFPINSPLRF,TRBV7-8*03,None,TRBJ1-6*01,1
1846,CASRWDRFPINSPLLF,TRBV7-8*03,None,TRBJ1-6*01,1
1847,CASRWDRFPINSPLHF,TRBV7-9*04,None,TRBJ1-6*01,1
1848,CASRWDRFPINSPLHF,TRBV7-3*05,None,TRBJ1-6*01,1
1849,CASRWDRFPINSPLHF,TRBV7-3*04,None,TRBJ1-6*01,1
1850,CASRWDRFPVDLLLHF,TRBV7-8*03,None,TRBJ1-6*01,1
1851,CASRWDRFPVDSPLHF,TRBV11-2*03,None,TRBJ1-6*02,1
1852,CASRWDRFPVDSPLHF,TRBV7-9*07,None,TRBJ1-6*01,1
1853,CASRWDRFPVHSPLPF,TRBV7-8*03,None,TRBJ1-6*01,1
1854,CASRWDRFPVKAPLHF,TRBV7-8*03,None,TRBJ1-6*01,1
1855,CASRWDRFPVISPPRF,TRBV7-8*03,None,TRBJ1-6*01,1
1856,CASRWDRFPVISPLYF,TRBV7-8*03,None,TRBJ1-6*01,1
1857,CASRWDRFPVISPLRF,TRBV7-8*03,None,TRBJ1-6*01,1
1858,CASRWDRFPVISPLHF,TRBV5-4*01,None,TRBJ1-6*01,1
1859,CASRWDRFPVISPLHF,TRBV4-3*04,None,TRBJ1-6*01,1
1860,CASRWDRFPVISPHRF,TRBV7-8*03,None,TRBJ1-6*01,1
1861,CASRWDRFPVHSSLHF,TRBV7-8*03,None,TRBJ1-6*01,1
1862,CASRWDRFPVHSPQHF,TRBV7-8*03,None,TRBJ1-6*02,1
1863,CASRWDRFPVHSPLYF,TRBV7-8*03,None,TRBJ1-6*01,1
1864,CASRWDRFPVHSPLHF,TRBV7-8*02,None,TRBJ1-6*01,1
1865,CASRWDRFPVDSPLLF,TRBV7-8*03,None,TRBJ1-6*01,1
1866,CASRWDRFPVHSPLHF,TRBV7-3*05,None,TRBJ1-6*01,1
1867,CASRWDRFPVHSPLHF,TRBV11-3*03,None,TRBJ1-6*01,1
1868,CASRWDRFPVHSPIHF,TRBV7-1*01,None,TRBJ1-6*01,1
1869,CASRWDRFPVHSALHF,TRBV7-8*03,None,TRBJ1-6*02,1
1870,CASRWDRFPVHPPLHF,TRBV7-8*03,None,TRBJ1-6*01,1
1871,CASRWDRFPVGSPPHF,TRBV7-8*03,None,TRBJ1-6*01,1
1872,CASRWDRFPVESPRHF,TRBV7-8*03,None,TRBJ1-6*01,1
1873,CASRWDRFPVDSPRHF,TRBV7-8*03,None,TRBJ1-6*02,1
1874,CASRWDRFPVDSPRHF,TRBV7-8*03,None,TRBJ1-6*01,1
1875,CASRWDRFPVDSPLYF,TRBV7-8*03,None,TRBJ1-6*01,1
1876,CASRWDRFPINSPLHF,TRBV7-2*04,None,TRBJ1-6*01,1
1877,CASRWDRFPINSPLHF,TRBV7-2*01,None,TRBJ1-6*01,1
1878,CASRWDRFLVNSPIHF,TRBV7-8*03,None,TRBJ1-6*01,1
1879,CASRWDRFPINSPLHF,TRBV11-3*03,None,TRBJ1-6*01,1
1880,CASRWDRFPANSPLRF,TRBV7-8*03,None,TRBJ1-6*01,1
1881,CASRWDRFPANSPLHF,TRBV7-9*04,None,TRBJ1-6*01,1
1882,CASRWDRFPANSPLHF,TRBV7-8*03,None,TRBJ1-6*02,1
1883,CASRWDRFPANSPLHF,TRBV7-6*02,None,TRBJ1-6*01,1
1884,CASRWDRFPANSPLHF,TRBV7-3*04,None,TRBJ1-6*01,1
1885,CASRWDRFPANSPLHF,TRBV7-3*01,None,TRBJ1-6*01,1
1886,CASRWDRFPANSPLHF,TRBV11-3*01,None,TRBJ1-6*01,1
1887,CASRWDRFPANSPLHF,TRBV11-2*01,None,TRBJ1-6*01,1
1888,CASRWDRFPANSPIHF,TRBV7-8*03,None,TRBJ1-6*01,1
1889,CASRWDRFPANSHLHF,TRBV7-8*03,None,TRBJ1-6*01,1
1890,CASRWDRFPANAHLHF,TRBV7-8*03,None,TRBJ1-6*01,1
1891,CASRWDRFPADSYLHF,TRBV7-8*03,None,TRBJ1-6*01,1
1892,CASRWDRFLVNSYRYF,TRBV7-8*03,None,TRBJ1-6*01,1
1893,CASRWDRFLVNSSLHF,TRBV7-8*03,None,TRBJ1-6*01,1
1894,CASRWDRFLVNSPRHF,TRBV7-3*04,None,TRBJ1-6*01,1
1895,CASRWDRFLVNSPLYF,TRBV7-3*05,None,TRBJ1-6*01,1
1896,CASRWDRFLVNSPLYF,TRBV11-3*01,None,TRBJ1-6*01,1
1897,CASRWDRFLVNSPLPF,TRBV7-8*03,None,TRBJ1-6*01,1
1898,CASRWDRFLVNSPLNF,TRBV7-8*03,None,TRBJ1-6*01,1
1899,CASRWDRFLVNSPLHF,TRBV7-8*03,None,TRBJ1-6*02,1
1900,CASRWDRFLVNSPLHF,TRBV7-8*02,None,TRBJ1-6*01,1
1901,CASRWDRFLVNSPLHF,TRBV7-4*01,None,TRBJ1-6*01,1
1902,CASRWDRFLVNSPLHF,TRBV11-3*02,None,TRBJ1-6*01,1
1903,CASRWDRFPANSPLYF,TRBV7-8*03,None,TRBJ1-6*01,1
1904,CASRWDRFPANSTLLF,TRBV7-8*03,None,TRBJ1-6*01,1
1905,CASRWDRFPANYPLHF,TRBV7-8*03,None,TRBJ1-6*01,1
1906,CASRWDRFPGNSPHHF,TRBV7-8*03,None,TRBJ1-6*01,1
1907,CASRWDRFPINSPLHF,TRBV11-3*02,None,TRBJ1-6*01,1
1908,CASRWDRFPINSPLHF,TRBV11-2*02,None,TRBJ1-6*01,1
1909,CASRWDRFPINSHLHF,TRBV7-8*03,None,TRBJ1-6*01,1
1910,CASRWDRFPINPPLHF,TRBV7-8*03,None,TRBJ1-6*01,1
1911,CASRWDRFPIHSPLRF,TRBV7-8*03,None,TRBJ1-6*01,1
1912,CASRWDRFPIDSPLHF,TRBV7-8*03,None,TRBJ1-6*01,1
1913,CASRWDRFPGNSPRPF,TRBV7-8*03,None,TRBJ1-6*01,1
1914,CASRWDRFPGNSPLHF,TRBV7-9*04,None,TRBJ1-6*01,1
1915,CASRWDRFPGNSPLHF,TRBV7-8*01,None,TRBJ1-6*01,1
1916,CASRWDRFPGNSPLHF,TRBV11-2*03,None,TRBJ1-6*01,1
1917,CASRWDRFPGNSLLHF,TRBV7-8*03,None,TRBJ1-6*01,1
1918,CASRWDRFPATSPLHF,TRBV7-9*01,None,TRBJ1-6*01,1
1919,CASRWDRFPGNSLLHF,TRBV5-4*02,None,TRBJ1-6*01,1
1920,CASRWDRFPGHSPLHF,TRBV7-8*03,None,TRBJ1-6*01,1
1921,CASRWDRFPGDSLLHF,TRBV7-8*03,None,TRBJ1-6*01,1
1922,CASRWDRFPFNSPLYF,TRBV7-8*03,None,TRBJ1-6*01,1
1923,CASRWDRFPFNSPLHF,TRBV7-8*03,None,TRBJ1-6*01,1
1924,CASRWDRFPENSPLNF,TRBV7-8*03,None,TRBJ1-6*01,1
1925,CASRWDRFPENSPLHF,TRBV7-8*01,None,TRBJ1-6*01,1
1926,CASRWDRFPENSPLHF,TRBV7-3*04,None,TRBJ1-6*01,1
1927,CASRWDRFPENSPLHF,TRBV7-2*04,None,TRBJ1-6*01,1
1928,CASRWDRFPENSHLHF,TRBV7-8*03,None,TRBJ1-6*01,1
1929,CYSRWDRFTVNSPLHF,TRBV7-8*03,None,TRBJ1-6*01,1
