,CDR3seq,V-region,D-region,J-region,Frequency
1,CASRWDRFPVNSPLHF,TRBV7-8*03,None,TRBJ1-6*01,92206
2,CASRWDRFPVNSPLHF,TRBV11-3*03,None,TRBJ1-6*01,1891
3,CASRWDRFPVNSPLHF,TRBV7-9*04,None,TRBJ1-6*01,1838
4,CASRWGRFPVNSPLHF,TRBV7-8*03,None,TRBJ1-6*01,442
5,CASRWDRFPVNSPPHF,TRBV7-8*03,None,TRBJ1-6*01,307
6,CASRWDRLPVNSPLHF,TRBV7-8*03,None,TRBJ1-6*01,295
7,CASRWDRFPVNSPLHF,TRBV11-3*02,None,TRBJ1-6*01,261
8,CASRWDRFPVNSPLHF,TRBV11-2*03,None,TRBJ1-6*01,251
9,CASRWDRFPVNSPLRF,TRBV7-8*03,None,TRBJ1-6*01,250
10,CASRWDRFPVNSPLHF,TRBV7-8*03,None,TRBJ1-6*02,223
11,CASRWDRFPVNPPLHF,TRBV7-8*03,None,TRBJ1-6*01,220
12,CASRWDRSPVNSPLHF,TRBV7-8*03,None,TRBJ1-6*01,203
13,CASRWDRFPLNSPLHF,TRBV7-8*03,None,TRBJ1-6*01,198
14,CVSRWDRFPVNSPLHF,TRBV7-8*03,None,TRBJ1-6*01,187
15,CASGWDRFPVNSPLHF,TRBV7-8*03,None,TRBJ1-6*01,182
16,CASRWERFPVNSPLHF,TRBV7-8*03,None,TRBJ1-6*01,175
17,CASRWDRFPVNSPLHF,TRBV7-3*04,None,TRBJ1-6*01,173
18,CASRWDRFPVNSPLHF,TRBV7-3*05,None,TRBJ1-6*01,168
19,CAGRWDRFPVNSPLHF,TRBV7-8*03,None,TRBJ1-6*01,167
20,CASRWDRFPVNSPLHF,TRBV7-8*03,None,TRBJ1-4*01,160
21,CASRRDRFPVNSPLHF,TRBV7-8*03,None,TRBJ1-6*01,151
22,CASRWDRFQVNSPLHF,TRBV7-8*03,None,TRBJ1-6*01,144
23,CASRWDCFPVNSPLHF,TRBV7-8*03,None,TRBJ1-6*01,141
24,CASRWDRFPVNSHLHF,TRBV7-8*03,None,TRBJ1-6*01,139
25,CASRCDRFPVNSPLHF,TRBV7-8*03,None,TRBJ1-6*01,139
26,CASRWDRFPVDSPLHF,TRBV7-8*03,None,TRBJ1-6*01,136
27,CASRWDRFPANSPLHF,TRBV7-8*03,None,TRBJ1-6*01,133
28,CASRWDRFPVNSLLHF,TRBV7-8*03,None,TRBJ1-6*01,124
29,CASRWDRFPVSSPLHF,TRBV7-8*03,None,TRBJ1-6*01,121
30,CASRWDRFPVNSSLHF,TRBV7-8*03,None,TRBJ1-6*01,109
31,CASRWDRFTVNSPLHF,TRBV7-8*03,None,TRBJ1-6*01,107
32,CASRWNRFPVNSPLHF,TRBV7-8*03,None,TRBJ1-6*01,106
33,CTSRWDRFPVNSPLHF,TRBV7-2*03,None,TRBJ1-6*01,104
34,CASRWDRVPVNSPLHF,TRBV7-8*03,None,TRBJ1-6*01,99
35,CASRWDRFPVNSPLNF,TRBV7-8*03,None,TRBJ1-6*01,97
36,CANRWDRFPVNSPLHF,TRBV7-8*03,None,TRBJ1-6*01,91
37,CASRWDRFPVNSPLHF,TRBV7-8*02,None,TRBJ1-6*01,91
38,CASRWDRFPVNSPFHF,TRBV7-8*03,None,TRBJ1-6*01,89
39,CASRWDRFLVNSPLHF,TRBV7-8*03,None,TRBJ1-6*01,88
40,CASRWDRFPVNSPLHF,TRBV7-1*01,None,TRBJ1-6*01,88
41,CASRWDRFPVKSPLHF,TRBV7-8*03,None,TRBJ1-6*01,88
42,CASRWDRFPVNSPIHF,TRBV7-8*03,None,TRBJ1-6*01,87
43,CASRWYRFPVNSPLHF,TRBV7-8*03,None,TRBJ1-6*01,87
44,CASRLDRFPVNSPLHF,TRBV7-8*03,None,TRBJ1-6*01,85
45,CASRWDRFPVNSPLHF,TRBV7-8*01,None,TRBJ1-6*01,84
46,CDSRWDRFPVNSPLHF,TRBV7-8*03,None,TRBJ1-6*01,83
47,CASRWDRFPVNSPHHF,TRBV7-8*03,None,TRBJ1-6*01,80
48,CASRWDRFSVNSPLHF,TRBV7-8*03,None,TRBJ1-6*01,77
49,CASRWDRFPVNLPLHF,TRBV7-8*03,None,TRBJ1-6*01,74
50,CASRWDSFPVNSPLHF,TRBV7-8*03,None,TRBJ1-6*01,73
51,CASRWDRFPVNSPLHF,TRBV11-2*02,None,TRBJ1-6*01,72
52,CASRWDRFPVNSPLYF,TRBV7-8*03,None,TRBJ1-6*01,72
53,CASRWDRFPVNSTLHF,TRBV7-8*03,None,TRBJ1-6*01,70
54,CSSRWDRFPVNSPLHF,TRBV7-8*03,None,TRBJ1-6*01,70
55,CARRWDRFPVNSPLHF,TRBV7-8*03,None,TRBJ1-6*01,69
56,CASRWDRFAVNSPLHF,TRBV7-8*03,None,TRBJ1-6*01,67
57,CGSRWDRFPVNSPLHF,TRBV7-8*03,None,TRBJ1-6*01,60
58,CASRWDRFPVNSPLLF,TRBV7-8*03,None,TRBJ1-6*01,60
59,CASRWDRIPVNSPLHF,TRBV7-8*03,None,TRBJ1-6*01,59
60,CASRWDHFPVNSPLHF,TRBV7-8*03,None,TRBJ1-6*01,57
61,CPSRWDRFPVNSPLHF,TRBV7-8*03,None,TRBJ1-6*01,56
62,CASRWDRFRVNSPLHF,TRBV7-8*03,None,TRBJ1-6*01,55
63,CASRWDRFPVNSPLHF,TRBV7-4*01,None,TRBJ1-6*01,54
64,CASRWVRFPVNSPLHF,TRBV7-8*03,None,TRBJ1-6*01,53
65,CASRWDRFPVNSALHF,TRBV7-8*03,None,TRBJ1-6*01,49
66,CASKWDRFPVNSPLHF,TRBV7-8*03,None,TRBJ1-6*01,47
67,CASRWDRFPVNSPLPF,TRBV7-8*03,None,TRBJ1-6*01,46
68,CASRWDLFPVNSPLHF,TRBV7-8*03,None,TRBJ1-6*01,46
69,CASRWDRFPINSPLHF,TRBV7-8*03,None,TRBJ1-6*01,45
70,CARRRDRFPVNSPLHF,TRBV11-3*03,None,TRBJ1-6*01,43
71,CASSWDRFPVNSPLHF,TRBV7-8*03,None,TRBJ1-6*01,43
72,CASRWDRFPVNSPLQF,TRBV7-8*03,None,TRBJ1-6*01,43
73,CAIRWDRFPVNSPLHF,TRBV7-8*03,None,TRBJ1-6*01,43
74,CACRWDRFPVNSPLHF,TRBV7-8*03,None,TRBJ1-6*01,42
75,CARRRDRFPVNSPLHF,TRBV7-9*04,None,TRBJ1-6*01,42
76,CASRWHRFPVNSPLHF,TRBV7-8*03,None,TRBJ1-6*01,39
77,CASRWARFPVNSPLHF,TRBV7-8*03,None,TRBJ1-6*01,36
78,CASRWDRCPVNSPLHF,TRBV7-8*03,None,TRBJ1-6*01,34
79,CASIWDRFPVNSPLHF,TRBV7-8*03,None,TRBJ1-6*01,34
80,CASRWDRFPVNSRLHF,TRBV7-8*03,None,TRBJ1-6*01,34
81,CASRWDPFPVNSPLHF,TRBV7-8*03,None,TRBJ1-6*01,31
82,CASSGSNTNIQYF,TRBV19*03,None,TRBJ2-4*01,28
83,CASRWDRFPVNSPLHF,TRBV7-3*01,None,TRBJ1-6*01,27
84,CASRSDRFPVNSPLHF,TRBV7-8*03,None,TRBJ1-6*01,27
85,CASRWDRFPVNSPLHF,TRBV7-2*04,None,TRBJ1-6*01,26
86,CASRWDGFPVNSPLHF,TRBV7-8*03,None,TRBJ1-6*01,25
87,CASRWDRFPVNSPLDF,TRBV7-8*03,None,TRBJ1-6*01,24
88,CARRRDGRGMKNCFF,TRBV7-9*04,None,TRBJ1-4*01,24
89,CASRWDRFPVNSPRHF,TRBV7-8*03,None,TRBJ1-6*01,24
90,CATRWDRFPVNSPLHF,TRBV7-8*03,None,TRBJ1-6*01,24
91,CASRWDRFPVHSPLHF,TRBV7-8*03,None,TRBJ1-6*01,23
92,CASRWDRFPVNSPLHF,TRBV11-2*01,None,TRBJ1-6*01,23
93,CARRRDRFPVNSPLHF,TRBV7-8*03,None,TRBJ1-6*01,22
94,CQKEGRSGDEKLFF,TRBV11-3*03,None,TRBJ1-4*01,22
95,CASRWDRFPVYSPLHF,TRBV7-8*03,None,TRBJ1-6*01,22
96,CASRWDRFPVTSPLHF,TRBV7-8*03,None,TRBJ1-6*01,21
97,CSVPSGGVSGANVLTF,TRBV29-1*02,None,TRBJ2-6*01,21
98,CASRWDRFPVNTPLHF,TRBV7-8*03,None,TRBJ1-6*01,21
99,CASSPSGRGSNEQFF,TRBV7-9*04,None,TRBJ2-1*01,21
100,CASRWDRFPVNSPLHF,TRBV7-2*01,None,TRBJ1-6*01,21
101,CASRWDRFPVNSPLHF,TRBV11-3*01,None,TRBJ1-6*01,20
102,CASRWDRFPVNSPLHF,TRBV7-2*02,None,TRBJ1-6*01,19
103,CASRWDRYPVNSPLHF,TRBV7-8*03,None,TRBJ1-6*01,18
104,CASRWDRFPVNSPLHF,TRBV7-9*07,None,TRBJ1-6*01,18
105,CASRWDRFPVISPLHF,TRBV7-8*03,None,TRBJ1-6*01,18
106,CASRGDRFPVNSPLHF,TRBV7-8*03,None,TRBJ1-6*01,17
107,CASTWDRFPVNSPLHF,TRBV7-8*03,None,TRBJ1-6*01,17
108,CQKEGRSGDEKLFF,TRBV7-9*04,None,TRBJ1-4*01,15
109,CASRWDRFPVNSPVHF,TRBV7-8*03,None,TRBJ1-6*01,15
110,CSAVAGFSYEQYF,TRBV20-1*02,None,TRBJ2-7*01,14
111,CASRWDRFPVNSPLHF,TRBV7-3*03,None,TRBJ1-6*01,14
112,CSAVAGFSYEQYF,TRBV20-1*03,None,TRBJ2-7*01,13
113,CASRWDRFPVNSPLHF,TRBV28*01,None,TRBJ1-6*01,13
114,CASRWDRFPVNAPLHF,TRBV7-8*03,None,TRBJ1-6*01,13
115,CASRWDRFPENSPLHF,TRBV7-8*03,None,TRBJ1-6*01,13
116,CASRWDRFPGNSPLHF,TRBV7-8*03,None,TRBJ1-6*01,12
117,CASSFSVGPTYEQYF,TRBV14*02,None,TRBJ2-7*01,12
118,CASSPSGRGSNEQFF,TRBV11-3*03,None,TRBJ2-1*01,12
119,CASRWGRFPVNSPLHF,TRBV11-3*03,None,TRBJ1-6*01,12
120,CASRWGRFPVNSPLHF,TRBV7-9*04,None,TRBJ1-6*01,11
121,CARRRDGRGMKNCFF,TRBV11-3*03,None,TRBJ1-4*01,11
122,CSVETGSTDTQYF,TRBV29-1*02,None,TRBJ2-3*01,10
123,CSAVAGFSYEQYF,TRBV20-1*06,None,TRBJ2-7*01,10
124,CASRWDRLPVNSPLHF,TRBV11-3*03,None,TRBJ1-6*01,10
125,CASRWDRFPVNSPLHF,TRBV7-9*01,None,TRBJ1-6*01,10
126,CASRWDRFPVNSPLHF,TRBV5-5*02,None,TRBJ1-6*01,9
127,CASRWDRFPVNSPLHF,TRBV11-1*01,None,TRBJ1-6*01,8
128,CASSLPGTRYEQFF,TRBV5-1*02,None,TRBJ2-1*01,8
129,CASRWDRFPVNSPLHF,TRBV7-9*03,None,TRBJ1-6*01,7
130,CVSRWDRFPVNSPLHF,TRBV7-9*04,None,TRBJ1-6*01,6
131,CASRWDRFPVNSTLHF,TRBV7-9*04,None,TRBJ1-6*01,6
132,CASGWDRFPVNSPLHF,TRBV7-9*04,None,TRBJ1-6*01,6
133,CASSEEHSPLHF,TRBV2*03,None,TRBJ1-6*01,6
134,CASRWDRFPVNSPLHF,TRBV5-4*02,None,TRBJ1-6*01,6
135,CARRRRSGDEKLFF,TRBV7-9*04,None,TRBJ1-4*01,6
136,CASRWDRFPLNSPLHF,TRBV11-3*03,None,TRBJ1-6*01,5
137,CASRWDRFPVNSHLHF,TRBV11-3*03,None,TRBJ1-6*01,5
138,CASSEEHSPLHF,TRBV2*02,None,TRBJ1-6*01,5
139,CASRWDRFPVNSPLHF,TRBV7-9*02,None,TRBJ1-6*01,5
140,CASRWDRSPVNSPLHF,TRBV11-3*03,None,TRBJ1-6*01,5
141,CASRWDRFPVNSPLHF,TRBV3-1*01,None,TRBJ1-6*01,5
142,CASRWDRIPVNSPLHF,TRBV7-4*01,None,TRBJ1-6*01,5
143,CTSRWDRFPVNSPLHF,TRBV7-9*04,None,TRBJ1-6*01,5
144,CASRWDRFPVNPPLHF,TRBV11-3*03,None,TRBJ1-6*01,5
145,CASRWDRFPVNSPLSF,TRBV7-8*03,None,TRBJ1-6*01,5
146,CSALMAGQAFF,TRBV20-1*02,None,TRBJ1-1*01,5
147,CARRRDGRDEKLFF,TRBV11-3*03,None,TRBJ1-4*01,5
148,CARRRDGRDEKLFF,TRBV7-9*04,None,TRBJ1-4*01,5
149,CSVGQATGTEAFF,TRBV29-1*02,None,TRBJ1-1*01,5
150,CASRWDRFPVNSPPHF,TRBV11-3*03,None,TRBJ1-6*01,5
151,CASRWDRFPVNSPLHF,TRBV5-4*03,None,TRBJ1-6*01,5
152,CASRWDRFPVNSPPHF,TRBV7-9*04,None,TRBJ1-6*01,5
153,CASRWDCFPVNSPLHF,TRBV7-9*04,None,TRBJ1-6*01,5
154,CASRLDRFPVNSPLHF,TRBV7-9*04,None,TRBJ1-6*01,4
155,CASRWDRFPVNSPLHF,TRBV5-6*01,None,TRBJ1-6*01,4
156,CASRWDRFPVNSPLHF,TRBV7-8*03,None,TRBJ1-1*01,4
157,CASRWDRFPVNSPLHF,TRBV4-3*02,None,TRBJ1-6*01,4
158,CASRWDRFPVNSPINF,TRBV7-8*03,None,TRBJ1-6*01,4
159,CASRWDRLPVNSALHF,TRBV7-8*03,None,TRBJ1-6*01,4
160,CASRWDRLPVNSPLRF,TRBV7-8*03,None,TRBJ1-6*01,4
161,CASRWDRFPVNSSLHF,TRBV7-9*04,None,TRBJ1-6*01,4
162,CASRWDRLPVKSPLHF,TRBV7-8*03,None,TRBJ1-6*01,4
163,CASRWDCFPVNSPLHF,TRBV11-3*03,None,TRBJ1-6*01,4
164,CVSRWDRFPVNSPLHF,TRBV11-3*03,None,TRBJ1-6*01,4
165,CASRRDRFPVNSPLHF,TRBV11-3*03,None,TRBJ1-6*01,4
166,CAGRWDRFPVNSPLHF,TRBV7-9*04,None,TRBJ1-6*01,4
167,CASRWDRFPVNSPLRF,TRBV7-8*03,None,TRBJ1-6*02,3
168,CASRWDRFPANSPLHF,TRBV7-9*04,None,TRBJ1-6*01,3
169,CASRWDRFPLNSPLHF,TRBV7-9*04,None,TRBJ1-6*01,3
170,CASRWDRFPVNSPLRF,TRBV11-3*03,None,TRBJ1-6*01,3
171,CASSLTRGETQYF,TRBV11-3*02,None,TRBJ2-5*01,3
172,CSALMAGQAFF,TRBV20-1*03,None,TRBJ1-1*01,3
173,CASRWDRFPVNSLLHF,TRBV7-9*04,None,TRBJ1-6*01,3
174,CASRWDRFQVNSPLHF,TRBV11-3*03,None,TRBJ1-6*01,3
175,CASIWDRFPVNSPLRF,TRBV7-8*03,None,TRBJ1-6*01,3
176,CASRWDRFPVNSPLHF,TRBV5-8*02,None,TRBJ1-6*01,3
177,CARRRDGRDEKLFF,TRBV7-8*03,None,TRBJ1-4*01,3
178,CASRWDRFPVNSPLYF,TRBV7-9*04,None,TRBJ1-6*01,3
179,CARRRDGRGDEKLFF,TRBV11-3*03,None,TRBJ1-4*01,3
180,CASRWDSFPVNSPLHF,TRBV7-9*04,None,TRBJ1-6*01,3
181,CASRWDRFPVNSPLHF,TRBV7-7*02,None,TRBJ1-6*01,3
182,CASRWGRFLVNSPLHF,TRBV7-8*03,None,TRBJ1-6*01,3
183,CASRWDRFQVNSPLHF,TRBV7-9*04,None,TRBJ1-6*01,3
184,CASRWDRFPVNSPLHF,TRBV5-5*01,None,TRBJ1-6*01,3
185,CASRWDRSPVNSPLHF,TRBV7-9*04,None,TRBJ1-6*01,3
186,CASRWDRFPVKSPLYF,TRBV7-8*03,None,TRBJ1-6*01,3
187,CASRWDRFPVNSAHHF,TRBV7-8*03,None,TRBJ1-6*01,3
188,CGRWDRFPVNSPLHF,TRBV7-8*03,None,TRBJ1-6*01,3
189,CASRCDRLPVNSPLHF,TRBV7-8*03,None,TRBJ1-6*01,3
190,CASRWNRFPVNSPLHF,TRBV7-9*04,None,TRBJ1-6*01,3
191,CDSRWDRFPVNSPLHF,TRBV11-3*03,None,TRBJ1-6*01,3
192,CASRWDRFTVNSPLHF,TRBV11-3*03,None,TRBJ1-6*01,3
193,CASRWDRFPVKSPLNF,TRBV7-8*03,None,TRBJ1-6*01,3
194,CACRWDRFPVNSPLHF,TRBV11-3*03,None,TRBJ1-6*01,3
195,CASRCDRFPVNSPLHF,TRBV7-9*04,None,TRBJ1-6*01,3
196,CASRWDRFPVNSPLHF,TRBV5-5*03,None,TRBJ1-6*01,3
197,CASRWNRFLVNSPLHF,TRBV7-8*03,None,TRBJ1-6*01,3
198,CASRWDRFPVNSPLHF,TRBV7-9*04,None,TRBJ1-6*02,3
199,CASRWDRFPVNSPHYF,TRBV7-8*03,None,TRBJ1-6*01,3
200,CASRWERFPVNSPLRF,TRBV7-8*03,None,TRBJ1-6*01,3
201,CASRWDRFPVKSTLHF,TRBV7-8*03,None,TRBJ1-6*01,3
202,CASRWDRFPVNSPLHF,TRBV11-3*03,None,TRBJ1-6*02,3
203,CASRWDRFPVNSPLHF,TRBV25-1*01,None,TRBJ1-6*01,3
204,CASRWDRVPVNSPLHF,TRBV7-1*01,None,TRBJ1-6*01,3
205,CASRWERFPVNSPLHF,TRBV11-3*02,None,TRBJ1-6*01,3
206,CASRWGRLPVNSPLHF,TRBV7-8*03,None,TRBJ1-6*01,3
207,CASRWDRFPVDSPLHF,TRBV7-3*04,None,TRBJ1-6*01,3
208,CASRWDRFPVDSPLHF,TRBV11-3*03,None,TRBJ1-6*01,3
209,CASRWDGVPVNSPLHF,TRBV7-8*03,None,TRBJ1-6*01,3
210,CASRWDRVPVNSPHHF,TRBV7-8*03,None,TRBJ1-6*01,3
211,CASRWDRFPVNSPLHF,TRBV5-4*04,None,TRBJ1-6*01,3
212,CASRWGRFPVNSPLRF,TRBV7-8*03,None,TRBJ1-6*01,3
213,CARWDRFPVNSPLHF,TRBV7-8*03,None,TRBJ1-6*01,3
214,CASRWDRVPVNSPLHF,TRBV11-3*03,None,TRBJ1-6*01,3
215,CASRWDCFQVNSPLHF,TRBV7-8*03,None,TRBJ1-6*01,2
216,CASRRDRFPVNSPPHF,TRBV7-8*03,None,TRBJ1-6*01,2
217,CASRWVRFPVNSPHHF,TRBV7-8*03,None,TRBJ1-6*01,2
218,CASRWDRFPVNSALHF,TRBV11-3*02,None,TRBJ1-6*01,2
219,CASRRDRFPVNSPLHF,TRBV7-9*04,None,TRBJ1-6*01,2
220,CASRWDCFPVNSPPHF,TRBV7-8*03,None,TRBJ1-6*01,2
221,CASRWDSFPANSPLHF,TRBV7-8*03,None,TRBJ1-6*01,2
222,CASRWDRFPVNSPIRF,TRBV7-8*03,None,TRBJ1-6*01,2
223,CASRWYRIPVNSPLHF,TRBV7-8*03,None,TRBJ1-6*01,2
224,CASRWYRFPVNSPLHF,TRBV7-8*03,None,TRBJ1-6*02,2
225,CASRWDRFPVNSPLHF,TRBV23-1*01,None,TRBJ1-6*01,2
226,CASRWDSFPVNSPLHF,TRBV11-3*02,None,TRBJ1-6*01,2
227,CASRWYRFSVNSPLHF,TRBV7-8*03,None,TRBJ1-6*01,2
228,CASRWDRFPVNSALHF,TRBV7-8*02,None,TRBJ1-6*01,2
229,CDSRWDRFPVNSPLHF,TRBV7-9*04,None,TRBJ1-6*01,2
230,CASRWDSVPVNSPLHF,TRBV7-8*03,None,TRBJ1-6*01,2
231,CASRWDRFPVNSPLHF,TRBV11-3*02,None,TRBJ1-6*02,2
232,CASRWYRFPVNSTLHF,TRBV7-8*03,None,TRBJ1-6*01,2
233,CASRCDRFPVNSPRHF,TRBV7-8*03,None,TRBJ1-6*01,2
234,CASRWDRFPVNSPLHF,TRBV7-9*04,None,TRBJ1-4*01,2
235,CASRWYRFPVNSPLRF,TRBV7-8*03,None,TRBJ1-6*01,2
236,CASRWDRFPVNSPIHF,TRBV11-3*03,None,TRBJ1-6*01,2
237,CASRGDRVPVNSPLHF,TRBV7-8*03,None,TRBJ1-6*01,2
238,CASRCERFPVNSPLHF,TRBV7-8*03,None,TRBJ1-6*01,2
239,CASRWDSLPVNSPLHF,TRBV7-8*03,None,TRBJ1-6*01,2
240,CASRWDRFPVNSPFHF,TRBV7-9*04,None,TRBJ1-6*01,2
241,CASRWDRFPVNSPHHF,TRBV7-9*04,None,TRBJ1-6*01,2
242,CASRWDRFPVNSPLHF,TRBV5-7*01,None,TRBJ1-6*01,2
243,CASRWDRFPVNLPLHF,TRBV7-9*04,None,TRBJ1-6*01,2
244,CASRRGRFPVNSPLHF,TRBV7-8*03,None,TRBJ1-6*01,2
245,CASRWDSFPVNSPLNF,TRBV7-8*03,None,TRBJ1-6*01,2
246,CASRWDRFPVNSLLNF,TRBV7-8*03,None,TRBJ1-6*01,2
247,CASSYGVNTEAFF,TRBV6-6*05,None,TRBJ1-1*01,2
248,CASSWDRFPVNSPLHF,TRBV7-3*05,None,TRBJ1-6*01,2
249,CASRWDGFPVNSALHF,TRBV7-8*03,None,TRBJ1-6*01,2
250,CASRWDRFPVNPPLHF,TRBV7-3*05,None,TRBJ1-6*01,2
251,CASRWDRFPVNSLLHF,TRBV11-3*03,None,TRBJ1-6*01,2
252,CASRWDRFPVNSPHHF,TRBV7-8*03,None,TRBJ1-6*02,2
253,CASRWDRFPVNSLHHF,TRBV7-8*03,None,TRBJ1-6*01,2
254,CASRWARFPVNSPLHF,TRBV7-8*03,None,TRBJ1-6*02,2
255,CASRWDRVQVNSPLHF,TRBV7-8*03,None,TRBJ1-6*01,2
256,CASRWDLFPVNSTLHF,TRBV7-8*03,None,TRBJ1-6*01,2
257,CASRWDRFPVNSPLHF,TRBV4-3*04,None,TRBJ1-6*01,2
258,CASRCGRFPVNSPLHF,TRBV7-8*03,None,TRBJ1-6*01,2
259,CASRWDRFPVNSPLHF,TRBV4-1*01,None,TRBJ1-6*01,2
260,CASRWDRFPVNSHLNF,TRBV7-8*03,None,TRBJ1-6*01,2
261,CASRWDRFPVNSPLHF,TRBV7-3*05,None,TRBJ1-6*02,2
262,CASRWDRFPVNPPLHF,TRBV7-9*04,None,TRBJ1-6*01,2
263,CASRWARFRVNSPLHF,TRBV7-8*03,None,TRBJ1-6*01,2
264,CASRWDRVPVNSPLHF,TRBV7-8*03,None,TRBJ1-6*02,2
265,CASRWDRFPINSPLHF,TRBV7-3*04,None,TRBJ1-6*01,2
266,CASRCDRFPVNSPLRF,TRBV7-8*03,None,TRBJ1-6*01,2
267,CQKEGRSGDEQLFF,TRBV7-9*04,None,TRBJ1-4*01,2
268,CASRWGRFPVNSPLHF,TRBV7-3*04,None,TRBJ1-6*01,2
269,CASRWGRFPVNSPLHF,TRBV7-3*05,None,TRBJ1-6*01,2
270,CASRWDRFPTNSPLHF,TRBV7-8*03,None,TRBJ1-6*01,2
271,CASRWDRFLVNSPLHF,TRBV7-8*03,None,TRBJ1-6*02,2
272,CASRWDRIPVTSPLHF,TRBV7-8*03,None,TRBJ1-6*01,2
273,CASRWDRFPVSSPLHF,TRBV7-9*04,None,TRBJ1-6*01,2
274,CARRRDGQGDEKLFF,TRBV7-9*04,None,TRBJ1-4*01,2
275,CARRRDGRGDEKLFF,TRBV7-9*04,None,TRBJ1-4*01,2
276,CARRRDGRGMKKLFF,TRBV11-3*03,None,TRBJ1-4*01,2
277,CARRRDGRGMKNCFF,TRBV7-8*03,None,TRBJ1-4*01,2
278,CSSRWYRFPVNSPLHF,TRBV7-8*03,None,TRBJ1-6*01,2
279,CSSRWERFPVNSPLHF,TRBV7-8*03,None,TRBJ1-6*01,2
280,CARRRRSGDEKLFF,TRBV11-3*03,None,TRBJ1-4*01,2
281,CARRWDCFPVNSPLHF,TRBV7-8*03,None,TRBJ1-6*01,2
282,CSSRWDRFPVNSPLHF,TRBV7-9*04,None,TRBJ1-6*01,2
283,CSSRWDRFPVNSPLHF,TRBV11-3*03,None,TRBJ1-6*01,2
284,CASRWDRLPVNSPHHF,TRBV7-8*03,None,TRBJ1-6*01,2
285,CASRWDRFPVNSTLRF,TRBV7-8*03,None,TRBJ1-6*01,2
286,CASRWERFPVNSPLHF,TRBV7-9*04,None,TRBJ1-6*01,2
287,CARRWDRFPVNSPLHF,TRBV7-8*03,None,TRBJ1-6*02,2
288,CASRWDRLPVNSPLHF,TRBV7-8*03,None,TRBJ1-6*02,2
289,CASRWDRLPVNSPLLF,TRBV7-8*03,None,TRBJ1-6*01,2
290,CASRWDRLPVNSPLNF,TRBV7-8*03,None,TRBJ1-6*01,2
291,CASRWDRLPVNSPPHF,TRBV7-8*03,None,TRBJ1-6*01,2
292,CARRWERFPVNSPLHF,TRBV7-8*03,None,TRBJ1-6*01,2
293,CSALMAGQAFF,TRBV20-1*06,None,TRBJ1-1*01,2
294,CARRWYRFPINSPLHF,TRBV7-8*03,None,TRBJ1-6*01,2
295,CASRWDRCPVNSTLHF,TRBV7-8*03,None,TRBJ1-6*01,2
296,CASRWHRFPVNSPLRF,TRBV7-8*03,None,TRBJ1-6*01,2
297,CASRWDRFPVTSPLHF,TRBV7-3*05,None,TRBJ1-6*01,2
298,CANRWDRFPVNSPLHF,TRBV7-9*04,None,TRBJ1-6*01,2
299,CANRWDRFPVNSPLHF,TRBV7-3*04,None,TRBJ1-6*01,2
300,CASRWGCFPVNSPLHF,TRBV7-8*03,None,TRBJ1-6*01,2
301,CASRWDRFSVNSPLHF,TRBV7-9*04,None,TRBJ1-6*01,2
302,CASRWERVPVNSPLHF,TRBV7-8*03,None,TRBJ1-6*01,2
303,CVSRWHRFPVNSPLHF,TRBV7-8*03,None,TRBJ1-6*01,2
304,CASRWDRFPINSPLHF,TRBV11-3*03,None,TRBJ1-6*01,2
305,CASRWDRFSVNSPLHF,TRBV11-3*03,None,TRBJ1-6*01,2
306,CASRWDRFPINSPLHF,TRBV7-9*04,None,TRBJ1-6*01,2
307,CASRWDRFPINSPLRF,TRBV7-8*03,None,TRBJ1-6*01,2
308,CASRWDRFTVNSPLHF,TRBV7-3*05,None,TRBJ1-6*01,2
309,CAGRWDRFPVNSPFHF,TRBV7-8*03,None,TRBJ1-6*01,2
310,CVSRWDRFPVNSPLRF,TRBV7-8*03,None,TRBJ1-6*01,2
311,CASRWDRFTVNSPLHF,TRBV7-9*04,None,TRBJ1-6*01,2
312,CASRWDRFRVNSLLHF,TRBV7-3*04,None,TRBJ1-6*01,2
313,CASRWDRFTVNSPLRF,TRBV7-8*03,None,TRBJ1-6*01,2
314,CASRWDRFQVNSPPHF,TRBV7-8*03,None,TRBJ1-6*01,2
315,CASRWDRFPLNSPPHF,TRBV7-8*03,None,TRBJ1-6*01,2
316,CASRWDRFPLNSPLHF,TRBV11-3*02,None,TRBJ1-6*01,2
317,CASRWGRFPLNSPLHF,TRBV7-8*03,None,TRBJ1-6*01,2
318,CASRWDRIPVDSPLHF,TRBV7-8*03,None,TRBJ1-6*01,2
319,CASRWDRFPLNSPLHF,TRBV7-3*05,None,TRBJ1-6*01,2
320,CASRWDRFPLNSPLRF,TRBV7-8*03,None,TRBJ1-6*01,2
321,CASRWGRFPVNSPIHF,TRBV7-8*03,None,TRBJ1-6*01,2
322,CASRWDRFPANSPLHF,TRBV11-3*03,None,TRBJ1-6*01,2
323,CAKEGRSGDEKLFF,TRBV11-3*03,None,TRBJ1-4*01,2
324,CAKEGRSGDEKLFF,TRBV7-9*04,None,TRBJ1-4*01,2
325,CASRWDRIPVNSPLHF,TRBV7-2*04,None,TRBJ1-6*01,2
326,CTSRWDRFPVNSPLRF,TRBV7-2*03,None,TRBJ1-6*01,2
327,CTSRWDRFPVNSPLHF,TRBV11-3*03,None,TRBJ1-6*01,2
328,CASRWDRIPVNSPLHF,TRBV7-8*03,None,TRBJ1-6*02,2
329,CASRWHRFPVNSPPHF,TRBV7-8*03,None,TRBJ1-6*01,2
330,CASRWDRLPVNSPLHF,TRBV11-2*03,None,TRBJ1-6*01,2
331,CASIWDRFPVNSLLHF,TRBV7-8*03,None,TRBJ1-6*01,2
332,CASRWDRFPVNSPLRF,TRBV7-8*01,None,TRBJ1-6*01,2
333,CASRWDRFPVNSPPHF,TRBV7-8*03,None,TRBJ1-6*02,2
334,CPSRWDRFPVNSPLHF,TRBV11-3*03,None,TRBJ1-6*01,2
335,CASRWKRFPVNSPLHF,TRBV7-8*03,None,TRBJ1-6*01,2
336,CASRWDRCPVKSPLHF,TRBV7-8*03,None,TRBJ1-6*01,2
337,CASRWDRFPVNSPPHF,TRBV11-2*03,None,TRBJ1-6*01,2
338,CASIWDRFPVKSPLHF,TRBV7-8*03,None,TRBJ1-6*01,2
339,CASRWERFPVNSHLHF,TRBV7-8*03,None,TRBJ1-6*01,2
340,CASIWDRFPVNSPLYF,TRBV7-8*03,None,TRBJ1-6*01,2
341,CASRWDRFPVNSPLYF,TRBV11-3*02,None,TRBJ1-6*01,2
342,CGSRWERFPVNSPLHF,TRBV7-8*03,None,TRBJ1-6*01,2
343,CASRWDRFPVNSPLRF,TRBV7-9*04,None,TRBJ1-6*01,2
344,CGSRWDRFPVNSPLHF,TRBV7-3*05,None,TRBJ1-6*01,2
345,CASRWDRLRVNSPLHF,TRBV7-8*03,None,TRBJ1-6*01,2
346,CASRWDRSPVNSPLHF,TRBV7-8*03,None,TRBJ1-4*01,2
347,CASRWDRFPVNSPLQF,TRBV11-2*01,None,TRBJ1-6*01,2
348,CASRWDRFPVKSPIHF,TRBV7-8*03,None,TRBJ1-6*01,2
349,CASRWDPFPVNSPLHF,TRBV7-1*01,None,TRBJ1-6*01,2
350,CASRWDRFPVNSPLPF,TRBV11-3*02,None,TRBJ1-6*01,2
351,CASRCDCFPVNSPLHF,TRBV7-8*03,None,TRBJ1-6*01,2
352,CASRCDRFPANSPLHF,TRBV7-8*03,None,TRBJ1-6*01,2
353,CASRCDRFPLNSPLHF,TRBV7-8*03,None,TRBJ1-6*01,2
354,CASRWDRFPVNSPLLF,TRBV7-9*04,None,TRBJ1-6*01,2
355,CASRCDRFPVNSPLHF,TRBV7-3*05,None,TRBJ1-6*01,2
356,CASRWDRFPVKSPLPF,TRBV7-8*03,None,TRBJ1-6*01,2
357,CASRWHRLPVNSPLHF,TRBV7-8*03,None,TRBJ1-6*01,2
358,CGSRWDRLPVNSPLHF,TRBV7-8*03,None,TRBJ1-6*01,2
359,CASRWDRFPVNSPVHF,TRBV7-9*04,None,TRBJ1-6*01,2
360,CASRWDRLPVNTPLHF,TRBV7-8*03,None,TRBJ1-6*01,2
361,CASRWDRFPVNSPRNF,TRBV7-8*03,None,TRBJ1-6*01,2
362,CASGWDRFPVNSPLHF,TRBV11-3*03,None,TRBJ1-6*01,2
363,CASGWDRFPVNSRLHF,TRBV7-8*03,None,TRBJ1-6*01,2
364,CASRWERFPVNSPLHF,TRBV11-3*03,None,TRBJ1-6*01,2
365,CASRWDRLQVNSPLHF,TRBV7-8*03,None,TRBJ1-6*01,2
366,CASGWDRFPVDSPLHF,TRBV7-8*03,None,TRBJ1-6*01,2
367,CQKEGRSGDEKLFF,TRBV7-8*03,None,TRBJ1-4*01,2
368,CASRWDSVPGNSPLNF,TRBV7-8*03,None,TRBJ1-6*02,1
369,CASRWERFPVNSPLHF,TRBV3-1*02,None,TRBJ1-6*01,1
370,CASRWDSFPVNSPLDF,TRBV7-8*03,None,TRBJ1-6*01,1
371,CASRWDSFPVNSPLHF,TRBV11-2*02,None,TRBJ1-6*01,1
372,CASRWDSFPVNSPLHF,TRBV7-8*02,None,TRBJ1-6*01,1
373,CASRWDSFPVNSPLHF,TRBV11-3*03,None,TRBJ1-6*01,1
374,CASRWERLPVNSPLHF,TRBV7-8*03,None,TRBJ1-6*01,1
375,CASRWERLPVNSPLHF,TRBV11-3*03,None,TRBJ1-6*01,1
376,CASRWEHFPVNSPLHF,TRBV7-8*03,None,TRBJ1-6*01,1
377,CASRWDSVPVNSPLRF,TRBV7-8*03,None,TRBJ1-6*01,1
378,CASRWERLPVNSHLHF,TRBV7-8*03,None,TRBJ1-6*01,1
379,CASRWERFPVKSPLHF,TRBV7-8*03,None,TRBJ1-6*01,1
380,CASRWDSFPVNSPHHF,TRBV7-8*03,None,TRBJ1-6*01,1
381,CASRWERFPLNSPLHF,TRBV7-8*03,None,TRBJ1-6*01,1
382,CASRWERLTVNSPLHF,TRBV7-8*03,None,TRBJ1-6*01,1
383,CASRWERFPVHSPLHF,TRBV7-8*03,None,TRBJ1-6*01,1
384,CASRWERLPVKSPLHF,TRBV7-8*03,None,TRBJ1-6*01,1
385,CASRWDSFPVNSLLHF,TRBV7-8*03,None,TRBJ1-6*01,1
386,CASRWERSPLNSPLHF,TRBV7-8*03,None,TRBJ1-6*01,1
387,CASRWERFPGNSPLLF,TRBV7-8*03,None,TRBJ1-6*01,1
388,CASRWERFPENSPLHF,TRBV7-8*03,None,TRBJ1-6*01,1
389,CASRWERSPVNSPLHF,TRBV7-8*03,None,TRBJ1-6*01,1
390,CASRWECFPVNSPLHF,TRBV7-8*03,None,TRBJ1-6*01,1
391,CASRWDWFPVKSTLHF,TRBV7-8*03,None,TRBJ1-6*01,1
392,CASRWERFAVNSPLHF,TRBV7-8*03,None,TRBJ1-6*01,1
393,CASRWERFAVDSPLHF,TRBV11-3*03,None,TRBJ1-6*01,1
394,CASRWERCLVNSPLHF,TRBV11-3*02,None,TRBJ1-6*01,1
395,CASRWERFPVNSPLHF,TRBV14*02,None,TRBJ1-6*01,1
396,CASRWERFPVNATLHF,TRBV7-8*03,None,TRBJ1-6*01,1
397,CASRWERFPVNSAIHF,TRBV7-8*03,None,TRBJ1-6*01,1
398,CASRWERFPVNPPLHF,TRBV5-7*01,None,TRBJ1-6*01,1
399,CASRWERFPVNSPLNF,TRBV7-8*03,None,TRBJ1-6*01,1
400,CASRWERFPVNSPLLF,TRBV7-8*03,None,TRBJ1-6*01,1
401,CASRWERFPVNSPLNF,TRBV11-3*03,None,TRBJ1-6*01,1
402,CASRWERFPVNSPHHF,TRBV7-8*03,None,TRBJ1-6*01,1
403,CASRWDSFPVNSTLHF,TRBV7-8*03,None,TRBJ1-6*01,1
404,CASRWDSFRVNSPLHF,TRBV7-8*03,None,TRBJ1-6*01,1
405,CASRWDSFRVNSPLNF,TRBV7-8*03,None,TRBJ1-6*01,1
406,CASRWDSVPVKSPLHF,TRBV7-8*03,None,TRBJ1-6*01,1
407,CASRWERIALNSAHHF,TRBV7-8*03,None,TRBJ1-6*01,1
408,CASRWERFRVNSPLNF,TRBV7-8*03,None,TRBJ1-6*01,1
409,CASRWERFPVNTPRHF,TRBV7-8*03,None,TRBJ1-6*01,1
410,CASRWDSFRVNSPLRF,TRBV7-8*03,None,TRBJ1-6*01,1
411,CASRWERFPVNSPRHF,TRBV7-8*03,None,TRBJ1-6*01,1
412,CASRWERFPVNSPLHF,TRBV11-2*03,None,TRBJ1-6*01,1
413,CASRWERFPVNSPLQF,TRBV7-8*03,None,TRBJ1-6*01,1
414,CASRWECFRVKSPLHF,TRBV7-4*01,None,TRBJ1-6*02,1
415,CASRWERIPLNSPLHF,TRBV7-8*03,None,TRBJ1-6*01,1
416,CASRWECFPVNSSLHF,TRBV7-8*03,None,TRBJ1-6*01,1
417,CASRWDSFPVNSPPHF,TRBV7-8*03,None,TRBJ1-6*01,1
418,CASRWERFPVNSGLHF,TRBV7-8*03,None,TRBJ1-6*01,1
419,CASRWERFPVNSPLHF,TRBV7-3*05,None,TRBJ1-6*01,1
420,CASRWERFPVNSALHF,TRBV7-8*03,None,TRBJ1-6*01,1
421,CASRWERFPVNSPLHF,TRBV7-8*03,None,TRBJ1-1*01,1
422,CASRWERFPVNSPLHF,TRBV7-8*03,None,TRBJ1-4*01,1
423,CASRWERFPVNSPLHF,TRBV7-8*03,None,TRBJ1-6*02,1
424,CASRWEGFPVNSPLHF,TRBV7-8*03,None,TRBJ1-6*01,1
425,CASRWERIPVPSPLHF,TRBV7-8*01,None,TRBJ1-6*01,1
426,CASRWDSFPVNSPLRF,TRBV7-8*03,None,TRBJ1-6*02,1
427,CASRWEGFPVHSPLHF,TRBV7-8*03,None,TRBJ1-6*01,1
428,CASRWERFPVNSPLHF,TRBV11-3*01,None,TRBJ1-6*01,1
429,CASRWERFPVNSHLHF,TRBV7-3*05,None,TRBJ1-6*01,1
430,CASRWEPSAATSPLYF,TRBV7-8*03,None,TRBJ1-6*01,1
431,CASRWERFPVNSLLHF,TRBV7-8*03,None,TRBJ1-6*02,1
432,CASRWDSVTVNSTLHF,TRBV7-8*03,None,TRBJ1-6*01,1
433,CASRWDVFPVNSPLHF,TRBV7-8*03,None,TRBJ1-6*01,1
434,CACRWDRFPVNSPFHF,TRBV7-8*03,None,TRBJ1-6*01,1
435,CASRWDSFPVNSALHF,TRBV7-9*04,None,TRBJ1-6*01,1
436,CASRWDRLPVNSHLHF,TRBV7-8*03,None,TRBJ1-6*01,1
437,CASRWDRLPVNSPLHF,TRBV7-1*01,None,TRBJ1-6*01,1
438,CASRWDRLPVNSPLHF,TRBV5-4*03,None,TRBJ1-6*01,1
439,CASRWDRLPVNSPLHF,TRBV11-2*02,None,TRBJ1-6*01,1
440,CASRWDRLPVNSPLDF,TRBV7-8*03,None,TRBJ1-6*01,1
441,CASRWDRLPVNSPIHF,TRBV7-3*04,None,TRBJ1-6*01,1
442,CASRWDRLPVNSPFHF,TRBV7-3*05,None,TRBJ1-6*01,1
443,CASRWDRLPVNSLLHF,TRBV7-8*03,None,TRBJ1-6*01,1
444,CASRWDRLPVNLPLHF,TRBV7-8*03,None,TRBJ1-6*01,1
445,CASRWDRLPVNSPLHF,TRBV7-2*04,None,TRBJ1-6*01,1
446,CASRWDRLPVKSSLHF,TRBV7-8*03,None,TRBJ1-6*01,1
447,CASRWDRLPVDSTLHF,TRBV7-8*03,None,TRBJ1-6*01,1
448,CASRWDRLPLSSPLHF,TRBV11-3*03,None,TRBJ1-6*01,1
449,CASRWDRLPINSPLHF,TRBV7-8*03,None,TRBJ1-6*01,1
450,CASRWDRLPANSPHHF,TRBV7-8*03,None,TRBJ1-6*01,1
451,CASRWDRLPANQSLPF,TRBV25-1*01,None,TRBJ1-6*01,1
452,CASRWDRLAANYPLHF,TRBV7-8*03,None,TRBJ1-6*01,1
453,CASRWDRLPVNSPLHF,TRBV7-2*01,None,TRBJ1-6*01,1
454,CASRWDRLPVNSPLHF,TRBV7-3*04,None,TRBJ1-6*01,1
455,CASRWDRIRLKSPLQF,TRBV7-8*03,None,TRBJ1-6*01,1
456,CASRWDRLPVSSPLHF,TRBV7-8*03,None,TRBJ1-6*01,1
457,CASRWDRMLVNSALHF,TRBV7-1*01,None,TRBJ1-6*01,1
458,CASRWDRLTVNSPPHF,TRBV7-9*04,None,TRBJ1-6*01,1
459,CASRWDRLTVNSPLHF,TRBV7-8*03,None,TRBJ1-6*01,1
460,CASRWDRLTVNSPLHF,TRBV11-2*02,None,TRBJ1-6*01,1
461,CASRWDRLSVNEPLFF,TRBV7-8*03,None,TRBJ1-6*01,1
462,CASRWDRLRVNSPLHF,TRBV7-8*03,None,TRBJ1-6*02,1
463,CASRWDRLQVNSPLQF,TRBV7-8*03,None,TRBJ1-6*01,1
464,CASRWDRLPVNTPLHF,TRBV7-8*03,None,TRBJ1-6*02,1
465,CASRWDRLPVNSPLHF,TRBV7-9*07,None,TRBJ1-6*01,1
466,CASRWDRLPVNSTLHF,TRBV11-3*02,None,TRBJ1-6*01,1
467,CASRWDRLPVNSSLHF,TRBV7-8*03,None,TRBJ1-6*01,1
468,CASRWDRLPVNSRLLF,TRBV7-8*03,None,TRBJ1-6*01,1
469,CASRWDRLPVNSRLHF,TRBV7-9*04,None,TRBJ1-6*01,1
470,CASRWDRLPVNSRLHF,TRBV7-8*03,None,TRBJ1-6*01,1
471,CASRWDRLPVNSRLHF,TRBV11-2*03,None,TRBJ1-6*01,1
472,CASRWDRLPVNSPLLF,TRBV7-8*03,None,TRBJ1-6*02,1
473,CASRWDRISVNSPLHF,TRBV11-2*03,None,TRBJ1-6*01,1
474,CASRWDRIPVYSPLHF,TRBV7-8*03,None,TRBJ1-2*01,1
475,CASRWDSFPVKSTIHF,TRBV7-8*03,None,TRBJ1-6*01,1
476,CASRWDRFTVNSPPHF,TRBV7-8*03,None,TRBJ1-6*01,1
477,CASRWDRIPGNSPLHF,TRBV7-8*03,None,TRBJ1-6*01,1
478,CASRWDRIPGNSPHHF,TRBV7-8*03,None,TRBJ1-6*01,1
479,CASRWDRIPGKSPLHF,TRBV7-8*03,None,TRBJ1-6*02,1
480,CASRWDRIPFTSPLHF,TRBV7-8*03,None,TRBJ1-6*01,1
481,CASRWDRFTVNVPLRF,TRBV7-4*01,None,TRBJ1-6*01,1
482,CASRWDRFTVNTPLHF,TRBV7-8*03,None,TRBJ1-6*01,1
483,CASRWDRFTVNSPRNF,TRBV7-8*03,None,TRBJ1-6*01,1
484,CASRWDRFTVNSPLNF,TRBV7-3*04,None,TRBJ1-6*01,1
485,CASRWDRIPVKSPIRF,TRBV7-8*03,None,TRBJ1-6*01,1
486,CASRWDRFTVNSPLHF,TRBV7-9*07,None,TRBJ1-6*01,1
487,CASRWDRFTVNSPLHF,TRBV7-3*04,None,TRBJ1-6*01,1
488,CASRWDRFTVNSPLHF,TRBV7-1*01,None,TRBJ1-6*01,1
489,CASRWDRFTVNSPLHF,TRBV11-3*02,None,TRBJ1-6*01,1
490,CASRWDRFTVNSLLHF,TRBV7-8*03,None,TRBJ1-6*01,1
491,CASRWDRFTVNAPLHF,TRBV7-8*03,None,TRBJ1-6*01,1
492,CASRWDRFTVDSPLHF,TRBV7-8*03,None,TRBJ1-6*01,1
493,CASRWDRIPINSPLRF,TRBV7-8*03,None,TRBJ1-6*01,1
494,CASRWDRIPVNSGHHF,TRBV7-3*05,None,TRBJ1-6*01,1
495,CASRWDRIPVTSPLNF,TRBV7-8*03,None,TRBJ1-6*01,1
496,CASRWDRIPVNSPLHF,TRBV7-9*04,None,TRBJ1-6*01,1
497,CASRWDRIPVNWPLHF,TRBV7-8*03,None,TRBJ1-6*01,1
498,CASRWDRIPVNTHLHF,TRBV7-8*03,None,TRBJ1-6*01,1
499,CASRWDRIPVNSPQHF,TRBV7-8*03,None,TRBJ1-6*01,1
500,CASRWDRIPVNSPPHF,TRBV7-8*03,None,TRBJ1-6*01,1
501,CASRWDRIPVNSPLRF,TRBV7-8*03,None,TRBJ1-6*01,1
502,CASRWDRIPVNSPLPF,TRBV11-2*02,None,TRBJ1-6*01,1
503,CASRWDRIPVNSPLHF,TRBV7-9*07,None,TRBJ1-6*01,1
504,CASRWDRIPVNSPLHF,TRBV7-9*02,None,TRBJ1-6*01,1
505,CASRWDRIPVNSHLHF,TRBV7-8*03,None,TRBJ1-6*01,1
506,CASRWDRIPVNSPLHF,TRBV7-1*01,None,TRBJ1-6*01,1
507,CASRWDRIPVNSPLHF,TRBV5-5*03,None,TRBJ1-6*01,1
508,CASRWDRIPVNSPLHF,TRBV11-3*03,None,TRBJ1-6*01,1
509,CASRWDRIPVNSPLHF,TRBV11-2*02,None,TRBJ1-6*01,1
510,CASRWDRIPVNSPHPF,TRBV11-3*02,None,TRBJ1-6*01,1
511,CASRWDRIPVNSPHHF,TRBV7-8*03,None,TRBJ1-6*02,1
512,CASRWDRIPVNSLLHF,TRBV7-8*03,None,TRBJ1-6*01,1
513,CASRWDRPPVNSPHHF,TRBV7-8*03,None,TRBJ1-6*01,1
514,CASRWDRPPVTSPLHF,TRBV7-8*03,None,TRBJ1-6*01,1
515,CASRWDRSAVISALNF,TRBV7-8*03,None,TRBJ1-6*01,1
516,CASRWDRVPVNSPLYF,TRBV7-8*03,None,TRBJ1-6*01,1
517,CASRWDRVPVNSSPHF,TRBV7-4*01,None,TRBJ1-6*01,1
518,CASRWDRVPVNSSLHF,TRBV7-9*04,None,TRBJ1-6*01,1
519,CASRWDRVPVNSRLHF,TRBV7-8*03,None,TRBJ1-6*01,1
520,CASRWDRVPVNSPTHF,TRBV7-8*03,None,TRBJ1-6*01,1
521,CASRWDRVPVNSPRHF,TRBV7-3*04,None,TRBJ1-6*01,1
522,CASRWDRVPVNSPPRF,TRBV7-8*03,None,TRBJ1-6*01,1
523,CASRWDRVPVNSPPHF,TRBV7-8*03,None,TRBJ1-6*01,1
524,CASRWDRVPVNSPLRF,TRBV7-8*03,None,TRBJ1-6*01,1
525,CASRWDRVPVRSPLHF,TRBV7-8*03,None,TRBJ1-6*01,1
526,CASRWDRVPVNSPLPF,TRBV7-8*03,None,TRBJ1-6*02,1
527,CASRWDRVPVNSPLPF,TRBV7-8*03,None,TRBJ1-6*01,1
528,CASRWDRVPVNSPLLF,TRBV7-8*03,None,TRBJ1-6*01,1
529,CASRWDRVPVNSPLHF,TRBV7-8*03,None,TRBJ1-1*01,1
530,CASRWDRVPVNSPLHF,TRBV7-8*02,None,TRBJ1-6*01,1
531,CASRWDRVPVNSPLHF,TRBV7-8*01,None,TRBJ1-6*01,1
532,CASRWDRVPVNSPLHF,TRBV7-4*01,None,TRBJ1-6*01,1
533,CASRWDRVPVNSTLHF,TRBV7-8*03,None,TRBJ1-6*01,1
534,CASRWDRVPVSTPLHF,TRBV7-8*03,None,TRBJ1-4*01,1
535,CASRWDRSGVKSPLHF,TRBV7-8*03,None,TRBJ1-6*01,1
536,CASRWDRYPVNSPLHF,TRBV11-3*03,None,TRBJ1-6*01,1
537,CASRWDSFPVKSPLNF,TRBV4-1*01,None,TRBJ1-6*01,1
538,CASRWDSFPANSTPRF,TRBV7-9*04,None,TRBJ1-6*01,1
539,CASRWDSCPVNSPLHF,TRBV7-8*03,None,TRBJ1-6*01,1
540,CASRWDRYQVNSPLRF,TRBV7-8*03,None,TRBJ1-6*01,1
541,CASRWDRYPVNSPLPF,TRBV11-3*03,None,TRBJ1-6*01,1
542,CASRWDRYPVNSPLNF,TRBV7-8*03,None,TRBJ1-6*02,1
543,CASRWDRYPVNSPLHF,TRBV7-9*04,None,TRBJ1-6*01,1
544,CASRWDRYPVNLPLNF,TRBV7-8*03,None,TRBJ1-6*01,1
545,CASRWDRVPVTSPLHF,TRBV7-8*03,None,TRBJ1-6*01,1
546,CASRWDRYLVTSPQHF,TRBV5-8*02,None,TRBJ1-6*01,1
547,CASRWDRWPVNSPLHF,TRBV7-8*03,None,TRBJ1-6*01,1
548,CASRWDRVTVNSPPHF,TRBV7-8*03,None,TRBJ1-6*01,1
549,CASRWDRVRVNSPLHF,TRBV7-8*03,None,TRBJ1-6*01,1
550,CASRWDRVRVKSPLHF,TRBV7-8*03,None,TRBJ1-6*01,1
551,CASRWDRVPVYSPPHF,TRBV7-8*03,None,TRBJ1-6*01,1
552,CASRWDRVPVYSPLHF,TRBV7-8*03,None,TRBJ1-6*01,1
553,CASRWDRVPVNSPLHF,TRBV7-3*05,None,TRBJ1-6*01,1
554,CASRWDRVPVNSPLHF,TRBV5-5*03,None,TRBJ1-6*01,1
555,CASRWDRVPVNSPLHF,TRBV11-3*02,None,TRBJ1-6*01,1
556,CASRWDRSPVNSPLQF,TRBV7-8*03,None,TRBJ1-6*01,1
557,CASRWDRSPVNSYHHF,TRBV7-8*03,None,TRBJ1-6*01,1
558,CASRWDRSPVNSTLHF,TRBV7-8*03,None,TRBJ1-6*01,1
559,CASRWDRSPVNSTLHF,TRBV5-7*01,None,TRBJ1-6*01,1
560,CASRWDRSPVNSPRHF,TRBV7-8*02,None,TRBJ1-6*01,1
561,CASRWDRSPVNSPPHF,TRBV7-8*03,None,TRBJ1-6*01,1
562,CASRWDRSPVNSPLRF,TRBV7-8*03,None,TRBJ1-6*01,1
563,CASRWDRSPVNSPLRF,TRBV7-2*04,None,TRBJ1-6*02,1
564,CASRWDRSPVNSPLLF,TRBV7-8*03,None,TRBJ1-6*01,1
565,CASRWDRVPVNSPLHF,TRBV11-2*03,None,TRBJ1-6*01,1
566,CASRWDRSPVNSPLHF,TRBV5-5*01,None,TRBJ1-6*01,1
567,CASRWDRSPVNSPLHF,TRBV11-3*02,None,TRBJ1-6*01,1
568,CASRWDRSPVNSPLHF,TRBV11-2*03,None,TRBJ1-6*01,1
569,CASRWDRSPVNSPHHF,TRBV7-8*03,None,TRBJ1-6*01,1
570,CASRWDRSPVNPPLHF,TRBV7-8*03,None,TRBJ1-6*01,1
571,CASRWDRSPVISPLHF,TRBV7-8*03,None,TRBJ1-6*01,1
572,CASRWDRSLVDSPLHF,TRBV7-8*03,None,TRBJ1-6*01,1
573,CASRWDRSPVNYPLHF,TRBV7-8*03,None,TRBJ1-6*01,1
574,CASRWDRSPVTSPLHF,TRBV7-8*03,None,TRBJ1-6*01,1
575,CASRWDRTPLNSPLHF,TRBV7-8*03,None,TRBJ1-6*01,1
576,CASRWDRVAVNSPLHF,TRBV7-8*03,None,TRBJ1-6*01,1
577,CASRWDRVPVNSPLHF,TRBV11-2*02,None,TRBJ1-6*01,1
578,CASRWDRVPVNSPLHF,TRBV11-2*01,None,TRBJ1-6*01,1
579,CASRWDRVPVNSPIHF,TRBV7-8*03,None,TRBJ1-6*01,1
580,CASRWDRVPVNSPHHF,TRBV7-8*03,None,TRBJ1-6*02,1
581,CASRWDRVPVNSPHHF,TRBV11-3*03,None,TRBJ1-6*01,1
582,CASRWDRVPVNSPFHF,TRBV7-8*03,None,TRBJ1-6*02,1
583,CASRWDRVPVNSHFHF,TRBV7-8*03,None,TRBJ1-6*01,1
584,CASRWDRVPVNSALHF,TRBV7-8*03,None,TRBJ1-6*01,1
585,CASRWDRVPVNSAHHF,TRBV7-8*03,None,TRBJ1-6*02,1
586,CASRWERVPANSPLHF,TRBV7-8*03,None,TRBJ1-6*01,1
587,CASRWDRVPVKSPLHF,TRBV7-8*03,None,TRBJ1-6*02,1
588,CASRWDRVPVKSPLHF,TRBV7-8*03,None,TRBJ1-6*01,1
589,CASRWDRVPANSPLHF,TRBV7-8*03,None,TRBJ1-6*01,1
590,CASRWDRVPANSPLHF,TRBV5-8*02,None,TRBJ1-6*02,1
591,CASRWDRVPANSHLHF,TRBV7-8*03,None,TRBJ1-6*01,1
592,CASRWDRVPVNPPLHF,TRBV7-8*03,None,TRBJ1-6*01,1
593,CASRWNRFPVKSTPHF,TRBV7-8*03,None,TRBJ1-6*01,1
594,CASRWERVPVNSSPHF,TRBV7-8*03,None,TRBJ1-6*01,1
595,CGSRWDRFPVNSPIHF,TRBV7-8*03,None,TRBJ1-6*01,1
596,CPSRWARFPVNSPLHF,TRBV7-8*03,None,TRBJ1-6*01,1
597,CPSCLTRGETQYF,TRBV11-3*02,None,TRBJ2-5*01,1
598,CPKEGRPGDEKLFF,TRBV11-3*03,None,TRBJ1-4*01,1
599,CPKAGRSGDEKLFF,TRBV11-3*03,None,TRBJ1-4*01,1
600,CNVETGSTDTQYF,TRBV29-1*03,None,TRBJ2-3*01,1
601,CLSRWDRFPVNSPLHF,TRBV7-8*03,None,TRBJ1-6*01,1
602,CGSTWDRFPTKEPLNF,TRBV4-3*02,None,TRBJ1-6*01,1
603,CGSRWHRFPVNSPLHF,TRBV7-8*03,None,TRBJ1-6*01,1
604,CGSRWERLPVNSPLHF,TRBV7-8*03,None,TRBJ1-6*01,1
605,CGSRWDSFPVNSPLHF,TRBV7-8*03,None,TRBJ1-6*01,1
606,CGSRWDRLPVNSRLHF,TRBV7-8*03,None,TRBJ1-6*01,1
607,CGSRWDRLPVNSHLHF,TRBV7-8*03,None,TRBJ1-6*01,1
608,CGSRWDRLPANSPLHF,TRBV7-8*03,None,TRBJ1-6*01,1
609,CGSRWDRFPVNSTVHF,TRBV7-8*03,None,TRBJ1-6*02,1
610,CGSRWDRFPVNSPVNF,TRBV7-8*03,None,TRBJ1-6*01,1
611,CGSRWDRFPVNSPLQF,TRBV7-8*03,None,TRBJ1-6*01,1
612,CGSRWDRFPVNSPLPF,TRBV7-8*03,None,TRBJ1-6*01,1
613,CGSRWDRFPVNSPLNF,TRBV7-9*03,None,TRBJ1-6*01,1
614,CGSRWDRFPVNSPLLF,TRBV7-8*03,None,TRBJ1-6*02,1
615,CGSRWDRFPVNSPLHF,TRBV7-3*04,None,TRBJ1-6*01,1
616,CGSRWDRFPVNSPLHF,TRBV7-1*01,None,TRBJ1-6*01,1
617,CGSRWDRFPVNSPLHF,TRBV5-8*02,None,TRBJ1-6*01,1
618,CGSRWDRFPVNSPLHF,TRBV5-5*02,None,TRBJ1-6*01,1
619,CPSRWDRCPVNSPLHF,TRBV7-8*03,None,TRBJ1-6*01,1
620,CPSRWDRFPADSPLHF,TRBV11-2*02,None,TRBJ1-6*01,1
621,CPSRWDRFPENSPLHF,TRBV7-8*03,None,TRBJ1-6*01,1
622,CPSSYHAHFGLLLF,TRBV10-3*04,None,TRBJ2-2*01,1
623,CRAVAGFSYEQYF,TRBV20-1*02,None,TRBJ2-7*01,1
624,CQSEGRSGDEKLFF,TRBV11-3*03,None,TRBJ1-4*01,1
625,CQQEARWGDEKLFF,TRBV11-3*03,None,TRBJ1-4*01,1
626,CQKMGRSGDENLFF,TRBV5-3*01,None,TRBJ1-4*01,1
627,CQKEGRSGDENLFF,TRBV11-3*03,None,TRBJ1-4*01,1
628,CQKEGRSGDEKLFF,TRBV7-3*05,None,TRBJ1-4*01,1
629,CQKEGRSGDEKLFF,TRBV5-3*01,None,TRBJ1-4*01,1
630,CQKEGRSGDEKLFF,TRBV11-3*02,None,TRBJ1-4*01,1
631,CQKDGRSVDEQLFF,TRBV7-9*04,None,TRBJ1-4*01,1
632,CPTGQGTSYEQYF,TRBV2*02,None,TRBJ2-7*01,1
633,CPSSNGVNTEAFF,TRBV6-6*03,None,TRBJ1-1*01,1
634,CPSRWDRFPLNSPLHF,TRBV7-8*03,None,TRBJ1-6*01,1
635,CPSRWDRYLLKAPRRF,TRBV7-8*03,None,TRBJ1-6*01,1
636,CPSRWDRVRVNSPLHF,TRBV7-8*03,None,TRBJ1-6*01,1
637,CPSRWDRVPVNSPFHF,TRBV7-8*03,None,TRBJ1-6*01,1
638,CPSRWDRLPVKSPLIF,TRBV7-8*02,None,TRBJ1-6*01,1
639,CPSRWDRFPVNSPLYF,TRBV7-3*04,None,TRBJ1-6*01,1
640,CPSRWDRFPVNSPLHF,TRBV7-9*04,None,TRBJ1-6*01,1
641,CPSRWDRFPVNSPLHF,TRBV7-2*04,None,TRBJ1-6*01,1
642,CPSRWDRFPVNSPLHF,TRBV7-2*02,None,TRBJ1-6*01,1
643,CPSRWDRFPVNSPLHF,TRBV11-3*02,None,TRBJ1-6*01,1
644,CPSRWDRFPVNSPLHF,TRBV11-2*01,None,TRBJ1-6*01,1
645,CGSRWDRFPVNSPLHF,TRBV11-3*03,None,TRBJ1-6*01,1
646,CGSRWDRFPVNSPFHF,TRBV7-8*03,None,TRBJ1-6*01,1
647,CASRWERYPVKSPLHF,TRBV7-8*03,None,TRBJ1-6*01,1
648,CGSRWDRFPVNSAHHF,TRBV7-8*03,None,TRBJ1-6*01,1
649,CDSRWDRFPVISPLHF,TRBV7-1*01,None,TRBJ1-6*01,1
650,CDSRWDRFPVHSPLHF,TRBV7-8*03,None,TRBJ1-6*01,1
651,CDSRWDRFPLNSPLHF,TRBV7-8*03,None,TRBJ1-6*01,1
652,CDSRWDGFPVNSPLNF,TRBV7-8*03,None,TRBJ1-6*01,1
653,CDSRWDCFTVNSPIIF,TRBV11-2*02,None,TRBJ1-6*01,1
654,CDSRRDRFPVNSPLLF,TRBV7-8*03,None,TRBJ1-6*01,1
655,CDSRRDRFPVNSPLHF,TRBV7-9*04,None,TRBJ1-6*01,1
656,CDSRRDCFPLNSPLHF,TRBV7-8*03,None,TRBJ1-6*01,1
657,CDSRLDRFPVNSPLHF,TRBV7-8*03,None,TRBJ1-6*01,1
658,CDSKWDRFPVSSPLHF,TRBV7-8*03,None,TRBJ1-6*01,1
659,CDRRWARLPVTSPLHF,TRBV7-8*03,None,TRBJ1-6*02,1
660,CDGRWDHFPVNSPLHF,TRBV7-3*05,None,TRBJ1-6*01,1
661,CCSRWDRFPVYYPLHF,TRBV7-3*03,None,TRBJ1-6*01,1
662,CCSRRDRFPVNSPLHF,TRBV7-8*03,None,TRBJ1-6*01,1
663,CAVLRIQGAQKLVF,TRBV11-3*03,None,TRBJ1-1*01,1
664,CAVLQSQETQRLVF,TRBV2*02,None,TRBJ1-1*01,1
665,CAVLLVLVSQKLVF,TRBV11-3*03,None,TRBJ1-1*01,1
666,CAVLLMQGAQKLVF,TRBV2*02,None,TRBJ1-1*01,1
667,CAVLLIQRNQRLVF,TRBV13*02,None,TRBJ1-1*01,1
668,CAVLLIQGAQKLVF,TRBV2*02,None,TRBJ1-1*01,1
669,CAVLEVKGDQKLVF,TRBV2*02,None,TRBJ1-1*01,1
670,CATTWHRFRVNSPLHF,TRBV7-8*03,None,TRBJ1-6*01,1
671,CATSWDRVRVNSSHHF,TRBV7-8*03,None,TRBJ1-6*01,1
672,CDSRWDRFPVNSPLHF,TRBV11-2*02,None,TRBJ1-6*01,1
673,CDSRWDRFPVNSPLRF,TRBV7-8*03,None,TRBJ1-6*01,1
674,CDSRWDRFPVNSPLYF,TRBV7-8*03,None,TRBJ1-6*01,1
675,CFSRWDCFPVNSPLHF,TRBV7-8*01,None,TRBJ1-6*01,1
676,CGSRWDRFPVNLAHHF,TRBV7-8*03,None,TRBJ1-6*01,1
677,CGSRLDRFPVNSPLSF,TRBV7-8*03,None,TRBJ1-6*01,1
678,CGSRGDRCPPNSPLHF,TRBV5-5*03,None,TRBJ1-6*01,1
679,CGSRCDRFPVNSPLHF,TRBV7-8*03,None,TRBJ1-6*01,1
680,CGSCGVCSTVNSHFDF,TRBV7-8*03,None,TRBJ1-6*01,1
681,CGRWDRFPVNSTLHF,TRBV7-8*03,None,TRBJ1-6*01,1
682,CGRRWDRFPVNSPLHF,TRBV7-8*03,None,TRBJ1-6*01,1
683,CGRRRDRYPVNSPLNF,TRBV11-3*03,None,TRBJ1-6*01,1
684,CGGRWDRFPVNSPLHF,TRBV11-2*03,None,TRBJ1-6*01,1
685,CFSSGDRFSVNSPLHF,TRBV7-8*03,None,TRBJ1-6*01,1
686,CESRWGRLPVNSALHF,TRBV7-8*03,None,TRBJ1-6*01,1
687,CDSRWDRFPVNSRLHF,TRBV7-8*03,None,TRBJ1-6*01,1
688,CDSSWDRFPVNSPLHF,TRBV7-8*03,None,TRBJ1-6*02,1
689,CDSRWNRFPVKSPLHF,TRBV7-8*03,None,TRBJ1-6*01,1
690,CDSRWERFPVTSPLHF,TRBV7-8*03,None,TRBJ1-6*01,1
691,CDSRWERFPVNSPLHF,TRBV7-8*03,None,TRBJ1-6*01,1
692,CDSRWDRVPVNSPLHF,TRBV7-8*03,None,TRBJ1-6*01,1
693,CDSRWDRVPLTSPLHF,TRBV7-8*03,None,TRBJ1-6*01,1
694,CDSRWDRLPVNSPLHF,TRBV7-8*03,None,TRBJ1-6*01,1
695,CDSRWDRFQVNSPHLF,TRBV7-8*03,None,TRBJ1-6*01,1
696,CDSRWDRFPVSSPLHF,TRBV7-8*03,None,TRBJ1-6*01,1
697,CDSRWDRFPVNTPLHF,TRBV7-8*03,None,TRBJ1-6*01,1
698,CRMETGSTDTQYF,TRBV29-1*02,None,TRBJ2-3*01,1
699,CSAETGSTDTQYF,TRBV29-1*03,None,TRBJ2-3*01,1
700,CSALMASQAFF,TRBV20-1*03,None,TRBJ1-1*01,1
701,CSALTAGQAFF,TRBV20-1*03,None,TRBJ1-1*01,1
702,CVSRWDPFPVNSPLHF,TRBV7-8*03,None,TRBJ1-6*02,1
703,CVSRWDPFPVNSPLHF,TRBV7-8*03,None,TRBJ1-6*01,1
704,CVSRWARFPVNSPLHF,TRBV7-8*03,None,TRBJ1-6*01,1
705,CVSRRDRLPVNSLLHF,TRBV7-8*03,None,TRBJ1-6*01,1
706,CVSRRDRFPVHSPLHF,TRBV7-8*03,None,TRBJ1-6*01,1
707,CVSIWDRFPVNSALHF,TRBV7-8*03,None,TRBJ1-6*01,1
708,CVRRWDRFPVNSPLHF,TRBV7-8*03,None,TRBJ1-6*01,1
709,CVNRWDRFPVNSPLHF,TRBV7-8*03,None,TRBJ1-6*01,1
710,CVIRWDRFPVNSPPHF,TRBV7-8*03,None,TRBJ1-6*01,1
711,CVGRWDRFPVNSPLHF,TRBV7-8*03,None,TRBJ1-6*01,1
712,CTSRWFRFPVNSPLHF,TRBV7-2*03,None,TRBJ1-6*01,1
713,CTSRWEGYPVNSRLPF,TRBV7-2*03,None,TRBJ1-6*01,1
714,CTSRWDRVPVNSPLHF,TRBV7-2*03,None,TRBJ1-6*01,1
715,CTSRWDRSPVNSPLHF,TRBV7-2*03,None,TRBJ1-6*01,1
716,CTSRWDRLPMNTPLHF,TRBV7-2*03,None,TRBJ1-6*01,1
717,CTSRWDRLGVHSPLHF,TRBV7-2*03,None,TRBJ1-6*01,1
718,CTSRWDRIPVNSPLHF,TRBV7-2*03,None,TRBJ1-6*01,1
719,CTSRWDRFPVNSPPHF,TRBV7-2*03,None,TRBJ1-6*01,1
720,CTSRWDRFPVNSPLYF,TRBV7-2*03,None,TRBJ1-6*01,1
721,CTSRWDRFPGNSPLHF,TRBV7-2*03,None,TRBJ1-6*01,1
722,CTSRWDLFPVNSPLHF,TRBV7-2*03,None,TRBJ1-6*01,1
723,CTSRWDCFPVNSPLHF,TRBV7-2*03,None,TRBJ1-6*01,1
724,CTSRWDCFPVNLPIHF,TRBV7-2*03,None,TRBJ1-6*01,1
725,CVSRWDRCPVNSPLHF,TRBV7-8*03,None,TRBJ1-6*01,1
726,CVSRWDRCQVNSPLHF,TRBV7-8*03,None,TRBJ1-6*01,1
727,CVSRWDRFPVNPPLHF,TRBV7-8*03,None,TRBJ1-6*01,1
728,CVSRWDRFPVYSPLHF,TRBV7-8*03,None,TRBJ1-6*01,1
729,CVSSWDRFPVNSPLLF,TRBV7-8*03,None,TRBJ1-6*01,1
730,CVSRWVRFPVNSPLHF,TRBV7-8*03,None,TRBJ1-6*01,1
731,CVSRWSCFPVNSPVHF,TRBV7-3*05,None,TRBJ1-6*01,1
732,CVSRWERFPVNSPLHF,TRBV7-3*05,None,TRBJ1-6*01,1
733,CVSRWERFPVNSHLYF,TRBV7-8*03,None,TRBJ1-6*01,1
734,CVSRWDSFPVNSPLHF,TRBV7-3*04,None,TRBJ1-6*01,1
735,CVSRWDRYPVNSPLHF,TRBV7-8*03,None,TRBJ1-6*01,1
736,CVSRWDRSPVNSPLHF,TRBV7-8*03,None,TRBJ1-6*01,1
737,CVSRWDRIPVNSPLHF,TRBV7-8*03,None,TRBJ1-6*01,1
738,CVSRWDRFQVNSPLNF,TRBV7-8*03,None,TRBJ1-6*01,1
739,CVSRWDRFPVNSTLYF,TRBV7-8*03,None,TRBJ1-6*01,1
740,CVSRWDRFPVNSALHF,TRBV7-8*03,None,TRBJ1-6*01,1
741,CVSRWDRFPVNSTFHF,TRBV7-9*04,None,TRBJ1-6*02,1
742,CVSRWDRFPVNSPLNF,TRBV7-8*03,None,TRBJ1-6*01,1
743,CVSRWDRFPVNSPLHF,TRBV7-8*03,None,TRBJ1-6*02,1
744,CVSRWDRFPVNSPLHF,TRBV7-8*03,None,TRBJ1-4*01,1
745,CVSRWDRFPVNSPLHF,TRBV7-8*01,None,TRBJ1-6*01,1
746,CVSRWDRFPVNSPLHF,TRBV7-3*05,None,TRBJ1-6*01,1
747,CVSRWDRFPVNSPLHF,TRBV5-5*03,None,TRBJ1-6*01,1
748,CVSRWDRFPVNSPLHF,TRBV28*01,None,TRBJ1-6*01,1
749,CVSRWDRFPVNSPIHF,TRBV7-8*03,None,TRBJ1-6*01,1
750,CVSRWDRFPVNSLLHF,TRBV7-2*02,None,TRBJ1-6*01,1
751,CTSRCDSFPVNSPLHF,TRBV7-2*03,None,TRBJ1-6*01,1
752,CTSRCDRFPVNSPHHF,TRBV7-2*03,None,TRBJ1-6*01,1
753,CTSRCDRFAVKSPLHF,TRBV7-2*03,None,TRBJ1-6*01,1
754,CSRGWDRLPINSPLHF,TRBV7-8*03,None,TRBJ1-6*01,1
755,CSSRWDRFPVNLPLHF,TRBV7-8*03,None,TRBJ1-6*01,1
756,CSSRWDRFPVKSPLHF,TRBV7-3*05,None,TRBJ1-6*01,1
757,CSSRWDRFPVISPLHF,TRBV7-8*03,None,TRBJ1-6*01,1
758,CSSRWDRFPLKSPLHF,TRBV7-8*03,None,TRBJ1-6*01,1
759,CSSRWDRFPENSPRHF,TRBV7-8*03,None,TRBJ1-6*01,1
760,CSSRWDRFAVNSPLHF,TRBV11-3*02,None,TRBJ1-6*01,1
761,CSSRWDHIPVNSPLHF,TRBV7-8*03,None,TRBJ1-6*01,1
762,CSSRWDCFPVNTPLHF,TRBV7-8*03,None,TRBJ1-6*01,1
763,CSSRWARFPVNSPLHF,TRBV7-8*03,None,TRBJ1-6*01,1
764,CSSLMAGQAFF,TRBV20-1*06,None,TRBJ1-1*01,1
765,CSMETGSTDTQYF,TRBV29-1*03,None,TRBJ2-3*01,1
766,CSSRWDRFPVNSPLHF,TRBV5-4*02,None,TRBJ1-6*01,1
767,CSIRWDRFPVKAPLHF,TRBV7-3*01,None,TRBJ1-6*01,1
768,CSIGQATGTDAFF,TRBV29-1*03,None,TRBJ1-1*01,1
769,CSAVARFSYEQYF,TRBV20-1*02,None,TRBJ2-7*01,1
770,CSAVAGFSYVLYF,TRBV20-1*03,None,TRBJ2-7*01,1
771,CSAVAGFSYDQYF,TRBV20-1*02,None,TRBJ2-7*01,1
772,CSAVAGFSSEQYF,TRBV20-1*02,None,TRBJ2-7*01,1
773,CSASMAGQAFF,TRBV20-1*06,None,TRBJ1-1*01,1
774,CSARAGFSYEQYF,TRBV20-1*03,None,TRBJ2-7*01,1
775,CSAQHRSGDHNEQFF,TRBV20-1*06,None,TRBJ2-1*01,1
776,CSAQHRSGDHNEQFF,TRBV20-1*03,None,TRBJ2-1*01,1
777,CSSRWDRFPVNSPLHF,TRBV4-3*03,None,TRBJ1-6*01,1
778,CSSRWDRFPVNSPLHF,TRBV7-4*01,None,TRBJ1-6*02,1
779,CSVWWVCPQALQYF,TRBV29-1*01,None,TRBJ2-5*01,1
780,CSVDEGRSNTEVLF,TRBV29-1*02,None,TRBJ1-1*01,1
781,CSVQQRRGDHNEQFF,TRBV20-1*06,None,TRBJ2-5*01,1
782,CSVPYVGVSGANVLTF,TRBV29-1*02,None,TRBJ2-6*01,1
783,CSVPTGGVRGGTVLTF,TRBV29-1*02,None,TRBJ2-6*01,1
784,CSVPSWGVSGANVLTF,TRBV29-1*02,None,TRBJ2-6*01,1
785,CSVPSGGVSGAYVLTF,TRBV29-1*02,None,TRBJ2-6*01,1
786,CSVPSGGVSGANLLTF,TRBV29-1*02,None,TRBJ2-6*01,1
787,CSVPSGGVSGANAPTF,TRBV29-1*02,None,TRBJ2-6*01,1
788,CSVPSGEVSGANVLTF,TRBV29-1*01,None,TRBJ2-6*01,1
789,CSVPSGAVSGANLLTF,TRBV29-1*02,None,TRBJ2-6*01,1
790,CSVEQGPRGTQYF,TRBV29-1*02,None,TRBJ2-7*01,1
791,CSSRWHRFPVKSPLHF,TRBV7-3*01,None,TRBJ1-6*01,1
792,CSSRWDRFPVNSPLHF,TRBV7-8*01,None,TRBJ1-6*01,1
793,CSSRWGSFPVNSPLHF,TRBV7-8*03,None,TRBJ1-6*01,1
794,CSSRWGRFPVNSPHHF,TRBV7-8*03,None,TRBJ1-6*01,1
795,CSSRWDRVPVNSPLLF,TRBV7-8*03,None,TRBJ1-6*01,1
796,CSSRWDRVPVNSPLHF,TRBV7-8*03,None,TRBJ1-6*01,1
797,CSSRWDRVLVNSPLHF,TRBV7-8*03,None,TRBJ1-6*01,1
798,CSSRWDRLPVNSPLHF,TRBV7-8*03,None,TRBJ1-6*01,1
799,CSSRWDRIPVNSPLHF,TRBV7-8*03,None,TRBJ1-6*01,1
800,CSSRWDRFPVNSRLHF,TRBV7-8*03,None,TRBJ1-6*01,1
801,CSSRWDRFPVNSPLRF,TRBV7-8*03,None,TRBJ1-6*01,1
802,CSSRWDRFPVNSPLNF,TRBV7-8*03,None,TRBJ1-6*01,1
803,CATSTAGVQPQDF,TRBV6-8*01,None,TRBJ1-5*01,1
804,CATRWDRSPVNSRLPF,TRBV7-8*03,None,TRBJ1-6*01,1
805,CATRWDRLPVKSPLHF,TRBV7-8*03,None,TRBJ1-6*01,1
806,CASRWYRFPVNSHLHF,TRBV7-8*03,None,TRBJ1-6*01,1
807,CASRWVCFPVNSPLHF,TRBV7-8*03,None,TRBJ1-6*01,1
808,CASRWTSVPVNSPLNF,TRBV7-8*03,None,TRBJ1-6*01,1
809,CASRWTRFPVNSPLHF,TRBV7-8*03,None,TRBJ1-6*01,1
810,CASRWSSFPVNSPLHF,TRBV11-2*03,None,TRBJ1-6*01,1
811,CASRWRRFPVNSPLHF,TRBV7-8*03,None,TRBJ1-6*01,1
812,CASRWNSSPVNSPLHF,TRBV7-8*03,None,TRBJ1-6*01,1
813,CASRWNSFPVNSTLRF,TRBV7-8*03,None,TRBJ1-1*01,1
814,CASRWNSFPVNSPLHF,TRBV7-8*03,None,TRBJ1-6*01,1
815,CASRWNSFPVKSPLHF,TRBV7-8*03,None,TRBJ1-6*01,1
816,CASRWNRYPVNSPLHF,TRBV7-3*04,None,TRBJ1-6*01,1
817,CASRWNRSPVNSPLHF,TRBV7-8*03,None,TRBJ1-6*01,1
818,CASRWNRLTVNPPLHF,TRBV7-8*03,None,TRBJ1-6*01,1
819,CASRWNRFPVNSTLNF,TRBV5-5*03,None,TRBJ1-6*01,1
820,CASRWNRFPVNSSLHF,TRBV7-8*03,None,TRBJ1-6*01,1
821,CASRWNRFPVNSPLRF,TRBV7-8*03,None,TRBJ1-6*01,1
822,CASRWNRFPVNSPLNF,TRBV7-8*03,None,TRBJ1-6*01,1
823,CASRWNRFPVNSPLHF,TRBV7-2*02,None,TRBJ1-6*01,1
824,CASRWNRFPVNSPLHF,TRBV11-3*03,None,TRBJ1-6*01,1
825,CASRWNRFPVNSPLHF,TRBV11-2*03,None,TRBJ1-6*01,1
826,CASRWNRFPVNSPLHF,TRBV11-2*02,None,TRBJ1-6*01,1
827,CASRWNRFPVNSPIHF,TRBV7-8*03,None,TRBJ1-6*01,1
828,CASRWNRFPVNSHLHF,TRBV7-8*03,None,TRBJ1-6*01,1
829,CASRWDRFTGNSPLHF,TRBV7-8*03,None,TRBJ1-6*01,1
830,CASRWVCFPVNSTLHF,TRBV7-8*03,None,TRBJ1-6*01,1
831,CASRWVRFPVDSPLNF,TRBV7-8*03,None,TRBJ1-6*01,1
832,CASRWVRFPVNAPHYF,TRBV7-8*03,None,TRBJ1-6*02,1
833,CASRWVRVPVNSLPHF,TRBV7-8*03,None,TRBJ1-6*02,1
834,CASRWYRFPVKSPLHF,TRBV7-8*03,None,TRBJ1-6*01,1
835,CASRWYRFPLNSPLHF,TRBV7-8*03,None,TRBJ1-6*01,1
836,CASRWYRFPINSPLLF,TRBV7-8*03,None,TRBJ1-6*01,1
837,CASRWYRFPINSPLHF,TRBV7-1*01,None,TRBJ1-6*01,1
838,CASRWYRFPANSPLHF,TRBV7-8*03,None,TRBJ1-6*01,1
839,CASRWYRFAVNSPLHF,TRBV7-8*03,None,TRBJ1-6*01,1
840,CASRWYPFPVNYGYPF,TRBV7-9*04,None,TRBJ1-6*01,1
841,CASRWYLLPVNSPFHF,TRBV7-8*03,None,TRBJ1-6*02,1
842,CASRWYGFPVNSHPHF,TRBV7-4*01,None,TRBJ1-6*01,1
843,CASRWVRVPVNSPLHF,TRBV5-5*03,None,TRBJ1-6*01,1
844,CASRWVRVPVDSQLHF,TRBV7-8*03,None,TRBJ1-6*01,1
845,CASRWVRFPVNGPLHF,TRBV7-8*03,None,TRBJ1-6*01,1
846,CASRWVRSPVNSPLSF,TRBV7-8*03,None,TRBJ1-6*01,1
847,CASRWVRLPVNSALHF,TRBV7-8*03,None,TRBJ1-6*01,1
848,CASRWVRFQVNSPLRF,TRBV7-8*03,None,TRBJ1-6*01,1
849,CASRWVRFPVNSRLHF,TRBV7-8*03,None,TRBJ1-6*01,1
850,CASRWVRFPVNSPLRF,TRBV11-2*02,None,TRBJ1-6*01,1
851,CASRWVRFPVNSPLLF,TRBV7-8*03,None,TRBJ1-6*01,1
852,CASRWVRFPVNSPLKF,TRBV7-8*03,None,TRBJ1-6*01,1
853,CASRWVRFPVNSPLHF,TRBV11-3*03,None,TRBJ1-6*01,1
854,CASRWVRFPVNSPIRF,TRBV7-8*03,None,TRBJ1-6*01,1
855,CASRWVRFPVNPPLHF,TRBV7-8*03,None,TRBJ1-6*01,1
856,CASRWNRFPVKSPLHF,TRBV7-8*03,None,TRBJ1-4*01,1
857,CASRWNRFPLKSPLHF,TRBV7-8*03,None,TRBJ1-6*01,1
858,CASRWNRFPINSPLHF,TRBV7-8*03,None,TRBJ1-6*01,1
859,CASRWGRFPVNSLLHF,TRBV7-9*04,None,TRBJ1-6*01,1
860,CASRWGRFPVNSSLHF,TRBV7-8*03,None,TRBJ1-6*01,1
861,CASRWGRFPVNSPLYF,TRBV7-8*03,None,TRBJ1-6*01,1
862,CASRWGRFPVNSPLYF,TRBV7-1*01,None,TRBJ1-6*02,1
863,CASRWGRFPVNSPLRF,TRBV11-2*01,None,TRBJ1-6*01,1
864,CASRWGRFPVNSPLLF,TRBV7-8*03,None,TRBJ1-6*01,1
865,CASRWGRFPVNSPLHF,TRBV7-8*03,None,TRBJ1-6*02,1
866,CASRWGRFPVNSPLHF,TRBV7-1*01,None,TRBJ1-6*01,1
867,CASRWGRFPVNSPLHF,TRBV28*01,None,TRBJ1-6*01,1
868,CASRWGRFPVNSPLHF,TRBV11-3*02,None,TRBJ1-6*01,1
869,CASRWGRFPVNSPFHF,TRBV7-8*03,None,TRBJ1-6*01,1
870,CASRWGRFPVNSHLHF,TRBV7-8*03,None,TRBJ1-6*01,1
871,CASRWGRFPVNSTLHF,TRBV7-2*04,None,TRBJ1-6*02,1
872,CASRWGRFPVNPTLHF,TRBV7-8*03,None,TRBJ1-6*01,1
873,CASRWGRFPVKSPLHF,TRBV7-8*03,None,TRBJ1-6*01,1
874,CASRWGRFPVDSPLHF,TRBV7-8*03,None,TRBJ1-6*01,1
875,CASRWGRFPENSHLHF,TRBV7-8*03,None,TRBJ1-6*01,1
876,CASRWGLVPVNSPLYF,TRBV11-2*03,None,TRBJ1-6*01,1
877,CASRWGCVPVNSPLHF,TRBV7-8*03,None,TRBJ1-6*01,1
878,CASRWGCFTVNSPLHF,TRBV7-8*03,None,TRBJ1-6*01,1
879,CASRWETFPVNSPLHF,TRBV7-8*03,None,TRBJ1-6*01,1
880,CASRWESFPVNSPLHF,TRBV7-8*03,None,TRBJ1-6*01,1
881,CASRWERYPVNSPLTF,TRBV7-3*05,None,TRBJ1-6*01,1
882,CASRWGRFPVNSTHHF,TRBV7-8*03,None,TRBJ1-6*01,1
883,CASRWGRFPVSSPLHF,TRBV7-8*03,None,TRBJ1-6*01,1
884,CASRWNPLPVKSTIHF,TRBV7-8*03,None,TRBJ1-6*01,1
885,CASRWHRFPVNSPLHF,TRBV7-9*04,None,TRBJ1-6*01,1
886,CASRWNLVPVNSPLHF,TRBV7-8*03,None,TRBJ1-6*01,1
887,CASRWNLFPVNSPLHF,TRBV7-8*03,None,TRBJ1-6*01,1
888,CASRWNHFPVNSPLHF,TRBV7-8*03,None,TRBJ1-6*01,1
889,CASRWKRVPVNSPLHF,TRBV7-8*03,None,TRBJ1-6*01,1
890,CASRWKRLPVNSPVHF,TRBV7-8*03,None,TRBJ1-6*01,1
891,CASRWHRLPVNSPLHF,TRBV7-8*03,None,TRBJ1-6*02,1
892,CASRWHRIPVSSPFPF,TRBV7-8*03,None,TRBJ1-6*01,1
893,CASRWHRFPVNSTLLF,TRBV11-2*03,None,TRBJ1-6*01,1
894,CASRWHRFPVNSTLHF,TRBV7-8*03,None,TRBJ1-6*01,1
895,CASRWHRFPVNSPLSF,TRBV7-8*03,None,TRBJ1-6*01,1
896,CASRWHRFPVNSPLHF,TRBV7-8*01,None,TRBJ1-6*01,1
897,CASRWGRFPVTSPLHF,TRBV7-8*03,None,TRBJ1-6*01,1
898,CASRWHRFPVNSLLHF,TRBV7-8*03,None,TRBJ1-6*01,1
899,CASRWHRFPVKSPLNF,TRBV7-8*03,None,TRBJ1-6*01,1
900,CASRWHRFPVKSPLHF,TRBV7-8*03,None,TRBJ1-6*02,1
901,CASRWHRFPVDSPLHF,TRBV7-8*03,None,TRBJ1-6*01,1
902,CASRWHRFPGNSPLHF,TRBV7-8*02,None,TRBJ1-6*01,1
903,CASRWHRCPVNSPLHF,TRBV7-8*03,None,TRBJ1-6*01,1
904,CASRWGSFQVNSAHHF,TRBV7-8*03,None,TRBJ1-6*01,1
905,CASRWGSFPVNSPLRF,TRBV7-8*03,None,TRBJ1-6*01,1
906,CASRWGSFPVNSPLHF,TRBV7-9*04,None,TRBJ1-6*01,1
907,CASRWGRSPVNSPLHF,TRBV7-8*01,None,TRBJ1-6*01,1
908,CASRWYRFPVNSHLHF,TRBV7-3*04,None,TRBJ1-6*01,1
909,CASRWYRFPVNSPIRF,TRBV7-8*03,None,TRBJ1-6*01,1
910,CATRWDRFPVNSSHNF,TRBV7-8*03,None,TRBJ1-6*01,1
911,CASRWYRFPVNSPLHF,TRBV11-3*03,None,TRBJ1-6*01,1
912,CASSYGVNTEAFF,TRBV6-6*03,None,TRBJ1-1*01,1
913,CASSYGMNTEAFF,TRBV6-6*03,None,TRBJ1-1*01,1
914,CASSWYRFPVNSPLHF,TRBV7-8*03,None,TRBJ1-6*01,1
915,CASSWSNTNIRYF,TRBV19*03,None,TRBJ2-4*01,1
916,CASSWGRFPVYSPLHF,TRBV7-8*03,None,TRBJ1-2*01,1
917,CASSWDSFTVNSPLHF,TRBV7-8*03,None,TRBJ1-6*01,1
918,CASSWDSFPVNSPLHF,TRBV11-2*03,None,TRBJ1-6*01,1
919,CASSWDRVPGNSPPNF,TRBV7-3*04,None,TRBJ1-6*01,1
920,CASSWDRSPVNSPLHF,TRBV7-8*03,None,TRBJ1-6*01,1
921,CASSWDRLPVNSPLHF,TRBV7-8*03,None,TRBJ1-6*01,1
922,CASSWDRLPANSPLHF,TRBV7-8*03,None,TRBJ1-6*01,1
923,CASSWDRFRVNLPLHF,TRBV7-8*03,None,TRBJ1-6*01,1
924,CASSWDRFPVTSPLHF,TRBV7-8*03,None,TRBJ1-6*01,1
925,CASSWDRFPVNSTHHF,TRBV7-8*03,None,TRBJ1-6*01,1
926,CASSWDRFPVNSPRNF,TRBV4-3*02,None,TRBJ1-6*01,1
927,CASSWDRFPVNSPPHF,TRBV7-3*04,None,TRBJ1-6*01,1
928,CASSWDRFPVNSPLRF,TRBV7-8*02,None,TRBJ1-6*01,1
929,CASSWDRFPVNSPLPF,TRBV7-8*03,None,TRBJ1-6*01,1
930,CASSWDRFPVNSPLLF,TRBV7-8*03,None,TRBJ1-6*01,1
931,CASSWDRFPVNSPLHF,TRBV7-9*04,None,TRBJ1-6*01,1
932,CASSWDRFPVNSPLHF,TRBV7-8*03,None,TRBJ1-6*02,1
933,CASSWDRFPVNSPLHF,TRBV7-8*01,None,TRBJ1-6*01,1
934,CASSWDRFPVNSPLHF,TRBV7-6*02,None,TRBJ1-6*01,1
935,CASSYGVNTEAFF,TRBV7-8*03,None,TRBJ1-1*01,1
936,CASTCNRLPVNSPLHF,TRBV5-6*01,None,TRBJ1-6*01,1
937,CASTSVRFPVNAPLRF,TRBV7-8*03,None,TRBJ1-6*01,1
938,CASTWDRVPVNSPLHF,TRBV7-8*03,None,TRBJ1-6*01,1
939,CATRWDRFPVNSPLRF,TRBV7-8*03,None,TRBJ1-6*01,1
940,CATRWDRFPVNSPLHF,TRBV7-2*04,None,TRBJ1-6*01,1
941,CATRWDRFPVNSPLHF,TRBV11-3*03,None,TRBJ1-6*01,1
942,CATRWDRFPVNSPLHF,TRBV11-2*03,None,TRBJ1-6*01,1
943,CATRWDRFPVKSPLHF,TRBV7-8*03,None,TRBJ1-6*01,1
944,CATRWDRCPVNSPLHF,TRBV7-8*03,None,TRBJ1-6*01,1
945,CATIWDRFAVNSPLHF,TRBV7-8*03,None,TRBJ1-6*01,1
946,CASTWHRFPVNSPLHF,TRBV7-8*03,None,TRBJ1-6*01,1
947,CASTWERFRVNTPLHF,TRBV7-8*03,None,TRBJ1-6*01,1
948,CASTWDRVPVNSRLHF,TRBV4-2*02,None,TRBJ1-6*01,1
949,CASTWDRLTLNSPLHF,TRBV7-8*03,None,TRBJ1-6*01,1
950,CASTWDCLPVNSPLHF,TRBV7-3*04,None,TRBJ1-6*01,1
951,CASTWDRLPVNSRLHF,TRBV11-2*03,None,TRBJ1-6*01,1
952,CASTWDRLLVNSPLHF,TRBV7-8*03,None,TRBJ1-6*01,1
953,CASTWDRIPVNSPLHF,TRBV7-8*03,None,TRBJ1-6*01,1
954,CASTWDRFPVNSPLRF,TRBV7-8*03,None,TRBJ1-6*01,1
955,CASTWDRFPVNSPLHF,TRBV7-9*04,None,TRBJ1-6*01,1
956,CASTWDRFPVNSPLHF,TRBV7-8*03,None,TRBJ1-6*02,1
957,CASTWDRFPVNSPLHF,TRBV7-8*01,None,TRBJ1-6*01,1
958,CASTWDRFPVKSPLHF,TRBV7-8*03,None,TRBJ1-6*01,1
959,CASTWDRCPVNSPLHF,TRBV7-8*03,None,TRBJ1-6*01,1
960,CASTWDPFPVNSPLHF,TRBV7-8*03,None,TRBJ1-6*01,1
961,CASSWDRFPVNSPLHF,TRBV11-2*02,None,TRBJ1-6*01,1
962,CASSWDRFPVNSALHF,TRBV7-8*03,None,TRBJ1-6*01,1
963,CASSWDRFPVNPPLHF,TRBV7-8*03,None,TRBJ1-6*01,1
964,CASRWYSFPVNSPPHF,TRBV7-8*03,None,TRBJ1-1*01,1
965,CASSGCNTNIQYF,TRBV19*03,None,TRBJ2-4*01,1
966,CASSFSVVPTFEQYF,TRBV14*02,None,TRBJ2-7*01,1
967,CASSFSVGPTYEQYF,TRBV14*02,None,TRBJ2-5*01,1
968,CASSFGAFGFTYAQYF,TRBV7-9*04,None,TRBJ2-7*01,1
969,CASSFATCSASYLYPF,TRBV12-4*02,None,TRBJ1-2*01,1
970,CASSEVSGQLQHF,TRBV6-1*01,None,TRBJ1-5*01,1
971,CASSEDHSPLHF,TRBV2*03,None,TRBJ1-6*01,1
972,CASSCDRFPVNSPLHF,TRBV7-8*03,None,TRBJ1-6*01,1
973,CASSCDRFPVNSALHF,TRBV7-8*03,None,TRBJ1-6*01,1
974,CASRWYSSPVNSPLHF,TRBV7-8*03,None,TRBJ1-6*01,1
975,CASRWYRVTVNSQLHF,TRBV7-8*03,None,TRBJ1-6*01,1
976,CASSGGNTNIQYF,TRBV19*03,None,TRBJ2-4*01,1
977,CASRWYRVPVNSPLHF,TRBV7-8*03,None,TRBJ1-6*01,1
978,CASRWYRLPVSSPLHF,TRBV7-8*03,None,TRBJ1-6*01,1
979,CASRWYRLPVNSALHF,TRBV7-8*03,None,TRBJ1-6*01,1
980,CASRWYRFTVNSPHHF,TRBV7-8*03,None,TRBJ1-6*01,1
981,CASRWYRFPVNSTLRF,TRBV7-8*03,None,TRBJ1-6*01,1
982,CASRWYRFPVNSSLHF,TRBV7-8*03,None,TRBJ1-6*01,1
983,CASRWYRFPVNSPLYF,TRBV7-8*03,None,TRBJ1-6*01,1
984,CASRWYRFPVNSPLLF,TRBV7-8*03,None,TRBJ1-6*01,1
985,CASRWYRFPVNSPLHF,TRBV7-8*02,None,TRBJ1-6*01,1
986,CASRWYRFPVNSPLHF,TRBV7-1*01,None,TRBJ1-6*01,1
987,CASSGDRFPVNAPLNF,TRBV7-8*03,None,TRBJ1-1*01,1
988,CASSGRNTNIQYF,TRBV19*03,None,TRBJ2-4*01,1
989,CASSWDRFPVNPPLCF,TRBV7-8*03,None,TRBJ1-6*01,1
990,CASSPWTDNYGYTF,TRBV11-3*02,None,TRBJ1-2*01,1
991,CASSWDRCPVNSPHHF,TRBV7-8*03,None,TRBJ1-6*01,1
992,CASSWDLFPVNSPLHF,TRBV7-8*03,None,TRBJ1-6*01,1
993,CASSWDCFQVNSPLHF,TRBV7-8*03,None,TRBJ1-6*01,1
994,CASSWARYPVNSALHF,TRBV7-8*03,None,TRBJ1-6*01,1
995,CASSVVPFQVKSPLHF,TRBV7-8*03,None,TRBJ1-6*02,1
996,CASSVTSYQETQYF,TRBV6-6*03,None,TRBJ2-5*01,1
997,CASSVAFYEQYF,TRBV2*02,None,TRBJ2-1*01,1
998,CASSRERFPVNSPLHF,TRBV7-8*03,None,TRBJ1-6*01,1
999,CASSRDRFTVNSAHNF,TRBV7-8*03,None,TRBJ1-6*01,1
1000,CASSRDRFRVNSPLHF,TRBV7-8*03,None,TRBJ1-6*02,1
1001,CASSPTGRGSNEQFF,TRBV7-9*04,None,TRBJ2-1*01,1
1002,CASSGSNTNIHYF,TRBV19*03,None,TRBJ2-4*01,1
1003,CASSPSGRGSNKQFF,TRBV11-3*03,None,TRBJ2-1*01,1
1004,CASSPSGRGSNAQFF,TRBV7-9*03,None,TRBJ2-1*01,1
1005,CASSPSGRGSKKQFF,TRBV7-9*04,None,TRBJ2-1*01,1
1006,CASSPSGRGSKEQFF,TRBV11-2*03,None,TRBJ2-1*01,1
1007,CASSPSGRGSHEQFF,TRBV4-3*04,None,TRBJ2-1*01,1
1008,CASSPSGRGPNEQFF,TRBV7-9*04,None,TRBJ2-1*01,1
1009,CASSPSGRGANEQFF,TRBV11-3*03,None,TRBJ2-1*01,1
1010,CASSPSGRESNEQFF,TRBV11-3*03,None,TRBJ2-1*01,1
1011,CASSLSGRVEKLFF,TRBV12-4*02,None,TRBJ1-4*01,1
1012,CASSLHGISTDTQYF,TRBV7-9*04,None,TRBJ2-3*01,1
1013,CASRWDRFTGTSAIHF,TRBV7-8*03,None,TRBJ1-6*01,1
1014,CASRWDRFPVNSPPRF,TRBV7-8*03,None,TRBJ1-6*01,1
1015,CASRWDRFTANSPLHF,TRBV7-8*03,None,TRBJ1-6*01,1
1016,CASRRDRFPVNSPLHF,TRBV7-9*04,None,TRBJ1-4*01,1
1017,CASRLDRFPVNSPLHF,TRBV11-2*02,None,TRBJ1-6*01,1
1018,CASRLDRFPVNASLNF,TRBV7-2*02,None,TRBJ1-6*01,1
1019,CASRLDRFPVNAPLHF,TRBV7-8*03,None,TRBJ1-6*01,1
1020,CASRLDRFPVKSPLRF,TRBV7-8*03,None,TRBJ1-6*01,1
1021,CASRLDRFPVKAPIHF,TRBV7-8*03,None,TRBJ1-6*01,1
1022,CASRLDRFPVDSPLLF,TRBV7-8*03,None,TRBJ1-6*01,1
1023,CASRLDRFPANAPLHF,TRBV7-8*03,None,TRBJ1-6*01,1
1024,CASRLDRCPVNSPLHF,TRBV7-8*03,None,TRBJ1-6*01,1
1025,CASRLDCFPVNSPHHF,TRBV7-8*03,None,TRBJ1-6*01,1
1026,CASRHDRFLPNSPLHF,TRBV7-8*03,None,TRBJ1-6*01,1
1027,CASRGTRFPVNSHHYF,TRBV7-8*03,None,TRBJ1-6*01,1
1028,CASRGGRFPVNSPLHF,TRBV11-3*03,None,TRBJ1-6*01,1
1029,CASRGERFPVNSPLHF,TRBV7-8*03,None,TRBJ1-6*01,1
1030,CASRGDRVPVNSPHHF,TRBV7-8*03,None,TRBJ1-6*01,1
1031,CASRGDRGPVNSPLHF,TRBV7-8*03,None,TRBJ1-6*01,1
1032,CASRGDRFPVNSPRHF,TRBV7-8*03,None,TRBJ1-6*01,1
1033,CASRGDRFPVNSPRHF,TRBV7-3*04,None,TRBJ1-6*01,1
1034,CASRGDRFPVNSPLLF,TRBV7-9*04,None,TRBJ1-6*02,1
1035,CASRGDRFPVNSPLHF,TRBV7-9*04,None,TRBJ1-6*01,1
1036,CASRGDRFPVNSPLHF,TRBV5-5*02,None,TRBJ1-6*01,1
1037,CASRGDRFPVNSPLHF,TRBV11-3*03,None,TRBJ1-6*01,1
1038,CASRLDRFPVNSPLHF,TRBV11-3*03,None,TRBJ1-6*01,1
1039,CASRLDRFPVNSPLHF,TRBV7-3*01,None,TRBJ1-6*01,1
1040,CASRLDRVPVNSPLHF,TRBV7-8*03,None,TRBJ1-6*01,1
1041,CASRRDRAPVNSPLHF,TRBV7-8*03,None,TRBJ1-6*02,1
1042,CASRRDRFPVNSPLHF,TRBV7-8*02,None,TRBJ1-6*01,1
1043,CASRRDRFPVNSPLHF,TRBV11-1*01,None,TRBJ1-6*01,1
1044,CASRRDRFPVNSPHHF,TRBV7-8*03,None,TRBJ1-6*01,1
1045,CASRRDRFPVNPPLHF,TRBV7-8*03,None,TRBJ1-6*01,1
1046,CASRRDRFPVKSPLHF,TRBV7-8*03,None,TRBJ1-6*01,1
1047,CASRRDRFPVDSPLHF,TRBV7-8*03,None,TRBJ1-6*01,1
1048,CASRRDRFPINSPLLF,TRBV7-8*03,None,TRBJ1-6*01,1
1049,CASRRDRFLVNSPLHF,TRBV7-8*03,None,TRBJ1-6*01,1
1050,CASRRDRCPVNSAHHF,TRBV7-8*03,None,TRBJ1-6*01,1
1051,CASRRDLFPVNSPLRF,TRBV7-8*03,None,TRBJ1-6*01,1
1052,CASRLDRYPINSPLHF,TRBV7-8*03,None,TRBJ1-6*01,1
1053,CASRQTQDAYDGELFF,TRBV2*01,None,TRBJ2-2*01,1
1054,CASRPSGRGSNEQFF,TRBV11-3*03,None,TRBJ2-1*01,1
1055,CASRPPGRVYNEQFF,TRBV11-3*03,None,TRBJ2-1*01,1
1056,CASRPDNCLANSPLHF,TRBV11-3*02,None,TRBJ1-6*01,1
1057,CASRMERFPVNSPPHF,TRBV7-8*03,None,TRBJ1-6*01,1
1058,CASRMDRFPVNSPLHF,TRBV5-7*01,None,TRBJ1-6*02,1
1059,CASRLYRLPVNSALNF,TRBV7-8*03,None,TRBJ1-6*01,1
1060,CASRLVCFPVNSPLHF,TRBV7-8*03,None,TRBJ1-6*01,1
1061,CASRLEPCSVNSPHPF,TRBV2*02,None,TRBJ1-6*01,1
1062,CASRGDRFPVNSPHHF,TRBV7-8*03,None,TRBJ1-6*01,1
1063,CASRGDRFPVKSPLHF,TRBV7-8*03,None,TRBJ1-6*01,1
1064,CASRGDRFPINSPLHF,TRBV7-8*03,None,TRBJ1-6*01,1
1065,CASRCDRFPVNSPHHF,TRBV11-3*03,None,TRBJ1-6*01,1
1066,CASRCDRFPVNSPLLF,TRBV7-8*03,None,TRBJ1-6*01,1
1067,CASRCDRFPVNSPLHF,TRBV7-8*03,None,TRBJ1-6*02,1
1068,CASRCDRFPVNSPLHF,TRBV7-8*02,None,TRBJ1-6*01,1
1069,CASRCDRFPVNSPLHF,TRBV7-4*01,None,TRBJ1-6*01,1
1070,CASRCDRFPVNSPLHF,TRBV7-3*01,None,TRBJ1-6*01,1
1071,CASRCDRFPVNSPLHF,TRBV16*01,None,TRBJ1-6*01,1
1072,CASRCDRFPVNSPLHF,TRBV11-3*03,None,TRBJ1-6*01,1
1073,CASRCDRFPVNSPLHF,TRBV11-2*03,None,TRBJ1-6*01,1
1074,CASRCDRFPVNSPIHF,TRBV7-8*03,None,TRBJ1-6*01,1
1075,CASRCDRFPVNSLLHF,TRBV11-2*03,None,TRBJ1-6*01,1
1076,CASRCDRFPVNSPPHF,TRBV7-8*03,None,TRBJ1-6*01,1
1077,CASRCDRFPVKSPLHF,TRBV7-8*03,None,TRBJ1-6*01,1
1078,CASRCDRFPVKLPLHF,TRBV7-8*03,None,TRBJ1-6*01,1
1079,CASRCDRCPLNSPLRF,TRBV7-8*03,None,TRBJ1-6*01,1
1080,CASRCDPLPVNSPLHF,TRBV7-8*03,None,TRBJ1-6*02,1
1081,CASRCDLVPVKSPIHF,TRBV7-8*03,None,TRBJ1-6*01,1
1082,CASRCDGFPVNSPLHF,TRBV7-8*03,None,TRBJ1-6*01,1
1083,CASRCARFPVNSPLHF,TRBV7-8*03,None,TRBJ1-6*01,1
1084,CASRCARFPVNSPLHF,TRBV7-2*01,None,TRBJ1-6*01,1
1085,CASRCARFPVNSALHF,TRBV7-8*03,None,TRBJ1-6*01,1
1086,CASRCDRFPVNSPLSF,TRBV7-8*03,None,TRBJ1-6*01,1
1087,CASRCDRFPVNSTLHF,TRBV7-8*03,None,TRBJ1-6*01,1
1088,CASRGDRFLVNSPLLF,TRBV7-8*03,None,TRBJ1-6*01,1
1089,CASRCERFPVNSHLYF,TRBV7-9*04,None,TRBJ1-6*01,1
1090,CASREDRLQVNSPLLF,TRBV7-8*03,None,TRBJ1-6*01,1
1091,CASRCYRFPVNSPLHF,TRBV7-8*03,None,TRBJ1-6*01,1
1092,CASRCVRFPVNSPLHF,TRBV7-8*03,None,TRBJ1-6*01,1
1093,CASRCNSFPVNSPLHF,TRBV7-8*03,None,TRBJ1-6*01,1
1094,CASRCHCFPVNSPPHF,TRBV7-3*04,None,TRBJ1-6*01,1
1095,CASRCGRFPVKSPLHF,TRBV7-8*03,None,TRBJ1-6*01,1
1096,CASRCGRFPANSPLHF,TRBV7-8*03,None,TRBJ1-6*01,1
1097,CASRCERGPVYSLLHF,TRBV7-8*03,None,TRBJ1-6*01,1
1098,CASRCERFPVNSRHHF,TRBV7-8*03,None,TRBJ1-6*01,1
1099,CASRCDSFPVNSPLHF,TRBV7-8*03,None,TRBJ1-6*01,1
1100,CASRCDRFPVSSPLHF,TRBV7-8*03,None,TRBJ1-6*01,1
1101,CASRCDSFPVNSPLHF,TRBV7-3*04,None,TRBJ1-6*01,1
1102,CASRCDRSPVYSPPHF,TRBV7-8*03,None,TRBJ1-6*01,1
1103,CASRCDRSPVNSPLHF,TRBV7-8*03,None,TRBJ1-6*01,1
1104,CASRCDRSPVNAPLHF,TRBV11-3*02,None,TRBJ1-6*01,1
1105,CASRCDRLRVSSPLHF,TRBV7-8*03,None,TRBJ1-6*01,1
1106,CASRCDRLPVKSPIHF,TRBV7-8*03,None,TRBJ1-6*01,1
1107,CASRCDRIPVNSPLHF,TRBV7-8*03,None,TRBJ1-6*01,1
1108,CASRCDRIPVNSPLHF,TRBV5-7*01,None,TRBJ1-6*01,1
1109,CASRCDRFQVNSPLHF,TRBV7-8*03,None,TRBJ1-6*01,1
1110,CASRRDRFPVNSPLHF,TRBV7-8*03,None,TRBJ1-1*01,1
1111,CASRRDRFPVNSPLRF,TRBV11-2*03,None,TRBJ1-6*01,1
1112,CASRWDGFPVNSPRHF,TRBV7-8*03,None,TRBJ1-6*01,1
1113,CASRRDRFPVNSSLHF,TRBV7-8*03,None,TRBJ1-6*01,1
1114,CASRWDCFPVNSPHHF,TRBV7-8*03,None,TRBJ1-6*01,1
1115,CASRWDCFPVNSHLHF,TRBV7-8*03,None,TRBJ1-6*01,1
1116,CASRWDCFPVNPPLHF,TRBV11-3*03,None,TRBJ1-6*01,1
1117,CASRWDCFPVKSPLPF,TRBV7-8*03,None,TRBJ1-6*01,1
1118,CASRWDCFPVKSPLGF,TRBV7-8*03,None,TRBJ1-6*01,1
1119,CASRWDCFPVDSPLHF,TRBV7-8*03,None,TRBJ1-6*01,1
1120,CASRWDCFPLTSPLHF,TRBV11-2*03,None,TRBJ1-4*01,1
1121,CASRWDCFPLNSPLRF,TRBV7-8*03,None,TRBJ1-6*01,1
1122,CASRWDCFPLNSPLHF,TRBV7-8*03,None,TRBJ1-6*01,1
1123,CASRWDCFPANSPLHF,TRBV7-3*01,None,TRBJ1-6*01,1
1124,CASRWDCFAVNSPDHF,TRBV7-4*01,None,TRBJ1-6*01,1
1125,CASRWDCFAVNSLLHF,TRBV7-8*03,None,TRBJ1-6*01,1
1126,CASRWDAFPVNSPLHF,TRBV7-8*03,None,TRBJ1-6*01,1
1127,CASRWASFSVNSPLHF,TRBV7-8*03,None,TRBJ1-6*01,1
1128,CASRWASFPVPSTHHF,TRBV7-8*03,None,TRBJ1-6*01,1
1129,CASRWASFPVNSPLHF,TRBV7-8*03,None,TRBJ1-6*01,1
1130,CASRWASCPVNSPLHF,TRBV7-8*03,None,TRBJ1-6*01,1
1131,CASRWARVPVNSPLHF,TRBV7-9*04,None,TRBJ1-6*01,1
1132,CASRWARTPVNSPLHF,TRBV7-8*03,None,TRBJ1-6*01,1
1133,CASRWARSPENSLLHF,TRBV9*03,None,TRBJ1-6*01,1
1134,CASRWARLPVNSPLHF,TRBV7-8*03,None,TRBJ1-6*01,1
1135,CASRWDCFPVNSPLHF,TRBV7-3*04,None,TRBJ1-6*01,1
1136,CASRWDCFPVNSPLHF,TRBV7-3*05,None,TRBJ1-6*01,1
1137,CASRWDCFPVNSPLLF,TRBV11-2*02,None,TRBJ1-6*01,1
1138,CASRWDCVPVNSPLRF,TRBV7-8*03,None,TRBJ1-6*01,1
1139,CASRWDGFPVNSPLHF,TRBV7-9*04,None,TRBJ1-6*01,1
1140,CASRWDGFPVNSPLHF,TRBV11-3*03,None,TRBJ1-6*01,1
1141,CASRWDGFPVNSPLHF,TRBV11-3*02,None,TRBJ1-6*01,1
1142,CASRWDGFPVNSPLHF,TRBV11-2*03,None,TRBJ1-6*01,1
1143,CASRWDGFPVNAHLYF,TRBV11-3*02,None,TRBJ1-6*01,1
1144,CASRWDGFPVKSPHHF,TRBV7-3*04,None,TRBJ1-6*01,1
1145,CASRWDGFPVHSPLHF,TRBV7-8*03,None,TRBJ1-6*01,1
1146,CASRWDCYPVNSPLHF,TRBV7-8*03,None,TRBJ1-6*01,1
1147,CASRWDCYPVNSPLDF,TRBV7-8*03,None,TRBJ1-6*01,1
1148,CASRWDCVPVNSPHHF,TRBV7-8*03,None,TRBJ1-6*01,1
1149,CASRWDCFPVNSPLQF,TRBV7-3*01,None,TRBJ1-6*01,1
1150,CASRWDCVPLNSPLHF,TRBV7-8*03,None,TRBJ1-6*01,1
1151,CASRWDCLPVNSVLHF,TRBV7-8*03,None,TRBJ1-6*01,1
1152,CASRWDCLPVNSPLHF,TRBV7-8*03,None,TRBJ1-6*01,1
1153,CASRWDCLPVKSALNF,TRBV7-8*03,None,TRBJ1-6*01,1
1154,CASRWDCFPVYSPLHF,TRBV7-8*03,None,TRBJ1-6*01,1
1155,CASRWDCFPVSSLLHF,TRBV7-8*03,None,TRBJ1-6*01,1
1156,CASRWDCFPVNSPLSF,TRBV7-8*03,None,TRBJ1-6*01,1
1157,CASRWDCFPVNSPLRF,TRBV7-8*03,None,TRBJ1-6*02,1
1158,CASRWDCFPVNSPLRF,TRBV7-8*03,None,TRBJ1-6*01,1
1159,CASRWARIPVNSPLHF,TRBV7-8*03,None,TRBJ1-6*01,1
1160,CASRWARFTVNSPLHF,TRBV7-3*04,None,TRBJ1-6*01,1
1161,CASRWARFQVKSPLHF,TRBV7-8*03,None,TRBJ1-6*01,1
1162,CASRRERFAVNSPLHF,TRBV7-9*03,None,TRBJ1-6*01,1
1163,CASRSDRFLANSPLHF,TRBV7-8*03,None,TRBJ1-6*01,1
1164,CASRSDRFAVNSPLHF,TRBV7-8*03,None,TRBJ1-6*01,1
1165,CASRRYRFPVNSPLHF,TRBV7-8*03,None,TRBJ1-6*01,1
1166,CASRRNRFTVNSPLHF,TRBV7-8*03,None,TRBJ1-6*01,1
1167,CASRRNRFPVNSPLHF,TRBV7-8*03,None,TRBJ1-6*01,1
1168,CASRRNLVLVNSPLHF,TRBV7-8*03,None,TRBJ1-6*01,1
1169,CASRRHRFPVSSPLHF,TRBV7-8*03,None,TRBJ1-6*01,1
1170,CASRRGRFQVNSPLRF,TRBV7-8*03,None,TRBJ1-6*01,1
1171,CASRRERIPVDSPLHF,TRBV5-4*01,None,TRBJ1-6*01,1
1172,CASRRDRVPVNSPLHF,TRBV7-9*04,None,TRBJ1-6*01,1
1173,CASRSDRFPVNSPPHF,TRBV7-8*03,None,TRBJ1-6*01,1
1174,CASRRDRVPVNSPLHF,TRBV7-8*03,None,TRBJ1-6*02,1
1175,CASRRDRVPVNSPLHF,TRBV7-8*03,None,TRBJ1-6*01,1
1176,CASRRDRSPVNSPLHF,TRBV7-8*03,None,TRBJ1-6*01,1
1177,CASRRDRLPVNSPLHF,TRBV7-8*03,None,TRBJ1-6*01,1
1178,CASRRDRIAVNPLHHF,TRBV7-8*03,None,TRBJ1-6*01,1
1179,CASRRDRFRVNSPLHF,TRBV7-8*03,None,TRBJ1-6*02,1
1180,CASRRDRFPVYSPLHF,TRBV7-8*03,None,TRBJ1-6*01,1
1181,CASRRDRFPVSSPLNF,TRBV7-8*03,None,TRBJ1-6*01,1
1182,CASRRDRFPVNSTLRF,TRBV7-8*03,None,TRBJ1-6*01,1
1183,CASRSDRFPVNSPLHF,TRBV7-8*03,None,TRBJ1-4*01,1
1184,CASRSERFPVNSALHF,TRBV7-8*03,None,TRBJ1-6*01,1
1185,CASRWARFPVNSTLPF,TRBV11-3*02,None,TRBJ1-6*01,1
1186,CASRWARFPVNSHLHF,TRBV7-8*03,None,TRBJ1-6*01,1
1187,CASRWARFPVNSPLQF,TRBV7-8*03,None,TRBJ1-6*01,1
1188,CASRWARFPVNSPLPF,TRBV7-8*03,None,TRBJ1-6*01,1
1189,CASRWARFPVNSPLHF,TRBV7-9*01,None,TRBJ1-6*01,1
1190,CASRWARFPVNSPLHF,TRBV7-8*03,None,TRBJ1-4*01,1
1191,CASRWARFPVNSPLHF,TRBV5-4*02,None,TRBJ1-6*01,1
1192,CASRWARFPVNSPLHF,TRBV4-3*02,None,TRBJ1-6*01,1
1193,CASRWARFPVNSPLHF,TRBV4-2*01,None,TRBJ1-6*01,1
1194,CASRWARFPVNSPLHF,TRBV11-3*02,None,TRBJ1-6*01,1
1195,CASRWARFPVNSPHNF,TRBV7-8*03,None,TRBJ1-6*01,1
1196,CASRWARFPVNSAQHF,TRBV7-8*03,None,TRBJ1-6*01,1
1197,CASRSNRFPVNSPLHF,TRBV7-3*04,None,TRBJ1-6*01,1
1198,CASRWARFPVNPPLHF,TRBV7-8*03,None,TRBJ1-6*01,1
1199,CASRWARFPVKSSLHF,TRBV7-8*03,None,TRBJ1-6*02,1
1200,CASRWARFPVKSPTSF,TRBV7-8*03,None,TRBJ1-6*01,1
1201,CASRWARFPVKSPTNF,TRBV7-8*03,None,TRBJ1-6*01,1
1202,CASRWARFPVKSPLHF,TRBV7-8*03,None,TRBJ1-6*01,1
1203,CASRWARFPINSPLHF,TRBV7-8*03,None,TRBJ1-6*01,1
1204,CASRWALFPVNSPLHF,TRBV7-8*03,None,TRBJ1-6*01,1
1205,CASRWAGFPVNSSLHF,TRBV7-8*02,None,TRBJ1-6*01,1
1206,CASRVHRFPVNSPVHF,TRBV7-8*03,None,TRBJ1-6*01,1
1207,CASRAYRFPVNSPLNF,TRBV7-8*03,None,TRBJ1-6*01,1
1208,CASRASGRGNNELFF,TRBV11-3*03,None,TRBJ1-6*02,1
1209,CASNPSGRGSNEQFF,TRBV7-9*04,None,TRBJ2-1*01,1
1210,CASNIMKTRGYGYTF,TRBV27*01,None,TRBJ1-2*01,1
1211,CARRGDRFPVDSPILF,TRBV11-2*03,None,TRBJ1-6*01,1
1212,CARRCDRFPVNSPLHF,TRBV7-2*01,None,TRBJ1-6*01,1
1213,CARKWKRFPVNSTLHF,TRBV7-8*03,None,TRBJ1-6*01,1
1214,CARIWDRVPVNSRLNF,TRBV7-8*03,None,TRBJ1-6*01,1
1215,CARGWDRSPVNSPLHF,TRBV7-3*04,None,TRBJ1-6*01,1
1216,CARGWDRFPVNSPLHF,TRBV7-8*03,None,TRBJ1-6*01,1
1217,CARAWDRFPVNSPLHF,TRBV7-8*03,None,TRBJ1-6*01,1
1218,CANSGSNTNIQYF,TRBV19*03,None,TRBJ2-4*01,1
1219,CANRWVRFPVTSPLHF,TRBV4-2*02,None,TRBJ1-6*01,1
1220,CANRWGRFPVNSPLHF,TRBV7-8*03,None,TRBJ1-6*01,1
1221,CANRWDRFPVNSPPHF,TRBV7-8*03,None,TRBJ1-6*01,1
1222,CANRWDRFPVNAPLHF,TRBV7-8*01,None,TRBJ1-6*01,1
1223,CANRWDRFPANSPLHF,TRBV7-8*03,None,TRBJ1-6*01,1
1224,CANRWDRFLVNSPLHF,TRBV7-8*03,None,TRBJ1-6*01,1
1225,CANRWDPFPVNSPLHF,TRBV7-8*03,None,TRBJ1-6*01,1
1226,CANRWDLFPVTSPLHF,TRBV7-8*03,None,TRBJ1-6*01,1
1227,CANRWDHFPVNSPLHF,TRBV7-8*03,None,TRBJ1-6*01,1
1228,CANRSGRISVNTHLHF,TRBV7-3*03,None,TRBJ1-6*01,1
1229,CANKCDRFPVNSPIHF,TRBV7-8*03,None,TRBJ1-6*01,1
1230,CALRWIPFPVNSPPKF,TRBV7-8*03,None,TRBJ1-6*01,1
1231,CALRWAGFSVNSPLHF,TRBV7-8*02,None,TRBJ1-6*01,1
1232,CARRLDHFPVNSPLHF,TRBV7-8*03,None,TRBJ1-6*01,1
1233,CARRMDLIPINSPLYF,TRBV7-9*04,None,TRBJ1-6*01,1
1234,CARRRDGGDEKLFF,TRBV11-3*03,None,TRBJ1-4*01,1
1235,CARRRERFPVNSPLHF,TRBV11-3*03,None,TRBJ1-6*01,1
1236,CARRWDRFAVNSPLRF,TRBV7-8*03,None,TRBJ1-6*01,1
1237,CARRWDRFAVNSPLHF,TRBV7-8*03,None,TRBJ1-6*01,1
1238,CARRWDRCPVNSPLLF,TRBV7-8*03,None,TRBJ1-6*01,1
1239,CARRWDLFPVKSPLHF,TRBV7-8*03,None,TRBJ1-6*01,1
1240,CARRWDCFPVKSPLHF,TRBV7-8*03,None,TRBJ1-6*01,1
1241,CARRWARLPVNSPLRF,TRBV7-8*03,None,TRBJ1-6*01,1
1242,CARRRVRFPVNSPLHF,TRBV11-3*03,None,TRBJ1-6*01,1
1243,CARRREVGDKKLSF,TRBV11-3*03,None,TRBJ1-4*01,1
1244,CARRRERSGDEKLFF,TRBV7-9*04,None,TRBJ1-4*01,1
1245,CARRRDSRGMKKLFF,TRBV7-9*04,None,TRBJ1-4*01,1
1246,CARRRDGRGDEKLFF,TRBV7-8*03,None,TRBJ1-4*01,1
1247,CARRRDRYPVNSPLHF,TRBV7-9*04,None,TRBJ1-6*01,1
1248,CARRRDRLPVNSPLHF,TRBV7-8*03,None,TRBJ1-6*01,1
1249,CARRRDRLPVNSPLHF,TRBV11-3*03,None,TRBJ1-6*01,1
1250,CARRRDRFPVNSSLHF,TRBV11-3*03,None,TRBJ1-6*01,1
1251,CARRRDRFPVNSPLHF,TRBV7-8*03,None,TRBJ1-6*02,1
1252,CARRRDRFPVNSPLHF,TRBV5-3*01,None,TRBJ1-6*01,1
1253,CARRRDPFPVNSPLHF,TRBV7-9*04,None,TRBJ1-6*01,1
1254,CARRRDGRGTKNCFF,TRBV7-9*04,None,TRBJ1-4*01,1
1255,CARRRDGRGMKNCF,TRBV7-9*04,None,TRBJ1-4*01,1
1256,CAKEGRSEDEKLFF,TRBV7-9*04,None,TRBJ1-4*01,1
1257,CAKEGRSEDEKLFF,TRBV11-3*03,None,TRBJ1-4*01,1
1258,CAIRWVRLPVNSPLHF,TRBV7-8*03,None,TRBJ2-7*01,1
1259,CAGRWDRFPVDSPLHF,TRBV7-8*03,None,TRBJ1-6*01,1
1260,CAGRWDRFPVNSPLHF,TRBV7-8*03,None,TRBJ1-6*02,1
1261,CAGRWDRFPVNSPLHF,TRBV7-8*02,None,TRBJ1-6*01,1
1262,CAGRWDRFPVNSPLHF,TRBV7-4*01,None,TRBJ1-6*01,1
1263,CAGRWDRFPVNSPLHF,TRBV7-3*05,None,TRBJ1-6*01,1
1264,CAGRWDRFPVNSPLHF,TRBV11-3*03,None,TRBJ1-6*01,1
1265,CAGRWDRFPVNSPIHF,TRBV7-8*03,None,TRBJ1-6*01,1
1266,CAGRWDRFPVNSHLHF,TRBV7-8*03,None,TRBJ1-6*01,1
1267,CAGRWDRFPVNPPLHF,TRBV7-8*03,None,TRBJ1-6*01,1
1268,CAGRWDRFPVKAPLHF,TRBV7-8*03,None,TRBJ1-6*01,1
1269,CAGRLDRFPVNSPLHF,TRBV7-8*03,None,TRBJ1-6*01,1
1270,CAGRWDRFPVNSPLPF,TRBV7-8*03,None,TRBJ2-7*01,1
1271,CAGRGDRFPVNSPLHF,TRBV7-8*03,None,TRBJ1-6*01,1
1272,CACRWNCFPVNSPLHF,TRBV7-8*03,None,TRBJ1-6*01,1
1273,CACRWDRVPVNSPHHF,TRBV7-8*03,None,TRBJ1-6*01,1
1274,CACRWDRFSLNSPLHF,TRBV7-8*03,None,TRBJ1-6*01,1
1275,CACRWDRFPVSSPLHF,TRBV7-8*03,None,TRBJ1-6*01,1
1276,CACRWDRFPVNSPLYF,TRBV11-3*02,None,TRBJ1-6*01,1
1277,CACRWDRFPVNSPLRF,TRBV7-8*03,None,TRBJ1-6*02,1
1278,CACRWDRFPVNSPLLF,TRBV7-8*03,None,TRBJ1-6*01,1
1279,CACRWDRFPVNSPLHF,TRBV7-2*01,None,TRBJ1-6*01,1
1280,CAGRWDRFPVNSPLNF,TRBV7-8*03,None,TRBJ1-6*01,1
1281,CAGRWDRFPVNSTLHF,TRBV7-8*03,None,TRBJ1-6*01,1
1282,CAIRWGRFPVNSPLRF,TRBV7-8*03,None,TRBJ1-6*01,1
1283,CAIRWDPFPVNSPLHF,TRBV7-8*03,None,TRBJ1-6*01,1
1284,CAIRWGRFPVNSPLHF,TRBV7-3*05,None,TRBJ1-6*01,1
1285,CAIRWERFPVNSTLNF,TRBV7-8*03,None,TRBJ1-6*01,1
1286,CAIRWDRYPVISPLHF,TRBV7-8*03,None,TRBJ1-6*01,1
1287,CAIRWDRVPVNSPLHF,TRBV5-5*03,None,TRBJ1-6*01,1
1288,CAIRWDRVPVNSPLHF,TRBV11-2*01,None,TRBJ1-6*01,1
1289,CAIRWDRFRVSSPLHF,TRBV7-8*03,None,TRBJ1-6*01,1
1290,CAIRWDRFPVNSPLNF,TRBV7-8*03,None,TRBJ1-6*01,1
1291,CAIRWDRFPVNSPHHF,TRBV7-8*03,None,TRBJ1-6*01,1
1292,CAIRWDRFPVHSPLHF,TRBV7-8*03,None,TRBJ1-6*01,1
1293,CAIRWDLSPVKSPLHF,TRBV7-8*03,None,TRBJ1-6*01,1
1294,CAGRWDRFPVSSPLPF,TRBV7-9*04,None,TRBJ1-6*02,1
1295,CAIRWDCFPVNSPLHF,TRBV7-8*03,None,TRBJ1-6*01,1
1296,CAIRGHRIPVNSPLHF,TRBV7-8*03,None,TRBJ1-6*01,1
1297,CAIRGDSLTVKSHLYF,TRBV7-3*05,None,TRBJ1-6*01,1
1298,CAGRWYRFPVNSPLHF,TRBV7-8*03,None,TRBJ1-6*01,1
1299,CAGRWGRFPVNSPLHF,TRBV7-8*03,None,TRBJ1-6*01,1
1300,CAGRWDSFPVNSPLHF,TRBV7-8*03,None,TRBJ1-6*01,1
1301,CAGRWDRVPVNTPLHF,TRBV7-8*03,None,TRBJ1-6*01,1
1302,CAGRWDRSPVNSPLHF,TRBV7-9*04,None,TRBJ1-6*01,1
1303,CAGRWDRFSVNSPLHF,TRBV7-8*03,None,TRBJ1-6*01,1
1304,CARRWDRFPINSPLHF,TRBV7-8*03,None,TRBJ1-6*01,1
1305,CARRWDRFPVHSPLHF,TRBV7-8*03,None,TRBJ1-6*01,1
1306,CARRWDRFPVHSPLPF,TRBV7-1*01,None,TRBJ1-6*01,1
1307,CASICDRFPVNSPLSF,TRBV7-8*03,None,TRBJ1-6*01,1
1308,CASIWDRFPVNSPLHF,TRBV7-2*04,None,TRBJ1-6*01,1
1309,CASIWDRFPVNSPLHF,TRBV5-6*01,None,TRBJ1-6*01,1
1310,CASIWDRFPVNSPLHF,TRBV5-4*03,None,TRBJ1-6*01,1
1311,CASIWDRFPVNSPLHF,TRBV11-3*03,None,TRBJ1-6*01,1
1312,CASIWDRFPVNSNLHF,TRBV7-8*03,None,TRBJ1-6*01,1
1313,CASIWDRFPLNSPLHF,TRBV7-4*01,None,TRBJ1-6*01,1
1314,CASIWCRFPVKSPLHF,TRBV7-8*03,None,TRBJ1-6*01,1
1315,CASISERFPVKSPLHF,TRBV28*01,None,TRBJ1-6*01,1
1316,CASILDRFPVNSPLHF,TRBV7-8*03,None,TRBJ1-6*01,1
1317,CASICDRFPVNSPIRF,TRBV7-8*03,None,TRBJ1-6*01,1
1318,CASIWDRFPVNSTLRF,TRBV7-8*03,None,TRBJ1-6*01,1
1319,CASGWYRFPVNSPLHF,TRBV7-8*03,None,TRBJ1-6*01,1
1320,CASGWVRFPVNSPLHF,TRBV7-8*03,None,TRBJ1-6*02,1
1321,CASGWSHFAVNSPLFF,TRBV7-8*03,None,TRBJ2-2*01,1
1322,CASGWNRLPVNSPLHF,TRBV11-2*01,None,TRBJ1-6*01,1
1323,CASGWGRFPVNSPLHF,TRBV11-3*03,None,TRBJ1-6*01,1
1324,CASGWERFPVNSPLHF,TRBV7-8*03,None,TRBJ1-6*01,1
1325,CASGWDRVPVNSPLHF,TRBV7-8*03,None,TRBJ1-6*01,1
1326,CASGWDRLPVNSPLHF,TRBV7-8*03,None,TRBJ1-6*01,1
1327,CASGWDRLPVNSPLHF,TRBV11-3*02,None,TRBJ1-6*01,1
1328,CASIWDRFPVNSPRHF,TRBV7-8*03,None,TRBJ1-6*01,1
1329,CASIWDRFPVTSPLHF,TRBV7-8*03,None,TRBJ1-6*01,1
1330,CASGWDRFPVNSPLQF,TRBV7-8*03,None,TRBJ1-6*01,1
1331,CASKWDRFPVNSPLHF,TRBV5-5*01,None,TRBJ1-1*01,1
1332,CASLWDRFPVNSPLHF,TRBV11-1*01,None,TRBJ1-6*01,1
1333,CASLRDRFPVNSPLRF,TRBV4-1*01,None,TRBJ1-6*01,1
1334,CASKWHRVPVNSPLHF,TRBV7-8*03,None,TRBJ1-6*01,1
1335,CASKWDRFTVNSPLHF,TRBV7-8*03,None,TRBJ1-6*01,1
1336,CASKWDRFPVNSPLLF,TRBV11-1*01,None,TRBJ1-6*01,1
1337,CASKWDRFPVNSPLHF,TRBV7-9*04,None,TRBJ1-6*01,1
1338,CASKWDRFPVNSPLHF,TRBV7-8*03,None,TRBJ1-6*02,1
1339,CASKWDRFPVNSPLHF,TRBV7-3*05,None,TRBJ1-6*01,1
1340,CASKWDRFPVNSPLHF,TRBV7-1*01,None,TRBJ1-6*01,1
1341,CASKWDRFPVNSPIHF,TRBV7-8*03,None,TRBJ1-6*01,1
1342,CASIWDRFQVNSPLHF,TRBV7-8*03,None,TRBJ1-6*01,1
1343,CASKWDRFPLNSPLHF,TRBV7-8*03,None,TRBJ1-6*01,1
1344,CASKWDHFPVTSPLHF,TRBV7-3*04,None,TRBJ1-6*01,1
1345,CASKWDHFPVNSPLHF,TRBV7-8*03,None,TRBJ1-6*01,1
1346,CASIWNSFPVKSPLHF,TRBV7-8*03,None,TRBJ1-6*01,1
1347,CASIWNRFPVNSPLHF,TRBV7-8*03,None,TRBJ1-6*01,1
1348,CASIWGRFPVNSPPHF,TRBV7-8*03,None,TRBJ1-6*01,1
1349,CASIWERVPVNSPLHF,TRBV7-8*03,None,TRBJ1-6*01,1
1350,CASIWDRFTVNSPLHF,TRBV7-8*03,None,TRBJ1-6*01,1
1351,CASIWDRFRINSPLHF,TRBV7-8*03,None,TRBJ1-6*01,1
1352,CASGWDRFPVNSPLRF,TRBV7-8*03,None,TRBJ1-6*01,1
1353,CASGWDRFPVNSPLNF,TRBV7-8*03,None,TRBJ1-6*01,1
1354,CARRWDRFPVKSPLHF,TRBV7-8*03,None,TRBJ1-6*01,1
1355,CARRWDRFPVNSSLHF,TRBV7-8*03,None,TRBJ1-6*01,1
1356,CARRWDRSPVNSPLHF,TRBV7-8*03,None,TRBJ1-6*01,1
1357,CARRWDRFTVNSPLHF,TRBV7-8*03,None,TRBJ1-6*01,1
1358,CARRWDRFTVNSPHHF,TRBV5-3*02,None,TRBJ1-6*01,1
1359,CARRWDRFSVNSPLHF,TRBV7-8*03,None,TRBJ1-6*01,1
1360,CARRWDRFRVNLPLNF,TRBV16*03,None,TRBJ1-6*01,1
1361,CARRWDRFQVNSPLHF,TRBV7-8*03,None,TRBJ1-6*01,1
1362,CARRWDRFQVNSPFHF,TRBV7-8*03,None,TRBJ1-6*01,1
1363,CARRWDRFPVNSVLHF,TRBV7-8*03,None,TRBJ1-6*01,1
1364,CARRWDRFPVNSTLHF,TRBV7-8*03,None,TRBJ1-6*01,1
1365,CARRWDRFPVNSRLHF,TRBV7-8*03,None,TRBJ1-6*01,1
1366,CARRWDRSPVTSPLHF,TRBV7-8*03,None,TRBJ1-6*01,1
1367,CARRWDRFPVNSPLRF,TRBV7-8*03,None,TRBJ1-6*01,1
1368,CARRWDRFPVNSPLHF,TRBV7-9*04,None,TRBJ1-6*01,1
1369,CARRWDRFPVNSPLHF,TRBV7-3*04,None,TRBJ1-6*01,1
1370,CARRWDRFPVNSPLHF,TRBV5-3*02,None,TRBJ1-6*01,1
1371,CARRWDRFPVNSPLHF,TRBV11-3*03,None,TRBJ1-6*01,1
1372,CARRWDRFPVNSHLHF,TRBV7-8*03,None,TRBJ1-6*01,1
1373,CARRWDRFPVNPPLHF,TRBV7-3*05,None,TRBJ1-6*01,1
1374,CARRWDRFPVKSTTSF,TRBV7-8*03,None,TRBJ1-6*01,1
1375,CARRWDRFPVKSPLNF,TRBV7-8*03,None,TRBJ1-6*01,1
1376,CARRWDRSPVNSPPHF,TRBV11-2*02,None,TRBJ1-6*01,1
1377,CARRWDRVPVNSPLHF,TRBV7-8*03,None,TRBJ1-1*01,1
1378,CASGWDRFPVNSPLHF,TRBV7-8*02,None,TRBJ1-6*01,1
1379,CASGLDRFPVNSPLHF,TRBV7-8*03,None,TRBJ1-6*01,1
1380,CASGWDRFPVNSPLHF,TRBV7-3*04,None,TRBJ1-6*01,1
1381,CASGWDRFPVNSPLHF,TRBV11-3*02,None,TRBJ1-6*01,1
1382,CASGWDRFPVNSPHHF,TRBV7-8*03,None,TRBJ1-6*01,1
1383,CASGWDRFPVNSLLHF,TRBV7-8*03,None,TRBJ1-6*01,1
1384,CASGWDRFAVNSPHHF,TRBV7-8*03,None,TRBJ1-6*02,1
1385,CASGSDRFPVNSPLHF,TRBV7-8*03,None,TRBJ1-6*01,1
1386,CASGRNRFPVNSRLTF,TRBV7-8*03,None,TRBJ1-2*01,1
1387,CASGRDRFPVNSPLHF,TRBV7-8*03,None,TRBJ1-6*01,1
1388,CASGRDRFPVNSHLHF,TRBV7-8*03,None,TRBJ1-6*01,1
1389,CASCWLFLRENSPLHF,TRBV15*03,None,TRBJ1-6*01,1
1390,CARRWDRVPVNSPLHF,TRBV7-8*03,None,TRBJ1-6*01,1
1391,CARSWDRLPVNCRLTF,TRBV11-2*02,None,TRBJ1-6*01,1
1392,CARSWDRFPVNSPRRF,TRBV7-8*03,None,TRBJ1-6*01,1
1393,CARSRDRFPVNSPLHF,TRBV7-9*04,None,TRBJ1-6*01,1
1394,CARSGSNTDIQYF,TRBV19*03,None,TRBJ2-4*01,1
1395,CARRWVRSPLKSPLHF,TRBV7-3*03,None,TRBJ1-6*01,1
1396,CARRWNRFPVKSPLHF,TRBV7-8*03,None,TRBJ1-6*01,1
1397,CARRWGRFPVNSRLPF,TRBV5-3*02,None,TRBJ1-6*01,1
1398,CARRWDSVPVKSPLHF,TRBV7-8*03,None,TRBJ1-6*01,1
1399,CARRWDRYPVNSPLHF,TRBV3-1*02,None,TRBJ1-6*01,1
1400,CASRWDGFPVNSPPHF,TRBV7-8*03,None,TRBJ1-6*01,1
1401,CASRWDGFRVNSPLHF,TRBV7-8*03,None,TRBJ1-6*01,1
1402,CASRWDRFSVTSPLPF,TRBV7-8*03,None,TRBJ1-6*01,1
1403,CASRWDRFPVNSPPPF,TRBV11-3*02,None,TRBJ1-6*01,1
1404,CASRWDRFPVNSPLNF,TRBV7-9*04,None,TRBJ1-6*01,1
1405,CASRWDRFPVNSPLNF,TRBV7-8*03,None,TRBJ1-6*02,1
1406,CASRWDRFPVNSPLNF,TRBV7-2*02,None,TRBJ1-6*01,1
1407,CASRWDRFPVNSPLLF,TRBV7-8*03,None,TRBJ1-6*02,1
1408,CASRWDRFPVNSPLLF,TRBV7-8*01,None,TRBJ1-6*01,1
1409,CASRWDRFPVNSPLLF,TRBV7-3*04,None,TRBJ1-6*01,1
1410,CASRWDRFPVNSPLLF,TRBV7-2*04,None,TRBJ1-6*01,1
1411,CASRWDRFPVNSPLLF,TRBV11-3*03,None,TRBJ1-6*01,1
1412,CASRWDRFPVNSPLLF,TRBV11-2*02,None,TRBJ1-6*01,1
1413,CASRWDRFPVNSPLKF,TRBV7-8*03,None,TRBJ1-6*01,1
1414,CASRWDRFPVNSPLHF,TRBV7-8*02,None,TRBJ1-4*01,1
1415,CASRWDRFPVNSPLHF,TRBV7-6*02,None,TRBJ1-6*01,1
1416,CASRWDRFPVNSPLHF,TRBV7-3*04,None,TRBJ1-6*02,1
1417,CASRWDRFPVNSPLHF,TRBV7-2*01,None,TRBJ1-4*01,1
1418,CASRWDRFPVNSPLHF,TRBV7-1*01,None,TRBJ1-4*01,1
1419,CASRWDRFPVNSPLHF,TRBV5-4*02,None,TRBJ1-6*02,1
1420,CASRWDRFPVNSPLHF,TRBV5-4*01,None,TRBJ1-6*01,1
1421,CASRWDRFPVNSPLHF,TRBV4-3*03,None,TRBJ1-6*01,1
1422,CASRWDRFPVNSPLHF,TRBV3-1*02,None,TRBJ1-6*01,1
1423,CASRWDRFPVNSPLHF,TRBV28*01,None,TRBJ1-6*02,1
1424,CASRWDRFPVNSPLHF,TRBV19*03,None,TRBJ1-6*01,1
1425,CASRWDRFPVNSPLPF,TRBV11-2*03,None,TRBJ1-6*01,1
1426,CASRWDRFPVNSPLPF,TRBV11-3*03,None,TRBJ1-6*01,1
1427,CASRWDRFPVNSPLPF,TRBV7-2*04,None,TRBJ1-6*01,1
1428,CASRWDRFPVNSPLRF,TRBV7-8*03,None,TRBJ1-4*01,1
1429,CASRWDRFPVNSPPHF,TRBV7-3*04,None,TRBJ1-6*01,1
1430,CASRWDRFPVNSPPHF,TRBV7-3*03,None,TRBJ1-6*01,1
1431,CASRWDRFPVNSPPHF,TRBV5-4*02,None,TRBJ1-6*01,1
1432,CASRWDRFPVNSPPHF,TRBV11-3*02,None,TRBJ1-6*01,1
1433,CASRWDRFPVNSPNHF,TRBV7-8*03,None,TRBJ1-6*01,1
1434,CASRWDRFPVNSPLYF,TRBV7-8*03,None,TRBJ1-6*02,1
1435,CASRWDRFPVNSPLYF,TRBV7-8*01,None,TRBJ1-6*01,1
1436,CASRWDRFPVNSPLYF,TRBV11-3*03,None,TRBJ1-6*01,1
1437,CASRWDRFPVNSPLYF,TRBV11-2*03,None,TRBJ1-6*01,1
1438,CASRWDRFPVNSPLRF,TRBV7-3*05,None,TRBJ1-5*01,1
1439,CASRWDRFPVNSPLPF,TRBV7-8*03,None,TRBJ1-2*01,1
1440,CASRWDRFPVNSPLRF,TRBV5-8*02,None,TRBJ1-6*01,1
1441,CASRWDRFPVNSPLRF,TRBV11-2*03,None,TRBJ1-6*01,1
1442,CASRWDRFPVNSPLQF,TRBV7-9*04,None,TRBJ1-6*01,1
1443,CASRWDRFPVNSPLQF,TRBV7-8*03,None,TRBJ1-6*02,1
1444,CASRWDRFPVNSPLQF,TRBV7-8*02,None,TRBJ1-6*01,1
1445,CASRWDRFPVNSPLQF,TRBV7-1*01,None,TRBJ1-6*01,1
1446,CASRWDRFPVNSPLQF,TRBV11-3*03,None,TRBJ1-6*01,1
1447,CASRWDRFPVNSPLPF,TRBV7-9*04,None,TRBJ1-6*01,1
1448,CASRWDRFPVNSPLPF,TRBV7-8*03,None,TRBJ1-6*02,1
1449,CASRWDRFPVNSPLHF,TRBV16*03,None,TRBJ1-6*01,1
1450,CASRWDRFPVNSPLHF,TRBV12-4*02,None,TRBJ1-6*01,1
1451,CASRWDRFPVNSPLHF,TRBV11-3*03,None,TRBJ1-4*01,1
1452,CASRWDRFPVNSHLHF,TRBV7-8*03,None,TRBJ1-4*01,1
1453,CASRWDRFPVNSLLPF,TRBV7-8*03,None,TRBJ1-6*01,1
1454,CASRWDRFPVNSLLHF,TRBV7-8*03,None,TRBJ1-6*02,1
1455,CASRWDRFPVNSLLHF,TRBV7-6*02,None,TRBJ1-6*01,1
1456,CASRWDRFPVNSLLHF,TRBV5-6*01,None,TRBJ1-6*01,1
1457,CASRWDRFPVNSLFHF,TRBV7-1*01,None,TRBJ1-6*01,1
1458,CASRWDRFPVNSHLRF,TRBV7-8*03,None,TRBJ1-6*01,1
1459,CASRWDRFPVNSHLLF,TRBV7-9*04,None,TRBJ1-6*01,1
1460,CASRWDRFPVNSHLLF,TRBV7-8*03,None,TRBJ1-6*01,1
1461,CASRWDRFPVNSHLHF,TRBV7-9*04,None,TRBJ1-6*01,1
1462,CASRWDRFPVNSHLHF,TRBV7-8*01,None,TRBJ1-6*01,1
1463,CASRWDRFPVNSNLQF,TRBV7-8*03,None,TRBJ1-6*01,1
1464,CASRWDRFPVNSHLHF,TRBV7-3*05,None,TRBJ1-6*01,1
1465,CASRWDRFPVNSHLHF,TRBV7-2*02,None,TRBJ1-6*01,1
1466,CASRWDRFPVNSHLHF,TRBV4-3*02,None,TRBJ1-6*01,1
1467,CASRWDRFPVNSHLHF,TRBV11-3*02,None,TRBJ1-6*01,1
1468,CASRWDRFPVNSHLHF,TRBV11-2*02,None,TRBJ1-6*01,1
1469,CASRWDRFPVNSHHYF,TRBV7-8*03,None,TRBJ1-6*01,1
1470,CASRWDRFPVNSHHHF,TRBV7-8*03,None,TRBJ1-6*01,1
1471,CASRWDRFPVNSDLHF,TRBV7-8*03,None,TRBJ1-6*01,1
1472,CASRWDRFPVNSAPHF,TRBV7-8*03,None,TRBJ1-6*01,1
1473,CASRWDRFPVNSLLRF,TRBV7-8*03,None,TRBJ1-6*01,1
1474,CASRWDRFPVNSPDHF,TRBV7-8*03,None,TRBJ1-6*01,1
1475,CASRWDRFPVNSPLHF,TRBV11-2*03,None,TRBJ1-6*02,1
1476,CASRWDRFPVNSPHRF,TRBV7-8*02,None,TRBJ1-6*01,1
1477,CASRWDRFPVNSPLDF,TRBV7-1*01,None,TRBJ1-6*01,1
1478,CASRWDRFPVNSPLDF,TRBV11-3*03,None,TRBJ1-6*01,1
1479,CASRWDRFPVNSPLCF,TRBV7-8*01,None,TRBJ1-6*01,1
1480,CASRWDRFPVNSPIQF,TRBV7-9*04,None,TRBJ1-6*01,1
1481,CASRWDRFPVNSPIHF,TRBV7-9*04,None,TRBJ1-6*01,1
1482,CASRWDRFPVNSPIHF,TRBV7-8*03,None,TRBJ1-6*02,1
1483,CASRWDRFPVNSPIHF,TRBV7-3*04,None,TRBJ1-6*01,1
1484,CASRWDRFPVNSPHYF,TRBV7-3*04,None,TRBJ1-6*01,1
1485,CASRWDRFPVNSPHRF,TRBV7-8*03,None,TRBJ1-6*01,1
1486,CASRWDRFPVNSPHRF,TRBV7-8*01,None,TRBJ1-6*01,1
1487,CASRWDRFPVNSPFHF,TRBV11-2*03,None,TRBJ1-6*01,1
1488,CASRWDRFPVNSPHPF,TRBV7-8*03,None,TRBJ1-6*01,1
1489,CASRWDRFPVNSPHNF,TRBV7-8*03,None,TRBJ1-6*01,1
1490,CASRWDRFPVNSPHLF,TRBV7-8*03,None,TRBJ1-6*01,1
1491,CASRWDRFPVNSPHHF,TRBV7-8*03,None,TRBJ1-4*01,1
1492,CASRWDRFPVNSPHHF,TRBV7-8*02,None,TRBJ1-6*01,1
1493,CASRWDRFPVNSPHHF,TRBV11-3*02,None,TRBJ1-6*01,1
1494,CASRWDRFPVNSPFHF,TRBV7-8*03,None,TRBJ1-4*01,1
1495,CASRWDRFPVNSPFHF,TRBV7-3*05,None,TRBJ1-6*01,1
1496,CASRWDRFPVNSPFHF,TRBV11-3*03,None,TRBJ1-6*01,1
1497,CASRWDRFPVNSPPLF,TRBV7-8*03,None,TRBJ1-6*01,1
1498,CASRWDRFPVNSPPPF,TRBV7-8*03,None,TRBJ1-6*01,1
1499,CASRWDGLPVNSPLHF,TRBV7-8*03,None,TRBJ1-6*01,1
1500,CACRWDRFPVNSPHNF,TRBV7-8*03,None,TRBJ1-6*01,1
1501,CASRWDRFQVKSPLHF,TRBV7-8*03,None,TRBJ1-6*01,1
1502,CASRWDRFQVHSPLHF,TRBV7-8*03,None,TRBJ1-6*02,1
1503,CASRWDRFQVDSPLHF,TRBV7-9*04,None,TRBJ1-6*01,1
1504,CASRWDRFQVDSPLHF,TRBV7-8*03,None,TRBJ1-6*01,1
1505,CASRWDRFQLNSPLHF,TRBV7-8*03,None,TRBJ1-6*01,1
1506,CASRWDRFQLNSPLHF,TRBV7-4*01,None,TRBJ1-6*01,1
1507,CASRWDRFPVYSPLHF,TRBV7-8*01,None,TRBJ1-6*01,1
1508,CASRWDRFPVYSPLHF,TRBV7-1*01,None,TRBJ1-6*01,1
1509,CASRWDRFPVYSPLHF,TRBV11-3*03,None,TRBJ1-6*01,1
1510,CASRWDRFPVYSPHHF,TRBV7-8*03,None,TRBJ1-6*01,1
1511,CASRWDRFPVYSPFHF,TRBV7-8*03,None,TRBJ1-6*01,1
1512,CASRWDRFPVYAPLHF,TRBV7-8*03,None,TRBJ1-6*01,1
1513,CASRWDRFPVTSPLSF,TRBV7-8*03,None,TRBJ1-6*01,1
1514,CASRWDRFPVTSPLQF,TRBV7-8*03,None,TRBJ1-6*01,1
1515,CASRWDRFPVTSPLPF,TRBV7-8*03,None,TRBJ1-6*02,1
1516,CASRWDRFPVTSPLHF,TRBV7-8*03,None,TRBJ1-6*02,1
1517,CASRWDRFPVTSPHHF,TRBV7-8*03,None,TRBJ1-6*01,1
1518,CASRWDRFPVTSHLHF,TRBV7-8*03,None,TRBJ1-6*01,1
1519,CASRWDRFPVTSHLHF,TRBV11-2*01,None,TRBJ1-6*01,1
1520,CASRWDRFPVTLRLRF,TRBV7-8*03,None,TRBJ1-6*01,1
1521,CASRWDRFPVSSTLHF,TRBV7-8*03,None,TRBJ1-6*01,1
1522,CASRWDRFQVNQPLHF,TRBV7-8*03,None,TRBJ1-6*01,1
1523,CASRWDRFQVNSLLHF,TRBV7-8*03,None,TRBJ1-6*01,1
1524,CASRWDRFQVNSPIHF,TRBV7-8*03,None,TRBJ1-6*01,1
1525,CASRWDRFRVNSPLHF,TRBV7-2*04,None,TRBJ1-6*01,1
1526,CASRWDRFSVNSPLHF,TRBV7-8*03,None,TRBJ1-6*02,1
1527,CASRWDRFSVNSPLHF,TRBV7-2*04,None,TRBJ1-6*01,1
1528,CASRWDRFSVNSPLHF,TRBV11-3*01,None,TRBJ1-6*01,1
1529,CASRWDRFSVNSPFHF,TRBV11-3*03,None,TRBJ1-6*01,1
1530,CASRWDRFSLNSPLHF,TRBV7-8*03,None,TRBJ1-6*01,1
1531,CASRWDRFRVNYPHHF,TRBV7-8*03,None,TRBJ1-6*01,1
1532,CASRWDRFRVNSPLRF,TRBV7-8*03,None,TRBJ1-6*01,1
1533,CASRWDRFRVNSPLHF,TRBV7-9*04,None,TRBJ1-6*01,1
1534,CASRWDRFRVNSPLHF,TRBV7-9*02,None,TRBJ1-6*01,1
1535,CASRWDRFRVNSPLHF,TRBV11-3*02,None,TRBJ1-6*01,1
1536,CASRWDRFQVNSPLHF,TRBV5-4*03,None,TRBJ1-6*01,1
1537,CASRWDRFRVKSPLHF,TRBV7-8*03,None,TRBJ1-6*01,1
1538,CASRWDRFRVDSPLPF,TRBV7-8*03,None,TRBJ1-6*01,1
1539,CASRWDRFRVDSPLHF,TRBV7-8*03,None,TRBJ1-6*01,1
1540,CASRWDRFRLNSPLHF,TRBV7-8*03,None,TRBJ1-6*01,1
1541,CASRWDRFQVSSPLRF,TRBV7-8*03,None,TRBJ1-6*01,1
1542,CASRWDRFQVNSPRHF,TRBV7-8*03,None,TRBJ1-6*01,1
1543,CASRWDRFQVNSPLNF,TRBV7-8*03,None,TRBJ1-6*01,1
1544,CASRWDRFQVNSPLHF,TRBV7-8*03,None,TRBJ1-6*02,1
1545,CASRWDRFQVNSPLHF,TRBV7-3*05,None,TRBJ1-6*01,1
1546,CASRWDRFPVSSPLPF,TRBV7-8*03,None,TRBJ1-6*01,1
1547,CASRWDRFPVSSPLNF,TRBV7-8*03,None,TRBJ1-6*01,1
1548,CASRWDRFPVSSPLLF,TRBV7-9*04,None,TRBJ1-6*01,1
1549,CASRWDRFPVNSRLNF,TRBV7-8*03,None,TRBJ1-6*01,1
1550,CASRWDRFPVNSTIHF,TRBV7-8*03,None,TRBJ1-6*01,1
1551,CASRWDRFPVNSSPHF,TRBV7-8*03,None,TRBJ1-6*01,1
1552,CASRWDRFPVNSSLRF,TRBV7-8*03,None,TRBJ1-6*01,1
1553,CASRWDRFPVNSSLHF,TRBV7-3*05,None,TRBJ1-6*01,1
1554,CASRWDRFPVNSSLHF,TRBV7-3*03,None,TRBJ1-6*01,1
1555,CASRWDRFPVNSSLHF,TRBV5-4*02,None,TRBJ1-6*01,1
1556,CASRWDRFPVNSSLHF,TRBV11-2*01,None,TRBJ1-6*01,1
1557,CASRWDRFPVNSSFRF,TRBV7-8*03,None,TRBJ1-6*01,1
1558,CASRWDRFPVNSRPHF,TRBV7-8*03,None,TRBJ1-6*01,1
1559,CASRWDRFPVNSRLHF,TRBV11-3*03,None,TRBJ1-6*01,1
1560,CASRWDRFPVNSTLHF,TRBV11-3*03,None,TRBJ1-6*01,1
1561,CASRWDRFPVNSRHHF,TRBV7-8*03,None,TRBJ1-6*01,1
1562,CASRWDRFPVNSQLLF,TRBV7-8*03,None,TRBJ1-6*01,1
1563,CASRWDRFPVNSQLHF,TRBV7-8*03,None,TRBJ1-6*01,1
1564,CASRWDRFPVNSPYHF,TRBV7-8*03,None,TRBJ1-6*01,1
1565,CASRWDRFPVNSPRRF,TRBV7-8*03,None,TRBJ1-6*01,1
1566,CASRWDRFPVNSPRHF,TRBV7-9*04,None,TRBJ1-6*01,1
1567,CASRWDRFPVNSPRHF,TRBV11-3*03,None,TRBJ1-6*01,1
1568,CASRWDRFPVNSPRHF,TRBV11-2*02,None,TRBJ1-6*01,1
1569,CASRWDRFPVNSPPSF,TRBV7-8*03,None,TRBJ1-6*01,1
1570,CASRWDRFPVNSTLHF,TRBV11-3*02,None,TRBJ1-6*01,1
1571,CASRWDRFPVNSTLHF,TRBV3-1*01,None,TRBJ1-6*01,1
1572,CASRWDRFPVSSPLHF,TRBV7-9*03,None,TRBJ1-6*01,1
1573,CASRWDRFPVNTPLLF,TRBV7-8*03,None,TRBJ1-6*01,1
1574,CASRWDRFPVSSPLHF,TRBV7-8*03,None,TRBJ1-6*02,1
1575,CASRWDRFPVSSPLHF,TRBV7-2*04,None,TRBJ1-6*01,1
1576,CASRWDRFPVSSPLHF,TRBV11-3*03,None,TRBJ1-6*01,1
1577,CASRWDRFPVRSPRNF,TRBV7-8*03,None,TRBJ1-6*01,1
1578,CASRWDRFPVPSPLHF,TRBV7-8*03,None,TRBJ1-6*01,1
1579,CASRWDRFPVNYPLHF,TRBV11-2*02,None,TRBJ1-6*01,1
1580,CASRWDRFPVNVPLHF,TRBV7-8*03,None,TRBJ1-6*01,1
1581,CASRWDRFPVNTPLYF,TRBV11-3*03,None,TRBJ1-6*01,1
1582,CASRWDRFPVNTPLPF,TRBV7-8*03,None,TRBJ1-6*01,1
1583,CASRWDRFPVNTPLHF,TRBV7-9*04,None,TRBJ1-6*01,1
1584,CASRWDRFPVNSTLHF,TRBV5-8*02,None,TRBJ1-6*01,1
1585,CASRWDRFPVNTPLHF,TRBV7-1*01,None,TRBJ1-6*01,1
1586,CASRWDRFPVNTPLHF,TRBV11-3*01,None,TRBJ1-6*01,1
1587,CASRWDRFPVNTLFHF,TRBV7-8*03,None,TRBJ1-6*01,1
1588,CASRWDRFPVNTALHF,TRBV7-8*03,None,TRBJ1-6*01,1
1589,CASRWDRFPVNSTTHF,TRBV7-8*03,None,TRBJ1-6*02,1
1590,CASRWDRFPVNSTLNF,TRBV7-8*03,None,TRBJ1-6*01,1
1591,CASRWDRFPVNSTLHF,TRBV7-8*03,None,TRBJ1-6*02,1
1592,CASRWDRFPVNSTLHF,TRBV7-3*05,None,TRBJ1-6*01,1
1593,CASRWDRFPVNSTLHF,TRBV7-2*01,None,TRBJ1-6*01,1
1594,CASRWDRFPVNSALRF,TRBV7-8*03,None,TRBJ1-6*01,1
1595,CASRWDRFPVNSALNF,TRBV7-8*03,None,TRBJ1-6*01,1
1596,CASRWDRFPVNSALHF,TRBV7-9*04,None,TRBJ1-6*01,1
1597,CASRWDRFPVNSALHF,TRBV7-8*03,None,TRBJ1-6*02,1
1598,CASRWDRFAVNSPLHF,TRBV11-3*02,None,TRBJ1-6*01,1
1599,CASRWDRFAVNSPHHF,TRBV7-8*03,None,TRBJ1-6*01,1
1600,CASRWDRFAVNSALHF,TRBV7-8*03,None,TRBJ1-6*01,1
1601,CASRWDRFAVNALLRF,TRBV7-8*03,None,TRBJ1-6*01,1
1602,CASRWDRFAVKSHLHF,TRBV7-8*03,None,TRBJ1-6*01,1
1603,CASRWDRFAVDSTLRF,TRBV7-8*03,None,TRBJ1-6*01,1
1604,CASRWDRFALKSPLHF,TRBV7-8*03,None,TRBJ1-6*01,1
1605,CASRWDRFAANSHLHF,TRBV7-8*03,None,TRBJ1-6*01,1
1606,CASRWDRCTVNSALHF,TRBV7-8*03,None,TRBJ1-6*01,1
1607,CASRWDRCSVNSPLHF,TRBV7-8*03,None,TRBJ1-6*02,1
1608,CASRWDRCPVTSPLPF,TRBV7-8*03,None,TRBJ1-6*01,1
1609,CASRWDRCPVNTPLHF,TRBV7-8*03,None,TRBJ1-6*01,1
1610,CASRWDRCPVNSSLHF,TRBV7-8*03,None,TRBJ1-6*01,1
1611,CASRWDRCPVNSPRHF,TRBV7-8*03,None,TRBJ1-6*01,1
1612,CASRWDRCPVNSPLYF,TRBV7-8*03,None,TRBJ1-6*01,1
1613,CASRWDRCPVNSPLRF,TRBV7-8*03,None,TRBJ1-6*01,1
1614,CASRWDRCPVNSPLLF,TRBV7-8*03,None,TRBJ1-6*01,1
1615,CASRWDRCPVNSPLHF,TRBV7-9*04,None,TRBJ1-6*01,1
1616,CASRWDRCPVNSPLHF,TRBV7-4*01,None,TRBJ1-6*01,1
1617,CASRWDRCPVNSPLHF,TRBV7-3*05,None,TRBJ1-6*01,1
1618,CASRWDRCPVNSPLHF,TRBV7-2*02,None,TRBJ1-6*01,1
1619,CASRWDRFAVNSPLHF,TRBV11-3*03,None,TRBJ1-6*01,1
1620,CASRWDRFAVNSPLHF,TRBV7-2*01,None,TRBJ1-6*01,1
1621,CASRWDRFAVNSPLHF,TRBV7-9*04,None,TRBJ1-6*01,1
1622,CASRWDRFLVNSPVHF,TRBV7-8*03,None,TRBJ1-6*01,1
1623,CASRWDRFPANSPLHF,TRBV7-8*02,None,TRBJ1-6*01,1
1624,CASRWDRFPANSPLHF,TRBV7-3*04,None,TRBJ1-6*01,1
1625,CASRWDRFPANSPLHF,TRBV5-4*02,None,TRBJ1-6*01,1
1626,CASRWDRFPANSPLHF,TRBV11-3*02,None,TRBJ1-6*01,1
1627,CASRWDRFPANSPLHF,TRBV11-2*02,None,TRBJ1-6*01,1
1628,CASRWDRFPANSPIHF,TRBV7-8*03,None,TRBJ1-6*01,1
1629,CASRWDRFPANSPHLF,TRBV7-8*03,None,TRBJ1-6*01,1
1630,CASRWDRFPAKSPLHF,TRBV11-3*03,None,TRBJ1-6*01,1
1631,CASRWDRFLVNSSLHF,TRBV7-8*03,None,TRBJ1-6*01,1
1632,CASRWDRFLVNSPLNF,TRBV7-8*03,None,TRBJ1-6*01,1
1633,CASRWDRFAVNSPLLF,TRBV11-3*02,None,TRBJ1-6*01,1
1634,CASRWDRFLVNSPLHF,TRBV11-3*02,None,TRBJ1-6*01,1
1635,CASRWDRFLLNSPLHF,TRBV7-8*03,None,TRBJ1-6*01,1
1636,CASRWDRFGVNSHLHF,TRBV7-8*03,None,TRBJ1-6*01,1
1637,CASRWDRFAVVSPLHF,TRBV7-8*03,None,TRBJ1-6*01,1
1638,CASRWDRFAVNYAHHF,TRBV7-3*04,None,TRBJ1-6*01,1
1639,CASRWDRFAVNSTLHF,TRBV7-9*04,None,TRBJ1-6*01,1
1640,CASRWDRFAVNSRLHF,TRBV7-8*03,None,TRBJ1-6*01,1
1641,CASRWDRFAVNSPLRF,TRBV7-8*03,None,TRBJ1-6*01,1
1642,CASRWDRFAVNSPLPF,TRBV7-8*03,None,TRBJ1-6*01,1
1643,CASRWDRCPVNSPHHF,TRBV7-8*03,None,TRBJ1-6*02,1
1644,CASRWDRCPVNSPHHF,TRBV7-8*03,None,TRBJ1-6*01,1
1645,CASRWDRCPVKSPLHF,TRBV7-2*04,None,TRBJ1-6*01,1
1646,CASRWDLFPVNAPLHF,TRBV7-8*03,None,TRBJ1-6*01,1
1647,CASRWDLFPVNSPRHF,TRBV7-8*03,None,TRBJ1-6*01,1
1648,CASRWDLFPVNSPLHF,TRBV7-9*04,None,TRBJ1-6*01,1
1649,CASRWDLFPVNSPLHF,TRBV7-8*01,None,TRBJ1-6*01,1
1650,CASRWDLFPVNSPLHF,TRBV7-3*05,None,TRBJ1-6*01,1
1651,CASRWDLFPVNSPLHF,TRBV14*02,None,TRBJ1-6*01,1
1652,CASRWDLFPVNSPLHF,TRBV11-3*03,None,TRBJ1-6*01,1
1653,CASRWDLFPVNSPLHF,TRBV11-2*03,None,TRBJ1-6*01,1
1654,CASRWDLFPVNSPHYF,TRBV7-8*03,None,TRBJ1-6*01,1
1655,CASRWDLFPVNSPFPF,TRBV7-8*03,None,TRBJ1-6*01,1
1656,CASRWDLFPVHSPLPF,TRBV7-8*03,None,TRBJ1-6*01,1
1657,CASRWDLVPVNSPLHF,TRBV7-8*03,None,TRBJ1-6*01,1
1658,CASRWDLFPLNSPLHF,TRBV7-9*04,None,TRBJ1-6*01,1
1659,CASRWDHSPVNSPLHF,TRBV7-8*03,None,TRBJ1-6*01,1
1660,CASRWDHFPVNSPLRF,TRBV7-8*03,None,TRBJ1-6*01,1
1661,CASRWDHFPVNSPLHF,TRBV7-3*01,None,TRBJ1-6*01,1
1662,CASRWDHFPVNSPLHF,TRBV11-3*03,None,TRBJ1-6*01,1
1663,CASRWDHFPLNSPLHF,TRBV7-8*03,None,TRBJ1-6*01,1
1664,CASRWDHFAVNSPLHF,TRBV7-8*03,None,TRBJ1-6*01,1
1665,CASRWDGSPVNSPLHF,TRBV7-8*03,None,TRBJ1-6*01,1
1666,CASRWDGLSVNEHLYF,TRBV7-3*05,None,TRBJ1-6*01,1
1667,CASRWDLLPVNSPHHF,TRBV7-8*03,None,TRBJ1-6*01,1
1668,CASRWDPCPANSPLHF,TRBV7-8*03,None,TRBJ1-6*01,1
1669,CASRWDRCPVDSNLHF,TRBV7-8*01,None,TRBJ1-6*01,1
1670,CASRWDPFPVNSPLHF,TRBV5-5*03,None,TRBJ1-6*01,1
1671,CASRWDRCPANSPLHF,TRBV7-3*04,None,TRBJ1-6*01,1
1672,CASRWDRCLVNSPLHF,TRBV7-8*03,None,TRBJ1-6*01,1
1673,CASRWDRAPVNSPLHF,TRBV7-8*03,None,TRBJ1-6*02,1
1674,CASRWDPLPVNSPLHF,TRBV7-8*03,None,TRBJ1-6*01,1
1675,CASRWDPFQVNSPLHF,TRBV7-8*03,None,TRBJ1-6*01,1
1676,CASRWDPFPVNSPPHF,TRBV7-8*03,None,TRBJ1-6*01,1
1677,CASRWDPFPVNSPLRF,TRBV7-8*03,None,TRBJ1-6*01,1
1678,CASRWDPFPVNSPLHF,TRBV7-8*03,None,TRBJ1-6*02,1
1679,CASRWDPFPVNSPLHF,TRBV7-3*01,None,TRBJ1-6*01,1
1680,CASRWDPFPVNSPLHF,TRBV11-3*02,None,TRBJ1-6*01,1
1681,CASRWDPFGVNSPLHF,TRBV7-8*03,None,TRBJ1-6*01,1
1682,CASRWDPFPVNSPLHF,TRBV11-2*02,None,TRBJ1-6*01,1
1683,CASRWDPFPVNSPIHF,TRBV7-7*02,None,TRBJ1-6*01,1
1684,CASRWDPFPVNSLLHF,TRBV7-8*03,None,TRBJ1-6*01,1
1685,CASRWDPFPVNPPPHF,TRBV7-8*03,None,TRBJ1-6*01,1
1686,CASRWDPFPVNPPLHF,TRBV7-8*03,None,TRBJ1-6*01,1
1687,CASRWDPFPVNLPHPF,TRBV7-8*03,None,TRBJ1-6*01,1
1688,CASRWDPFPVKSPLHF,TRBV7-8*03,None,TRBJ1-6*01,1
1689,CASRWDPFPVKSPLHF,TRBV11-2*02,None,TRBJ1-6*01,1
1690,CASRWDPFPGKSPLHF,TRBV7-1*01,None,TRBJ1-6*01,1
1691,CASRWDRFPANSPLHF,TRBV7-9*02,None,TRBJ1-6*01,1
1692,CASRWDRFPANSPLPF,TRBV7-8*03,None,TRBJ1-6*01,1
1693,CASRWDRFPANSPLRF,TRBV7-8*01,None,TRBJ1-6*01,1
1694,CASRWDRFPVKSPLHF,TRBV7-3*04,None,TRBJ1-6*01,1
1695,CASRWDRFPVNAPFHF,TRBV7-8*03,None,TRBJ1-6*01,1
1696,CASRWDRFPVNAALHF,TRBV7-8*03,None,TRBJ1-6*01,1
1697,CASRWDRFPVKSTLLF,TRBV7-8*03,None,TRBJ1-6*01,1
1698,CASRWDRFPVKSSLHF,TRBV7-8*03,None,TRBJ1-6*01,1
1699,CASRWDRFPVKSRLHF,TRBV7-8*03,None,TRBJ1-6*01,1
1700,CASRWDRFPVKSPPHF,TRBV7-8*03,None,TRBJ1-6*01,1
1701,CASRWDRFPVKSPLRF,TRBV7-8*03,None,TRBJ1-6*01,1
1702,CASRWDRFPVKSPLLF,TRBV7-8*03,None,TRBJ1-6*01,1
1703,CASRWDRFPVKSPLHF,TRBV7-9*04,None,TRBJ1-6*01,1
1704,CASRWDRFPVKSPLHF,TRBV7-3*01,None,TRBJ1-6*01,1
1705,CASRWDRFPVNAPHHF,TRBV7-8*03,None,TRBJ1-6*01,1
1706,CASRWDRFPVKSPLHF,TRBV11-2*03,None,TRBJ1-6*01,1
1707,CASRWDRFPVKSPLHF,TRBV11-2*02,None,TRBJ1-6*01,1
1708,CASRWDRFPVKSPKHF,TRBV7-8*03,None,TRBJ1-6*02,1
1709,CASRWDRFPVKSPHHF,TRBV7-8*03,None,TRBJ1-6*01,1
1710,CASRWDRFPVKSLHHF,TRBV7-8*03,None,TRBJ1-6*01,1
1711,CASRWDRFPVKSHLHF,TRBV7-8*03,None,TRBJ1-6*01,1
1712,CASRWDRFPVKSHHHF,TRBV7-8*03,None,TRBJ1-6*01,1
1713,CASRWDRFPVKPPLHF,TRBV7-8*03,None,TRBJ1-6*01,1
1714,CASRWDRFPVKAPLRF,TRBV7-8*03,None,TRBJ1-6*01,1
1715,CASRWDRFPVNAPHHF,TRBV5-4*04,None,TRBJ1-6*01,1
1716,CASRWDRFPVNAPLHF,TRBV11-2*03,None,TRBJ1-6*01,1
1717,CASRWDRFPVISPLPF,TRBV7-8*03,None,TRBJ1-6*01,1
1718,CASRWDRFPVNLSLHF,TRBV7-8*03,None,TRBJ1-6*01,1
1719,CASRWDRFPVNPTLHF,TRBV7-8*03,None,TRBJ1-6*01,1
1720,CASRWDRFPVNPSLHF,TRBV7-8*03,None,TRBJ1-6*01,1
1721,CASRWDRFPVNPPVHF,TRBV7-8*03,None,TRBJ1-6*01,1
1722,CASRWDRFPVNPPRHF,TRBV11-3*02,None,TRBJ1-6*01,1
1723,CASRWDRFPVNPPLYF,TRBV7-8*03,None,TRBJ1-6*01,1
1724,CASRWDRFPVNPPLRF,TRBV7-8*03,None,TRBJ1-6*02,1
1725,CASRWDRFPVNPPLRF,TRBV7-8*03,None,TRBJ1-6*01,1
1726,CASRWDRFPVNPPLDF,TRBV7-8*03,None,TRBJ1-6*01,1
1727,CASRWDRFPVNPLLHF,TRBV7-8*03,None,TRBJ1-6*01,1
1728,CASRWDRFPVNLPRHF,TRBV7-8*03,None,TRBJ1-6*01,1
1729,CASRWDRFPVNAPLHF,TRBV7-9*04,None,TRBJ1-6*01,1
1730,CASRWDRFPVNLPLYF,TRBV7-8*03,None,TRBJ1-6*01,1
1731,CASRWDRFPVNLPLHF,TRBV7-3*04,None,TRBJ1-6*01,1
1732,CASRWDRFPVNLPLHF,TRBV11-3*03,None,TRBJ1-6*01,1
1733,CASRWDRFPVNKTLLF,TRBV7-8*03,None,TRBJ1-6*01,1
1734,CASRWDRFPVNEPLHF,TRBV7-8*03,None,TRBJ1-6*02,1
1735,CASRWDRFPVNAPLRF,TRBV7-8*03,None,TRBJ1-4*01,1
1736,CASRWDRFPVNAPLNF,TRBV7-8*03,None,TRBJ1-6*01,1
1737,CASRWDRFPVNAPLNF,TRBV7-3*01,None,TRBJ1-6*01,1
1738,CASRWDRFPVNAPLLF,TRBV7-8*03,None,TRBJ1-6*01,1
1739,CASRWDRFPVISPLRF,TRBV7-8*03,None,TRBJ1-6*01,1
1740,CASRWDRFPVISPLHF,TRBV7-9*04,None,TRBJ1-6*01,1
1741,CASRWDRFPANSPLYF,TRBV7-8*03,None,TRBJ1-6*01,1
1742,CASRWDRFPGTSPLHF,TRBV7-8*03,None,TRBJ1-6*01,1
1743,CASRWDRFPLNSPLQF,TRBV7-8*03,None,TRBJ1-6*01,1
1744,CASRWDRFPLNSPLHF,TRBV7-3*04,None,TRBJ1-6*01,1
1745,CASRWDRFPLNSPLHF,TRBV11-2*03,None,TRBJ1-6*01,1
1746,CASRWDRFPLNSPFHF,TRBV7-3*05,None,TRBJ1-6*01,1
1747,CASRWDRFPLNSHHHF,TRBV7-8*03,None,TRBJ1-6*01,1
1748,CASRWDRFPLNPPLHF,TRBV7-8*03,None,TRBJ1-6*01,1
1749,CASRWDRFPINSPLHF,TRBV7-4*01,None,TRBJ1-4*01,1
1750,CASRWDRFPINSPLHF,TRBV7-1*01,None,TRBJ1-6*01,1
1751,CASRWDRFPINSLHHF,TRBV7-8*03,None,TRBJ1-6*01,1
1752,CASRWDRFPGNSPLRF,TRBV7-8*03,None,TRBJ1-6*01,1
1753,CASRWDRFPLNSPQHF,TRBV11-3*02,None,TRBJ1-6*01,1
1754,CASRWDRFPGNSPLHF,TRBV7-8*03,None,TRBJ1-6*02,1
1755,CASRWDRFPGNSPLHF,TRBV7-3*05,None,TRBJ1-6*01,1
1756,CASRWDRFPGNSPLHF,TRBV11-3*03,None,TRBJ1-6*01,1
1757,CASRWDRFPGNSPHHF,TRBV7-8*03,None,TRBJ1-6*01,1
1758,CASRWDRFPENSPLHF,TRBV7-8*03,None,TRBJ1-6*02,1
1759,CASRWDRFPENSPLHF,TRBV11-3*03,None,TRBJ1-6*01,1
1760,CASRWDRFPENPPLHF,TRBV7-8*03,None,TRBJ1-6*01,1
1761,CASRWDRFPEDSHLHF,TRBV7-8*03,None,TRBJ1-6*01,1
1762,CASRWDRFPANSTLHF,TRBV7-8*03,None,TRBJ1-6*01,1
1763,CASRWDRFPLNSPLYF,TRBV7-8*03,None,TRBJ1-6*01,1
1764,CASRWDRFPVCSPFHF,TRBV7-8*03,None,TRBJ1-6*01,1
1765,CASRWDRFPVISPLHF,TRBV11-3*03,None,TRBJ1-6*01,1
1766,CASRWDRFPVGSPLHF,TRBV7-8*03,None,TRBJ1-6*01,1
1767,CASRWDRFPVISLLHF,TRBV7-8*03,None,TRBJ1-6*01,1
1768,CASRWDRFPVHSTLNF,TRBV7-9*04,None,TRBJ1-6*02,1
1769,CASRWDRFPVHSPLRF,TRBV7-8*03,None,TRBJ1-6*01,1
1770,CASRWDRFPVHSPLQF,TRBV7-8*03,None,TRBJ1-6*01,1
1771,CASRWDRFPVHSPLHF,TRBV9*03,None,TRBJ1-6*01,1
1772,CASRWDRFPVHSPLHF,TRBV5-5*02,None,TRBJ1-6*01,1
1773,CASRWDRFPVHSPLHF,TRBV11-2*03,None,TRBJ1-6*01,1
1774,CASRWDRFPVHSPIHF,TRBV7-8*03,None,TRBJ1-6*01,1
1775,CASRWDRFPVHLPLRF,TRBV7-8*03,None,TRBJ1-6*01,1
1776,CASRWDRFPVESPLHF,TRBV7-8*03,None,TRBJ1-6*01,1
1777,CASRWDRFPVDSHLHF,TRBV7-8*03,None,TRBJ1-6*01,1
1778,CASRWDRFPVESPLHF,TRBV11-3*02,None,TRBJ1-6*01,1
1779,CASRWDRFPVDSTLHF,TRBV7-8*03,None,TRBJ1-6*01,1
1780,CASRWDRFPVDSPLYF,TRBV7-8*03,None,TRBJ1-6*01,1
1781,CASRWDRFPVDSPLHF,TRBV7-9*04,None,TRBJ1-6*01,1
1782,CASRWDRFPVDSPLHF,TRBV7-8*03,None,TRBJ1-4*01,1
1783,CASRWDRFPVDSPLHF,TRBV7-8*02,None,TRBJ1-6*01,1
1784,CASRWDRFPVDSPLHF,TRBV7-8*01,None,TRBJ1-6*01,1
1785,CASRWDRFPVDSPLHF,TRBV7-3*05,None,TRBJ1-6*01,1
1786,CASRWDRFPVDSPHHF,TRBV7-8*03,None,TRBJ1-6*01,1
1787,CYSRWDRFPVNSPLHF,TRBV7-8*03,None,TRBJ1-6*01,1
