,CDR3seq,V-region,D-region,J-region,Frequency
1,CASSGSNTNIQYF,TRBV19*03,None,TRBJ2-4*01,291163
2,CASRWDRFPVNSPLHF,TRBV7-8*03,None,TRBJ1-6*01,1479
3,CVSSGSNTNIQYF,TRBV19*03,None,TRBJ2-4*01,800
4,CASSGSNTSIQYF,TRBV19*03,None,TRBJ2-4*01,530
5,CASRGSNTNIQYF,TRBV19*03,None,TRBJ2-4*01,526
6,CASSGGNTNIQYF,TRBV19*03,None,TRBJ2-4*01,522
7,CASSGSNTNTQYF,TRBV19*03,None,TRBJ2-4*01,482
8,CAGSGSNTNIQYF,TRBV19*03,None,TRBJ2-4*01,439
9,CSALMAGQAFF,TRBV20-1*06,None,TRBJ1-1*01,422
10,CSALMAGQAFF,TRBV20-1*02,None,TRBJ1-1*01,412
11,CASSGSNANIQYF,TRBV19*03,None,TRBJ2-4*01,410
12,CSALMAGQAFF,TRBV20-1*03,None,TRBJ1-1*01,407
13,CASSGRNTNIQYF,TRBV19*03,None,TRBJ2-4*01,404
14,CASSRSNTNIQYF,TRBV19*03,None,TRBJ2-4*01,397
15,CASSGSNTNIRYF,TRBV19*03,None,TRBJ2-4*01,345
16,CASSGNNTNIQYF,TRBV19*03,None,TRBJ2-4*01,325
17,CASSGSSTNIQYF,TRBV19*03,None,TRBJ2-4*01,301
18,CASSGSNTNIQCF,TRBV19*03,None,TRBJ2-4*01,293
19,CASSVSNTNIQYF,TRBV19*03,None,TRBJ2-4*01,286
20,CASSGSDTNIQYF,TRBV19*03,None,TRBJ2-4*01,269
21,CASSGSNTNVQYF,TRBV19*03,None,TRBJ2-4*01,264
22,CASSESNTNIQYF,TRBV19*03,None,TRBJ2-4*01,258
23,CASSWSNTNIQYF,TRBV19*03,None,TRBJ2-4*01,242
24,CTSSGSNTNIQYF,TRBV19*03,None,TRBJ2-4*01,234
25,CASSGSNTDIQYF,TRBV19*03,None,TRBJ2-4*01,225
26,CASSGSNTNIQHF,TRBV19*03,None,TRBJ2-4*01,210
27,CASSGSNINIQYF,TRBV19*03,None,TRBJ2-4*01,207
28,CASSGSNTTIQYF,TRBV19*03,None,TRBJ2-4*01,202
29,CASGGSNTNIQYF,TRBV19*03,None,TRBJ2-4*01,202
30,CANSGSNTNIQYF,TRBV19*03,None,TRBJ2-4*01,172
31,CASSGSNTNIHYF,TRBV19*03,None,TRBJ2-4*01,170
32,CASNGSNTNIQYF,TRBV19*03,None,TRBJ2-4*01,167
33,CARSGSNTNIQYF,TRBV19*03,None,TRBJ2-4*01,165
34,CSSSGSNTNIQYF,TRBV19*03,None,TRBJ2-4*01,162
35,CASSGSNTNMQYF,TRBV19*03,None,TRBJ2-4*01,162
36,CASSGSNTNIKYF,TRBV19*03,None,TRBJ2-4*01,156
37,CASIGSNTNIQYF,TRBV19*03,None,TRBJ2-4*01,149
38,CASSASNTNIQYF,TRBV19*03,None,TRBJ2-4*01,147
39,CASSGSNTKIQYF,TRBV19*03,None,TRBJ2-4*01,139
40,CASSGSNTNLQYF,TRBV19*03,None,TRBJ2-4*01,137
41,CASSGSKTNIQYF,TRBV19*03,None,TRBJ2-4*01,126
42,CASSGSNTIIQYF,TRBV19*03,None,TRBJ2-4*01,106
43,CASSGSNTNSQYF,TRBV19*03,None,TRBJ2-4*01,105
44,CPSSGSNTNIQYF,TRBV19*03,None,TRBJ2-4*01,103
45,CASSGSNTNILYF,TRBV19*03,None,TRBJ2-4*01,101
46,CASSGINTNIQYF,TRBV19*03,None,TRBJ2-4*01,98
47,CASSGCNTNIQYF,TRBV19*03,None,TRBJ2-4*01,92
48,CDSSGSNTNIQYF,TRBV19*03,None,TRBJ2-4*01,90
49,CASSGSNTNNQYF,TRBV19*03,None,TRBJ2-4*01,88
50,CASSGMEGQGALYGYTF,TRBV28*01,TRBD1*01,TRBJ1-2*01,84
51,CASSGSNSNIQYF,TRBV19*03,None,TRBJ2-4*01,79
52,CGSSGSNTNIQYF,TRBV19*03,None,TRBJ2-4*01,72
53,CASSGSNPNIQYF,TRBV19*03,None,TRBJ2-4*01,65
54,CASTGSNTNIQYF,TRBV19*03,None,TRBJ2-4*01,63
55,CASSGSNTNIQNF,TRBV19*03,None,TRBJ2-4*01,63
56,CACSGSNTNIQYF,TRBV19*03,None,TRBJ2-4*01,62
57,CASSGSNKNIQYF,TRBV19*03,None,TRBJ2-4*01,60
58,CASSGSITNIQYF,TRBV19*03,None,TRBJ2-4*01,58
59,CASSGSNTYIQYF,TRBV19*03,None,TRBJ2-4*01,56
60,CASNGRNTNIQYF,TRBV19*03,None,TRBJ2-4*01,56
61,CASSGSNTNFQYF,TRBV19*03,None,TRBJ2-4*01,56
62,CASSGSNTNIPYF,TRBV19*03,None,TRBJ2-4*01,55
63,CASSGTNTNIQYF,TRBV19*03,None,TRBJ2-4*01,54
64,CASSGSNTNIEYF,TRBV19*03,None,TRBJ2-4*01,52
65,CASSGSNRNIQYF,TRBV19*03,None,TRBJ2-4*01,48
66,CASSGSNTNIQFF,TRBV19*03,None,TRBJ2-4*01,48
67,CATSGSNTNIQYF,TRBV19*03,TRBD2*02,TRBJ2-4*01,42
68,CSVPSGGVSGANVLTF,TRBV29-1*02,None,TRBJ2-6*01,41
69,CASSGSNTNIQSF,TRBV19*03,None,TRBJ2-4*01,39
70,CASSGSNTHIQYF,TRBV19*03,None,TRBJ2-4*01,38
71,CASCGSNTNIQYF,TRBV19*03,None,TRBJ2-4*01,37
72,CASSGSTTNIQYF,TRBV19*03,None,TRBJ2-4*01,37
73,CASSGSYTNIQYF,TRBV19*03,None,TRBJ2-4*01,34
74,CAISGSNTNIQYF,TRBV19*03,None,TRBJ2-4*01,34
75,CASSPSGRGSNEQFF,TRBV11-3*03,None,TRBJ2-1*01,22
76,CASSGSNTNIQYF,TRBV19*01,None,TRBJ2-4*01,22
77,CSAVAGFSYEQYF,TRBV20-1*06,None,TRBJ2-7*01,21
78,CASSPSGRGSNEQFF,TRBV7-9*04,None,TRBJ2-1*01,20
79,CASSGSNTNIQYF,TRBV19*02,None,TRBJ2-4*01,20
80,CASSGSHTNIQYF,TRBV19*03,None,TRBJ2-4*01,19
81,CSAVAGFSYEQYF,TRBV20-1*03,None,TRBJ2-7*01,19
82,CASSGSNTNIQDF,TRBV19*03,None,TRBJ2-4*01,18
83,CSVETGSTDTQYF,TRBV29-1*02,None,TRBJ2-3*01,18
84,CASSLAVTSVTYEQYF,TRBV5-1*01,None,TRBJ2-7*01,16
85,CSAVAGFSYEQYF,TRBV20-1*02,None,TRBJ2-7*01,15
86,CASSGSNTNIQYF,TRBV19*03,None,TRBJ1-6*02,14
87,CASSGSNTNIQYF,TRBV19*03,None,TRBJ1-5*01,14
88,CASSLENRGYTF,TRBV7-9*04,None,TRBJ1-2*01,13
89,CASSFSVGPTYEQYF,TRBV14*02,None,TRBJ2-7*01,11
90,CASSCSNTNIQYF,TRBV19*03,None,TRBJ2-4*01,10
91,CASSLENRGYTF,TRBV11-3*03,None,TRBJ1-2*01,10
92,CSVWWVRPQETQYF,TRBV29-1*02,None,TRBJ2-5*01,9
93,CASSKSNTNIQYF,TRBV19*03,None,TRBJ2-4*01,8
94,CSSIGSNTNIQYF,TRBV19*03,None,TRBJ2-4*01,8
95,CASSGSNTNIQYF,TRBV5-7*01,None,TRBJ2-4*01,8
96,CASSYTGQGSYEQYF,TRBV6-6*03,None,TRBJ2-7*01,8
97,CASSEEHSPLHF,TRBV2*03,None,TRBJ1-6*01,7
98,CASSVTSYQETQYF,TRBV6-6*03,None,TRBJ2-5*01,7
99,CASSGSNTNIQYF,TRBV5-6*01,None,TRBJ2-4*01,7
100,CASSLPGTRYEQFF,TRBV5-1*02,None,TRBJ2-1*01,7
101,CASRRDRFPVNSPLHF,TRBV7-8*03,None,TRBJ1-6*01,7
102,CASRWDRFPVNSPLHF,TRBV7-8*02,None,TRBJ1-6*01,7
103,CASSVINTNIQYF,TRBV19*03,None,TRBJ2-4*01,6
104,CASRWGRFPVNSPLHF,TRBV7-8*03,None,TRBJ1-6*01,6
105,CAGRWDRFPVNSPLHF,TRBV7-8*03,None,TRBJ1-6*01,6
106,CASSGSNTNIQYF,TRBV19*03,None,TRBJ1-4*01,6
107,CASRWDRFPVNSPLHF,TRBV7-3*04,None,TRBJ1-6*01,6
108,CASSPKRETQYF,TRBV18*01,None,TRBJ2-5*01,6
109,CASSGSNTNLHYF,TRBV19*03,None,TRBJ2-4*01,6
110,CARRGSNTNIQYF,TRBV19*03,None,TRBJ2-4*01,5
111,CASRWDRFPVNSPLHF,TRBV7-8*01,None,TRBJ1-6*01,5
112,CSAQHRSGDHNEQFF,TRBV20-1*03,None,TRBJ2-1*01,5
113,CVSSGSNTNMQYF,TRBV19*03,None,TRBJ2-4*01,5
114,CSSSGRNTNIQYF,TRBV19*03,None,TRBJ2-4*01,5
115,CASSGRNTNIHYF,TRBV19*03,None,TRBJ2-4*01,5
116,CASSGSKTTIQYF,TRBV19*03,None,TRBJ2-4*01,5
117,CASRWDRSPVNSPLHF,TRBV7-8*03,None,TRBJ1-6*01,5
118,CASSGSNTTIHYF,TRBV19*03,None,TRBJ2-4*01,5
119,CASRWDRFPVNSPLRF,TRBV7-8*03,None,TRBJ1-6*01,5
120,CASSGSNTNKQYF,TRBV19*03,None,TRBJ2-4*01,5
121,CASSGSNPTIQYF,TRBV19*03,None,TRBJ2-4*01,5
122,CASRGRNTNIQYF,TRBV19*03,None,TRBJ2-4*01,5
123,CASRWDRFPVNSPLHF,TRBV7-8*03,None,TRBJ1-1*01,4
124,CACRWDRFPVNSPLHF,TRBV7-8*03,None,TRBJ1-6*01,4
125,CASSGRNTTIQYF,TRBV19*03,None,TRBJ2-4*01,4
126,CASRWDRFPVNSPLHF,TRBV7-8*03,None,TRBJ1-6*02,4
127,CASSSSNTNIQYF,TRBV19*03,None,TRBJ2-4*01,4
128,CASIGRNTNIQYF,TRBV19*03,None,TRBJ2-4*01,4
129,CASSLTRGETQYF,TRBV11-2*03,None,TRBJ2-5*01,4
130,CASSGRNPNIQYF,TRBV19*03,None,TRBJ2-4*01,4
131,CASSLAVTSVTYEQYF,TRBV5-1*01,None,TRBJ2-5*01,4
132,CASSWSNTTIQYF,TRBV19*03,None,TRBJ2-4*01,4
133,CSSSGSNTNNQYF,TRBV19*03,None,TRBJ2-4*01,4
134,CASSARNTNIQYF,TRBV19*03,None,TRBJ2-4*01,4
135,CASRWDRVPVNSPLHF,TRBV7-8*03,None,TRBJ1-6*01,4
136,CASSGRNTNVQYF,TRBV19*03,None,TRBJ2-4*01,4
137,CASSGRNTNMQYF,TRBV19*03,None,TRBJ2-4*01,4
138,CASSGSNTNIQYF,TRBV19*03,None,TRBJ2-1*01,4
139,CASRGSNTTIQYF,TRBV19*03,None,TRBJ2-4*01,4
140,CASSGSNTNLLYF,TRBV19*03,None,TRBJ2-4*01,4
141,CSAGTGTSSLIYEQYF,TRBV20-1*03,None,TRBJ2-7*01,4
142,CARSGSNTNMQYF,TRBV19*03,None,TRBJ2-4*01,4
143,CASRWDCFPVNSPLHF,TRBV7-8*03,None,TRBJ1-6*01,4
144,CASSGRNTNLQYF,TRBV19*03,None,TRBJ2-4*01,4
145,CASRGSNTNIHYF,TRBV19*03,None,TRBJ2-4*01,4
146,CARSGSNTTIQYF,TRBV19*03,None,TRBJ2-4*01,4
147,CASIGSNTNIHYF,TRBV19*03,None,TRBJ2-4*01,3
148,CASSVSNTNIHYF,TRBV19*03,None,TRBJ2-4*01,3
149,CASSGSKTKIQYF,TRBV19*03,None,TRBJ2-4*01,3
150,CASRVSNTNIQYF,TRBV19*03,None,TRBJ2-4*01,3
151,CASSASNTNMQYF,TRBV19*03,None,TRBJ2-4*01,3
152,CASSLTRGETQYF,TRBV11-3*02,None,TRBJ2-5*01,3
153,CASRWDRIPVNSPLHF,TRBV7-8*03,None,TRBJ1-6*01,3
154,CSALMAGQAFF,TRBV20-1*01,None,TRBJ1-1*01,3
155,CASRWDRFPVNSPLHF,TRBV7-3*05,None,TRBJ1-6*01,3
156,CASSASNTNILYF,TRBV19*03,None,TRBJ2-4*01,3
157,CGSSVSNTNIQYF,TRBV19*03,None,TRBJ2-4*01,3
158,CPSSGRNTNIQYF,TRBV19*03,None,TRBJ2-4*01,3
159,CSAGTGTSSLIYEQYF,TRBV20-1*06,None,TRBJ2-7*01,3
160,CSAGTGTSSLIYEQYF,TRBV20-1*02,None,TRBJ2-7*01,3
161,CASSGSDTDIQYF,TRBV19*03,None,TRBJ2-4*01,3
162,CASRWDRFPVNSPLHF,TRBV11-3*02,None,TRBJ1-6*01,3
163,CASSVTSYQETQYF,TRBV6-6*05,None,TRBJ2-5*01,3
164,CASIASNTNIQYF,TRBV19*03,None,TRBJ2-4*01,3
165,CASRVLGAETQYF,TRBV28*01,None,TRBJ2-5*01,3
166,CASSANNTNIQYF,TRBV19*03,None,TRBJ2-4*01,3
167,CASSGSNTDMQYF,TRBV19*03,None,TRBJ2-4*01,3
168,CPRSGSNTNIQYF,TRBV19*03,None,TRBJ2-4*01,3
169,CASSGRNTNIQYF,TRBV19*01,None,TRBJ2-4*01,3
170,CASSRSNKNIQYF,TRBV19*03,None,TRBJ2-4*01,3
171,CSAQHRSGDHNEQFF,TRBV20-1*06,None,TRBJ2-1*01,3
172,CASRGGNTNIQYF,TRBV19*03,None,TRBJ2-4*01,3
173,CASRGSNTNIQCF,TRBV19*03,None,TRBJ2-4*01,3
174,CASSWSNTNLQYF,TRBV19*03,None,TRBJ2-4*01,3
175,CASSVRNTNIQYF,TRBV19*03,None,TRBJ2-4*01,3
176,CASSQSNTNIQYF,TRBV19*03,None,TRBJ2-4*01,3
177,CASSGSGTNIQYF,TRBV19*03,None,TRBJ2-4*01,3
178,CASRGSNTNMQYF,TRBV19*03,None,TRBJ2-4*01,3
179,CSAWWVRPQETQYF,TRBV29-1*03,None,TRBJ2-5*01,3
180,CASRGSNTNTQYF,TRBV19*03,None,TRBJ2-4*01,3
181,CPSSWSNTNIQYF,TRBV19*03,None,TRBJ2-4*01,3
182,CASNASNTNIQYF,TRBV19*03,None,TRBJ2-4*01,3
183,CSALMAGQASF,TRBV20-1*06,None,TRBJ1-1*01,3
184,CSALMAGQASF,TRBV20-1*02,None,TRBJ1-1*01,3
185,CASSVSNTNMQYF,TRBV19*03,None,TRBJ2-4*01,3
186,CPSRGSNTNIQYF,TRBV19*03,None,TRBJ2-4*01,3
187,CASRWDRFPVNSPLHF,TRBV11-3*03,None,TRBJ1-6*01,3
188,CASGWDRFPVNSPLHF,TRBV7-8*03,None,TRBJ1-6*01,3
189,CASSGRNTNTQYF,TRBV19*03,None,TRBJ2-4*01,3
190,CASIGSNTNVQYF,TRBV19*03,None,TRBJ2-4*01,3
191,CARSGSNPNIQYF,TRBV19*03,None,TRBJ2-4*01,3
192,CASSWSNTKIQYF,TRBV19*03,None,TRBJ2-4*01,3
193,CASSWINTNIQYF,TRBV19*03,None,TRBJ2-4*01,3
194,CASSGSNTSSQYF,TRBV19*03,None,TRBJ2-4*01,3
195,CASSGGNTNMQYF,TRBV19*03,None,TRBJ2-4*01,3
196,CASSGSNTKVQYF,TRBV19*03,None,TRBJ2-4*01,3
197,CASSGSNTNIHCF,TRBV19*03,None,TRBJ2-4*01,3
198,CASSWGNTNIQYF,TRBV19*03,None,TRBJ2-4*01,3
199,CASGGSNTNVQYF,TRBV19*02,None,TRBJ2-4*01,3
200,CASSWSNTNIHYF,TRBV19*03,None,TRBJ2-4*01,3
201,CVSSGSNTDIQYF,TRBV19*03,None,TRBJ2-4*01,3
202,CASSGGNTNTQYF,TRBV19*03,None,TRBJ2-4*01,3
203,CVSSGGNTNIQYF,TRBV19*03,None,TRBJ2-4*01,3
204,CARSGSNTIIQYF,TRBV19*03,None,TRBJ2-4*01,3
205,CSVEDRQAKRYNEQFF,TRBV29-1*01,None,TRBJ2-1*01,3
206,CARIGSNTNIQYF,TRBV19*03,None,TRBJ2-4*01,3
207,CASSGSNTKLQYF,TRBV19*03,None,TRBJ2-4*01,3
208,CASSWCNTNIQYF,TRBV19*03,None,TRBJ2-4*01,3
209,CASSGSNTTLQYF,TRBV19*03,None,TRBJ2-4*01,3
210,CSSSVSNTNIQYF,TRBV19*03,None,TRBJ2-4*01,3
211,CTSSGSNTNIHYF,TRBV19*03,None,TRBJ2-4*01,3
212,CASSWSNTNTQYF,TRBV19*03,None,TRBJ2-4*01,3
213,CSSSGSNTNTQYF,TRBV19*03,None,TRBJ2-4*01,3
214,CASRWDRFPVNSPHHF,TRBV7-8*03,None,TRBJ1-6*01,2
215,CASTGSNTNMQYF,TRBV19*03,None,TRBJ2-4*01,2
216,CASSRSNTNMQYF,TRBV19*03,None,TRBJ2-4*01,2
217,CASSGNNTNMQYF,TRBV19*03,None,TRBJ2-4*01,2
218,CASSGSNTNMQDF,TRBV19*03,None,TRBJ2-4*01,2
219,CASSGSNTNNHYF,TRBV19*03,None,TRBJ2-4*01,2
220,CASRWDRFPVNSPLHF,TRBV11-2*02,None,TRBJ1-6*01,2
221,CASRWDRFPVNSPLHF,TRBV11-3*01,None,TRBJ1-6*01,2
222,CTSSGSKTNIQYF,TRBV19*03,None,TRBJ2-4*01,2
223,CASRWDRFPVNSHLHF,TRBV7-8*03,None,TRBJ1-6*01,2
224,CPSIGSNTNIQYF,TRBV19*03,None,TRBJ2-4*01,2
225,CASRWDRFPVNSPLHF,TRBV7-2*02,None,TRBJ1-6*01,2
226,CTSSGSNTNILYF,TRBV19*03,None,TRBJ2-4*01,2
227,CASSGINTNVQYF,TRBV19*03,None,TRBJ2-4*01,2
228,CTSSGSNTNSQYF,TRBV19*03,None,TRBJ2-4*01,2
229,CASSGINTNIQYF,TRBV19*01,None,TRBJ2-4*01,2
230,CASRWDRFPLNSPLHF,TRBV7-8*03,None,TRBJ1-6*01,2
231,CARRWDRFPVNSPLHF,TRBV7-8*03,None,TRBJ1-6*01,2
232,CASRWDRFPVNPPLHF,TRBV7-8*03,None,TRBJ1-6*01,2
233,CARSGSNKNIQYF,TRBV19*03,None,TRBJ2-4*01,2
234,CASSGRKTNIQYF,TRBV19*03,None,TRBJ2-4*01,2
235,CASRRSNTNIQYF,TRBV19*03,None,TRBJ2-4*01,2
236,CASSGSNKSIQYF,TRBV19*03,None,TRBJ2-4*01,2
237,CASSGSNTNIQYF,TRBV7-9*04,None,TRBJ2-4*01,2
238,CASSGSNTNIQYF,TRBV9*01,None,TRBJ2-4*01,2
239,CSSSASNTNIQYF,TRBV19*03,None,TRBJ2-4*01,2
240,CASSGSKRNIQYF,TRBV19*03,None,TRBJ2-4*01,2
241,CASSGSNKNTQYF,TRBV19*03,None,TRBJ2-4*01,2
242,CASRWDGFPVNSPLHF,TRBV7-8*03,None,TRBJ1-6*01,2
243,CASRWDHFPVNSPLHF,TRBV7-8*03,None,TRBJ1-6*01,2
244,CASSVSNTNLQYF,TRBV19*03,None,TRBJ2-4*01,2
245,CARSESNTNIQYF,TRBV19*03,None,TRBJ2-4*01,2
246,CSALMAGHAFF,TRBV20-1*06,None,TRBJ1-1*01,2
247,CASSGINTNIQDF,TRBV19*03,None,TRBJ2-4*01,2
248,CSALMADQAFF,TRBV20-1*06,None,TRBJ1-1*01,2
249,CASSASNTTIQYF,TRBV19*03,None,TRBJ2-4*01,2
250,CASSGSNKKIQYF,TRBV19*03,None,TRBJ2-4*01,2
251,CASSWSNTNIKYF,TRBV19*03,None,TRBJ2-4*01,2
252,CTSSGSNTTIQYF,TRBV19*03,None,TRBJ2-4*01,2
253,CASSGCNTKIQYF,TRBV19*03,None,TRBJ2-4*01,2
254,CASRWDRFPVDSPLHF,TRBV7-8*03,None,TRBJ1-6*01,2
255,CSALIAGQAFF,TRBV20-1*02,None,TRBJ1-1*01,2
256,CTSSGSNTSIQYF,TRBV19*03,None,TRBJ2-4*01,2
257,CASSGGNTNIQCF,TRBV19*03,None,TRBJ2-4*01,2
258,CASTGSNTKIQYF,TRBV19*03,None,TRBJ2-4*01,2
259,CASSGSDINIQYF,TRBV19*03,None,TRBJ2-4*01,2
260,CAGSRSNTNIQYF,TRBV19*03,None,TRBJ2-4*01,2
261,CPSSGSNTNMQYF,TRBV19*03,None,TRBJ2-4*01,2
262,CASSGSKTNTQYF,TRBV19*03,None,TRBJ2-4*01,2
263,CASTGRNTNIQYF,TRBV19*03,None,TRBJ2-4*01,2
264,CASSGRSTNIQYF,TRBV19*03,None,TRBJ2-4*01,2
265,CPSSGSNTNIQYF,TRBV19*02,None,TRBJ2-4*01,2
266,CASSAGNTNIQYF,TRBV19*03,None,TRBJ2-4*01,2
267,CPSSGSNTNIPYF,TRBV19*03,None,TRBJ2-4*01,2
268,CASSGRTTNIQYF,TRBV19*03,None,TRBJ2-4*01,2
269,CASSVSNTNIKYF,TRBV19*03,None,TRBJ2-4*01,2
270,CVSSGNNTNIQYF,TRBV19*03,None,TRBJ2-4*01,2
271,CDSSGSNTNTQYF,TRBV19*03,None,TRBJ2-4*01,2
272,CASSESNTNVQYF,TRBV19*03,None,TRBJ2-4*01,2
273,CASSGSDSNIQYF,TRBV19*03,None,TRBJ2-4*01,2
274,CASSVCNTNIQYF,TRBV19*03,None,TRBJ2-4*01,2
275,CASTASNTNIQYF,TRBV19*03,None,TRBJ2-4*01,2
276,CVSSGRNTNIQYF,TRBV19*03,None,TRBJ2-4*01,2
277,CAISGSNPNIQYF,TRBV19*03,None,TRBJ2-4*01,2
278,CAISGSNINIQYF,TRBV19*03,None,TRBJ2-4*01,2
279,CASSASNTNFQYF,TRBV19*03,None,TRBJ2-4*01,2
280,CASSGMEGQGALHGYTF,TRBV28*01,TRBD1*01,TRBJ1-2*01,2
281,CVSSGSNINIQYF,TRBV19*03,None,TRBJ2-4*01,2
282,CASSGSNTNTHYF,TRBV19*03,None,TRBJ2-4*01,2
283,CDSSWSNTNIQYF,TRBV19*03,None,TRBJ2-4*01,2
284,CASRWERFPVNSPLHF,TRBV7-8*03,None,TRBJ1-6*01,2
285,CASSGSNTNSRYF,TRBV19*03,None,TRBJ2-4*01,2
286,CASRWDRFPVNSPLNF,TRBV7-8*03,None,TRBJ1-6*01,2
287,CASSGSNTNRQYF,TRBV19*03,None,TRBJ2-4*01,2
288,CASSRSNTNVQYF,TRBV19*03,None,TRBJ2-4*01,2
289,CASSASNTNVQYF,TRBV19*03,None,TRBJ2-4*01,2
290,CSALMAGQAFF,TRBV20-1*07,None,TRBJ1-1*01,2
291,CASSGANTNIQYF,TRBV19*03,None,TRBJ2-4*01,2
292,CPSSVSNTNIQYF,TRBV19*03,None,TRBJ2-4*01,2
293,CASSGSNTNSKYF,TRBV19*03,None,TRBJ2-4*01,2
294,CASRWDRFPVSSPLHF,TRBV7-8*03,None,TRBJ1-6*01,2
295,CPSSRSNTNIQYF,TRBV19*03,None,TRBJ2-4*01,2
296,CASRWDRFRVNSPLHF,TRBV7-8*03,None,TRBJ1-6*01,2
297,CPSSGTNTNIQYF,TRBV19*03,None,TRBJ2-4*01,2
298,CASSGKNTNIQYF,TRBV19*03,None,TRBJ2-4*01,2
299,CASSWSNTNIQNF,TRBV19*03,None,TRBJ2-4*01,2
300,CASRWDRLPVNSPLHF,TRBV7-8*03,None,TRBJ1-6*01,2
301,CVSSGSNTKIQYF,TRBV19*03,None,TRBJ2-4*01,2
302,CVSNGSNTNIQYF,TRBV19*03,None,TRBJ2-4*01,2
303,CASSGSNANIHYF,TRBV19*03,None,TRBJ2-4*01,2
304,CASSGNNTNIKYF,TRBV19*03,None,TRBJ2-4*01,2
305,CASSGSNVNIQYF,TRBV19*03,None,TRBJ2-4*01,2
306,CASSGSKTDIQYF,TRBV19*03,None,TRBJ2-4*01,2
307,CASSWSNTNILYF,TRBV19*03,None,TRBJ2-4*01,2
308,CASSGSNTNIQYF,TRBV19*03,None,TRBJ2-7*01,2
309,CASSRSNTNIQFF,TRBV19*03,None,TRBJ2-4*01,2
310,CASSGSNTTIQCF,TRBV19*03,None,TRBJ2-4*01,2
311,CASSGSNTDLQYF,TRBV19*03,None,TRBJ2-4*01,2
312,CASSEEHSPLHF,TRBV2*02,None,TRBJ1-6*01,2
313,CASIVSNTNIQYF,TRBV19*03,None,TRBJ2-4*01,2
314,CASSGSNTNHQYF,TRBV19*03,None,TRBJ2-4*01,2
315,CASSGSNTNIAYF,TRBV19*03,None,TRBJ2-4*01,2
316,CASIWSNTNIQYF,TRBV19*03,None,TRBJ2-4*01,2
317,CSSSGSNTNMQYF,TRBV19*03,None,TRBJ2-4*01,2
318,CASSGGNTSIQYF,TRBV19*03,None,TRBJ2-4*01,2
319,CASSGRNTNIKYF,TRBV19*03,None,TRBJ2-4*01,2
320,CASSVSTTNIQYF,TRBV19*03,None,TRBJ2-4*01,2
321,CASSPSNTNIQYF,TRBV19*03,None,TRBJ2-4*01,2
322,CASSGSNTNIHFF,TRBV19*03,None,TRBJ2-4*01,2
323,CASSWRNTNIQYF,TRBV19*03,None,TRBJ2-4*01,2
324,CASNGSNTDIQYF,TRBV19*03,None,TRBJ2-4*01,2
325,CASSGTNTNTQYF,TRBV19*03,None,TRBJ2-4*01,2
326,CASSGRNTNIQCF,TRBV19*03,None,TRBJ2-4*01,2
327,CASNGSNTNIQFF,TRBV19*03,None,TRBJ2-4*01,2
328,CASSESNTNIHYF,TRBV19*03,None,TRBJ2-4*01,2
329,CDNSGSNTNIQYF,TRBV19*03,None,TRBJ2-4*01,2
330,CASSRGNTNIQYF,TRBV19*03,None,TRBJ2-4*01,2
331,CSASSRGGSQETQYF,TRBV20-1*04,None,TRBJ2-5*01,2
332,CASSGGNTNVQYF,TRBV19*03,None,TRBJ2-4*01,2
333,CASSGRNTNFQYF,TRBV19*03,None,TRBJ2-4*01,2
334,CASSRINTNIQYF,TRBV19*03,None,TRBJ2-4*01,2
335,CASSEINTNIQYF,TRBV19*03,None,TRBJ2-4*01,2
336,CVSSWSNTNIQYF,TRBV19*03,None,TRBJ2-4*01,2
337,CASSGGNTNIQFF,TRBV19*03,None,TRBJ2-4*01,2
338,CASICSNTNIQYF,TRBV19*03,None,TRBJ2-4*01,2
339,CSSSGCNTNIQYF,TRBV19*03,None,TRBJ2-4*01,2
340,CASSLPGTRYEQFF,TRBV5-1*01,None,TRBJ2-1*01,2
341,CASIGCNTNIQYF,TRBV19*03,None,TRBJ2-4*01,2
342,CASSGRNTKIQYF,TRBV19*03,None,TRBJ2-4*01,2
343,CASSGSHTNSQYF,TRBV19*03,None,TRBJ2-4*01,2
344,CASSLSNTNIQYF,TRBV19*03,None,TRBJ2-4*01,2
345,CASSGGNTKIQYF,TRBV19*03,None,TRBJ2-4*01,2
346,CASSVSNTDIQYF,TRBV19*03,None,TRBJ2-4*01,2
347,CASIGSDTNIQYF,TRBV19*03,None,TRBJ2-4*01,2
348,CASSGSNTHLQYF,TRBV19*03,None,TRBJ2-4*01,2
349,CASSGGNTDIQYF,TRBV19*03,None,TRBJ2-4*01,2
350,CASIGSNTNFQYF,TRBV19*03,None,TRBJ2-4*01,2
351,CASIGSNTNIKYF,TRBV19*03,None,TRBJ2-4*01,2
352,CASSGSNTNDQYF,TRBV19*03,None,TRBJ2-4*01,2
353,CASSGSNTGIQYF,TRBV19*03,None,TRBJ2-4*01,2
354,CASSGSNTNFKYF,TRBV19*03,None,TRBJ2-4*01,2
355,CVSSVSNTNIQYF,TRBV19*03,None,TRBJ2-4*01,2
356,CSRSGSNTNIQYF,TRBV19*03,None,TRBJ2-4*01,2
357,CASRLDRFPVNSPLHF,TRBV7-8*03,None,TRBJ1-6*01,2
358,CASRASNTNIQYF,TRBV19*03,None,TRBJ2-4*01,2
359,CSASSRGGSQETQYF,TRBV20-1*02,None,TRBJ2-5*01,2
360,CARSGSNTKIQYF,TRBV19*03,None,TRBJ2-4*01,2
361,CASRGSNTNIKYF,TRBV19*03,None,TRBJ2-4*01,2
362,CARSGSNTNVQYF,TRBV19*03,None,TRBJ2-4*01,2
363,CASSGSKANIQYF,TRBV19*03,None,TRBJ2-4*01,2
364,CSVEVGRVNEQFF,TRBV29-1*02,None,TRBJ2-1*01,2
365,CASRGSNTNIQHF,TRBV19*03,None,TRBJ2-4*01,2
366,CARSGSNTNLQYF,TRBV19*03,None,TRBJ2-4*01,2
367,CDSRGSNTNIQYF,TRBV19*03,None,TRBJ2-4*01,2
368,CDSRWDRFPVNSPLHF,TRBV7-8*03,None,TRBJ1-6*01,2
369,CASSGSETNIQYF,TRBV19*03,None,TRBJ2-4*01,2
370,CASSGSNTNIQYF,TRBV19*03,None,TRBJ2-6*01,2
371,CASSVSNTNSQYF,TRBV19*03,None,TRBJ2-4*01,2
372,CASSGRNTNIQSF,TRBV19*03,None,TRBJ2-4*01,2
373,CASRGSNTNSQYF,TRBV19*03,None,TRBJ2-4*01,2
374,CASSGCNTNLQYF,TRBV19*03,None,TRBJ2-4*01,2
375,CASRGSNTNVQYF,TRBV19*03,None,TRBJ2-4*01,2
376,CSVPSGGVSGAKVLTF,TRBV29-1*02,None,TRBJ2-6*01,2
377,CPSSGGNTNIQYF,TRBV19*03,None,TRBJ2-4*01,2
378,CSALMAGQASF,TRBV20-1*03,None,TRBJ1-1*01,2
379,CARSGSNTDIQYF,TRBV19*03,None,TRBJ2-4*01,2
380,CASSVNNTNIQYF,TRBV19*03,None,TRBJ2-4*01,2
381,CSALMAGQALF,TRBV20-1*03,None,TRBJ1-1*01,2
382,CASSVSNTNIEYF,TRBV19*03,None,TRBJ2-4*01,2
383,CASSVSNTNTQYF,TRBV19*03,None,TRBJ2-4*01,2
384,CASRGSNTKIQYF,TRBV19*03,None,TRBJ2-4*01,2
385,CSALMSGQAFF,TRBV20-1*02,None,TRBJ1-1*01,2
386,CATRGSNTNIQYF,TRBV19*03,None,TRBJ2-4*01,2
387,CASSRNNTNIQYF,TRBV19*03,None,TRBJ2-4*01,2
388,CASSRRNTNIQYF,TRBV19*03,None,TRBJ2-4*01,2
389,CSASMAGQAFF,TRBV20-1*06,None,TRBJ1-1*01,2
390,CASSGTNTNIHYF,TRBV19*03,None,TRBJ2-4*01,2
391,CASSGSNTNINYF,TRBV19*03,None,TRBJ2-4*01,2
392,CASSGSNRNIQSF,TRBV19*03,None,TRBJ2-4*01,2
393,CGSSGRNTNIQYF,TRBV19*03,None,TRBJ2-4*01,2
394,CARTGSNTNIQYF,TRBV19*03,None,TRBJ2-4*01,2
395,CSAQHRSGDHNEQFF,TRBV20-1*02,None,TRBJ2-1*01,2
396,CARSGSNTYIQYF,TRBV19*03,None,TRBJ2-4*01,2
397,CPSSGNNTNIQYF,TRBV19*03,None,TRBJ2-4*01,2
398,CARSWSNTNIQYF,TRBV19*03,None,TRBJ2-4*01,2
399,CSALVAGQAFF,TRBV20-1*03,None,TRBJ1-1*01,2
400,CARSRSNTNIQYF,TRBV19*03,None,TRBJ2-4*01,2
401,CSALMVGQAFF,TRBV20-1*06,None,TRBJ1-1*01,2
402,CASSVSNTNVQYF,TRBV19*03,None,TRBJ2-4*01,2
403,CASRGSNKNIQYF,TRBV19*03,None,TRBJ2-4*01,2
404,CASRGSNPNIQYF,TRBV19*03,None,TRBJ2-4*01,2
405,CASSGSNPNVQYF,TRBV19*03,None,TRBJ2-4*01,2
406,CASSVSNTISQYF,TRBV19*03,None,TRBJ2-4*01,1
407,CASSWSNTNIQHF,TRBV19*03,None,TRBJ2-4*01,1
408,CASSWSNTNIQYF,TRBV19*02,None,TRBJ2-4*01,1
409,CASSWSNTNIQYF,TRBV19*03,None,TRBJ1-4*01,1
410,CASSWSNTNIQYF,TRBV19*03,None,TRBJ1-5*01,1
411,CASSVSNTKIQYF,TRBV19*03,None,TRBJ2-4*01,1
412,CASSWSNTIIQYF,TRBV19*03,None,TRBJ2-4*01,1
413,CASSWSNTNIQCF,TRBV19*03,None,TRBJ2-4*01,1
414,CASSWSNTNINYF,TRBV19*03,None,TRBJ2-4*01,1
415,CASSWCNTNIQHF,TRBV19*03,None,TRBJ1-6*02,1
416,CASSVTSYQETQYF,TRBV6-6*04,None,TRBJ2-5*01,1
417,CASSWDRFPVNSPLHF,TRBV7-8*03,None,TRBJ1-6*01,1
418,CASSVTSYQETQYF,TRBV6-6*03,None,TRBJ2-1*01,1
419,CASSVTNTNIQYF,TRBV19*03,None,TRBJ2-4*01,1
420,CASSVSNTHLQYF,TRBV19*03,None,TRBJ2-4*01,1
421,CASSVTNTDIQYF,TRBV19*03,None,TRBJ2-4*01,1
422,CASSWHNTITKYF,TRBV19*03,None,TRBJ2-4*01,1
423,CASSVSTTKIQYF,TRBV19*03,None,TRBJ2-4*01,1
424,CASSVSNTYIQYF,TRBV19*03,None,TRBJ2-4*01,1
425,CASSWNNTNIQYF,TRBV19*03,None,TRBJ2-4*01,1
426,CASSVSNTTLKYF,TRBV19*03,None,TRBJ2-4*01,1
427,CASSWRNTNTQYF,TRBV19*03,None,TRBJ2-4*01,1
428,CASSVSNTTIQYF,TRBV19*03,None,TRBJ2-4*01,1
429,CASSWRNTTIQYF,TRBV19*03,None,TRBJ2-4*01,1
430,CASSWSHTNIQYF,TRBV19*03,None,TRBJ2-4*01,1
431,CASSWSNANIQYF,TRBV19*03,None,TRBJ2-4*01,1
432,CASSWSNKDIQYF,TRBV19*03,None,TRBJ2-4*01,1
433,CASSVSNTNNHYF,TRBV19*03,None,TRBJ2-4*01,1
434,CASSWSNKNIQYF,TRBV19*03,None,TRBJ2-4*01,1
435,CASSWSNPNIQYF,TRBV19*03,None,TRBJ2-4*01,1
436,CASSWSNTIVQYF,TRBV19*03,None,TRBJ2-4*01,1
437,CASSVSNTNIRYF,TRBV19*03,None,TRBJ2-4*01,1
438,CASSVSNTNIQYF,TRBV19*01,None,TRBJ2-4*01,1
439,CASSVSNTNIQNF,TRBV19*03,None,TRBJ2-4*01,1
440,CASSWSNTNIMYF,TRBV19*03,None,TRBJ2-4*01,1
441,CASSVSNTNIQHF,TRBV19*03,None,TRBJ2-4*01,1
442,CASSVSNTNIQFF,TRBV19*03,None,TRBJ2-4*01,1
443,CASSVSNTNILYF,TRBV19*03,None,TRBJ2-4*01,1
444,CASSVSNTIIQYF,TRBV19*03,None,TRBJ2-4*01,1
445,CACIGSNTNIQYF,TRBV19*03,None,TRBJ2-4*01,1
446,CASSVSNTHIQYF,TRBV19*03,None,TRBJ2-4*01,1
447,CASSVSNSKIQYF,TRBV19*03,None,TRBJ2-4*01,1
448,CASSGSYTNIKYF,TRBV19*03,None,TRBJ2-4*01,1
449,CASSGSYTNMQYF,TRBV19*03,None,TRBJ2-4*01,1
450,CASSGSYTNVQYF,TRBV19*03,None,TRBJ2-4*01,1
451,CASSGTDTDIHYF,TRBV19*03,None,TRBJ2-4*01,1
452,CASSGTNKNSLSF,TRBV19*02,None,TRBJ2-4*01,1
453,CASSGTNTIIQYF,TRBV19*03,None,TRBJ2-4*01,1
454,CASSGTNTKIQYF,TRBV19*03,None,TRBJ2-4*01,1
455,CASSGTNTLHQYF,TRBV19*03,None,TRBJ2-4*01,1
456,CASSGTNTNIQYF,TRBV5-7*01,None,TRBJ2-4*01,1
457,CASSGTNTSIQYF,TRBV19*03,None,TRBJ2-4*01,1
458,CASSGTNTTIQYF,TRBV19*03,None,TRBJ2-4*01,1
459,CASSGTTTNIQYF,TRBV19*03,None,TRBJ2-4*01,1
460,CASSGVEGQGALYGYTF,TRBV28*01,TRBD1*01,TRBJ1-2*01,1
461,CASSGWKPYIQYF,TRBV19*03,None,TRBJ2-4*01,1
462,CASSGYNTNIQYF,TRBV19*03,None,TRBJ2-4*01,1
463,CASSINNTTIQYF,TRBV19*01,None,TRBJ2-4*01,1
464,CASSITSYQETQYF,TRBV6-6*03,None,TRBJ2-5*01,1
465,CASSLEDRGYTF,TRBV11-3*03,None,TRBJ1-2*01,1
466,CASSLENRGYTF,TRBV2*02,None,TRBJ1-2*01,1
467,CASSLENRGYTF,TRBV5-8*02,None,TRBJ1-2*01,1
468,CASSLESRGYTF,TRBV7-9*04,None,TRBJ1-2*01,1
469,CASSLGGPAHNELFF,TRBV5-5*03,None,TRBJ2-1*01,1
470,CASSLGGPSYNDPLF,TRBV5-8*02,None,TRBJ2-1*01,1
471,CASSLGGPSYNEQFF,TRBV5-4*02,None,TRBJ2-1*01,1
472,CASSLGGPSYNEQFF,TRBV5-5*02,None,TRBJ2-1*01,1
473,CASSLGGPSYNEQFF,TRBV5-5*03,None,TRBJ2-1*01,1
474,CASSLGGPSYNEQFF,TRBV5-8*02,None,TRBJ2-1*01,1
475,CASSLPGTRYEQYF,TRBV5-1*02,None,TRBJ2-7*01,1
476,CASSLRVSYLQYF,TRBV7-8*03,None,TRBJ2-7*01,1
477,CASSGSTTNTQYF,TRBV19*03,None,TRBJ2-4*01,1
478,CASSGSTTNMQYF,TRBV19*03,None,TRBJ2-4*01,1
479,CASSGSTTNIQFF,TRBV19*03,None,TRBJ2-4*01,1
480,CASSGSNTYTQYF,TRBV19*03,None,TRBJ2-4*01,1
481,CASSGSNTTIQSF,TRBV19*03,None,TRBJ2-4*01,1
482,CASSGSNTTIQYF,TRBV19*01,None,TRBJ2-4*01,1
483,CASSGSNTTLQHF,TRBV19*03,None,TRBJ2-4*01,1
484,CASSGSNTTVPYF,TRBV19*03,None,TRBJ2-4*01,1
485,CASSGSNTTVQYF,TRBV19*03,None,TRBJ1-4*01,1
486,CASSGSNTYIHYF,TRBV19*03,None,TRBJ2-4*01,1
487,CASSGSNTYIPYF,TRBV19*03,None,TRBJ2-4*01,1
488,CASSGSNTYIQFF,TRBV19*03,None,TRBJ2-4*01,1
489,CASSGSNTYIQYF,TRBV19*02,None,TRBJ2-4*01,1
490,CASSGSNTYLPYF,TRBV19*01,None,TRBJ2-4*01,1
491,CASSGSNTYLQYF,TRBV19*03,None,TRBJ2-4*01,1
492,CASSGSNTYMQYF,TRBV19*03,None,TRBJ2-4*01,1
493,CASSGSNTYNQYF,TRBV19*03,None,TRBJ2-4*01,1
494,CASSGSRTNMQYF,TRBV19*02,None,TRBJ2-4*01,1
495,CASSGSTTNIQDF,TRBV19*03,None,TRBJ2-4*01,1
496,CASSGSRTNTQHF,TRBV19*03,None,TRBJ2-4*01,1
497,CASSGSSANIQYF,TRBV19*03,None,TRBJ2-4*01,1
498,CASSGSSTHTQYF,TRBV19*03,None,TRBJ2-4*01,1
499,CASSGSSTKIQYF,TRBV19*03,None,TRBJ2-4*01,1
500,CASSGSSTNIHYF,TRBV19*03,None,TRBJ2-4*01,1
501,CASSGSSTNIQDF,TRBV19*03,None,TRBJ2-4*01,1
502,CASSGSSTNVQYF,TRBV19*03,None,TRBJ2-4*01,1
503,CASSGSSTSIQYF,TRBV19*03,None,TRBJ2-4*01,1
504,CASSGSSTTIQYF,TRBV19*01,None,TRBJ2-4*01,1
505,CASSGSSTYIQYF,TRBV19*03,None,TRBJ1-6*02,1
506,CASSGSSTYIQYF,TRBV19*03,None,TRBJ2-4*01,1
507,CASSGSTINIQYF,TRBV19*03,None,TRBJ2-4*01,1
508,CASSGSTTGVQYF,TRBV19*03,None,TRBJ2-4*01,1
509,CASSLSNTNTEYF,TRBV19*03,None,TRBJ2-4*01,1
510,CASSLSSTNIQYF,TRBV19*03,None,TRBJ2-4*01,1
511,CASSLSTTNTQYF,TRBV19*03,None,TRBJ2-4*01,1
512,CASSTSKTSIHSF,TRBV19*03,None,TRBJ1-6*02,1
513,CASSRSNTNRQYF,TRBV19*03,None,TRBJ2-4*01,1
514,CASSRSNTNSHYF,TRBV19*03,None,TRBJ2-4*01,1
515,CASSRSNTNSQYF,TRBV19*03,None,TRBJ2-4*01,1
516,CASSRSNTNVSYF,TRBV19*03,None,TRBJ2-4*01,1
517,CASSRSNTSSQYF,TRBV19*03,None,TRBJ2-4*01,1
518,CASSRSNTTILYF,TRBV19*03,None,TRBJ2-4*01,1
519,CASSRSNTTIQYF,TRBV19*03,None,TRBJ2-4*01,1
520,CASSRSTTNMQYF,TRBV19*03,None,TRBJ2-4*01,1
521,CASSRTNTNMHYF,TRBV19*03,None,TRBJ2-4*01,1
522,CASSRTNTNTQYF,TRBV19*03,None,TRBJ2-4*01,1
523,CASSSSNTNIQSF,TRBV19*03,None,TRBJ2-4*01,1
524,CASSSSNTTIQYF,TRBV19*03,None,TRBJ2-4*01,1
525,CASSTSGRGSNEQFF,TRBV11-3*03,None,TRBJ2-1*01,1
526,CASSTSNTNIQYF,TRBV19*03,None,TRBJ2-4*01,1
527,CASSRSNTNLQYF,TRBV19*03,None,TRBJ2-4*01,1
528,CASSTTNTNILYF,TRBV19*03,None,TRBJ2-4*01,1
529,CASSVCNTIIQYF,TRBV19*03,None,TRBJ2-4*01,1
530,CASSVGNTKIQHF,TRBV7-4*01,None,TRBJ2-5*01,1
531,CASSVGNTNIQYF,TRBV5-6*01,None,TRBJ2-4*01,1
532,CASSVINIDIQYF,TRBV19*03,None,TRBJ2-4*01,1
533,CASSVINTDIDYF,TRBV19*03,None,TRBJ2-4*01,1
534,CASSVISTNIHYF,TRBV19*03,None,TRBJ2-4*01,1
535,CASSVNNTNLQYF,TRBV19*03,None,TRBJ2-4*01,1
536,CASSVSHTNIQYF,TRBV19*03,None,TRBJ2-4*01,1
537,CASSVSKTNIQYF,TRBV19*03,None,TRBJ2-4*01,1
538,CASSVSNAIIQYF,TRBV19*03,None,TRBJ2-4*01,1
539,CASSVSNKNIQYF,TRBV19*03,None,TRBJ2-4*01,1
540,CASSVSNPNTQYF,TRBV19*03,None,TRBJ2-4*01,1
541,CASSRSNTNNQYF,TRBV19*03,None,TRBJ2-4*01,1
542,CASSRSNTNLQFF,TRBV19*03,None,TRBJ2-4*01,1
543,CASSLTRGETQYF,TRBV11-3*02,None,TRBJ2-3*01,1
544,CASSRSDTNIQYF,TRBV19*03,None,TRBJ2-4*01,1
545,CASSLTRGETQYF,TRBV11-3*02,None,TRBJ2-7*01,1
546,CASSPAGRGSNEQFF,TRBV7-9*04,None,TRBJ2-1*01,1
547,CASSPKREPQYF,TRBV18*01,None,TRBJ2-5*01,1
548,CASSPSGRGSNEQFF,TRBV7-9*07,None,TRBJ2-1*01,1
549,CASSPSGRGSNEQLF,TRBV7-9*04,None,TRBJ2-1*01,1
550,CASSPSGRGSNEQPF,TRBV11-3*03,None,TRBJ2-1*01,1
551,CASSPSRRGSNVQVF,TRBV7-9*04,None,TRBJ2-1*01,1
552,CASSPSWRGSNERFF,TRBV7-9*04,None,TRBJ2-1*01,1
553,CASSQSNTNMQYF,TRBV19*03,None,TRBJ2-4*01,1
554,CASSRCNTNIQYF,TRBV19*03,None,TRBJ2-4*01,1
555,CASSRDRVKNQPQHF,TRBV14*02,None,TRBJ1-5*01,1
556,CASSRNNTNIQSF,TRBV19*03,None,TRBJ2-4*01,1
557,CASSRRNTTLHYF,TRBV19*03,None,TRBJ2-4*01,1
558,CASSRSHTNIQYF,TRBV19*03,None,TRBJ2-4*01,1
559,CASSRSNTNIRYF,TRBV19*03,None,TRBJ2-4*01,1
560,CASSRSKTNSHYF,TRBV19*03,None,TRBJ2-4*01,1
561,CASSRSNPNLYYF,TRBV19*03,None,TRBJ2-4*01,1
562,CASSRSNRNLQYF,TRBV19*03,None,TRBJ2-4*01,1
563,CASSRSNTDIQYF,TRBV19*03,None,TRBJ2-4*01,1
564,CASSRSNTIIEYF,TRBV19*03,None,TRBJ2-4*01,1
565,CASSRSNTNIHDF,TRBV19*03,None,TRBJ2-4*01,1
566,CASSRSNTNIHYF,TRBV19*03,None,TRBJ2-4*01,1
567,CASSRSNTNIKYF,TRBV19*03,None,TRBJ2-4*01,1
568,CASSRSNTNILYF,TRBV19*03,None,TRBJ2-4*01,1
569,CASSRSNTNIQCF,TRBV19*03,None,TRBJ2-4*01,1
570,CASSRSNTNIQHF,TRBV19*03,None,TRBJ2-4*01,1
571,CASSRSNTNIQNF,TRBV19*01,None,TRBJ2-4*01,1
572,CASSRSNTNIQNF,TRBV19*03,None,TRBJ2-4*01,1
573,CASSRSNRNSQYF,TRBV19*03,None,TRBJ2-4*01,1
574,CGSNGSNTNIQYF,TRBV19*03,None,TRBJ2-4*01,1
575,CASSWSNTNNQYF,TRBV19*03,None,TRBJ2-4*01,1
576,CSSSGSNANIQYF,TRBV19*03,None,TRBJ2-4*01,1
577,CSSSGSNTNKQYF,TRBV19*03,None,TRBJ2-4*01,1
578,CSSSGSNTNIPYF,TRBV19*03,None,TRBJ2-4*01,1
579,CSSSGSNTNILYF,TRBV19*03,None,TRBJ2-4*01,1
580,CSSSGSNTNIKYF,TRBV19*03,None,TRBJ2-4*01,1
581,CSSSGSNTNFQYF,TRBV19*03,None,TRBJ2-4*01,1
582,CSSSGSNTKIQYF,TRBV19*03,None,TRBJ2-4*01,1
583,CSSSGSNKNIQYF,TRBV19*03,None,TRBJ2-4*01,1
584,CSSSGSNISIQYF,TRBV19*03,None,TRBJ2-4*01,1
585,CSSSGSKTNIQYF,TRBV19*03,None,TRBJ1-6*02,1
586,CSSSASNTYIQYF,TRBV19*03,None,TRBJ2-4*01,1
587,CSSSGSKANIQYF,TRBV19*03,None,TRBJ2-4*01,1
588,CSSSGRTTNIQYF,TRBV19*03,None,TRBJ2-4*01,1
589,CSSSGLEGQGALYGYTF,TRBV28*01,TRBD1*01,TRBJ1-2*01,1
590,CSSSGINTTIQYF,TRBV19*03,None,TRBJ2-4*01,1
591,CSSSGINTNTQYF,TRBV19*03,None,TRBJ2-4*01,1
592,CSSSGINTNIQYF,TRBV19*03,None,TRBJ2-4*01,1
593,CSSSGGNTNVQYF,TRBV19*03,None,TRBJ2-4*01,1
594,CSSSGGNTNIQYF,TRBV19*03,None,TRBJ2-4*01,1
595,CSSSGSNTNLHSF,TRBV19*03,None,TRBJ2-4*01,1
596,CSSSGSNTNLQYF,TRBV19*03,None,TRBJ2-4*01,1
597,CSSSGSNTNPHYF,TRBV19*03,None,TRBJ2-4*01,1
598,CSSSGSNTNVQYF,TRBV19*03,None,TRBJ2-4*01,1
599,CSSVAGKTNIQYF,TRBV19*03,None,TRBJ1-6*02,1
600,CSSVAGFSYAPYF,TRBV20-1*02,None,TRBJ2-7*01,1
601,CSSTGSNTNIQYF,TRBV19*03,None,TRBJ2-4*01,1
602,CSSTGSNTNIQYF,TRBV19*03,None,TRBJ1-2*01,1
603,CSSTCSNTNIQYF,TRBV19*03,None,TRBJ2-4*01,1
604,CSSSVSNTYIQYF,TRBV19*03,None,TRBJ2-4*01,1
605,CSSSVSNTTIHYF,TRBV19*03,None,TRBJ2-4*01,1
606,CSSSRSNTNLQYF,TRBV19*03,None,TRBJ2-4*01,1
607,CSSSRSNTNILYF,TRBV19*03,None,TRBJ2-4*01,1
608,CSSSRSNNNSQYF,TRBV19*03,None,TRBJ2-4*01,1
609,CSSSGTTTNIQYF,TRBV19*03,None,TRBJ2-4*01,1
610,CSSSGTNTNIQYF,TRBV19*03,None,TRBJ2-4*01,1
611,CSSSGTNTNIQDF,TRBV19*03,None,TRBJ2-4*01,1
612,CSSSGSSTNMQYF,TRBV19*03,None,TRBJ2-4*01,1
613,CSSSGSSTNIQYF,TRBV19*03,None,TRBJ2-4*01,1
614,CSSSGSNTYIQYF,TRBV19*03,None,TRBJ2-4*01,1
615,CSSSGSNTTIQYF,TRBV19*03,None,TRBJ2-4*01,1
616,CSSSECNTTIKYF,TRBV19*03,None,TRBJ2-4*01,1
617,CSSSASNTNLQYF,TRBV19*03,None,TRBJ2-4*01,1
618,CSASNWQGSYNVQCF,TRBV20-1*05,None,TRBJ2-1*01,1
619,CSAVAGFSYLLYF,TRBV20-1*05,None,TRBJ2-7*01,1
620,CSAVTGFSYEQYF,TRBV20-1*02,None,TRBJ2-7*01,1
621,CSAVSGFSYEQYF,TRBV20-1*03,None,TRBJ2-7*01,1
622,CSAVAVFSYVLYF,TRBV20-1*03,None,TRBJ2-7*01,1
623,CSAVAGVSYEQYF,TRBV20-1*02,None,TRBJ2-7*01,1
624,CSAVAGSSYEQYF,TRBV20-1*04,None,TRBJ2-7*01,1
625,CSAVAGISYDQYF,TRBV20-1*03,None,TRBJ2-7*01,1
626,CSAVAGFSYVQHF,TRBV20-1*03,None,TRBJ2-7*01,1
627,CSAVAGFSYQQYF,TRBV20-1*02,None,TRBJ2-7*01,1
628,CSAVAGFSYETYF,TRBV20-1*02,None,TRBJ2-7*01,1
629,CSSSASNTIIQNF,TRBV19*03,None,TRBJ2-4*01,1
630,CSAVAGFSHEQYF,TRBV20-1*05,None,TRBJ2-7*01,1
631,CSAVAGDSYATYF,TRBV20-1*02,None,TRBJ2-7*01,1
632,CSASSRRGSQETQYF,TRBV20-1*06,None,TRBJ2-5*01,1
633,CSASSRRGSQETQYF,TRBV20-1*03,None,TRBJ2-5*01,1
634,CSASSRGGSQETQYF,TRBV20-1*07,None,TRBJ2-5*01,1
635,CSASSRGGSQETQYF,TRBV20-1*05,None,TRBJ2-5*01,1
636,CSASSRGGSQETQYF,TRBV20-1*03,None,TRBJ2-5*01,1
637,CSASSRGGSQETQFF,TRBV20-1*02,None,TRBJ2-1*01,1
638,CSCVAGFSYEQYF,TRBV20-1*06,None,TRBJ2-7*01,1
639,CSGSGRNTNIQYF,TRBV19*03,None,TRBJ2-4*01,1
640,CSMETGRTDTQYF,TRBV29-1*02,None,TRBJ2-3*01,1
641,CSMETRSTDTQYF,TRBV29-1*03,None,TRBJ2-3*01,1
642,CSSSASHTNIQYF,TRBV19*03,None,TRBJ2-4*01,1
643,CSSSARITNVQYF,TRBV19*03,None,TRBJ2-4*01,1
644,CSSRGSNTNVQYF,TRBV19*03,None,TRBJ2-4*01,1
645,CSSRGSNTNNQYF,TRBV19*03,None,TRBJ2-4*01,1
646,CSSRGSNTNIQYF,TRBV19*03,None,TRBJ2-4*01,1
647,CSSRGGNTNIQYF,TRBV19*03,None,TRBJ2-4*01,1
648,CSSLMHGQAFF,TRBV20-1*06,None,TRBJ1-1*01,1
649,CSSKGSNTNLQYF,TRBV19*03,None,TRBJ2-4*01,1
650,CSSIGSNTNNQYF,TRBV19*03,None,TRBJ2-4*01,1
651,CSSIGSNTNIQYF,TRBV19*03,None,TRBJ1-6*02,1
652,CSSIGSNTNIQFF,TRBV19*03,None,TRBJ2-4*01,1
653,CSSIGGNTNIQYF,TRBV19*03,None,TRBJ1-6*02,1
654,CSSIASNTNIQYF,TRBV19*03,None,TRBJ2-4*01,1
655,CSSGRSNTNIQYF,TRBV19*03,None,TRBJ2-4*01,1
656,CSSGGSNTNIQYF,TRBV19*03,None,TRBJ2-4*01,1
657,CSSCGSNTNIQYF,TRBV19*03,None,TRBJ2-4*01,1
658,CSRSASITNIQYF,TRBV28*01,None,TRBJ2-4*01,1
659,CSTGGSNRNIQYF,TRBV19*03,None,TRBJ2-4*01,1
660,CSTRGSNTNIQYF,TRBV7-6*02,None,TRBJ2-4*01,1
661,CSTSGSNSNIQYF,TRBV19*03,TRBD2*02,TRBJ2-4*01,1
662,CTSTGSNTNIQYF,TRBV19*01,None,TRBJ2-4*01,1
663,CVSSGINTNIQYF,TRBV19*03,None,TRBJ2-4*01,1
664,CVSSCSNTDIQYF,TRBV19*03,None,TRBJ2-4*01,1
665,CVSSARNLNIQYF,TRBV19*03,None,TRBJ2-4*01,1
666,CVSRWDRFPVNSPLHF,TRBV7-8*03,None,TRBJ1-6*01,1
667,CVSRGSNTNIQYF,TRBV19*03,None,TRBJ2-4*01,1
668,CVSRGSNPNIQYF,TRBV19*03,None,TRBJ2-4*01,1
669,CVSRGSITNVQYF,TRBV19*03,None,TRBJ2-4*01,1
670,CTSTGSNTNIQYF,TRBV19*03,None,TRBJ2-4*01,1
671,CTSSWSNTNIQYF,TRBV19*03,None,TRBJ2-4*01,1
672,CSTSGSNTNIQSF,TRBV19*03,TRBD2*02,TRBJ2-4*01,1
673,CTSSWSNKNIQYF,TRBV19*03,None,TRBJ2-4*01,1
674,CTSSRSNTNIQYF,TRBV19*03,None,TRBJ2-4*01,1
675,CTSSPSGRGSNAQFF,TRBV11-3*03,None,TRBJ2-1*01,1
676,CTSSGSNTNTQYF,TRBV19*03,None,TRBJ2-4*01,1
677,CTSSGSNTNIQYF,TRBV19*03,None,TRBJ1-5*01,1
678,CTSSGSNTNIQYF,TRBV19*01,None,TRBJ2-4*01,1
679,CTSSGSNTNIQSF,TRBV19*03,None,TRBJ2-4*01,1
680,CTSSGSNTNIQCF,TRBV19*03,None,TRBJ2-4*01,1
681,CVSSGMEGQGAIYGYTF,TRBV28*01,TRBD1*01,TRBJ1-2*01,1
682,CVSSGRNTNIQSF,TRBV19*03,None,TRBJ2-4*01,1
683,CVSSGRNTNLQYF,TRBV19*03,None,TRBJ2-4*01,1
684,CVSSGSDTNIQYF,TRBV19*03,None,TRBJ2-4*01,1
685,CVSSVSNTNVQYF,TRBV19*03,None,TRBJ2-4*01,1
686,CVSSRSNTNIQYF,TRBV19*03,None,TRBJ2-4*01,1
687,CVSSRRNKNIQYF,TRBV19*03,None,TRBJ2-4*01,1
688,CVSSGSNTYIQYF,TRBV19*03,None,TRBJ2-4*01,1
689,CVSSGSNTTIQYF,TRBV19*03,None,TRBJ2-4*01,1
690,CVSSGSNTSIQYF,TRBV19*03,None,TRBJ2-4*01,1
691,CVSSGSNTNTQSF,TRBV19*03,None,TRBJ2-4*01,1
692,CVSSGSNTNLQYF,TRBV19*03,None,TRBJ2-4*01,1
693,CVSSGSNTNLHYF,TRBV19*03,None,TRBJ2-4*01,1
694,CVSSGSNTNITYF,TRBV14*02,None,TRBJ2-4*01,1
695,CVSSGSNTNIQYF,TRBV19*02,None,TRBJ2-4*01,1
696,CVSSGSNTNIQVF,TRBV19*03,None,TRBJ2-4*01,1
697,CVSSGSNTNIQSF,TRBV19*03,None,TRBJ2-4*01,1
698,CVSSGSNTNIKYF,TRBV19*03,None,TRBJ2-4*01,1
699,CVSSGSNPNFQSF,TRBV19*03,None,TRBJ2-4*01,1
700,CVSSGSNANIQYF,TRBV19*03,None,TRBJ2-4*01,1
701,CVSSGSHTNIQYF,TRBV19*03,None,TRBJ2-4*01,1
702,CTSSGSNTDIQYF,TRBV19*03,None,TRBJ2-4*01,1
703,CTSSGRNTNIEYF,TRBV19*03,None,TRBJ2-4*01,1
704,CTSSGRNPNIQYF,TRBV19*03,None,TRBJ2-4*01,1
705,CSVPSGGVSGVNVLTF,TRBV29-1*02,None,TRBJ2-6*01,1
706,CSVPSGGVSGANVMTF,TRBV29-1*02,None,TRBJ2-6*01,1
707,CSVPSGGVSGANVLAF,TRBV20-1*02,None,TRBJ2-6*01,1
708,CSVPSGGVSGANALTF,TRBV29-1*02,None,TRBJ2-6*01,1
709,CSVPSGGVSEANVLTF,TRBV29-1*02,None,TRBJ2-6*01,1
710,CSVPSGGASGVKVLTF,TRBV29-1*02,None,TRBJ2-6*01,1
711,CSVPSGGASGPNVLTF,TRBV29-1*02,None,TRBJ2-6*01,1
712,CSVPSGGASGANVLTF,TRBV29-1*02,None,TRBJ2-6*01,1
713,CSVPSGEVSGANVLTF,TRBV29-1*02,None,TRBJ2-6*01,1
714,CSVLSGGVSGASVLTF,TRBV29-1*02,None,TRBJ2-6*01,1
715,CSVLMAGQAFF,TRBV20-1*06,None,TRBJ1-1*01,1
716,CSVLMAGQAFF,TRBV20-1*03,None,TRBJ1-1*01,1
717,CSVLMAGQAFF,TRBV20-1*02,None,TRBJ1-1*01,1
718,CSVEDRQAKRYNEQFF,TRBV29-1*02,None,TRBJ2-1*01,1
719,CSVEDRQAKRYNEPIF,TRBV29-1*01,None,TRBJ2-1*01,1
720,CSVEDRQAKRYNEPFF,TRBV29-1*01,None,TRBJ2-1*01,1
721,CSVEDRQAKRYNEHFF,TRBV29-1*02,None,TRBJ2-1*01,1
722,CSVDTGSTDTQYF,TRBV29-1*01,None,TRBJ2-3*01,1
723,CSVPSGGVSGSNVLTF,TRBV29-1*02,None,TRBJ2-6*01,1
724,CSVPSGGVSVANVLTF,TRBV29-1*02,None,TRBJ2-6*01,1
725,CTSSGNNTNSQYF,TRBV19*03,None,TRBJ2-4*01,1
726,CSVPSGRVSGANVLTF,TRBV29-1*02,None,TRBJ2-6*01,1
727,CTSSGNNTNIQYF,TRBV19*03,None,TRBJ2-4*01,1
728,CTSSGNNTKIQYF,TRBV19*03,None,TRBJ2-4*01,1
729,CTSSGINTNIQYF,TRBV19*03,None,TRBJ2-4*01,1
730,CTSSASNTNIQYF,TRBV19*03,None,TRBJ1-5*01,1
731,CTSSASNTNIHYF,TRBV19*03,None,TRBJ2-4*01,1
732,CTSRWDRFPVNSPLHF,TRBV7-2*03,None,TRBJ1-6*01,1
733,CTSRGSNTNMQYF,TRBV19*03,None,TRBJ2-4*01,1
734,CTSRGSNTNIQYF,TRBV19*03,None,TRBJ2-4*01,1
735,CTSIGSNTNIQYF,TRBV19*03,None,TRBJ2-4*01,1
736,CTSGGSNTNIQYF,TRBV19*03,None,TRBJ2-4*01,1
737,CTSCGSNKNIQYF,TRBV19*03,None,TRBJ2-4*01,1
738,CTCSGSNTNIQYF,TRBV19*03,None,TRBJ2-4*01,1
739,CSVWWVRPQGTQYF,TRBV29-1*02,None,TRBJ2-5*01,1
740,CSVWWVRPQETQHF,TRBV29-1*02,None,TRBJ2-5*01,1
741,CSVWPSGGQHQDF,TRBV29-1*02,None,TRBJ2-5*01,1
742,CSVPTGGVSGANVLTF,TRBV29-1*02,None,TRBJ2-6*01,1
743,CSVPSGVVSGDNVLTF,TRBV29-1*02,None,TRBJ2-6*01,1
744,CSASSRGGSHGTQYF,TRBV20-1*06,None,TRBJ2-5*01,1
745,CSASMAGQAFF,TRBV20-1*02,None,TRBJ1-1*01,1
746,CASSWSSTNIRYF,TRBV19*03,None,TRBJ2-4*01,1
747,CDSNCSNTNIQYF,TRBV19*03,None,TRBJ2-4*01,1
748,CDSSGSNPNIESF,TRBV19*03,None,TRBJ2-4*01,1
749,CDSSGSHTNTQYF,TRBV19*03,None,TRBJ2-4*01,1
750,CDSSGSDTNIQYF,TRBV19*03,None,TRBJ2-4*01,1
751,CDSSGMEGQGALYGYTF,TRBV28*01,TRBD1*01,TRBJ1-2*01,1
752,CDSSASNTNIQYF,TRBV7-9*05,None,TRBJ2-4*01,1
753,CDSSARKTTSQSF,TRBV19*03,None,TRBJ1-5*01,1
754,CDSRGRNTYIQYF,TRBV19*03,None,TRBJ2-4*01,1
755,CDSNGSNTNIQYF,TRBV19*03,None,TRBJ2-4*01,1
756,CDSIGSNTNIQYF,TRBV19*03,None,TRBJ2-4*01,1
757,CAWSGGLRNEQFF,TRBV30*04,None,TRBJ2-1*01,1
758,CDSIGRNTNIQYF,TRBV19*03,None,TRBJ2-4*01,1
759,CDSIGRNTNFQYF,TRBV19*03,None,TRBJ2-4*01,1
760,CDRSGSNTNIHYF,TRBV19*03,None,TRBJ2-4*01,1
761,CDGSGSNTNIQYF,TRBV19*03,None,TRBJ2-4*01,1
762,CCVPSGGVPGANVLTF,TRBV29-1*02,None,TRBJ2-6*01,1
763,CCSSGSNTNIQYF,TRBV19*03,None,TRBJ2-4*01,1
764,CCLWRVRPQETQYF,TRBV10-1*01,None,TRBJ2-5*01,1
765,CCALMAGQAFF,TRBV20-1*03,None,TRBJ1-1*01,1
766,CDSSGSNTKIQYF,TRBV19*03,None,TRBJ2-4*01,1
767,CDSSGSNTNINYF,TRBV19*03,None,TRBJ2-4*01,1
768,CDSSGSNTNIPYF,TRBV19*03,None,TRBJ2-4*01,1
769,CDSSGSNTNIQYF,TRBV19*02,None,TRBJ2-4*01,1
770,CGSSGSNTKIQYF,TRBV19*03,None,TRBJ2-4*01,1
771,CGSSGSNTHIQYF,TRBV19*03,None,TRBJ2-4*01,1
772,CGSRGSNTNIQYF,TRBV19*03,None,TRBJ2-4*01,1
773,CGSRGSNTKIQYF,TRBV19*03,None,TRBJ2-4*01,1
774,CGSRGSNTDIQYF,TRBV19*03,None,TRBJ2-4*01,1
775,CGSRGCNTNIQYF,TRBV19*03,None,TRBJ2-4*01,1
776,CASSGSNTTILSF,TRBV19*03,None,TRBJ2-4*01,1
777,CGSGGSNTNIQYF,TRBV19*03,None,TRBJ2-4*01,1
778,CGRSGSNTDVQYF,TRBV19*03,None,TRBJ2-4*01,1
779,CGCSGSNTNIHYF,TRBV19*02,None,TRBJ2-4*01,1
780,CESSGSNTNIQYF,TRBV19*03,None,TRBJ2-4*01,1
781,CESSGSNTINQYF,TRBV19*01,None,TRBJ2-4*01,1
782,CEFVGRNTNIQYF,TRBV19*03,None,TRBJ2-4*01,1
783,CDSSWSNTNIHYF,TRBV19*03,None,TRBJ2-4*01,1
784,CDSSGTNTNIQYF,TRBV19*03,None,TRBJ2-4*01,1
785,CDSSGSNTNVQYF,TRBV19*03,None,TRBJ2-4*01,1
786,CDSSGSNTNTRYF,TRBV19*03,None,TRBJ2-4*01,1
787,CAYGGIDTNIQYF,TRBV19*01,None,TRBJ2-4*01,1
788,CAWSGDYRNVQFF,TRBV30*04,None,TRBJ2-1*01,1
789,CSASDWQGSYNKHFF,TRBV20-1*04,None,TRBJ2-1*01,1
790,CASTGSNTNIKYF,TRBV19*03,None,TRBJ2-4*01,1
791,CASTPSGRGSNEQFF,TRBV11-3*03,None,TRBJ2-1*01,1
792,CASTGSNTTIQYF,TRBV19*01,None,TRBJ2-4*01,1
793,CASTGSNTQIQYF,TRBV19*03,None,TRBJ2-4*01,1
794,CASTGSNTNYQYF,TRBV19*03,None,TRBJ2-4*01,1
795,CASTGSNTNTQYF,TRBV19*03,None,TRBJ2-4*01,1
796,CASTGSNTNSQYF,TRBV19*03,None,TRBJ2-4*01,1
797,CASTGSNTNNQYF,TRBV19*03,None,TRBJ2-4*01,1
798,CASTGSNTNLHSF,TRBV19*03,None,TRBJ2-4*01,1
799,CASTGSNSNIQYF,TRBV19*03,None,TRBJ2-4*01,1
800,CATSGSTTNIQSF,TRBV19*03,TRBD2*02,TRBJ2-4*01,1
801,CASTGSNINIQYF,TRBV19*03,None,TRBJ2-4*01,1
802,CASTGSKTNIQYF,TRBV19*03,None,TRBJ2-4*01,1
803,CASTGRNTNIKYF,TRBV19*03,None,TRBJ2-4*01,1
804,CASTESNTNIQYF,TRBV19*03,None,TRBJ2-4*01,1
805,CASSYTGQGSYEQYF,TRBV18*01,None,TRBJ2-7*01,1
806,CASSYHGNSEQMFF,TRBV6-6*02,None,TRBJ2-2*01,1
807,CASSWTNKNIQYF,TRBV19*01,None,TRBJ2-4*01,1
808,CASSWSTTNIQYF,TRBV19*03,None,TRBJ2-4*01,1
809,CASTRSNTNIQYF,TRBV19*03,None,TRBJ2-4*01,1
810,CASTVSNTNIQYF,TRBV19*03,None,TRBJ2-4*01,1
811,CATGGSNKNSQYF,TRBV19*03,None,TRBJ2-4*01,1
812,CATRGRNTNIQYF,TRBV19*03,None,TRBJ2-4*01,1
813,CATSGSNTSNQYF,TRBV19*03,TRBD2*02,TRBJ2-4*01,1
814,CATSGSNTSIQYF,TRBV19*03,TRBD2*02,TRBJ2-4*01,1
815,CATSGSNTNTQYF,TRBV19*03,TRBD2*02,TRBJ2-4*01,1
816,CATSGSNTNTQYF,TRBV19*03,None,TRBJ2-4*01,1
817,CATSGSNTNMQYF,TRBV19*03,TRBD2*02,TRBJ2-4*01,1
818,CATSGSNTNMQYF,TRBV19*03,None,TRBJ2-4*01,1
819,CATSGSNTNLKYF,TRBV19*03,TRBD2*02,TRBJ2-4*01,1
820,CATSGSNTNIQYF,TRBV19*03,None,TRBJ2-4*01,1
821,CATSGSNTNIQNF,TRBV19*03,TRBD2*02,TRBJ2-4*01,1
822,CATSGSNTNILYF,TRBV19*03,TRBD2*02,TRBJ2-4*01,1
823,CATSGSNKKTQYF,TRBV19*03,None,TRBJ1-6*02,1
824,CATSGRNTNIQYF,TRBV19*03,TRBD2*02,TRBJ2-4*01,1
825,CATSGRKTNIQYF,TRBV19*03,TRBD2*02,TRBJ2-4*01,1
826,CATSGNNTNIQYF,TRBV19*03,TRBD2*02,TRBJ2-4*01,1
827,CATSGKNTNIQYF,TRBV19*03,None,TRBJ2-4*01,1
828,CATSASNTNIQYF,TRBV19*03,None,TRBJ2-4*01,1
829,CATRGSTTNNQYF,TRBV19*03,None,TRBJ2-4*01,1
830,CGSSGSNTNIQYF,TRBV19*02,None,TRBJ2-4*01,1
831,CGSSGSNTNLHYF,TRBV19*03,None,TRBJ2-4*01,1
832,CGSSGSNTNMQYF,TRBV19*03,None,TRBJ2-4*01,1
833,CSALKAGQAFF,TRBV20-1*06,None,TRBJ1-1*01,1
834,CSALMAGQAFF,TRBV20-1*03,None,TRBJ2-7*01,1
835,CSALMAGQACF,TRBV20-1*06,None,TRBJ1-1*01,1
836,CSALMAGQACF,TRBV20-1*03,None,TRBJ1-1*01,1
837,CSALMAGKAFF,TRBV20-1*02,None,TRBJ1-1*01,1
838,CSALMAGHAFF,TRBV20-1*02,None,TRBJ1-1*01,1
839,CSALMADQAFF,TRBV20-1*02,None,TRBJ1-1*01,1
840,CSALMADHAFF,TRBV20-1*06,None,TRBJ1-1*01,1
841,CSALMACQAFF,TRBV20-1*06,None,TRBJ1-1*01,1
842,CSAGTGTSSLIYEQYF,TRBV20-1*03,None,TRBJ2-5*01,1
843,CGSSGSNTNSQYF,TRBV19*03,None,TRBJ2-4*01,1
844,CSAFRAGQAFF,TRBV20-1*02,None,TRBJ1-1*01,1
845,CSAFMAGQAFF,TRBV20-1*02,None,TRBJ1-1*01,1
846,CRASSRGGSRPLQSF,TRBV20-1*07,None,TRBJ2-5*01,1
847,CRASSRGGSQDTKYF,TRBV20-1*05,None,TRBJ2-5*01,1
848,CRALMAGQAFF,TRBV20-1*06,None,TRBJ1-1*01,1
849,CRALIAGQAFF,TRBV20-1*02,None,TRBJ1-1*01,1
850,CPTSGSNTNIQYF,TRBV19*03,TRBD2*02,TRBJ2-4*01,1
851,CPSSWARFPVNSPIHF,TRBV7-8*03,None,TRBJ1-6*01,1
852,CSALMAGQAFF,TRBV20-1*04,None,TRBJ1-1*01,1
853,CSALMAGQAFF,TRBV20-1*05,None,TRBJ1-1*01,1
854,CSALMAGQAIF,TRBV20-1*03,None,TRBJ1-1*01,1
855,CSALMAGQALF,TRBV20-1*02,None,TRBJ1-1*01,1
856,CSAQHRSGDPNEQFF,TRBV20-1*06,None,TRBJ2-1*01,1
857,CSAMMTGEAFF,TRBV20-1*02,None,TRBJ1-1*01,1
858,CSALVAGQAFF,TRBV20-1*02,None,TRBJ1-1*01,1
859,CSALMTGQSFF,TRBV20-1*07,None,TRBJ1-1*01,1
860,CSALMTGQAFF,TRBV20-1*06,None,TRBJ1-1*01,1
861,CSALMTGQAFF,TRBV20-1*02,None,TRBJ1-1*01,1
862,CSALMSGQAFF,TRBV20-1*06,None,TRBJ1-1*01,1
863,CSALMASQAFF,TRBV20-1*03,None,TRBJ1-1*01,1
864,CSALMASHAFF,TRBV20-1*06,None,TRBJ1-1*01,1
865,CSALMAGRAFF,TRBV20-1*03,None,TRBJ1-1*01,1
866,CSALMAGRAFF,TRBV20-1*02,None,TRBJ1-1*01,1
867,CSALMAGQTFF,TRBV20-1*02,None,TRBJ1-1*01,1
868,CSALMAGQPFF,TRBV20-1*02,None,TRBJ1-1*01,1
869,CSALMAGQGFF,TRBV20-1*06,None,TRBJ1-1*01,1
870,CSALMAGQDFF,TRBV20-1*03,None,TRBJ1-1*01,1
871,CSALMAGQAYF,TRBV20-1*03,None,TRBJ1-1*01,1
872,CSALMAGQALF,TRBV20-1*06,None,TRBJ1-1*01,1
873,CPSSVINTDIQYF,TRBV19*03,None,TRBJ2-4*01,1
874,CPSSGSRTNIQYF,TRBV19*03,None,TRBJ2-4*01,1
875,CPSSGSNTYIQYF,TRBV19*03,None,TRBJ2-4*01,1
876,CPSSGCNTNIQYF,TRBV19*03,None,TRBJ2-4*01,1
877,CPSRGQNTNIHYF,TRBV19*03,None,TRBJ2-4*01,1
878,CPRSRSNTNIQYF,TRBV19*03,None,TRBJ2-4*01,1
879,CPCSGSNTNIQYF,TRBV19*03,None,TRBJ2-4*01,1
880,CPCSGRNTDIHYF,TRBV19*03,None,TRBJ2-4*01,1
881,CNSSGSNTNIQYF,TRBV19*03,None,TRBJ2-4*01,1
882,CNALMAGQGFF,TRBV20-1*06,None,TRBJ1-1*01,1
883,CNALMAGQAFF,TRBV20-1*03,None,TRBJ1-1*01,1
884,CNALMAGQAFF,TRBV20-1*02,None,TRBJ1-1*01,1
885,CLSSRTNPNLHYF,TRBV19*03,None,TRBJ2-4*01,1
886,CISSGSNTNIQYF,TRBV19*03,None,TRBJ2-4*01,1
887,CIALMAGQAFF,TRBV20-1*06,None,TRBJ1-1*01,1
888,CGTSASNTNMQYF,TRBV30*04,None,TRBJ2-7*01,1
889,CGTRGSTTNIQYF,TRBV19*03,None,TRBJ2-4*01,1
890,CGSSVSNTNIQYF,TRBV19*03,None,TRBJ1-6*02,1
891,CGSSVSNTNFQYF,TRBV19*03,None,TRBJ2-4*01,1
892,CGSSGSNTTIQYF,TRBV19*03,None,TRBJ2-4*01,1
893,CGSSGSNTNTHYF,TRBV19*03,None,TRBJ2-4*01,1
894,CPSSASNTNIQYF,TRBV19*03,None,TRBJ2-4*01,1
895,CPSSGRNTNIQFF,TRBV19*03,None,TRBJ2-4*01,1
896,CPSSGSNTTIQYF,TRBV19*03,None,TRBJ2-4*01,1
897,CPSSGSKTNIQYF,TRBV19*03,None,TRBJ2-4*01,1
898,CPSSGSNTTIQCF,TRBV19*03,None,TRBJ2-4*01,1
899,CPSSGSNTNVQYF,TRBV19*03,None,TRBJ2-4*01,1
900,CPSSGSNTNSQYF,TRBV19*03,None,TRBJ2-4*01,1
901,CPSSGSNTNNQYF,TRBV19*01,None,TRBJ1-4*01,1
902,CPSSGSNTNNQSF,TRBV19*03,None,TRBJ2-4*01,1
903,CPSSGSNTNMQYF,TRBV19*02,None,TRBJ2-4*01,1
904,CPSSGSNTNLQYF,TRBV19*03,None,TRBJ2-4*01,1
905,CPSSGSNTNIQYF,TRBV19*03,None,TRBJ1-2*01,1
906,CPSSGSNTNIPNF,TRBV19*03,None,TRBJ2-4*01,1
907,CPSSGSNTNIKYF,TRBV19*03,None,TRBJ2-4*01,1
908,CPSSGSNTNIHYF,TRBV5-4*03,None,TRBJ2-4*01,1
909,CPSSGSNTNIEYF,TRBV19*03,None,TRBJ2-4*01,1
910,CPSSGSNTHIQYF,TRBV19*03,None,TRBJ2-4*01,1
911,CPSSGSNTDIQYF,TRBV19*03,None,TRBJ2-4*01,1
912,CPSSGSNRNIQYF,TRBV19*03,None,TRBJ2-4*01,1
913,CPSSGSNPTIYYF,TRBV19*03,None,TRBJ2-4*01,1
914,CPSSGSNKNIQYF,TRBV19*03,None,TRBJ2-4*01,1
915,CASSGSNTTILYF,TRBV19*03,None,TRBJ2-4*01,1
916,CASSGSNTKIQHF,TRBV19*03,None,TRBJ2-4*01,1
917,CASSGSNTTIKYF,TRBV19*03,None,TRBJ2-4*01,1
918,CASRGSNTNIQDF,TRBV19*03,None,TRBJ2-4*01,1
919,CASRGSNTNHQYF,TRBV19*03,None,TRBJ2-4*01,1
920,CASRGSNSNLQYF,TRBV19*03,None,TRBJ2-4*01,1
921,CASRGSNSNIQYF,TRBV19*03,None,TRBJ2-4*01,1
922,CASRGSNPNMQYF,TRBV19*03,None,TRBJ2-4*01,1
923,CASRGSNKINQYF,TRBV19*03,None,TRBJ2-4*01,1
924,CASRGSITNNQYF,TRBV19*03,None,TRBJ2-4*01,1
925,CASRGSITNIQYF,TRBV19*03,None,TRBJ2-4*01,1
926,CASRGSIPNIQYF,TRBV19*03,None,TRBJ2-4*01,1
927,CASRGRYTHIQYF,TRBV19*03,None,TRBJ2-4*01,1
928,CASRGRNTNILYF,TRBV19*03,None,TRBJ2-4*01,1
929,CASRGRNTHIQYF,TRBV19*03,None,TRBJ2-4*01,1
930,CASRGRNTDIQYF,TRBV19*03,None,TRBJ2-4*01,1
931,CASRGRITNLYYF,TRBV19*03,None,TRBJ2-4*01,1
932,CASRGPNTNIQYF,TRBV19*03,None,TRBJ2-4*01,1
933,CASRGMEGPWALNDYTF,TRBV28*01,None,TRBJ1-2*01,1
934,CASRGINTNIQYF,TRBV19*03,None,TRBJ2-4*01,1
935,CASRGGNTKIQYF,TRBV19*03,None,TRBJ2-4*01,1
936,CASRGSNTNIPSF,TRBV19*03,None,TRBJ2-4*01,1
937,CASRGSNTNIQSF,TRBV19*03,None,TRBJ2-4*01,1
938,CASRGCNTNIQYF,TRBV19*03,None,TRBJ2-4*01,1
939,CASRGSNTNIQYF,TRBV19*03,None,TRBJ1-6*02,1
940,CASRVRNTNIQYF,TRBV19*03,None,TRBJ2-4*01,1
941,CASRSNTNIQYF,TRBV19*03,None,TRBJ2-4*01,1
942,CASRRSNTNMQYF,TRBV19*03,None,TRBJ2-4*01,1
943,CASRRDRIPVNSPLHF,TRBV11-2*02,None,TRBJ2-4*01,1
944,CASRRDRFSVNSPLHF,TRBV7-8*03,None,TRBJ1-6*01,1
945,CASRRDRFPVNSPLHF,TRBV7-8*03,None,TRBJ1-1*01,1
946,CASRRDRFPVHSPLHF,TRBV7-8*03,None,TRBJ1-6*01,1
947,CASRLAGTTVTYEQYF,TRBV11-3*03,None,TRBJ2-7*01,1
948,CASRGTNTNIQYF,TRBV19*03,None,TRBJ2-4*01,1
949,CASRGTKTNIQYF,TRBV19*03,None,TRBJ2-4*01,1
950,CASRGSYTNIQYF,TRBV19*03,None,TRBJ2-4*01,1
951,CASRGSSTNIQYF,TRBV19*03,None,TRBJ2-4*01,1
952,CASRGSNTYIQYF,TRBV19*03,None,TRBJ2-4*01,1
953,CASRGSNTNTHYF,TRBV19*03,None,TRBJ2-4*01,1
954,CASRGSNTNNQYF,TRBV19*03,None,TRBJ2-4*01,1
955,CASRGSNTNLQYF,TRBV19*02,None,TRBJ2-4*01,1
956,CASRGSNTNIQYF,TRBV19*03,None,TRBJ2-1*01,1
957,CASRGCNTNSQYF,TRBV19*03,None,TRBJ2-4*01,1
958,CASRGCNPNTQYF,TRBV19*03,None,TRBJ2-4*01,1
959,CASRVSNTNIQYF,TRBV19*01,None,TRBJ2-4*01,1
960,CASKGSNTNIQYF,TRBV19*03,None,TRBJ2-4*01,1
961,CASIWCNTNIHYF,TRBV19*03,None,TRBJ2-4*01,1
962,CASIRSNTNIQYF,TRBV19*03,None,TRBJ2-4*01,1
963,CASIGSNTTIQYF,TRBV19*03,None,TRBJ2-4*01,1
964,CASIGSNTSIQYF,TRBV19*03,None,TRBJ2-4*01,1
965,CASIGSNTNTQYF,TRBV19*03,None,TRBJ2-4*01,1
966,CASIGSNTNNQYF,TRBV19*03,None,TRBJ2-4*01,1
967,CASIGSNTNNQYF,TRBV19*03,None,TRBJ1-6*02,1
968,CASIGSNTNLQFF,TRBV19*01,None,TRBJ2-4*01,1
969,CASIGSNTNIRYF,TRBV19*03,None,TRBJ2-4*01,1
970,CASIGSNTNIQYF,TRBV19*02,None,TRBJ2-4*01,1
971,CASIGSNTNIQFF,TRBV19*03,None,TRBJ2-4*01,1
972,CASIGSNTNILYF,TRBV19*03,None,TRBJ2-4*01,1
973,CASIGSNTIIQYF,TRBV19*03,None,TRBJ2-4*01,1
974,CASIGSNTDIQYF,TRBV19*03,None,TRBJ2-4*01,1
975,CASIGSNRNIHYF,TRBV19*03,None,TRBJ2-4*01,1
976,CASIGSHTNIHYF,TRBV19*03,None,TRBJ2-4*01,1
977,CASIGRNTNIHYF,TRBV19*03,None,TRBJ2-4*01,1
978,CASIWDRFPVNSPLHF,TRBV7-8*03,None,TRBJ1-6*01,1
979,CASKWDRFPVNSPLHF,TRBV7-8*03,None,TRBJ1-6*01,1
980,CASRESNTTLQYF,TRBV19*03,None,TRBJ2-4*01,1
981,CASLGSNTNVQYF,TRBV19*03,None,TRBJ2-4*01,1
982,CASRCDRYPVNSPLHF,TRBV7-8*03,None,TRBJ1-6*01,1
983,CASNWSNTNIQYF,TRBV19*03,None,TRBJ2-4*01,1
984,CASNGSNTTIQYF,TRBV19*03,None,TRBJ2-4*01,1
985,CASNGSNTNTQYF,TRBV19*03,None,TRBJ2-4*01,1
986,CASNGSNTNLQYF,TRBV19*03,None,TRBJ2-4*01,1
987,CASNGSNTNIQNF,TRBV19*03,None,TRBJ2-4*01,1
988,CASNGSNTNIPYF,TRBV19*03,None,TRBJ2-4*01,1
989,CASNGSNTIMQYF,TRBV19*03,None,TRBJ2-4*01,1
990,CASNGSNRNIQYF,TRBV19*03,None,TRBJ2-4*01,1
991,CASNGSNINIQYF,TRBV19*03,None,TRBJ2-4*01,1
992,CASNGRNTTIQYF,TRBV19*03,None,TRBJ2-4*01,1
993,CASNGRNTTILSF,TRBV19*03,None,TRBJ2-4*01,1
994,CASNGRNTNIQYF,TRBV19*01,None,TRBJ2-4*01,1
995,CASNASNTKIQYF,TRBV19*03,None,TRBJ2-4*01,1
996,CASNANNTNSQYF,TRBV19*03,None,TRBJ2-4*01,1
997,CASMVSNTNNQYF,TRBV19*03,None,TRBJ2-4*01,1
998,CASMGSNTNIQYF,TRBV19*03,None,TRBJ2-4*01,1
999,CASRVSNINIQYF,TRBV19*03,None,TRBJ2-4*01,1
1000,CASRWARFPVNSPLHF,TRBV7-8*03,None,TRBJ1-6*01,1
1001,CASSGSNTTIEYF,TRBV19*03,None,TRBJ2-4*01,1
1002,CASSASNTYIQYF,TRBV19*03,None,TRBJ2-4*01,1
1003,CASSASNTNTQYF,TRBV19*03,None,TRBJ2-4*01,1
1004,CASSASNTNSHYF,TRBV19*03,None,TRBJ2-4*01,1
1005,CASSASNTNNQYF,TRBV19*03,None,TRBJ2-4*01,1
1006,CASSASNTNLQYF,TRBV19*03,None,TRBJ2-4*01,1
1007,CASSASNTNIQYF,TRBV19*03,None,TRBJ1-4*01,1
1008,CASSASNTNIQCF,TRBV19*03,None,TRBJ2-4*01,1
1009,CASSASNTNIPYF,TRBV19*03,None,TRBJ2-4*01,1
1010,CASSASNTHIQYF,TRBV19*03,None,TRBJ2-4*01,1
1011,CASSASNSIIQNF,TRBV19*03,None,TRBJ2-4*01,1
1012,CASSASNRNIQYF,TRBV19*03,None,TRBJ2-4*01,1
1013,CASSASNPNLHYF,TRBV19*03,None,TRBJ2-4*01,1
1014,CASSASNPNIQYF,TRBV19*03,None,TRBJ2-4*01,1
1015,CASSASDSNIQYF,TRBV19*03,None,TRBJ2-4*01,1
1016,CASSARNTNNQYF,TRBV19*03,None,TRBJ2-4*01,1
1017,CASSARNTNFQYF,TRBV19*03,None,TRBJ2-4*01,1
1018,CASSAMEGQGVLYRYTF,TRBV19*02,None,TRBJ1-2*01,1
1019,CASSAINTNNQYF,TRBV19*03,None,TRBJ2-4*01,1
1020,CASSASNTSIQYF,TRBV19*03,None,TRBJ2-4*01,1
1021,CASSASTTNIQSF,TRBV19*03,None,TRBJ2-4*01,1
1022,CASSAGNTNLQYF,TRBV19*03,None,TRBJ2-4*01,1
1023,CASSATNTNIQYF,TRBV19*03,None,TRBJ2-4*01,1
1024,CASSERNTNIQNF,TRBV19*03,None,TRBJ2-4*01,1
1025,CASSERNTDIQYF,TRBV19*03,None,TRBJ2-4*01,1
1026,CASSERNKNTQYF,TRBV19*03,None,TRBJ2-4*01,1
1027,CASSERNKNIQYF,TRBV19*03,None,TRBJ2-4*01,1
1028,CASSEPNTNIQYF,TRBV19*03,None,TRBJ2-4*01,1
1029,CASSENITNIQYF,TRBV19*03,None,TRBJ2-4*01,1
1030,CASSEEHSPLHF,TRBV2*01,None,TRBJ1-6*01,1
1031,CASSECNTSIQYF,TRBV19*03,None,TRBJ2-4*01,1
1032,CASSDSSTNTQYF,TRBV19*03,None,TRBJ2-4*01,1
1033,CASSDSNTNTQYF,TRBV19*03,None,TRBJ2-4*01,1
1034,CASSCTNTYIQYF,TRBV19*03,None,TRBJ2-4*01,1
1035,CASSCSYTNIQYF,TRBV19*03,None,TRBJ2-4*01,1
1036,CASSCSNTNINYF,TRBV19*03,None,TRBJ2-4*01,1
1037,CASSCRNTNIQYF,TRBV19*03,None,TRBJ2-4*01,1
1038,CASSCPNTYIQYF,TRBV19*03,None,TRBJ2-4*01,1
1039,CASSCGNTNTQYF,TRBV19*03,None,TRBJ2-4*01,1
1040,CASSCGNTNIQYF,TRBV19*03,None,TRBJ2-4*01,1
1041,CASSAINTNIQYF,TRBV19*03,None,TRBJ2-4*01,1
1042,CASRWYRLPVNSPLHF,TRBV7-8*03,None,TRBJ1-6*01,1
1043,CASRWDHFPVYSPRHF,TRBV7-8*03,None,TRBJ1-6*01,1
1044,CASRWDRFPVNSPLSF,TRBV7-8*03,None,TRBJ1-6*01,1
1045,CASRWDRFPVNSPLHF,TRBV7-9*04,None,TRBJ1-6*01,1
1046,CASRWDRFPVNSPLHF,TRBV7-1*01,None,TRBJ1-6*01,1
1047,CASRWDRFPVNSPLDF,TRBV7-8*03,None,TRBJ1-6*01,1
1048,CASRWDRFPVNSPIHF,TRBV7-8*03,None,TRBJ1-6*01,1
1049,CASRWDRFPVNSPHHF,TRBV7-3*04,None,TRBJ1-6*01,1
1050,CASRWDRFPVNSPFHF,TRBV7-8*03,None,TRBJ1-6*01,1
1051,CASRWDRFPVNSLLHF,TRBV7-8*03,None,TRBJ1-6*01,1
1052,CASRWDRFPVNSALHF,TRBV7-8*03,None,TRBJ1-6*01,1
1053,CASRWDRFPVKSPLYF,TRBV7-8*03,None,TRBJ1-6*01,1
1054,CASRWDRFPLNSPLLF,TRBV7-8*03,None,TRBJ1-6*01,1
1055,CASRWDRFPINSPLHF,TRBV7-8*03,None,TRBJ1-6*01,1
1056,CASRWDRFPENSPLHF,TRBV7-8*03,None,TRBJ1-6*01,1
1057,CASRWDRFPANSPLHF,TRBV7-8*03,None,TRBJ1-6*01,1
1058,CASRWDRFLVNSPLHF,TRBV7-8*03,None,TRBJ1-6*01,1
1059,CASRWDPVPVKSPLHF,TRBV7-8*03,None,TRBJ1-6*01,1
1060,CASRWDPFPANSRLHF,TRBV7-8*03,None,TRBJ1-6*01,1
1061,CASRWDLFPVNSPIHF,TRBV7-8*03,None,TRBJ1-6*01,1
1062,CASRWDRFPVNSPLLF,TRBV7-8*03,None,TRBJ1-6*01,1
1063,CASRWDRFPVNSPLYF,TRBV7-8*03,None,TRBJ1-6*01,1
1064,CASRWYRFPVNSPLHF,TRBV7-8*03,None,TRBJ1-6*01,1
1065,CASRWDRFPVNSPRHF,TRBV7-8*03,None,TRBJ1-6*01,1
1066,CASRWYRFPVNLPLHF,TRBV7-8*03,None,TRBJ1-6*01,1
1067,CASRWNRFPVNSPLHF,TRBV7-8*03,None,TRBJ1-6*01,1
1068,CASRWNRFPVHSPLHF,TRBV7-8*03,None,TRBJ1-6*01,1
1069,CASRWHRFQVNSPLHF,TRBV7-8*03,None,TRBJ1-6*01,1
1070,CASRWHRFPVNSPRHF,TRBV7-8*03,None,TRBJ1-6*01,1
1071,CASRWGRFPVNSPLHF,TRBV7-8*01,None,TRBJ1-6*01,1
1072,CASRWEGFPVNSPLHF,TRBV7-8*03,None,TRBJ1-6*01,1
1073,CASRWDSCPVNSPLHF,TRBV7-8*03,None,TRBJ1-6*01,1
1074,CASRWDRYPVNSPLHF,TRBV7-8*03,None,TRBJ1-6*01,1
1075,CASRWDRSSVNSPLHF,TRBV7-8*03,None,TRBJ1-6*01,1
1076,CASRWDRLPVSSPLHF,TRBV7-8*03,None,TRBJ1-6*01,1
1077,CASRWDRFTVNSPLRF,TRBV7-8*03,None,TRBJ1-6*01,1
1078,CASRWDRFSVNSPLHF,TRBV7-8*03,None,TRBJ1-6*01,1
1079,CASRWDRFPVYSPLHF,TRBV7-8*03,None,TRBJ1-6*01,1
1080,CASRWDRFPVNTPLHF,TRBV7-8*03,None,TRBJ1-6*01,1
1081,CASRWDRFPVNSSLHF,TRBV7-8*03,None,TRBJ1-6*01,1
1082,CASRWDRFPVNSPVHF,TRBV7-8*03,None,TRBJ1-6*01,1
1083,CASIGRDTNIQYF,TRBV19*03,None,TRBJ2-4*01,1
1084,CASIGINTNIQYF,TRBV19*03,None,TRBJ1-6*02,1
1085,CASIGIKTNIQYF,TRBV19*03,None,TRBJ2-4*01,1
1086,CARRGSKTNIQYF,TRBV19*03,None,TRBJ2-4*01,1
1087,CARRASNTNIQYF,TRBV19*03,None,TRBJ2-4*01,1
1088,CARPGSNTNIQYF,TRBV19*03,None,TRBJ2-4*01,1
1089,CARIGSNTNSNYF,TRBV19*03,None,TRBJ2-4*01,1
1090,CARGGSNTNIQYF,TRBV19*03,None,TRBJ2-4*01,1
1091,CARCGRNTNVQYF,TRBV19*03,None,TRBJ2-4*01,1
1092,CARCASNTNIQYF,TRBV19*03,None,TRBJ2-4*01,1
1093,CAPRNRSFQGNQNF,TRBV6-7*01,None,TRBJ2-5*01,1
1094,CANSVSNTNIQYF,TRBV19*01,None,TRBJ2-4*01,1
1095,CANSPSGRRSTVQFF,TRBV11-3*03,None,TRBJ2-1*01,1
1096,CANSGSNTYIQYF,TRBV19*03,None,TRBJ2-4*01,1
1097,CANSGSNTNVQYF,TRBV19*03,None,TRBJ2-4*01,1
1098,CANSGSNTNTQYF,TRBV19*03,None,TRBJ2-4*01,1
1099,CANSGSNTNMQYF,TRBV19*03,None,TRBJ2-4*01,1
1100,CANSGSNTNLQYF,TRBV19*03,None,TRBJ2-4*01,1
1101,CANSGSNTNIKYF,TRBV19*03,None,TRBJ2-4*01,1
1102,CANSGSKTNIQYF,TRBV19*03,None,TRBJ2-4*01,1
1103,CANSGGNTNIQYF,TRBV19*03,None,TRBJ2-4*01,1
1104,CARRGMIGQGALSAYTF,TRBV28*01,None,TRBJ1-2*01,1
1105,CARRGSNTNIQFF,TRBV19*03,None,TRBJ2-4*01,1
1106,CANSESNTNIQYF,TRBV19*03,None,TRBJ2-4*01,1
1107,CARRLSNTNIQYF,TRBV19*03,None,TRBJ2-4*01,1
1108,CARSGRNTNTQYF,TRBV19*03,None,TRBJ2-4*01,1
1109,CARSGRNTNIQYF,TRBV19*03,None,TRBJ2-4*01,1
1110,CARSGRNTNIKYF,TRBV19*02,None,TRBJ2-4*01,1
1111,CARSGRNINIQYF,TRBV19*03,None,TRBJ2-4*01,1
1112,CARSGRNHNIQYF,TRBV19*03,None,TRBJ2-4*01,1
1113,CARSGRKTNTQYF,TRBV19*03,None,TRBJ2-4*01,1
1114,CARSGNYTNIQYF,TRBV19*03,None,TRBJ2-4*01,1
1115,CARSGNNTNIQYF,TRBV19*03,None,TRBJ2-4*01,1
1116,CARSGNNTKTQYF,TRBV19*03,None,TRBJ2-4*01,1
1117,CARSGGNTNMQYF,TRBV19*03,None,TRBJ2-4*01,1
1118,CARSGGNPKIQYF,TRBV19*03,None,TRBJ2-4*01,1
1119,CARSGCNTNIQYF,TRBV19*03,None,TRBJ2-4*01,1
1120,CARSGCNTNIQCF,TRBV19*03,None,TRBJ2-4*01,1
1121,CARSEGNTNIQYF,TRBV5-3*02,None,TRBJ2-4*01,1
1122,CARSATNTYTQYF,TRBV19*03,None,TRBJ2-4*01,1
1123,CARRWDRFQVNSPLHF,TRBV7-8*03,None,TRBJ1-6*01,1
1124,CARRWDRFPVNSHIHF,TRBV11-3*02,None,TRBJ1-6*01,1
1125,CANSGCNTNIQYF,TRBV19*03,None,TRBJ2-4*01,1
1126,CANRWDRFPVNSPLHF,TRBV7-8*03,None,TRBJ1-6*01,1
1127,CASIGGNTNLQYF,TRBV5-7*01,None,TRBJ2-4*01,1
1128,CAGSGVSRIIQYF,TRBV19*03,None,TRBJ2-4*01,1
1129,CAGSGSNTNTQYF,TRBV19*03,None,TRBJ2-4*01,1
1130,CAGSGSNTNSQYF,TRBV19*03,None,TRBJ2-4*01,1
1131,CAGSGSNTNMQYF,TRBV19*03,None,TRBJ2-4*01,1
1132,CAGSGSNTNIQYF,TRBV19*01,None,TRBJ2-4*01,1
1133,CAGSGSNPNLQYF,TRBV19*03,None,TRBJ2-4*01,1
1134,CAGSGSNANIQYF,TRBV19*03,None,TRBJ2-4*01,1
1135,CAGNGSNTNIQYF,TRBV19*03,None,TRBJ2-4*01,1
1136,CAGHGSKTSMQYF,TRBV19*03,None,TRBJ2-4*01,1
1137,CAFSGSNTNIQYF,TRBV19*03,None,TRBJ2-4*01,1
1138,CACSGSNTNNQYF,TRBV19*03,None,TRBJ2-4*01,1
1139,CACSGSNTNIHYF,TRBV19*03,None,TRBJ2-4*01,1
1140,CACSGSNTDMQYF,TRBV19*03,None,TRBJ2-4*01,1
1141,CACSGSNTDIQYF,TRBV19*03,None,TRBJ2-4*01,1
1142,CACSGSNRNIQYF,TRBV19*03,None,TRBJ2-4*01,1
1143,CACSGSNRDTQYF,TRBV19*03,None,TRBJ2-4*01,1
1144,CACSGSKTTIQYF,TRBV19*03,None,TRBJ2-4*01,1
1145,CACSCMEGQGALYGYTF,TRBV28*01,TRBD1*01,TRBJ1-2*01,1
1146,CAGSGSNTNVQYF,TRBV19*03,None,TRBJ2-4*01,1
1147,CAIRCDRFPVNSPLHF,TRBV7-8*03,None,TRBJ1-6*01,1
1148,CANRGSNTHIQYF,TRBV19*03,None,TRBJ2-4*01,1
1149,CAIRWDRFPVNSPLHF,TRBV7-4*01,None,TRBJ1-6*01,1
1150,CANIGSNTTIQYF,TRBV19*03,None,TRBJ2-4*01,1
1151,CAISVSNTNIQYF,TRBV19*03,None,TRBJ2-4*01,1
1152,CAISRTSTNTQYF,TRBV19*03,None,TRBJ2-4*01,1
1153,CAISRSNTNIQYF,TRBV19*03,None,TRBJ2-4*01,1
1154,CAISGTNTNLQYF,TRBV19*03,None,TRBJ2-4*01,1
1155,CAISGSNTTLQYF,TRBV19*03,None,TRBJ2-4*01,1
1156,CAISGSNTTIQYF,TRBV19*03,None,TRBJ2-4*01,1
1157,CAISGSNTNSQYF,TRBV19*03,None,TRBJ2-4*01,1
1158,CAISGSNTNNQYF,TRBV19*03,None,TRBJ2-4*01,1
1159,CAISGSNTNMQYF,TRBV19*03,None,TRBJ2-4*01,1
1160,CAISGSNTNLQYF,TRBV19*03,None,TRBJ2-4*01,1
1161,CAISGSNTNIQNF,TRBV19*03,None,TRBJ2-4*01,1
1162,CAISGSNTKIQYF,TRBV19*03,None,TRBJ2-4*01,1
1163,CAISGSNRNIQYF,TRBV19*03,None,TRBJ2-4*01,1
1164,CAISGRNTNIQYF,TRBV19*03,None,TRBJ2-4*01,1
1165,CAISASNTNIQYF,TRBV19*03,None,TRBJ2-4*01,1
1166,CAIRWDRFPVNSPLHF,TRBV7-8*03,None,TRBJ1-6*01,1
1167,CARSGSDTNIQYF,TRBV19*03,None,TRBJ2-4*01,1
1168,CARSGSHTNIQYF,TRBV19*03,None,TRBJ2-4*01,1
1169,CARSGSKTNIQYF,TRBV19*03,None,TRBJ2-4*01,1
1170,CASGGSNTKIQYF,TRBV19*03,None,TRBJ2-4*01,1
1171,CASGGSNPNIQYF,TRBV19*03,None,TRBJ2-4*01,1
1172,CASGGSNKNIQYF,TRBV19*03,None,TRBJ2-4*01,1
1173,CASGGRNTNIQYF,TRBV19*03,None,TRBJ2-4*01,1
1174,CASGGRNTNIQYF,TRBV19*01,None,TRBJ2-4*01,1
1175,CASGGRKTNVQYF,TRBV19*03,None,TRBJ2-4*01,1
1176,CASGGNNTNIQYF,TRBV19*03,None,TRBJ2-4*01,1
1177,CASGGMEGQGALYGYTF,TRBV28*01,TRBD1*01,TRBJ1-2*01,1
1178,CASGGGNTNIQYF,TRBV19*03,None,TRBJ2-4*01,1
1179,CASGGCYTNIQYF,TRBV19*01,None,TRBJ2-4*01,1
1180,CASGASNTNIQYF,TRBV19*03,None,TRBJ2-4*01,1
1181,CASFGSNTNIQYF,TRBV19*03,None,TRBJ2-4*01,1
1182,CASDGSNTNIQYF,TRBV19*03,None,TRBJ2-4*01,1
1183,CASCVSNTSIKYF,TRBV19*03,None,TRBJ2-4*01,1
1184,CASCRSNTNIQYF,TRBV19*03,None,TRBJ2-4*01,1
1185,CASCGSNTTIQYF,TRBV19*03,None,TRBJ2-4*01,1
1186,CASCGSNTNTQYF,TRBV19*03,None,TRBJ2-4*01,1
1187,CASCGSNTNNQYF,TRBV19*03,None,TRBJ2-4*01,1
1188,CASGGSNPNLQYF,TRBV19*03,None,TRBJ2-4*01,1
1189,CASGGSNTNIQYF,TRBV19*03,None,TRBJ2-6*01,1
1190,CARSGSNANMQYF,TRBV19*03,None,TRBJ2-4*01,1
1191,CASGGSNTNLQYF,TRBV19*03,None,TRBJ2-4*01,1
1192,CASIGGNTNIQYF,TRBV19*03,None,TRBJ2-7*01,1
1193,CASIGCNTIIQYF,TRBV19*03,None,TRBJ2-4*01,1
1194,CASIGCNPNLQYF,TRBV19*03,None,TRBJ2-4*01,1
1195,CASIANNTNIQYF,TRBV19*03,None,TRBJ2-4*01,1
1196,CASHVSNTNIQYF,TRBV19*03,None,TRBJ2-4*01,1
1197,CASGWSNTNIQYF,TRBV19*03,None,TRBJ2-4*01,1
1198,CASGVSNTNIQYF,TRBV19*03,None,TRBJ2-4*01,1
1199,CASGVINTNIQYF,TRBV19*03,None,TRBJ2-4*01,1
1200,CASGRSTTNHRCF,TRBV7-9*02,None,TRBJ2-4*01,1
1201,CASGRSNTNIQYF,TRBV19*03,None,TRBJ2-4*01,1
1202,CASGRRNTNIQSF,TRBV19*03,None,TRBJ2-4*01,1
1203,CASGGTDTNIQYF,TRBV19*03,None,TRBJ2-4*01,1
1204,CASGGSTTIIRYF,TRBV19*03,None,TRBJ2-4*01,1
1205,CASGGSNTTIQYF,TRBV19*03,None,TRBJ2-4*01,1
1206,CASGGSNTSIQYF,TRBV19*03,None,TRBJ2-4*01,1
1207,CASGGSNTNSQYF,TRBV19*03,None,TRBJ2-4*01,1
1208,CASGGSNTNMQYF,TRBV19*03,None,TRBJ2-4*01,1
1209,CASCGSNTNLQYF,TRBV19*03,None,TRBJ2-4*01,1
1210,CASCGSNTNIQHF,TRBV19*03,None,TRBJ2-4*01,1
1211,CASCGSNTNIQFF,TRBV19*03,None,TRBJ2-4*01,1
1212,CASCGSNTNILYF,TRBV19*03,None,TRBJ2-4*01,1
1213,CARSGSNTSIQYF,TRBV19*03,None,TRBJ2-4*01,1
1214,CARSGSNTNTQYF,TRBV19*03,None,TRBJ2-4*01,1
1215,CARSGSNTNSYYF,TRBV19*03,None,TRBJ2-4*01,1
1216,CARSGSNTNNQYF,TRBV19*03,None,TRBJ2-4*01,1
1217,CARSGSNTNIQYF,TRBV5-6*01,None,TRBJ2-4*01,1
1218,CARSGSNTNIQYF,TRBV5-3*01,None,TRBJ2-4*01,1
1219,CARSGSNTNIQCF,TRBV19*03,None,TRBJ2-4*01,1
1220,CARSGSNTNIKYF,TRBV19*03,None,TRBJ2-4*01,1
1221,CARSGSNTNIHYF,TRBV19*03,None,TRBJ2-4*01,1
1222,CARSGSNTNHQYF,TRBV19*03,None,TRBJ2-4*01,1
1223,CARSGSNTKVQYF,TRBV19*03,None,TRBJ2-4*01,1
1224,CARSGSNTKLQYF,TRBV19*03,None,TRBJ2-4*01,1
1225,CARSGSNTKIQYF,TRBV9*01,None,TRBJ2-4*01,1
1226,CARSGSNTHIQYF,TRBV19*03,None,TRBJ2-4*01,1
1227,CARSGSNTDVQYF,TRBV19*03,None,TRBJ2-4*01,1
1228,CARSGSNPTILYF,TRBV19*03,None,TRBJ2-4*01,1
1229,CARSGSNESIQYF,TRBV19*01,None,TRBJ2-4*01,1
1230,CARSGSNTYFQYF,TRBV19*03,None,TRBJ2-4*01,1
1231,CARSGSSPNIQYF,TRBV19*03,None,TRBJ2-4*01,1
1232,CARSGSSTNIQYF,TRBV19*03,None,TRBJ2-4*01,1
1233,CASCGMEGQGALYGYTF,TRBV28*01,TRBD1*01,TRBJ1-2*01,1
1234,CASCGSNTNIKYF,TRBV19*03,None,TRBJ2-4*01,1
1235,CASCGSNTILQYF,TRBV19*02,None,TRBJ2-4*01,1
1236,CASCGSNKNIQYF,TRBV19*03,None,TRBJ2-4*01,1
1237,CASCGSKTNIQYF,TRBV19*03,None,TRBJ2-4*01,1
1238,CASCGRNTNIQYF,TRBV19*03,None,TRBJ2-4*01,1
1239,CASCGRNTNIEYF,TRBV19*03,None,TRBJ2-4*01,1
1240,CASCGNNTNIQYF,TRBV19*03,None,TRBJ2-4*01,1
1241,CASCGGNTNIQYF,TRBV19*03,None,TRBJ2-4*01,1
1242,CARSGTNKNIHYF,TRBV19*03,None,TRBJ2-4*01,1
1243,CASCGGNTIIQYF,TRBV19*01,None,TRBJ2-4*01,1
1244,CASAVSNTNIQYF,TRBV19*03,None,TRBJ2-4*01,1
1245,CASAGSSTNIQYF,TRBV19*03,None,TRBJ2-4*01,1
1246,CARTGRNTNIHYF,TRBV19*03,None,TRBJ2-4*01,1
1247,CARSWSNTTLQYF,TRBV19*03,None,TRBJ2-4*01,1
1248,CARSVSNTNIQYF,TRBV19*03,None,TRBJ1-6*02,1
1249,CARSRSHTNSHYF,TRBV19*03,None,TRBJ2-4*01,1
1250,CASSERNTNIQYF,TRBV19*03,None,TRBJ2-4*01,1
1251,CASSESITNIQYF,TRBV19*03,None,TRBJ2-4*01,1
1252,CASSESNSNIQYF,TRBV19*03,None,TRBJ2-4*01,1
1253,CASSGSNSIIQYF,TRBV19*03,None,TRBJ2-4*01,1
1254,CASSGSNSDIQYF,TRBV19*03,None,TRBJ2-4*01,1
1255,CASSGSNRYIQYF,TRBV19*03,None,TRBJ2-4*01,1
1256,CASSGSNRNLQYF,TRBV19*03,None,TRBJ2-4*01,1
1257,CASSGSNRNIHYF,TRBV19*03,None,TRBJ2-4*01,1
1258,CASSGSNQNIQYF,TRBV19*03,None,TRBJ2-4*01,1
1259,CASSGSNPRVQYF,TRBV19*03,None,TRBJ2-4*01,1
1260,CASSGSNPNNQYF,TRBV19*03,None,TRBJ2-4*01,1
1261,CASSGSNPNMQFF,TRBV19*03,None,TRBJ2-4*01,1
1262,CASSGSNPNLQYF,TRBV19*03,None,TRBJ2-4*01,1
1263,CASSGSNPNKQYF,TRBV19*03,None,TRBJ2-4*01,1
1264,CASSGSNPNIQNF,TRBV19*03,None,TRBJ2-4*01,1
1265,CASSGSNPNIHYF,TRBV19*03,None,TRBJ2-4*01,1
1266,CASSGSNPNFQYF,TRBV19*03,None,TRBJ2-4*01,1
1267,CASSGSNPKIQYF,TRBV19*03,None,TRBJ2-4*01,1
1268,CASSGSNPIIQYF,TRBV19*03,None,TRBJ2-4*01,1
1269,CASSGSNPDIQYF,TRBV19*03,None,TRBJ2-4*01,1
1270,CASSGSNNNIQYF,TRBV19*03,None,TRBJ2-4*01,1
1271,CASSGSNSHIQYF,TRBV19*03,None,TRBJ2-4*01,1
1272,CASSGSNSKIQYF,TRBV19*03,None,TRBJ2-4*01,1
1273,CASSGSNKYIQYF,TRBV19*03,None,TRBJ2-4*01,1
1274,CASSGSNSNIQHF,TRBV19*03,None,TRBJ2-4*01,1
1275,CASSGSNTGIQNF,TRBV19*03,None,TRBJ2-4*01,1
1276,CASSGSNTEIQYF,TRBV19*03,None,TRBJ2-4*01,1
1277,CASSGSNTDVQYF,TRBV19*03,None,TRBJ2-4*01,1
1278,CASSGSNTDSQYF,TRBV19*03,None,TRBJ2-4*01,1
1279,CASSGSNTDIQYF,TRBV7-4*01,None,TRBJ2-4*01,1
1280,CASSGSNTDIQYF,TRBV19*03,None,TRBJ1-6*02,1
1281,CASSGSNTDIQSF,TRBV19*03,None,TRBJ2-4*01,1
1282,CASSGSNTDINYF,TRBV19*03,None,TRBJ2-4*01,1
1283,CASSGSNTDILYF,TRBV19*03,None,TRBJ2-4*01,1
1284,CASSGSNTDIHYF,TRBV19*03,None,TRBJ2-4*01,1
1285,CASSGSNTDFQYF,TRBV19*03,None,TRBJ2-4*01,1
1286,CASSGSNSTIQYF,TRBV19*03,None,TRBJ2-4*01,1
1287,CASSGSNSTILYF,TRBV19*03,None,TRBJ2-4*01,1
1288,CASSGSNSNTQYF,TRBV19*03,None,TRBJ2-4*01,1
1289,CASSGSNSNMQYF,TRBV19*03,None,TRBJ2-4*01,1
1290,CASSGSNSNLQYF,TRBV19*03,None,TRBJ2-4*01,1
1291,CASSGSNSNLHYF,TRBV19*03,None,TRBJ2-4*01,1
1292,CASSGSNLNILYF,TRBV19*02,None,TRBJ2-4*01,1
1293,CASSGSNKNVQYF,TRBV19*03,None,TRBJ2-4*01,1
1294,CASSGSIPNIHYF,TRBV19*03,None,TRBJ2-4*01,1
1295,CASSGSKTNNQYF,TRBV19*03,None,TRBJ2-4*01,1
1296,CASSGSKTNLQYF,TRBV19*03,None,TRBJ2-4*01,1
1297,CASSGSKTNIRYF,TRBV19*03,None,TRBJ2-4*01,1
1298,CASSGSKTNIQYF,TRBV19*02,None,TRBJ2-4*01,1
1299,CASSGSKTNIQSF,TRBV19*03,None,TRBJ2-4*01,1
1300,CASSGSKTNIQDF,TRBV19*03,None,TRBJ2-4*01,1
1301,CASSGSKTNIKYF,TRBV19*03,None,TRBJ2-4*01,1
1302,CASSGSKTNIKCF,TRBV19*03,None,TRBJ2-4*01,1
1303,CASSGSKTNIEYF,TRBV19*03,None,TRBJ2-4*01,1
1304,CASSGSKTNFQYF,TRBV19*03,None,TRBJ2-4*01,1
1305,CASSGSKSSIQYF,TRBV19*03,None,TRBJ2-4*01,1
1306,CASSGSKQNIQYF,TRBV19*03,None,TRBJ2-4*01,1
1307,CASSGSKPKLQYF,TRBV19*03,None,TRBJ2-4*01,1
1308,CASSGSKKNIQYF,TRBV19*03,None,TRBJ2-4*01,1
1309,CASSGSITNVQYF,TRBV19*03,None,TRBJ2-7*01,1
1310,CASSGSITNTQYF,TRBV19*03,None,TRBJ2-4*01,1
1311,CASSGSITNIQYF,TRBV19*02,None,TRBJ2-4*01,1
1312,CASSGSITHLQYF,TRBV19*03,None,TRBJ2-4*01,1
1313,CASSGSKTNMQYF,TRBV19*03,None,TRBJ2-4*01,1
1314,CASSGSKTNSQYF,TRBV19*03,None,TRBJ2-4*01,1
1315,CASSGSNKNNQYF,TRBV19*03,None,TRBJ2-4*01,1
1316,CASSGSKTNVQYF,TRBV19*03,None,TRBJ2-4*01,1
1317,CASSGSNKNIKYF,TRBV19*03,None,TRBJ2-4*01,1
1318,CASSGSNKNIHYF,TRBV19*03,None,TRBJ2-4*01,1
1319,CASSGSNKKFQYF,TRBV19*03,None,TRBJ2-4*01,1
1320,CASSGSNKDIQYF,TRBV19*03,None,TRBJ2-4*01,1
1321,CASSGSNITIQYF,TRBV19*03,None,TRBJ2-4*01,1
1322,CASSGSNITIKYF,TRBV19*01,None,TRBJ2-4*01,1
1323,CASSGSNINIQYF,TRBV19*02,None,TRBJ2-4*01,1
1324,CASSGSNINIQSF,TRBV19*03,None,TRBJ2-4*01,1
1325,CASSGSNINIHYF,TRBV19*03,None,TRBJ2-4*01,1
1326,CASSGSNASIQYF,TRBV19*03,None,TRBJ2-4*01,1
1327,CASSGSNANVQYF,TRBV19*03,None,TRBJ2-4*01,1
1328,CASSGSNANTQYF,TRBV19*03,None,TRBJ2-4*01,1
1329,CASSGSNANMQYF,TRBV5-4*03,None,TRBJ2-4*01,1
1330,CASSGSNANIQYF,TRBV19*02,None,TRBJ2-4*01,1
1331,CASSGSNAKVQYF,TRBV19*03,None,TRBJ2-4*01,1
1332,CASSGSKTYIQYF,TRBV19*03,None,TRBJ2-4*01,1
1333,CASSGSKTSIQSF,TRBV19*03,None,TRBJ2-4*01,1
1334,CASSGSNTHIQYF,TRBV28*01,None,TRBJ2-4*01,1
1335,CASSGSNTHIRYF,TRBV19*03,None,TRBJ2-4*01,1
1336,CASSGSNTHLQYF,TRBV19*03,None,TRBJ1-6*02,1
1337,CASSGSNTNSQYF,TRBV19*02,None,TRBJ2-4*01,1
1338,CASSGSNTNSHYF,TRBV19*03,None,TRBJ2-4*01,1
1339,CASSGSNTNRKYF,TRBV19*03,None,TRBJ2-4*01,1
1340,CASSGSNTNNRYF,TRBV19*03,None,TRBJ2-4*01,1
1341,CASSGSNTNNQYF,TRBV19*01,None,TRBJ2-4*01,1
1342,CASSGSNTNNQFF,TRBV19*03,None,TRBJ2-4*01,1
1343,CASSGSNTNNKYF,TRBV19*03,None,TRBJ2-4*01,1
1344,CASSGSNTNMQYF,TRBV5-7*01,None,TRBJ2-4*01,1
1345,CASSGSNTNMQYF,TRBV19*03,None,TRBJ1-6*02,1
1346,CASSGSNTNMQNF,TRBV19*03,None,TRBJ2-4*01,1
1347,CASSGSNTNMLYF,TRBV19*03,None,TRBJ2-4*01,1
1348,CASSGSNTNLRCF,TRBV19*03,None,TRBJ2-4*01,1
1349,CASSGSNTNLQYF,TRBV19*03,None,TRBJ1-6*02,1
1350,CASSGSNTNLQYF,TRBV19*01,None,TRBJ2-4*01,1
1351,CASSGSNTNLQNF,TRBV19*03,None,TRBJ2-4*01,1
1352,CASSGSNTNLQHF,TRBV19*03,None,TRBJ2-4*01,1
1353,CASSGSNTNITYF,TRBV19*03,None,TRBJ2-4*01,1
1354,CASSGSNTNIRYF,TRBV19*01,None,TRBJ2-4*01,1
1355,CASSGSNTNSQCF,TRBV19*03,None,TRBJ2-4*01,1
1356,CASSGSNTNSQYF,TRBV19*03,None,TRBJ1-6*02,1
1357,CASSGSNTHMQYF,TRBV19*03,None,TRBJ2-4*01,1
1358,CASSGSNTNSQYF,TRBV7-7*01,None,TRBJ2-4*01,1
1359,CASSGSNTSVQYF,TRBV19*03,None,TRBJ2-4*01,1
1360,CASSGSNTSTQYF,TRBV19*03,None,TRBJ2-4*01,1
1361,CASSGSNTSMQYF,TRBV19*03,None,TRBJ2-4*01,1
1362,CASSGSNTSIQYF,TRBV19*03,None,TRBJ1-5*01,1
1363,CASSGSNTSIQSF,TRBV19*03,None,TRBJ2-4*01,1
1364,CASSGSNTNYQYF,TRBV19*03,None,TRBJ2-4*01,1
1365,CASSGSNTNVRYF,TRBV19*03,None,TRBJ2-4*01,1
1366,CASSGSNTNVQYF,TRBV19*03,None,TRBJ1-6*01,1
1367,CASSGSNTNVQYF,TRBV19*02,None,TRBJ2-4*01,1
1368,CASSGSNTNVPYF,TRBV19*03,None,TRBJ2-4*01,1
1369,CASSGSNTNVLYF,TRBV19*03,None,TRBJ2-4*01,1
1370,CASSGSNTNVHYF,TRBV19*03,None,TRBJ2-4*01,1
1371,CASSGSNTNTRYF,TRBV19*03,None,TRBJ2-4*01,1
1372,CASSGSNTNTQYF,TRBV19*03,None,TRBJ1-6*02,1
1373,CASSGSNTNTQHF,TRBV19*03,None,TRBJ2-4*01,1
1374,CASSGSNTNTQDF,TRBV19*03,None,TRBJ2-4*01,1
1375,CASSGSNTNTKYF,TRBV19*03,None,TRBJ2-4*01,1
1376,CASSGSNTNIQYF,TRBV9*02,None,TRBJ2-4*01,1
1377,CASSGSNTNIQYF,TRBV7-1*01,None,TRBJ2-4*01,1
1378,CASSGSNTNIQYF,TRBV5-5*03,None,TRBJ2-4*01,1
1379,CASSGSNTNIQYF,TRBV23-1*01,None,TRBJ2-4*01,1
1380,CASSGSNTLIQYF,TRBV19*03,None,TRBJ2-4*01,1
1381,CASSGSNTKTQYF,TRBV19*03,None,TRBJ2-4*01,1
1382,CASSGSNTKNQYF,TRBV19*03,None,TRBJ1-6*02,1
1383,CASSGSNTKMQYF,TRBV19*03,None,TRBJ2-4*01,1
1384,CACIRSNTNIQYF,TRBV19*03,None,TRBJ2-4*01,1
1385,CASSGSNTKIQHF,TRBV19*03,None,TRBJ1-6*02,1
1386,CASSGSNTKIQCF,TRBV19*03,None,TRBJ2-4*01,1
1387,CASSGSNTKIKYF,TRBV19*03,None,TRBJ2-4*01,1
1388,CASSGSNTITQYF,TRBV19*03,None,TRBJ2-4*01,1
1389,CASSGSNTINQYF,TRBV19*03,None,TRBJ2-4*01,1
1390,CASSGSNTIMQYF,TRBV19*03,None,TRBJ2-4*01,1
1391,CASSGSNTILQYF,TRBV19*03,None,TRBJ2-4*01,1
1392,CASSGSNTIIRYF,TRBV19*03,None,TRBJ2-4*01,1
1393,CASSGSNTIIQYF,TRBV19*03,None,TRBJ1-6*02,1
1394,CASSGSNTIIQYF,TRBV19*03,None,TRBJ1-4*01,1
1395,CASSGSNTIIHYF,TRBV19*02,None,TRBJ2-4*01,1
1396,CASSGSNTHVQYF,TRBV19*03,None,TRBJ2-4*01,1
1397,CASSGSNTNAQYF,TRBV19*03,None,TRBJ2-4*01,1
1398,CASSGSNTNEQYF,TRBV19*03,None,TRBJ2-4*01,1
1399,CASSGSNTNFQSF,TRBV19*03,None,TRBJ2-4*01,1
1400,CASSGSNTNIKDF,TRBV19*03,None,TRBJ2-4*01,1
1401,CASSGSNTNIQYF,TRBV19*03,None,TRBJ1-2*01,1
1402,CASSGSNTNIQYF,TRBV19*01,None,TRBJ1-6*02,1
1403,CASSGSNTNIQHF,TRBV19*03,None,TRBJ1-5*01,1
1404,CASSGSNTNIQCF,TRBV19*01,None,TRBJ2-4*01,1
1405,CASSGSNTNIPYF,TRBV19*02,None,TRBJ2-4*01,1
1406,CASSGSNTNIMYF,TRBV19*03,None,TRBJ2-4*01,1
1407,CASSGSNTNIKNF,TRBV19*03,None,TRBJ2-4*01,1
1408,CASSGSNTNIKCF,TRBV19*03,None,TRBJ2-4*01,1
1409,CASSGSNTNFQYF,TRBV19*02,None,TRBJ2-4*01,1
1410,CASSGSNTNIHYF,TRBV19*03,None,TRBJ1-5*01,1
1411,CASSGSNTNIHYF,TRBV19*02,None,TRBJ2-4*01,1
1412,CASSGSNTNIHPF,TRBV19*03,None,TRBJ2-4*01,1
1413,CASSGSNTNIHNF,TRBV19*03,None,TRBJ2-4*01,1
1414,CASSGSNTNIECF,TRBV19*03,None,TRBJ2-4*01,1
1415,CASSGSNTNIDYF,TRBV19*03,None,TRBJ2-4*01,1
1416,CASSGSNTNGQYF,TRBV19*03,None,TRBJ2-4*01,1
1417,CASSGSIPNILYF,TRBV19*03,None,TRBJ2-4*01,1
1418,CASSGSHTSIQYF,TRBV19*03,None,TRBJ2-4*01,1
1419,CASSESNTKIQYF,TRBV19*03,None,TRBJ2-4*01,1
1420,CASSGGNTYIQYF,TRBV19*03,None,TRBJ2-4*01,1
1421,CASSGGNTNIQYF,TRBV19*03,None,TRBJ2-5*01,1
1422,CASSGGNTNIQYF,TRBV19*03,None,TRBJ1-6*02,1
1423,CASSGGNTNIQDF,TRBV19*03,None,TRBJ2-4*01,1
1424,CASSGGNTNIPYF,TRBV19*03,None,TRBJ2-4*01,1
1425,CASSGGNTNIHYF,TRBV19*03,None,TRBJ2-4*01,1
1426,CASSGGNTNFQYF,TRBV19*03,None,TRBJ2-4*01,1
1427,CASSGGNTNFHYF,TRBV19*03,None,TRBJ1-4*01,1
1428,CASSGGNTHIQYF,TRBV19*03,None,TRBJ2-4*01,1
1429,CASSGGNSTIKYF,TRBV19*03,None,TRBJ2-4*01,1
1430,CASSGGNSNIQYF,TRBV19*03,None,TRBJ2-4*01,1
1431,CASSGGNPNIQYF,TRBV19*03,None,TRBJ2-4*01,1
1432,CASSGGNPNDQYF,TRBV19*03,None,TRBJ2-4*01,1
1433,CASSGGNKNIQFF,TRBV19*03,None,TRBJ2-4*01,1
1434,CASSGGNINIHYF,TRBV19*03,None,TRBJ2-4*01,1
1435,CASSGGKTNTQYF,TRBV19*03,None,TRBJ2-4*01,1
1436,CASSGGKTNNQYF,TRBV19*03,None,TRBJ2-4*01,1
1437,CASSGGKKNIQYF,TRBV19*03,None,TRBJ2-4*01,1
1438,CASSGGNTNLQYF,TRBV19*03,None,TRBJ2-4*01,1
1439,CASSGGNTYVQYF,TRBV19*03,None,TRBJ2-4*01,1
1440,CASSGGITNIQYF,TRBV19*03,None,TRBJ2-4*01,1
1441,CASSGGTLNTQYF,TRBV19*03,None,TRBJ2-4*01,1
1442,CASSGINTNIRYF,TRBV19*03,None,TRBJ2-4*01,1
1443,CASSGINTNIQNF,TRBV19*03,None,TRBJ2-4*01,1
1444,CASSGINTNIPYF,TRBV19*03,None,TRBJ2-4*01,1
1445,CASSGINTNILYF,TRBV19*03,None,TRBJ2-4*01,1
1446,CASSGINTNIKYF,TRBV19*03,None,TRBJ2-4*01,1
1447,CASSGINTNIHYF,TRBV19*03,None,TRBJ2-4*01,1
1448,CASSGINTNIEYF,TRBV19*03,None,TRBJ2-4*01,1
1449,CASSGININIQYF,TRBV19*03,None,TRBJ2-4*01,1
1450,CASSGIKTSIQYF,TRBV19*03,None,TRBJ2-4*01,1
1451,CASSGIKTNTQYF,TRBV19*03,None,TRBJ2-4*01,1
1452,CASSGIHTNIQYF,TRBV19*03,None,TRBJ2-4*01,1
1453,CASSGIERQGALYGYTF,TRBV28*01,None,TRBJ1-2*01,1
1454,CASSGIEGQGALYGYTF,TRBV28*01,TRBD1*01,TRBJ1-2*01,1
1455,CASSGIDTNIQYF,TRBV19*03,None,TRBJ2-4*01,1
1456,CASSGHNTNIQYF,TRBV19*03,None,TRBJ2-4*01,1
1457,CASSGGYTNIQYF,TRBV19*03,None,TRBJ2-4*01,1
1458,CASSGGTTNIQYF,TRBV19*03,None,TRBJ2-4*01,1
1459,CASSGGITNVQYF,TRBV19*03,None,TRBJ2-4*01,1
1460,CASSGGHTNIQYF,TRBV19*03,None,TRBJ2-4*01,1
1461,CASSGSHTNVQYF,TRBV19*03,None,TRBJ2-4*01,1
1462,CASSGCKTNIQYF,TRBV19*03,None,TRBJ2-4*01,1
1463,CASSFTNRKTQYF,TRBV19*03,None,TRBJ2-5*01,1
1464,CASSFSVGPTYVQYF,TRBV14*02,None,TRBJ2-7*01,1
1465,CASSFSVGPTYEQYF,TRBV11-2*03,None,TRBJ2-7*01,1
1466,CASSFSVGPIYEQYF,TRBV14*02,None,TRBJ2-7*01,1
1467,CASSFSVAPTYEQYF,TRBV14*02,None,TRBJ2-7*01,1
1468,CASSFSTCSANYCYTF,TRBV12-4*02,None,TRBJ1-2*01,1
1469,CASSFRVGPTYEQYF,TRBV11-3*02,None,TRBJ2-7*01,1
1470,CASSETNTNIPHF,TRBV19*03,None,TRBJ2-4*01,1
1471,CASSESNTSIQYF,TRBV19*03,None,TRBJ2-4*01,1
1472,CASSESNTNKQYF,TRBV19*03,None,TRBJ2-4*01,1
1473,CASSESNTNIQYF,TRBV3-1*01,None,TRBJ1-5*01,1
1474,CASSESNTNIQYF,TRBV19*03,None,TRBJ1-4*01,1
1475,CASSESNTNIQYF,TRBV19*02,None,TRBJ2-4*01,1
1476,CASSESNTNIQYF,TRBV19*01,None,TRBJ2-4*01,1
1477,CASSESNTNIQHF,TRBV19*03,None,TRBJ2-4*01,1
1478,CASSESNTNIKYF,TRBV19*03,None,TRBJ2-4*01,1
1479,CASSESNTNFQYF,TRBV19*03,None,TRBJ2-4*01,1
1480,CASSGCHTNIQYF,TRBV19*03,None,TRBJ2-4*01,1
1481,CASSGCNANIQYF,TRBV19*03,None,TRBJ2-4*01,1
1482,CASSGFNTNIQYF,TRBV19*03,None,TRBJ2-4*01,1
1483,CASSGCNPNNQYF,TRBV19*03,None,TRBJ2-4*01,1
1484,CASSGENTNIQYF,TRBV19*03,None,TRBJ1-5*01,1
1485,CASSGDNTNIQYF,TRBV19*03,None,TRBJ2-4*01,1
1486,CASSGDNTNIQYF,TRBV19*01,None,TRBJ2-4*01,1
1487,CASSGDNTDIQYF,TRBV19*03,None,TRBJ2-4*01,1
1488,CASSGCNTTTQYF,TRBV19*03,None,TRBJ2-4*01,1
1489,CASSGCNTTIQYF,TRBV19*03,None,TRBJ2-4*01,1
1490,CASSGCNTSIQYF,TRBV19*03,None,TRBJ2-4*01,1
1491,CASSGCNTNTQYF,TRBV19*03,None,TRBJ2-4*01,1
1492,CASSGCNTNSHYF,TRBV19*03,None,TRBJ2-4*01,1
1493,CASSGCNTNNQYF,TRBV19*03,None,TRBJ2-4*01,1
1494,CASSGCNTNLQSF,TRBV19*03,None,TRBJ2-4*01,1
1495,CASSGCNTNIRYF,TRBV19*03,None,TRBJ2-4*01,1
1496,CASSGCNTNIQYF,TRBV19*03,None,TRBJ2-7*01,1
1497,CASSGCNTNIQYF,TRBV19*02,None,TRBJ2-4*01,1
1498,CASSGCNTNIQSF,TRBV19*03,None,TRBJ2-4*01,1
1499,CASSGCNTNINYF,TRBV19*03,None,TRBJ2-4*01,1
1500,CASSGCNTHIQYF,TRBV19*03,None,TRBJ2-4*01,1
1501,CASSGINTNNQYF,TRBV19*03,None,TRBJ2-4*01,1
1502,CASSGINTNTQYF,TRBV19*03,None,TRBJ2-4*01,1
1503,CASSGINTSIQYF,TRBV19*03,None,TRBJ2-4*01,1
1504,CASSGRNTNLQNF,TRBV19*03,None,TRBJ2-4*01,1
1505,CASSGRNTNIQYF,TRBV19*01,None,TRBJ2-1*01,1
1506,CASSGRNTNIQDF,TRBV19*03,None,TRBJ2-4*01,1
1507,CASSGRNTNIPYF,TRBV19*03,None,TRBJ2-4*01,1
1508,CASSGRNTNINYF,TRBV19*03,None,TRBJ2-4*01,1
1509,CASSGRNTNILYF,TRBV19*03,None,TRBJ2-4*01,1
1510,CASSGRNTNIEYF,TRBV19*03,None,TRBJ2-4*01,1
1511,CASSGRNTKVQYF,TRBV19*03,None,TRBJ2-4*01,1
1512,CASSGRNTKSHYF,TRBV19*03,None,TRBJ2-4*01,1
1513,CASSGRNTKLQYF,TRBV19*03,None,TRBJ2-4*01,1
1514,CASSGRNTKLPYF,TRBV19*03,None,TRBJ2-4*01,1
1515,CASSGRNTKIEDF,TRBV19*01,None,TRBJ2-4*01,1
1516,CASSGRNTHIQYF,TRBV19*03,None,TRBJ2-4*01,1
1517,CASSGRNTDTECF,TRBV19*03,None,TRBJ2-4*01,1
1518,CASSGRNTDIQYF,TRBV19*03,None,TRBJ2-4*01,1
1519,CASSGRNSYIQYF,TRBV19*03,None,TRBJ2-4*01,1
1520,CASSGRNRNIQYF,TRBV19*03,None,TRBJ2-4*01,1
1521,CASSGRNPTLHYF,TRBV19*03,None,TRBJ2-4*01,1
1522,CASSGRNTNIRYF,TRBV19*03,None,TRBJ2-4*01,1
1523,CASSGRNTNNQYF,TRBV19*03,None,TRBJ2-4*01,1
1524,CASSGITTNIQYF,TRBV19*03,None,TRBJ2-4*01,1
1525,CASSGRNTNSQYF,TRBV19*03,None,TRBJ2-4*01,1
1526,CASSGSHTNIQYF,TRBV19*03,None,TRBJ1-6*02,1
1527,CASSGSHTNIKYF,TRBV19*03,None,TRBJ2-4*01,1
1528,CASSGSHPNSQYF,TRBV19*03,None,TRBJ1-2*01,1
1529,CASSGSHKNIQYF,TRBV19*03,None,TRBJ2-4*01,1
1530,CASSGSHANIQYF,TRBV19*03,None,TRBJ2-4*01,1
1531,CASSGSDTNNQYF,TRBV19*03,None,TRBJ2-4*01,1
1532,CASSGSDTNMQYF,TRBV19*03,None,TRBJ2-4*01,1
1533,CASSGRTTNTQYF,TRBV19*03,None,TRBJ2-4*01,1
1534,CASSGRNTYVQYF,TRBV19*02,None,TRBJ2-4*01,1
1535,CASSGRNTYIQYF,TRBV19*03,None,TRBJ2-4*01,1
1536,CASSGRNTTMQYF,TRBV19*03,None,TRBJ2-4*01,1
1537,CASSGRNTTILYF,TRBV19*03,None,TRBJ2-4*01,1
1538,CASSGRNTSIQYF,TRBV19*03,None,TRBJ2-4*01,1
1539,CASSGRNTNVQYF,TRBV19*02,None,TRBJ2-4*01,1
1540,CASSGRNTNVQNF,TRBV19*03,None,TRBJ2-4*01,1
1541,CASSGRNTNTQYF,TRBV19*03,None,TRBJ2-6*01,1
1542,CASSGRNTNTHYF,TRBV19*03,None,TRBJ2-4*01,1
1543,CASSGRNPTIQYF,TRBV19*03,None,TRBJ2-4*01,1
1544,CASSGRNPNVQYF,TRBV19*03,None,TRBJ2-4*01,1
1545,CASSGRNPKIQFF,TRBV19*03,None,TRBJ2-1*01,1
1546,CASSGRNKNIQYF,TRBV19*03,None,TRBJ2-6*01,1
1547,CASSGMERKGALYGYTF,TRBV28*01,None,TRBJ1-2*01,1
1548,CASSGMEGQWARYGYTF,TRBV28*01,None,TRBJ1-2*01,1
1549,CASSGMEGQGLLYGYTF,TRBV28*01,None,TRBJ1-2*01,1
1550,CASSGMEGQGELYGYTF,TRBV28*01,TRBD1*01,TRBJ1-2*01,1
1551,CASSGMEGQGALYGYTF,TRBV6-6*05,TRBD1*01,TRBJ1-2*01,1
1552,CASSGMEGQGALYGYTF,TRBV2*02,TRBD1*01,TRBJ1-2*01,1
1553,CASSGMEGQGALYGYSF,TRBV28*01,TRBD1*01,TRBJ1-2*01,1
1554,CASSGMEGQGALYGYNF,TRBV28*01,TRBD1*01,TRBJ1-2*01,1
1555,CASSGMEGQGALSGYTF,TRBV28*01,TRBD1*01,TRBJ1-2*01,1
1556,CASSGMEGQGALFGYVF,TRBV28*01,TRBD1*01,TRBJ1-2*01,1
1557,CASSGMEGKGALYGYTF,TRBV28*01,None,TRBJ1-2*01,1
1558,CASSGMEGEGALYGYTF,TRBV28*01,None,TRBJ1-2*01,1
1559,CASSGMDGQGVLYGYTF,TRBV5-8*01,TRBD1*01,TRBJ1-2*01,1
1560,CASSGMAGQGALYGYTF,TRBV5-7*01,TRBD1*01,TRBJ1-2*01,1
1561,CASSGMAGQGALYGYTF,TRBV28*01,TRBD1*01,TRBJ1-2*01,1
1562,CASSGLNTNIQYF,TRBV19*03,None,TRBJ2-4*01,1
1563,CASSGKKTNIQYF,TRBV19*03,None,TRBJ1-4*01,1
1564,CASSGMERQGALNDYTF,TRBV28*01,TRBD1*01,TRBJ1-2*01,1
1565,CASSGMERQGALYGYTF,TRBV28*01,TRBD1*01,TRBJ1-2*01,1
1566,CASSGMEVQGSLYGYTF,TRBV28*01,None,TRBJ1-2*01,1
1567,CASSGRDTNIQYF,TRBV19*03,None,TRBJ2-4*01,1
1568,CASSGRNKNIQYF,TRBV19*03,None,TRBJ2-4*01,1
1569,CASSGRNIKIHYF,TRBV19*03,None,TRBJ2-4*01,1
1570,CASSGRNANIQYF,TRBV19*03,None,TRBJ2-4*01,1
1571,CASSGRKTTIQYF,TRBV19*03,None,TRBJ2-4*01,1
1572,CASSGRKANIQYF,TRBV19*03,None,TRBJ2-4*01,1
1573,CASSGRITNLQYF,TRBV19*03,None,TRBJ2-4*01,1
1574,CASSGREGQGALYGYTF,TRBV28*01,TRBD1*01,TRBJ1-2*01,1
1575,CASSGRDAHSQYF,TRBV19*03,TRBD2*02,TRBJ2-4*01,1
1576,CASSGMGGQGALYGYTF,TRBV28*01,TRBD1*01,TRBJ1-2*01,1
1577,CASSGNSTNIQYF,TRBV19*03,None,TRBJ2-4*01,1
1578,CASSGNNTNIQFF,TRBV19*03,None,TRBJ2-4*01,1
1579,CASSGNNTNIQCF,TRBV19*03,None,TRBJ2-4*01,1
1580,CASSGNNTNIHYF,TRBV19*03,None,TRBJ2-4*01,1
1581,CASSGNNTITQYF,TRBV19*03,None,TRBJ2-4*01,1
1582,CASSGNNINIQYF,TRBV19*03,None,TRBJ2-4*01,1
1583,CASSGMNGQSESYGYTF,TRBV9*02,None,TRBJ1-2*01,1
1584,CYSSGSNTNIQYF,TRBV19*03,None,TRBJ2-4*01,1
