,CDR3seq,V-region,D-region,J-region,Frequency
1,CASRWDRFPVNSPLHF,TRBV7-8*03,None,TRBJ1-6*01,2095
2,CASSGMEGQGALYGYTF,TRBV28*01,TRBD1*01,TRBJ1-2*01,75
3,CASSGSNTNIQYF,TRBV19*03,None,TRBJ2-4*01,66
4,CASTPGAAEREQYF,TRBV25-1*01,None,TRBJ2-7*01,34
5,CASSLAVTSVTYEQYF,TRBV5-1*01,None,TRBJ2-7*01,28
6,CASSLSGRVEKLFF,TRBV12-4*02,None,TRBJ1-4*01,21
7,CASSRQGTNEQYF,TRBV6-6*04,None,TRBJ2-7*01,21
8,CSVWWVRPQETQYF,TRBV29-1*02,None,TRBJ2-5*01,19
9,CASPSETQYF,TRBV28*01,None,TRBJ2-5*01,17
10,CASSVTSYQETQYF,TRBV6-6*03,None,TRBJ2-5*01,16
11,CASSLRVSYEQYF,TRBV7-8*03,None,TRBJ2-7*01,16
12,CSAVAGFSYEQYF,TRBV20-1*02,None,TRBJ2-7*01,16
13,CASSLIDEQFF,TRBV28*01,None,TRBJ2-1*01,13
14,CASSLENRGYTF,TRBV7-9*04,None,TRBJ1-2*01,12
15,CASSYKGGSYNEQFF,TRBV7-3*05,None,TRBJ2-1*01,12
16,CSAVAGFSYEQYF,TRBV20-1*03,None,TRBJ2-7*01,12
17,CSAVAGFSYEQYF,TRBV20-1*06,None,TRBJ2-7*01,12
18,CASTSNLYQETQYF,TRBV6-6*03,None,TRBJ2-5*01,11
19,CASTSNLYQETQYF,TRBV6-6*05,None,TRBJ2-5*01,10
20,CASRWDRLPVNSPLHF,TRBV7-8*03,None,TRBJ1-6*01,9
21,CASSFSVGPTYEQYF,TRBV14*02,None,TRBJ2-7*01,8
22,CASRWDRFPVNSPLHF,TRBV7-8*03,None,TRBJ1-6*02,8
23,CSVEDRQAKRYNEQFF,TRBV29-1*01,None,TRBJ2-1*01,7
24,CASRWDRFPVNSPPHF,TRBV7-8*03,None,TRBJ1-6*01,7
25,CSAGTGTSSLIYEQYF,TRBV20-1*03,None,TRBJ2-7*01,7
26,CASSYTGQGSYEQYF,TRBV6-6*03,None,TRBJ2-7*01,6
27,CASRPTGHVYGYTF,TRBV27*01,None,TRBJ1-2*01,6
28,CASRWDRFPVNSPLHF,TRBV7-3*04,None,TRBJ1-6*01,6
29,CASSPKRETQYF,TRBV18*01,None,TRBJ2-5*01,6
30,CASRWDRFPVNSPLHF,TRBV7-3*05,None,TRBJ1-6*01,5
31,CASSSWTGTGLGYTF,TRBV7-9*04,None,TRBJ1-2*01,5
32,CSVEDRQAKRYNEQFF,TRBV29-1*02,None,TRBJ2-1*01,5
33,CASRWGRFPVNSPLHF,TRBV7-8*03,None,TRBJ1-6*01,5
34,CASRWDRFPVNSPLHF,TRBV7-9*04,None,TRBJ1-6*01,5
35,CASRWDRFPVDSPLHF,TRBV7-8*03,None,TRBJ1-6*01,5
36,CASRWDRVPVNSPLHF,TRBV7-8*03,None,TRBJ1-6*01,5
37,CASSSWTGTGLGYTF,TRBV11-3*03,None,TRBJ1-2*01,5
38,CASMTDLFSYNEQFF,TRBV6-6*03,None,TRBJ2-1*01,5
39,CASRWERFPVNSPLHF,TRBV7-8*03,None,TRBJ1-6*01,5
40,CASSLGGPSYNEQFF,TRBV5-4*04,None,TRBJ2-1*01,4
41,CPSRWDRFPVNSPLHF,TRBV7-8*03,None,TRBJ1-6*01,4
42,CSAGTGTSSLIYEQYF,TRBV20-1*06,None,TRBJ2-7*01,4
43,CASRWDRFPVNSPFHF,TRBV7-8*03,None,TRBJ1-6*01,4
44,CASRWDRFPVNSPLHF,TRBV11-3*02,None,TRBJ1-6*01,4
45,CASRWYRFPVNSPLHF,TRBV7-8*03,None,TRBJ1-6*01,4
46,CASRWDRFPVNPPLHF,TRBV7-8*03,None,TRBJ1-6*01,4
47,CASRWDRSPVNSPLHF,TRBV7-8*03,None,TRBJ1-6*01,4
48,CASSRQGTNEQYF,TRBV6-6*03,None,TRBJ2-7*01,4
49,CASMTDLFSYNEQFF,TRBV6-6*05,None,TRBJ2-1*01,4
50,CASRWDRFPVNSPLRF,TRBV7-8*03,None,TRBJ1-6*01,4
51,CASRWDRFPVNSPLHF,TRBV7-8*02,None,TRBJ1-6*01,4
52,CASSLVIGGATGDIQYF,TRBV11-3*03,None,TRBJ2-4*01,4
53,CSVETRRGSSGYTF,TRBV29-1*02,None,TRBJ1-2*01,4
54,CASRCDRFPVNSPLHF,TRBV7-8*03,None,TRBJ1-6*01,4
55,CVSRWDRFPVNSPLHF,TRBV7-8*03,None,TRBJ1-6*01,4
56,CASRWDRFPLNSPLHF,TRBV7-8*03,None,TRBJ1-6*01,3
57,CASTSNLYQETQYF,TRBV6-6*04,None,TRBJ2-5*01,3
58,CASRWDRFPVNSSLHF,TRBV7-8*03,None,TRBJ1-6*01,3
59,CASRWDRFPVTSPLHF,TRBV7-8*03,None,TRBJ1-6*01,3
60,CASRWDRFPVNSPLHF,TRBV11-3*03,None,TRBJ1-6*01,3
61,CASRWDRFPVNSPLHF,TRBV28*01,None,TRBJ1-6*01,3
62,CDSRWDRFPVNSPLHF,TRBV7-8*03,None,TRBJ1-6*01,3
63,CSAGTGTSSLIYEQYF,TRBV20-1*02,None,TRBJ2-7*01,3
64,CASRWDRFPANSPLHF,TRBV7-8*03,None,TRBJ1-6*01,3
65,CASSLENRGYTF,TRBV11-3*03,None,TRBJ1-2*01,3
66,CASGWDRFPVNSPLHF,TRBV7-8*03,None,TRBJ1-6*01,3
67,CASSLVIGGATGDIQYF,TRBV7-9*04,None,TRBJ2-4*01,3
68,CSASSRGGSQETQYF,TRBV20-1*04,None,TRBJ2-5*01,3
69,CASSLGGPSYNEQFF,TRBV5-4*03,None,TRBJ2-1*01,3
70,CSASSRGGSQETQYF,TRBV20-1*05,None,TRBJ2-5*01,3
71,CASRWDLFPVNSPLHF,TRBV7-8*03,None,TRBJ1-6*01,2
72,CASRWDRFPVNSPLHF,TRBV7-3*03,None,TRBJ1-6*01,2
73,CASRWDRFPVNSPLHF,TRBV11-2*03,None,TRBJ1-6*01,2
74,CSSRWDRFPVNSPLHF,TRBV7-8*03,None,TRBJ1-6*01,2
75,CSASSRGGSQETQYF,TRBV20-1*03,None,TRBJ2-5*01,2
76,CSASSRGGSQETQYF,TRBV20-1*06,None,TRBJ2-5*01,2
77,CASSLAVTSVTYEQYF,TRBV5-1*01,None,TRBJ2-5*01,2
78,CSASSRGGSQETQYF,TRBV20-1*07,None,TRBJ2-5*01,2
79,CASRWVRFPVNSPLHF,TRBV7-8*03,None,TRBJ1-6*01,2
80,CASRWDRFPVNSPIHF,TRBV7-8*03,None,TRBJ1-6*01,2
81,CASSLGGPSYNEQFF,TRBV5-8*02,None,TRBJ2-1*01,2
82,CAGRWDRFPVNSPLHF,TRBV7-8*03,None,TRBJ1-6*01,2
83,CASRWDRFPVNSPLQF,TRBV7-8*03,None,TRBJ1-6*01,2
84,CASRWDRFPVNSPLYF,TRBV7-8*03,None,TRBJ1-6*01,2
85,CASRWDHFPVNSPLHF,TRBV7-8*03,None,TRBJ1-6*01,2
86,CASRWDRIPVNSPLHF,TRBV7-8*03,None,TRBJ1-6*01,2
87,CASRWDRFPVNSPHHF,TRBV7-8*03,None,TRBJ1-6*01,2
88,CASTPGAEEREQYF,TRBV25-1*01,None,TRBJ2-7*01,2
89,CAIRWDRFPVNSPLHF,TRBV7-8*03,None,TRBJ1-6*01,2
90,CASRWDRFQVNSPLHF,TRBV7-8*03,None,TRBJ1-6*01,2
91,CASRWDRFPVNSPRHF,TRBV7-8*03,None,TRBJ1-6*01,2
92,CASRWDGFPVNSPLHF,TRBV7-8*03,None,TRBJ1-6*01,2
93,CASRWDCFPVNSPLHF,TRBV7-8*03,None,TRBJ1-6*01,2
94,CASRWDRFPINSPLHF,TRBV7-8*03,None,TRBJ1-6*01,2
95,CASRWDRFSVNSPLHF,TRBV7-8*03,None,TRBJ1-6*01,2
96,CASRVLGAETQYF,TRBV28*01,None,TRBJ2-5*01,2
97,CASSLGGPSYNEQFF,TRBV5-5*03,None,TRBJ2-1*01,2
98,CASRWDRFPVNSTLHF,TRBV7-8*03,None,TRBJ1-6*01,2
99,CASRWDRFPVNSALHF,TRBV7-8*03,None,TRBJ1-6*01,2
100,CSALMAGQAFF,TRBV20-1*02,None,TRBJ1-1*01,2
101,CASRWDRFTVNSPLHF,TRBV7-8*03,None,TRBJ1-6*01,2
102,CANRWDRFPVNSPLHF,TRBV7-8*03,None,TRBJ1-6*01,2
103,CASSLPVTSSTYEQYF,TRBV5-1*01,None,TRBJ2-7*01,1
104,CASSYKGCSYTEQFF,TRBV7-3*05,None,TRBJ2-1*01,1
105,CASSYTAQGSYEQYF,TRBV6-6*03,None,TRBJ2-7*01,1
106,CASSYKGGSYNEQFF,TRBV7-3*05,None,TRBJ2-5*01,1
107,CASSLRVSYDQYF,TRBV7-8*03,None,TRBJ2-7*01,1
108,CASSYTGQGSYEQYF,TRBV6-6*05,None,TRBJ2-7*01,1
109,CASSRQGPNEQYF,TRBV6-6*03,None,TRBJ2-7*01,1
110,CASSLRVSYEQYF,TRBV7-8*03,None,TRBJ2-5*01,1
111,CASTAGAAEREQYF,TRBV25-1*01,None,TRBJ2-7*01,1
112,CASSPTGYVSGYTF,TRBV27*01,None,TRBJ1-2*01,1
113,CASSRQGTNEQYF,TRBV6-6*05,None,TRBJ2-7*01,1
114,CASSLVIGGATGDTKYF,TRBV7-9*04,None,TRBJ2-4*01,1
115,CASSRQGTNVQYF,TRBV6-6*04,None,TRBJ2-7*01,1
116,CASSRRGTNEQYF,TRBV6-6*04,None,TRBJ2-7*01,1
117,CASSSSTGTELGNTF,TRBV7-8*03,None,TRBJ1-2*01,1
118,CASSSWPGTRLSYTF,TRBV7-8*03,None,TRBJ1-2*01,1
119,CASSSWTGPGLGYTF,TRBV7-9*01,None,TRBJ1-2*01,1
120,CASSSWTGTGLGHTF,TRBV7-8*03,None,TRBJ1-2*01,1
121,CASSSWTGTGLGYTF,TRBV7-8*03,None,TRBJ1-2*01,1
122,CASSYKGCSYNEQFF,TRBV7-3*05,None,TRBJ2-1*01,1
123,CASSSWTWSGLGYTF,TRBV4-3*03,None,TRBJ1-2*01,1
124,CASSTGSEQYF,TRBV6-6*03,None,TRBJ2-7*01,1
125,CASSLSDSYEQYF,TRBV7-8*03,None,TRBJ2-7*01,1
126,CASSVAVTSVTYEQYF,TRBV5-1*02,None,TRBJ2-7*01,1
127,CASSVTSHQETQYF,TRBV6-6*03,None,TRBJ2-5*01,1
128,CASSRQGTNEQYF,TRBV12-4*02,None,TRBJ2-7*01,1
129,CASSVTSYQETQYF,TRBV6-6*04,None,TRBJ2-5*01,1
130,CASSVTSYQETQYF,TRBV6-6*05,None,TRBJ2-5*01,1
131,CASSYGTANTEEFF,TRBV6-6*03,None,TRBJ1-1*01,1
132,CASSYTGQWSYEQYF,TRBV6-6*03,None,TRBJ2-5*01,1
133,CAAITPNTGNHFYF,TRBV6-2*01,None,TRBJ2-1*01,1
134,CASTLAVTSVTYQQYF,TRBV5-1*02,None,TRBJ2-7*01,1
135,CSASSRGGSQGTQYF,TRBV20-1*02,None,TRBJ2-5*01,1
136,CSAVAGFSYEEYF,TRBV20-1*03,None,TRBJ2-7*01,1
137,CSAVAGFSYEPYF,TRBV20-1*02,None,TRBJ2-7*01,1
138,CSAVAGFSYEQYF,TRBV20-1*07,None,TRBJ2-7*01,1
139,CSAVAGFSYVQYF,TRBV20-1*06,None,TRBJ2-7*01,1
140,CSAVAGFTYEKYF,TRBV20-1*02,None,TRBJ2-7*01,1
141,CSAVAGSSYEQYF,TRBV20-1*02,None,TRBJ2-7*01,1
142,CSAVAGVSYEQYF,TRBV20-1*05,None,TRBJ2-7*01,1
143,CSAVARFSYEQYF,TRBV20-1*02,None,TRBJ2-7*01,1
144,CSAVARFTYEQYF,TRBV20-1*02,None,TRBJ2-7*01,1
145,CSAVAVFSYEQYF,TRBV20-1*02,None,TRBJ2-7*01,1
146,CSAWWVRPEEFQYF,TRBV29-1*03,None,TRBJ2-5*01,1
147,CSAWWVRPQETQYF,TRBV29-1*03,None,TRBJ2-5*01,1
148,CSDVARISYEQYF,TRBV20-1*03,None,TRBJ2-7*01,1
149,CSFEDRQAKRYNEQFF,TRBV29-1*01,None,TRBJ2-1*01,1
150,CSSRWDRFPVNSPHHF,TRBV7-8*03,None,TRBJ1-6*01,1
151,CSSRWDRSPVNSPLHF,TRBV7-8*03,None,TRBJ1-6*01,1
152,CSSSLGGPSYNEQFF,TRBV5-4*04,None,TRBJ2-1*01,1
153,CSSSLVMGGATGDIQYF,TRBV11-3*02,None,TRBJ2-4*01,1
154,CSSSSWTGNGFGYIF,TRBV11-3*03,None,TRBJ1-2*01,1
155,CSSTPGAAAREQYF,TRBV25-1*01,None,TRBJ2-7*01,1
156,CSVEDWQAKRYNEQFF,TRBV29-1*02,None,TRBJ2-1*01,1
157,CSVWWGRPQESQYF,TRBV29-1*02,None,TRBJ2-5*01,1
158,CSVWWVRPQDTQYF,TRBV29-1*02,None,TRBJ2-5*01,1
159,CVSRWYRFPVNSPLHF,TRBV7-8*03,None,TRBJ1-6*01,1
160,CVSSLIDEQFF,TRBV28*01,None,TRBJ2-1*01,1
161,CSASSRRGSQETQYF,TRBV20-1*05,None,TRBJ2-5*01,1
162,CSASSRGGSQETQYF,TRBV20-1*02,None,TRBJ2-5*01,1
163,CASTPGAAAREQYF,TRBV25-1*01,None,TRBJ2-7*01,1
164,CSALMAGQAFF,TRBV20-1*06,None,TRBJ1-1*01,1
165,CASTPGAAERQQYF,TRBV7-9*05,None,TRBJ2-7*01,1
166,CASTPGAAVRETYF,TRBV25-1*01,None,TRBJ2-7*01,1
167,CASTPGDAEREQYF,TRBV25-1*01,None,TRBJ2-7*01,1
168,CASTPGPAQRVQYF,TRBV25-1*01,None,TRBJ2-7*01,1
169,CASTSKLYQETQYF,TRBV6-6*03,None,TRBJ2-5*01,1
170,CASTSNLCQEIQYF,TRBV6-6*05,None,TRBJ2-5*01,1
171,CASTSNLYQETQYF,TRBV6-4*01,None,TRBJ2-5*01,1
172,CASTWDRFPVNSPLHF,TRBV7-8*03,None,TRBJ1-6*01,1
173,CATIGSNTNIQYF,TRBV19*03,None,TRBJ2-4*01,1
174,CAVRGSQEDLIF,TRBV25-1*01,None,TRBJ1-1*01,1
175,CDSSLAVTSVTYQQYF,TRBV5-1*01,None,TRBJ2-5*01,1
176,CDSTLGLAGGSATQYF,TRBV2*02,TRBD2*01,TRBJ2-3*01,1
177,CGSRWDRFPVNSPLHF,TRBV7-8*03,None,TRBJ1-6*01,1
178,CGSRWDRFPVNSPLLF,TRBV7-8*03,None,TRBJ1-6*01,1
179,CGSRWYRFPVNSPLHF,TRBV7-8*03,None,TRBJ1-6*01,1
180,CGSSLRVSYEQYF,TRBV7-8*03,None,TRBJ2-7*01,1
181,CIAVAGVSYEQYF,TRBV20-1*04,None,TRBJ2-7*01,1
182,CIVWWVRPQETQYF,TRBV29-1*02,None,TRBJ2-5*01,1
183,CPRRWDRFPVNSPLHF,TRBV7-8*03,None,TRBJ1-6*01,1
184,CPRTPGAAEREQYF,TRBV25-1*01,None,TRBJ2-7*01,1
185,CRASDWQGSYNEQFF,TRBV20-1*03,None,TRBJ2-1*01,1
186,CSAAAGFSYEQYF,TRBV20-1*03,None,TRBJ2-7*01,1
187,CSAGGGYSYQQYF,TRBV20-1*06,None,TRBJ1-6*02,1
188,CSAGTGTSSLTYEQYF,TRBV20-1*02,None,TRBJ2-7*01,1
189,CSALAGFSYKQYF,TRBV20-1*03,None,TRBJ2-7*01,1
190,CASSLIDEQFF,TRBV28*01,None,TRBJ2-7*01,1
191,CASSGRNTNIQHF,TRBV19*03,None,TRBJ2-4*01,1
192,CASSLIDAQFF,TRBV28*01,None,TRBJ2-1*01,1
193,CASRWARFPVNSPLHF,TRBV7-8*03,None,TRBJ1-6*01,1
194,CASRCDRFPVNSPHHF,TRBV7-8*03,None,TRBJ1-6*01,1
195,CASRCDRFPVNSPLPF,TRBV7-8*03,None,TRBJ1-6*02,1
196,CASRCDRFPVNSPPHF,TRBV11-2*03,None,TRBJ1-6*01,1
197,CASRCGRFPVNSLLHF,TRBV7-8*03,None,TRBJ1-6*01,1
198,CASRDMEGQGALYGYTF,TRBV28*01,TRBD1*01,TRBJ1-2*01,1
199,CASRHKGGSYNEQFF,TRBV7-3*05,None,TRBJ2-1*01,1
200,CASRLDGIPVNYHLHF,TRBV5-1*02,None,TRBJ1-6*01,1
201,CASRLDRFPVNPPLHF,TRBV7-8*03,None,TRBJ1-6*01,1
202,CASRLRVTYEQYF,TRBV7-9*03,None,TRBJ2-7*01,1
203,CASRPTGHVYGYTF,TRBV27*01,None,TRBJ2-7*01,1
204,CASRRDHFPVNSPLHF,TRBV7-8*03,None,TRBJ1-6*01,1
205,CASRVLGAETQHF,TRBV28*01,None,TRBJ2-5*01,1
206,CASRWARFPVNSHLLF,TRBV7-8*03,None,TRBJ1-6*01,1
207,CASRWDGFPVSSPLHF,TRBV11-2*01,None,TRBJ1-6*01,1
208,CASPSETTYF,TRBV28*01,None,TRBJ2-5*01,1
209,CASRWDPFPVNSPLHF,TRBV7-8*03,None,TRBJ1-6*01,1
210,CASRWDRCPVNSPLHF,TRBV7-8*03,None,TRBJ1-6*01,1
211,CASRWDRFAVNSPLHF,TRBV7-3*05,None,TRBJ1-6*01,1
212,CASRWDRFAVNSPLHF,TRBV7-8*03,None,TRBJ1-6*01,1
213,CASRWDRFHGNSLLHF,TRBV7-8*03,None,TRBJ1-6*01,1
214,CASRWDRFPENSPLHF,TRBV7-8*03,None,TRBJ1-6*01,1
215,CASRWDRFPGNSPLHF,TRBV7-8*03,None,TRBJ1-6*01,1
216,CASRWDRFPVISPLHF,TRBV7-8*03,None,TRBJ1-6*01,1
217,CASRWDRFPVKSPHYF,TRBV7-8*03,None,TRBJ1-6*01,1
218,CASRWDRFPVKSPLHF,TRBV7-8*03,None,TRBJ1-6*01,1
219,CASRWDRFPVKSPLSF,TRBV7-8*03,None,TRBJ1-6*02,1
220,CASRWDRFPVNLPLHF,TRBV7-8*01,None,TRBJ1-6*01,1
221,CASRWDRFPVNLPLHF,TRBV7-8*02,None,TRBJ1-6*01,1
222,CASRCDRCPVKSPLHF,TRBV7-8*03,None,TRBJ1-6*01,1
223,CASPSETQYF,TRBV28*01,None,TRBJ2-7*01,1
224,CASSLGSPSYNEQFF,TRBV5-4*02,None,TRBJ2-5*01,1
225,CARSGIAAQGALYGYTF,TRBV28*01,None,TRBJ1-2*01,1
226,CAGSGMEGQGALYGYTF,TRBV28*01,TRBD1*01,TRBJ1-2*01,1
227,CAISLGGPSYNEQFF,TRBV5-5*03,None,TRBJ2-1*01,1
228,CAITSNRYQETPYF,TRBV10-3*02,None,TRBJ2-5*01,1
229,CAKEGRSGDEKLFF,TRBV7-9*04,None,TRBJ1-4*01,1
230,CANTPGAAEREQYF,TRBV25-1*01,None,TRBJ2-7*01,1
231,CARAWDRVPVNSPLHF,TRBV7-8*03,None,TRBJ1-6*01,1
232,CARIRQGTNEQYF,TRBV6-6*04,None,TRBJ2-7*01,1
233,CARRSWTGTGLGYTF,TRBV7-9*03,None,TRBJ1-2*01,1
234,CARRWDRFPVNSPLHF,TRBV7-8*03,None,TRBJ1-6*01,1
235,CARRWDRFPVYSPLHF,TRBV7-8*03,None,TRBJ1-6*01,1
236,CARRWDRVPVNSLLHF,TRBV4-3*04,None,TRBJ1-6*01,1
237,CARRWDSFPVNSPLRF,TRBV7-8*03,None,TRBJ1-6*01,1
238,CARRWNSVPVNSPLHF,TRBV7-8*03,None,TRBJ1-6*01,1
239,CARSLGGPSYNEQFF,TRBV5-4*03,None,TRBJ2-1*01,1
240,CASPSETQYF,TRBV28*01,None,TRBJ2-1*01,1
241,CARSLIDGQFF,TRBV28*01,None,TRBJ2-1*01,1
242,CARSLRVSYEQYF,TRBV7-8*03,None,TRBJ2-7*01,1
243,CARSLSGRVEKLFF,TRBV12-4*02,None,TRBJ1-4*01,1
244,CASCFSVGPTYEQYF,TRBV14*02,None,TRBJ2-7*01,1
245,CASGWDRFAVNSPLHF,TRBV7-8*03,None,TRBJ1-6*01,1
246,CASIWDRFPVNSPLHF,TRBV7-8*03,None,TRBJ1-6*01,1
247,CASMTDLFAYNEQFF,TRBV6-6*05,None,TRBJ2-1*01,1
248,CASMTDLFPYNEQFF,TRBV6-6*05,None,TRBJ2-1*01,1
249,CASMTDLFSYNEKFF,TRBV6-6*05,None,TRBJ2-1*01,1
250,CASMTDLFSYNEQFF,TRBV6-6*04,None,TRBJ2-1*01,1
251,CASMTDLFSYNEQYF,TRBV6-6*03,None,TRBJ2-5*01,1
252,CASNLRGTRGYGYTF,TRBV27*01,None,TRBJ1-2*01,1
253,CASPSETKYF,TRBV7-3*05,None,TRBJ2-5*01,1
254,CASRWDRFPVNSHLHF,TRBV7-8*03,None,TRBJ1-6*01,1
255,CASRWDRFPVNSPLDF,TRBV7-8*03,None,TRBJ1-6*01,1
256,CASRWDRFPVNSPLHF,TRBV11-2*02,None,TRBJ1-6*01,1
257,CASSLENRGNTF,TRBV7-9*04,None,TRBJ1-2*01,1
258,CASSFSVGPNYEQYF,TRBV14*02,None,TRBJ2-7*01,1
259,CASSFSVRPAYEQYF,TRBV14*02,None,TRBJ2-7*01,1
260,CASSGGNTNIQYF,TRBV19*03,None,TRBJ2-4*01,1
261,CASSGMAGKGALYGYNF,TRBV28*01,None,TRBJ1-2*01,1
262,CASSGMEGQGALYGYPF,TRBV28*01,TRBD1*01,TRBJ1-2*01,1
263,CASSGMEGQGAPYGYTF,TRBV28*01,TRBD1*01,TRBJ1-2*01,1
264,CAGRPTGHVYGYTF,TRBV27*01,None,TRBJ1-2*01,1
265,CASSGSNTTIQNF,TRBV19*03,None,TRBJ2-4*01,1
266,CASSITVRTTYQYYF,TRBV28*01,None,TRBJ2-7*01,1
267,CASSLAVTSVTKHQYF,TRBV5-1*01,None,TRBJ2-7*01,1
268,CASSLAVTSVTYDQYF,TRBV5-1*01,None,TRBJ2-7*01,1
269,CASSLAVTSVTYEHYF,TRBV5-1*01,None,TRBJ2-7*01,1
270,CASSLENRAYTF,TRBV7-9*02,None,TRBJ1-2*01,1
271,CASSLENRGYTF,TRBV4-3*04,None,TRBJ1-2*01,1
272,CASRWDRFPVNSPLHF,TRBV7-2*04,None,TRBJ1-6*01,1
273,CASSLENRGYTF,TRBV7-9*01,None,TRBJ1-2*01,1
274,CASSLENRVYTF,TRBV7-9*04,None,TRBJ1-2*01,1
275,CASSLGGASYNEQFF,TRBV5-5*02,None,TRBJ2-1*01,1
276,CASSLGGPSHNEQFF,TRBV5-5*03,None,TRBJ2-1*01,1
277,CASSLGGPSYKHYFF,TRBV4-2*01,None,TRBJ2-1*01,1
278,CASSLGGPSYNEKFF,TRBV5-4*04,None,TRBJ2-5*01,1
279,CASSLGGPSYNEQFF,TRBV5-1*02,None,TRBJ2-1*01,1
280,CASSLGGPSYNEQFF,TRBV5-4*02,None,TRBJ2-1*01,1
281,CASSLGGPSYNEQFF,TRBV5-5*02,None,TRBJ2-1*01,1
282,CASSLGGPSYNEQYF,TRBV5-5*02,None,TRBJ2-7*01,1
283,CASSLGGPSYNVQFF,TRBV5-5*02,None,TRBJ2-5*01,1
284,CASSLGGPSYNVQFF,TRBV5-5*03,None,TRBJ2-1*01,1
285,CASSLGGSSYAEQFF,TRBV5-5*02,None,TRBJ2-1*01,1
286,CASSFSVGPIYEQYF,TRBV14*02,None,TRBJ2-7*01,1
287,CASSFSTCSANYGYTF,TRBV12-4*02,None,TRBJ1-2*01,1
288,CASSFKGGSTNEQFF,TRBV7-3*05,None,TRBJ2-1*01,1
289,CASSCWTGTELGYTF,TRBV11-3*03,None,TRBJ1-2*01,1
290,CASRWDRFPVNSPLHF,TRBV7-3*01,None,TRBJ1-6*01,1
291,CASRWDRFPVNSPLHF,TRBV7-8*01,None,TRBJ1-6*01,1
292,CASRWDRFPVNSPLLF,TRBV7-8*03,None,TRBJ1-6*01,1
293,CASRWDRFPVNSPLPF,TRBV7-8*03,None,TRBJ1-6*01,1
294,CASRWDRFPVNSPVHF,TRBV7-8*03,None,TRBJ1-6*01,1
295,CASRWDRFPVNSRLHF,TRBV7-3*05,None,TRBJ1-6*01,1
296,CASRWDRFPVNSRLHF,TRBV7-8*03,None,TRBJ1-6*01,1
297,CASRWDRFPVNSSLHF,TRBV11-2*02,None,TRBJ1-6*01,1
298,CASRWDRFPVSSPLHF,TRBV7-8*03,None,TRBJ1-6*01,1
299,CASRWDRFPVSSPLHF,TRBV7-9*04,None,TRBJ1-6*01,1
300,CASRWDRFPVSSPLRF,TRBV7-8*03,None,TRBJ1-6*01,1
301,CASRWDRFPVYSPLHF,TRBV7-8*03,None,TRBJ1-6*01,1
302,CASRWDRFRANSPLHF,TRBV7-8*03,None,TRBJ1-6*01,1
303,CASRWDRLPVNSPLHF,TRBV7-8*03,None,TRBJ1-6*02,1
304,CASRWDRTRTNTPLHF,TRBV7-8*03,None,TRBJ1-6*01,1
305,CASRWDRVPVNSLLHF,TRBV7-8*03,None,TRBJ1-6*01,1
306,CASRWDSFPVNSPLHF,TRBV7-8*03,None,TRBJ1-6*01,1
307,CASRWECFPVNSPLHF,TRBV7-8*03,None,TRBJ1-6*01,1
308,CASRWERFPVNSPIHF,TRBV7-8*03,None,TRBJ1-6*01,1
309,CASRWERFPVNSPLHF,TRBV11-3*03,None,TRBJ1-6*01,1
310,CASRWERFPVNSPLPF,TRBV7-3*04,None,TRBJ1-6*01,1
311,CASRWERFPVNSPLPF,TRBV7-8*03,None,TRBJ1-6*01,1
312,CASRWERFPVNSPPHF,TRBV7-8*03,None,TRBJ1-6*01,1
313,CASRWERLPANSPLHF,TRBV7-8*03,None,TRBJ1-6*01,1
314,CASRWHRFPVNSPLHF,TRBV7-8*03,None,TRBJ1-6*01,1
315,CASRWQRFPVNSPPHF,TRBV7-8*03,None,TRBJ1-6*01,1
316,CASSCMEGQGALYGYTF,TRBV28*01,TRBD1*01,TRBJ1-2*01,1
317,CVTSRQGTNEQYF,TRBV6-6*04,None,TRBJ2-7*01,1
