,CDR3seq,V-region,D-region,J-region,Frequency
1,CASRWDRFPVNSPLHF,TRBV7-8*03,None,TRBJ1-6*01,306
2,CASSYSNYGYTF,TRBV6-6*03,None,TRBJ1-2*01,38
3,CASSIGGTGLRGEQFF,TRBV19*03,None,TRBJ2-1*01,28
4,CASSFGTGSYEQYF,TRBV11-3*02,None,TRBJ2-7*01,19
5,CASTPGAAEREQYF,TRBV25-1*01,None,TRBJ2-7*01,19
6,CASSFSTCSANYGYTF,TRBV12-4*02,None,TRBJ1-2*01,17
7,CASSFGTGSYEQYF,TRBV11-2*03,None,TRBJ2-7*01,16
8,CASRLGTLETQYF,TRBV28*01,None,TRBJ2-5*01,11
9,CAGRWDRFPVNSPLHF,TRBV7-8*03,None,TRBJ1-6*01,10
10,CASSVTSYQETQYF,TRBV6-6*03,None,TRBJ2-5*01,9
11,CSVEDRQAKRYNEQFF,TRBV29-1*01,None,TRBJ2-1*01,8
12,CSAVAGFSYEQYF,TRBV20-1*03,None,TRBJ2-7*01,6
13,CSASSRGGSQETQYF,TRBV20-1*02,None,TRBJ2-5*01,5
14,CASSYSNYGYTF,TRBV6-5*01,None,TRBJ1-2*01,4
15,CSAVAGFSYEQYF,TRBV20-1*06,None,TRBJ2-7*01,3
16,CSAVAGFSYEQYF,TRBV20-1*02,None,TRBJ2-7*01,3
17,CASRWDRFPVNSPLHF,TRBV7-1*01,None,TRBJ1-6*01,3
18,CASSYSNYGYTF,TRBV6-6*05,None,TRBJ1-2*01,3
19,CASRWDRFPVNSPLHF,TRBV7-8*02,None,TRBJ1-6*01,3
20,CASRWDRFPVNSPLHF,TRBV11-3*02,None,TRBJ1-6*01,3
21,CASRWDRFPVNSPLHF,TRBV11-2*02,None,TRBJ1-6*01,2
22,CASRWYRFPVNSPLHF,TRBV7-8*03,None,TRBJ1-6*01,2
23,CASRWDRFPVNSPLPF,TRBV7-8*03,None,TRBJ1-6*01,2
24,CASRWDRLPVNSPLHF,TRBV7-8*03,None,TRBJ1-6*01,2
25,CASRWDSFPVNSPLHF,TRBV7-8*03,None,TRBJ1-6*01,2
26,CASRWGRFPVNSPLHF,TRBV7-8*03,None,TRBJ1-6*01,2
27,CASRLGTLGTQYF,TRBV28*01,None,TRBJ2-5*01,2
28,CASRWDRFPVNSPHHF,TRBV7-8*03,None,TRBJ1-6*01,2
29,CSASSRGGSQETQYF,TRBV20-1*04,None,TRBJ2-5*01,2
30,CASGWDRFPVNSPLHF,TRBV7-8*03,None,TRBJ1-6*01,2
31,CPSSFSPCSANYGYTF,TRBV12-4*02,None,TRBJ1-2*01,1
32,CASSIGGTGLSGEQFF,TRBV19*03,None,TRBJ2-1*01,1
33,CASSIGGTRLRGQQPF,TRBV19*01,None,TRBJ2-1*01,1
34,CASSIGLTGLRGEPFF,TRBV19*03,None,TRBJ2-5*01,1
35,CASSIGVTGLRGEQFF,TRBV19*03,None,TRBJ2-1*01,1
36,CSSRWDRFPVNSPLHF,TRBV7-8*03,None,TRBJ1-6*01,1
37,CASSLGGTGVRGEQFF,TRBV19*01,None,TRBJ2-1*01,1
38,CASSPGAAEREQYF,TRBV25-1*01,None,TRBJ2-7*01,1
39,CASSYSNYGHTF,TRBV6-6*03,None,TRBJ1-2*01,1
40,CSGEAGFSYEQYF,TRBV20-1*02,None,TRBJ2-7*01,1
41,CASSVTSYQETQYF,TRBV6-6*05,None,TRBJ2-5*01,1
42,CASSWDSLPVNSPRHF,TRBV11-3*03,None,TRBJ1-6*01,1
43,CASSYRKYSYTF,TRBV6-6*02,None,TRBJ1-2*01,1
44,CASSYRNYGYTF,TRBV6-6*03,None,TRBJ1-2*01,1
45,CASSIGGTGLRGETFF,TRBV19*03,None,TRBJ2-1*01,1
46,CSSVAGFSYEQYF,TRBV20-1*06,None,TRBJ2-7*01,1
47,CASSIGGTGLRGEQSF,TRBV19*03,None,TRBJ2-1*01,1
48,CASSIGGTGLRGEQFF,TRBV19*03,None,TRBJ2-7*01,1
49,CSVEDPQAKRYNEQFF,TRBV29-1*01,None,TRBJ2-1*01,1
50,CSVEDQQAKRYNEQFF,TRBV29-1*01,None,TRBJ2-1*01,1
51,CASSIGGTGLRGEQFF,TRBV19*01,None,TRBJ2-1*01,1
52,CASSIGGTGLRGEPFF,TRBV19*03,None,TRBJ2-1*01,1
53,CASSIGGTGLRDEQFF,TRBV19*03,None,TRBJ2-1*01,1
54,CASSIGGTCLTGQQFF,TRBV19*03,None,TRBJ2-1*01,1
55,CASSIGATGFRGEQFF,TRBV19*03,None,TRBJ2-1*01,1
56,CASSHSNYGYTF,TRBV6-6*03,None,TRBJ1-2*01,1
57,CSVEDRQAKRYNEQFF,TRBV29-1*02,None,TRBJ2-5*01,1
58,CASSFSTCSANYGHTF,TRBV12-4*02,None,TRBJ1-2*01,1
59,CASSFSTCSANYGCTF,TRBV12-4*02,None,TRBJ1-2*01,1
60,CSVGQATYSEVFF,TRBV29-1*02,None,TRBJ1-1*01,1
61,CSVGTSGGQPQHF,TRBV29-1*02,None,TRBJ1-5*01,1
62,CASSYRYYAYTF,TRBV6-2*01,None,TRBJ1-2*01,1
63,CASSYSNYGYPF,TRBV6-6*03,None,TRBJ1-2*01,1
64,CPSRWDRFPVNSPLHF,TRBV7-8*03,None,TRBJ1-6*01,1
65,CASTGEHFPVNAPLHF,TRBV7-8*03,None,TRBJ1-6*01,1
66,CGSSIGGTGLREEQFF,TRBV19*03,None,TRBJ2-1*01,1
67,CGSRWDRFPVNSPLNF,TRBV7-8*03,None,TRBJ1-6*01,1
68,CCAVAGFSYEQYF,TRBV20-1*06,None,TRBJ2-7*01,1
69,CATTPGGTERLLSF,TRBV25-1*01,None,TRBJ2-7*01,1
70,CATSYSNYGYTF,TRBV6-6*03,None,TRBJ1-2*01,1
71,CATGQGTSNEQYF,TRBV2*02,None,TRBJ2-7*01,1
72,CASTYSNYGSTF,TRBV6-6*05,None,TRBJ1-2*01,1
73,CASTWDRFPVNSPLHF,TRBV11-2*03,None,TRBJ1-6*01,1
74,CASTPGAAKREQYF,TRBV25-1*01,None,TRBJ2-7*01,1
75,CASTPGAAGREQYF,TRBV25-1*01,None,TRBJ2-7*01,1
76,CRVEDRQAMWYNEQFF,TRBV29-1*01,None,TRBJ2-1*01,1
77,CASTLGAAERDQNF,TRBV25-1*01,None,TRBJ2-7*01,1
78,CASTHGAAEREQYF,TRBV25-1*01,None,TRBJ2-7*01,1
79,CASTFGTGSYEQYF,TRBV11-2*03,None,TRBJ2-7*01,1
80,CASSYSNYGYPF,TRBV6-6*05,None,TRBJ1-2*01,1
81,CASSYSNYVYTF,TRBV6-6*03,None,TRBJ1-2*01,1
82,CASSYSNYVYTF,TRBV27*01,None,TRBJ1-2*01,1
83,CASSFGTGSYVQYF,TRBV3-1*01,None,TRBJ2-7*01,1
84,CASSYSNYSYTF,TRBV6-3*01,None,TRBJ1-2*01,1
85,CRVEQGRPSTQYF,TRBV29-1*02,None,TRBJ2-3*01,1
86,CSAGQATGAEAFF,TRBV29-1*03,None,TRBJ1-1*01,1
87,CSASPRGGPQETKYF,TRBV20-1*04,None,TRBJ2-5*01,1
88,CSASSRGGSQETPYF,TRBV20-1*03,None,TRBJ2-5*01,1
89,CSAVAGFPYEQYF,TRBV20-1*03,None,TRBJ2-7*01,1
90,CSAVAGFSYEQNF,TRBV20-1*03,None,TRBJ2-7*01,1
91,CASSYSNYGYTF,TRBV6-3*01,None,TRBJ1-2*01,1
92,CSAVAGFSYEQNF,TRBV20-1*06,None,TRBJ2-7*01,1
93,CASSYSNYGYTF,TRBV6-2*01,None,TRBJ1-2*01,1
94,CASSFSTCADNYGYTF,TRBV12-4*02,None,TRBJ1-2*01,1
95,CAEGTTPGTYKYVF,TRBV28*01,None,TRBJ1-1*01,1
96,CASSFGTGSYVQYF,TRBV11-3*02,None,TRBJ2-7*01,1
97,CASRWARSPVNSPLHF,TRBV7-8*03,None,TRBJ1-6*01,1
98,CASRIGGKGLRGEPFF,TRBV19*03,None,TRBJ2-1*01,1
99,CASRIGGTGLRGEQFF,TRBV19*03,None,TRBJ2-1*01,1
100,CASRLDRFPVNSPLHF,TRBV5-4*01,None,TRBJ1-6*01,1
101,CASRQGGAVRYEQLF,TRBV4-1*02,None,TRBJ2-1*01,1
102,CASRRDRFPVNSPLHF,TRBV7-8*03,None,TRBJ1-6*01,1
103,CASRVLGTETQYF,TRBV28*01,None,TRBJ2-5*01,1
104,CASRWARFSVNSPLHF,TRBV7-8*03,None,TRBJ1-6*02,1
105,CASRWDCFPVNSPLHF,TRBV7-3*04,None,TRBJ1-6*01,1
106,CASRGDRCPVYSPLPF,TRBV7-8*03,None,TRBJ1-6*01,1
107,CASRWDCFPVNSPLHF,TRBV7-8*03,None,TRBJ1-6*01,1
108,CASRWDCFSVNSPLNF,TRBV11-3*02,None,TRBJ1-6*01,1
109,CASRWDRFAVNSPLHF,TRBV7-8*03,None,TRBJ1-6*01,1
110,CASRWDRFLVISPRHF,TRBV7-8*03,None,TRBJ1-6*01,1
111,CASRWDRFLVNSPFRF,TRBV7-8*03,None,TRBJ1-6*01,1
112,CASRWDRFLVNSPLHF,TRBV7-8*03,None,TRBJ1-6*01,1
113,CASRWDRFPINSPLHF,TRBV7-8*03,None,TRBJ1-6*01,1
114,CASRGVRFPVNSPRNF,TRBV7-8*03,None,TRBJ1-6*02,1
115,CASRFSTCSANYGYTF,TRBV12-4*02,None,TRBJ1-2*01,1
116,CASSFGTGSYEQYF,TRBV7-2*04,None,TRBJ2-7*01,1
117,CAGSIGGTGLRGEQFF,TRBV19*03,None,TRBJ2-1*01,1
118,CAGGATSGTYKYIF,TRBV19*03,None,TRBJ2-7*01,1
119,CAGGATSGTYKYIF,TRBV28*01,None,TRBJ2-7*01,1
120,CAGGATSGTYKYIF,TRBV30*05,None,TRBJ2-7*01,1
121,CAGGWDRFPVNSPLHF,TRBV7-8*03,None,TRBJ1-6*01,1
122,CAGRRDRFPVNSPLHF,TRBV7-8*03,None,TRBJ1-6*01,1
123,CAGRWDRFPVNSPLNF,TRBV7-8*03,None,TRBJ1-6*01,1
124,CAGSHSNYVYTF,TRBV6-6*03,None,TRBJ1-2*01,1
125,CAGVPASGTYKYVF,TRBV25-1*01,None,TRBJ1-1*01,1
126,CASRCDRFPVNSPLHF,TRBV7-8*03,None,TRBJ1-6*01,1
127,CAISFSFGPTFEEYF,TRBV14*02,None,TRBJ2-7*01,1
128,CANRWDRFPVNSPLHF,TRBV7-8*03,None,TRBJ1-6*01,1
129,CASCFGTGSYEQYF,TRBV11-3*02,None,TRBJ2-7*01,1
130,CASCFSTCSANYGYTF,TRBV12-3*01,None,TRBJ1-2*01,1
131,CASIIGGTGLRGEQFF,TRBV19*03,None,TRBJ2-1*01,1
132,CASKWDRFPVNSPLHF,TRBV7-8*03,None,TRBJ1-6*01,1
133,CASRCDRFPVDSPLHF,TRBV7-8*03,None,TRBJ1-6*01,1
134,CASRWDRFPLNSPLHF,TRBV7-8*03,None,TRBJ1-6*01,1
135,CASRWDRFPVDSPLHF,TRBV7-8*03,None,TRBJ1-6*01,1
136,CASRWDRFPVNLPLHF,TRBV7-8*03,None,TRBJ1-6*01,1
137,CASRWHRIPVNSPLHF,TRBV7-8*03,None,TRBJ1-6*01,1
138,CASRWDRSPVNSPLHF,TRBV7-8*03,None,TRBJ1-6*01,1
139,CASRWDRVLLNTPLHF,TRBV7-8*03,None,TRBJ1-6*01,1
140,CASRWDRVPVNSPLHF,TRBV7-8*03,None,TRBJ1-6*01,1
141,CASRWDRYPVNSPLHF,TRBV7-8*03,None,TRBJ1-6*01,1
142,CASRWERFPVNSPLHF,TRBV7-8*03,None,TRBJ1-6*01,1
143,CASRWERFPVTSPLHF,TRBV7-8*03,None,TRBJ1-6*01,1
144,CASRWERLPVNSPLHF,TRBV7-8*03,None,TRBJ1-6*01,1
145,CASRWLRFPENSPLHF,TRBV7-2*04,None,TRBJ1-6*01,1
146,CASRWDRFPVNPPLHF,TRBV7-8*03,None,TRBJ1-6*01,1
147,CASRWVRFPVNSALHF,TRBV7-8*03,None,TRBJ1-6*01,1
148,CASRWVRFPVNSPLHF,TRBV7-8*03,None,TRBJ1-6*01,1
149,CAGCTTSGTYKYIF,TRBV28*01,None,TRBJ1-1*01,1
150,CASSFGPRSYHQYF,TRBV11-3*02,None,TRBJ2-7*01,1
151,CASSFGSGSYEQYF,TRBV11-2*03,None,TRBJ2-7*01,1
152,CASSFGTGPYAQYF,TRBV7-8*02,None,TRBJ2-7*01,1
153,CASSFGTGSYEEYF,TRBV11-2*03,None,TRBJ2-7*01,1
154,CASRWDRSPVHSPLHF,TRBV7-8*01,None,TRBJ1-6*01,1
155,CASRWDRIPVNSPLHF,TRBV7-8*03,None,TRBJ1-6*01,1
156,CASRWDRFTVNSPLHF,TRBV7-3*05,None,TRBJ1-6*01,1
157,CASRWDRFSVNSPLHF,TRBV7-8*03,None,TRBJ1-6*01,1
158,CASRWDRFPVNSPFHF,TRBV7-8*03,None,TRBJ1-6*01,1
159,CASRWDRFPVNSPLHF,TRBV11-2*01,None,TRBJ1-6*01,1
160,CASRWDRFPVNSPLHF,TRBV7-2*04,None,TRBJ1-6*01,1
161,CASRWDRFPVNSPLHF,TRBV7-8*03,None,TRBJ1-6*02,1
162,CASRWDRFPVNSPLNF,TRBV7-8*03,None,TRBJ1-6*01,1
163,CASRWDRFPVNSPLPF,TRBV11-3*02,None,TRBJ1-6*01,1
164,CASRWDRFPVNSPLRF,TRBV7-8*03,None,TRBJ1-6*01,1
165,CASRWDRFPVNSPLYF,TRBV7-8*03,None,TRBJ1-6*01,1
166,CASRWDRFPVNSPPHF,TRBV7-8*03,None,TRBJ1-6*01,1
167,CASRWDRFPVNSPRHF,TRBV7-3*04,None,TRBJ1-6*01,1
168,CASRWDRFPVNSPRHF,TRBV7-8*03,None,TRBJ1-6*01,1
169,CASRWDRFPVSSPLHF,TRBV7-8*03,None,TRBJ1-6*01,1
170,CASRWDRFPVYSPLHF,TRBV7-8*03,None,TRBJ1-6*01,1
171,CASRWDRFQLNSPLHF,TRBV7-8*03,None,TRBJ1-6*01,1
172,CASRWDRFSVNPPLHF,TRBV7-8*03,None,TRBJ1-6*01,1
173,CSVPSGWASGAKVITF,TRBV29-1*02,None,TRBJ2-6*01,1
