,CDR3seq,V-region,D-region,J-region,Frequency
1,CASRWDRFPVNSPLHF,TRBV7-8*03,None,TRBJ1-6*01,2061
2,CASSLAVTSVTYEQYF,TRBV5-1*01,None,TRBJ2-7*01,75
3,CASSGMEGQGALYGYTF,TRBV28*01,TRBD1*01,TRBJ1-2*01,60
4,CAWSGDYRNEQFF,TRBV30*04,None,TRBJ2-1*01,59
5,CSVWWVRPQETQYF,TRBV29-1*02,None,TRBJ2-5*01,49
6,CASSGSNTNIQYF,TRBV19*03,None,TRBJ2-4*01,46
7,CASSFPPRETQYF,TRBV19*03,None,TRBJ2-5*01,19
8,CASSFSVGPTYEQYF,TRBV14*02,None,TRBJ2-7*01,19
9,CASSLENRGYTF,TRBV7-9*04,None,TRBJ1-2*01,14
10,CASSLENRGYTF,TRBV11-3*03,None,TRBJ1-2*01,13
11,CASSVTSYQETQYF,TRBV6-6*03,None,TRBJ2-5*01,13
12,CASSTGSEQYF,TRBV6-6*03,None,TRBJ2-7*01,12
13,CASSQGGAVSYEQFF,TRBV4-1*02,None,TRBJ2-1*01,12
14,CASSPSGRGSNEQFF,TRBV11-3*03,None,TRBJ2-1*01,12
15,CASRSLDRGRTDTQYF,TRBV12-4*02,None,TRBJ2-3*01,11
16,CASRWYRFPVNSPLHF,TRBV7-8*03,None,TRBJ1-6*01,10
17,CVSRWDRFPVNSPLHF,TRBV7-8*03,None,TRBJ1-6*01,10
18,CASRWDRLPVNSPLHF,TRBV7-8*03,None,TRBJ1-6*01,10
19,CASSLGGPSYNEQFF,TRBV5-5*03,None,TRBJ2-1*01,10
20,CATSRRQGETQYF,TRBV15*02,None,TRBJ2-5*01,10
21,CASRWGRFPVNSPLHF,TRBV7-8*03,None,TRBJ1-6*01,10
22,CSVEDRQAKRYNEQFF,TRBV29-1*01,None,TRBJ2-1*01,9
23,CASSLGGPSYNEQFF,TRBV5-4*02,None,TRBJ2-1*01,9
24,CSAVAGFSYEQYF,TRBV20-1*02,None,TRBJ2-7*01,9
25,CASSPSGRGSNEQFF,TRBV7-9*04,None,TRBJ2-1*01,9
26,CASSLGGPSYNEQFF,TRBV5-5*02,None,TRBJ2-1*01,9
27,CASSPKRETQYF,TRBV18*01,None,TRBJ2-5*01,9
28,CASGERGATETQYF,TRBV10-2*01,None,TRBJ2-5*01,9
29,CASSLGGPSYNEQFF,TRBV5-8*02,None,TRBJ2-1*01,8
30,CASSQDRRTTDTQYF,TRBV4-2*01,None,TRBJ2-3*01,8
31,CASSLGGPSYNEQFF,TRBV5-4*04,None,TRBJ2-1*01,8
32,CASRWDRFPVNSPLHF,TRBV7-3*04,None,TRBJ1-6*01,7
33,CSAVAGFSYEQYF,TRBV20-1*06,None,TRBJ2-7*01,7
34,CASRRTGSFYEAFF,TRBV6-6*03,None,TRBJ1-1*01,7
35,CASRWDRFPVNSPLRF,TRBV7-8*03,None,TRBJ1-6*01,7
36,CSAVAGFSYEQYF,TRBV20-1*03,None,TRBJ2-7*01,7
37,CASKPGTSVVDTQYF,TRBV12-4*02,TRBD2*01,TRBJ2-3*01,7
38,CASSYTGQGSYEQYF,TRBV6-6*03,None,TRBJ2-7*01,7
39,CASRWDRFPVSSPLHF,TRBV7-8*03,None,TRBJ1-6*01,6
40,CSAGTGTSSLIYEQYF,TRBV20-1*02,None,TRBJ2-7*01,6
41,CASRWDRFSVNSPLHF,TRBV7-8*03,None,TRBJ1-6*01,6
42,CASRRTGSFYEAFF,TRBV6-6*05,None,TRBJ1-1*01,6
43,CASRWDHFPVNSPLHF,TRBV7-8*03,None,TRBJ1-6*01,5
44,CASRRDRFPVNSPLHF,TRBV7-8*03,None,TRBJ1-6*01,5
45,CASRWDRFPVNSPLHF,TRBV7-8*03,None,TRBJ1-6*02,5
46,CASSLDRVSQPQHF,TRBV11-2*01,None,TRBJ1-5*01,5
47,CASRWDRFPVDSPLHF,TRBV7-8*03,None,TRBJ1-6*01,5
48,CASRWDRFPVNSPLNF,TRBV7-8*03,None,TRBJ1-6*01,5
49,CASRWDCFPVNSPLHF,TRBV7-8*03,None,TRBJ1-6*01,5
50,CSAGTGTSSLIYEQYF,TRBV20-1*06,None,TRBJ2-7*01,5
51,CASRWDRFPVNSPLHF,TRBV7-8*02,None,TRBJ1-6*01,4
52,CATSTGGVQPQHF,TRBV6-6*03,TRBD1*01,TRBJ1-5*01,4
53,CASRWERFPVNSPLHF,TRBV7-8*03,None,TRBJ1-6*01,4
54,CASSLGGPSYNEQFF,TRBV5-4*03,None,TRBJ2-1*01,4
55,CASSLSGISTDTQYF,TRBV11-3*03,None,TRBJ2-3*01,4
56,CASRWDRFPVNSPHHF,TRBV7-8*03,None,TRBJ1-6*01,4
57,CASRWDRFPVNSLLHF,TRBV7-8*03,None,TRBJ1-6*01,4
58,CASRWDRFPLNSPLHF,TRBV7-8*03,None,TRBJ1-6*01,4
59,CACRWDRFPVNSPLHF,TRBV7-8*03,None,TRBJ1-6*01,4
60,CASKPGTSVVDTQYF,TRBV12-4*02,TRBD2*02,TRBJ2-3*01,4
61,CAISETPWQEAQSTDTQYF,TRBV10-3*02,None,TRBJ2-3*01,4
62,CSASSRGGSQETQYF,TRBV20-1*07,None,TRBJ2-5*01,3
63,CAISETPWQEAQSTDTQYF,TRBV10-3*01,None,TRBJ2-3*01,3
64,CASSLDRVSQPQHF,TRBV11-3*01,None,TRBJ1-5*01,3
65,CATSTGGVQPQHF,TRBV6-6*05,TRBD1*01,TRBJ1-5*01,3
66,CAWSGDYRNEQFF,TRBV30*01,None,TRBJ2-1*01,3
67,CASRCDRFPVNSPLHF,TRBV7-8*03,None,TRBJ1-6*01,3
68,CASRWDRFPVNSPLHF,TRBV7-4*01,None,TRBJ1-6*01,3
69,CASRWDRFPVNSPLHF,TRBV7-3*05,None,TRBJ1-6*01,3
70,CASRWDRFPVNLPLHF,TRBV7-8*03,None,TRBJ1-6*01,3
71,CASRWDLFPVNSPLHF,TRBV7-8*03,None,TRBJ1-6*01,3
72,CSASSRGGSQETQYF,TRBV20-1*04,None,TRBJ2-5*01,3
73,CSAGTGTSSLIYEQYF,TRBV20-1*03,None,TRBJ2-7*01,2
74,CAWSGDYRNEQFF,TRBV30*02,None,TRBJ2-1*01,2
75,CASRWDRFPVNSPLLF,TRBV7-8*03,None,TRBJ1-6*01,2
76,CSASSRGGSQETQYF,TRBV20-1*03,None,TRBJ2-5*01,2
77,CASSQDRRTTDTQYF,TRBV5-4*03,None,TRBJ2-3*01,2
78,CASRWDRFLVNSPLHF,TRBV7-8*03,None,TRBJ1-6*01,2
79,CASRWDRFPVNSPPHF,TRBV7-8*03,None,TRBJ1-6*01,2
80,CASSLDRVSQPQHF,TRBV11-3*02,None,TRBJ1-5*01,2
81,CASRWDRFPVNSSLHF,TRBV7-8*03,None,TRBJ1-6*01,2
82,CASRWDRFPVNSTLHF,TRBV7-8*03,None,TRBJ1-6*01,2
83,CASRWDRFQVNSPLHF,TRBV7-8*03,None,TRBJ1-6*01,2
84,CSVETGSTDTQYF,TRBV29-1*02,None,TRBJ2-3*01,2
85,CASRWDRVPVNSPLHF,TRBV7-8*03,None,TRBJ1-6*01,2
86,CANRWDRFPVNSPLHF,TRBV7-8*03,None,TRBJ1-6*01,2
87,CASRWDSFPVNSPLHF,TRBV7-8*03,None,TRBJ1-6*01,2
88,CAWSGDYGNEQFF,TRBV30*04,None,TRBJ2-1*01,2
89,CSWSGDYRNEQFF,TRBV30*04,None,TRBJ2-1*01,2
90,CAWSADYRNEQFF,TRBV30*04,None,TRBJ2-1*01,2
91,CSASSRGGSQETQYF,TRBV20-1*06,None,TRBJ2-5*01,2
92,CATSTGGVQPQHF,TRBV6-6*04,None,TRBJ1-5*01,2
93,CASSGMEGQGALYGYTF,TRBV28*01,None,TRBJ1-2*01,2
94,CASSFPPRETQYF,TRBV19*03,None,TRBJ2-3*01,2
95,CSVWWARPQETQYF,TRBV29-1*02,None,TRBJ2-5*01,2
96,CASSLGGPSYNEQFF,TRBV28*01,None,TRBJ2-1*01,2
97,CSASSRGGSQETQYF,TRBV20-1*02,None,TRBJ2-5*01,2
98,CASRWDRFPVKSPLHF,TRBV7-8*03,None,TRBJ1-6*01,2
99,CASRWDRFPINSPLHF,TRBV7-8*03,None,TRBJ1-6*01,2
100,CASRWDGFPVNSPLHF,TRBV7-8*03,None,TRBJ1-6*01,2
101,CGSRWDRFPVNSPLHF,TRBV7-8*03,None,TRBJ1-6*01,2
102,CASRWDRFPVNPPLHF,TRBV7-8*03,None,TRBJ1-6*01,2
103,CASRWDRFPVNSPLHF,TRBV3-1*01,None,TRBJ1-6*01,2
104,CAGRWDRFPVNSPLHF,TRBV7-8*03,None,TRBJ1-6*01,2
105,CASSLSGISTDTQYF,TRBV7-9*04,None,TRBJ2-3*01,2
106,CASRWDRFPENSPLHF,TRBV7-8*03,None,TRBJ1-6*01,2
107,CASRWDRFPANSPLHF,TRBV7-8*03,None,TRBJ1-6*01,2
108,CASSVTSYQATQYF,TRBV6-6*04,None,TRBJ2-5*01,1
109,CASSPSGRGSNERFF,TRBV7-9*04,None,TRBJ2-1*01,1
110,CASSVTSYQETQFF,TRBV6-6*03,None,TRBJ2-1*01,1
111,CASSVSNTNIQYF,TRBV19*03,None,TRBJ2-4*01,1
112,CASSVTSYQETQYF,TRBV6-6*03,None,TRBJ2-1*01,1
113,CSWSGDSRNGQFF,TRBV30*04,None,TRBJ2-1*01,1
114,CASSVTSYQEPQHF,TRBV6-6*03,None,TRBJ2-5*01,1
115,CASSQDRRTTDTKYF,TRBV5-4*02,None,TRBJ2-3*01,1
116,CASSVTSYQETQYF,TRBV6-6*05,None,TRBJ2-5*01,1
117,CASSQDPEAVYGDTF,TRBV4-3*01,None,TRBJ1-2*01,1
118,CASSWDRFPVNSPLHF,TRBV5-5*01,None,TRBJ1-6*01,1
119,CSVWWVRPQESQYF,TRBV29-1*02,None,TRBJ2-5*01,1
120,CASSPSGRGSNERFF,TRBV11-3*03,None,TRBJ2-1*01,1
121,CASSYTGQGSYEQYF,TRBV6-5*01,None,TRBJ2-7*01,1
122,CVSSPSGRGSNEQFF,TRBV11-3*03,None,TRBJ2-1*01,1
123,CSVWWIRPQETQYF,TRBV29-1*02,None,TRBJ2-5*01,1
124,CASTLEKRCYTF,TRBV11-1*01,None,TRBJ1-2*01,1
125,CVSRWERLPVNSALNF,TRBV7-2*04,None,TRBJ1-6*01,1
126,CASSQDRRKTDTQYF,TRBV4-2*01,None,TRBJ2-3*01,1
127,CASSQDPEAVYGYTF,TRBV4-3*01,None,TRBJ1-2*01,1
128,CASSTGSEQYF,TRBV27*01,None,TRBJ2-7*01,1
129,CVSRSLDRGRTDTQYF,TRBV12-4*02,None,TRBJ2-3*01,1
130,CASSQDRRTTDTQYF,TRBV5-4*02,None,TRBJ2-3*01,1
131,CVLSCDYRNEQFF,TRBV28*01,None,TRBJ2-1*01,1
132,CASSQDRRTTDTKYF,TRBV4-2*01,None,TRBJ2-3*01,1
133,CVSRSLERGRTDRQYF,TRBV12-4*02,None,TRBJ2-3*01,1
134,CASSQDRRTTDTQYF,TRBV5-5*03,None,TRBJ2-3*01,1
135,CVSRWDRFPVNSPPHF,TRBV7-8*03,None,TRBJ1-6*01,1
136,CASTPTGHVYGYTF,TRBV27*01,None,TRBJ1-2*01,1
137,CVSRWDRFPVNSSPHF,TRBV7-8*03,None,TRBJ1-6*01,1
138,CASSQDRRTTDTTYF,TRBV5-4*02,None,TRBJ2-3*01,1
139,CTSSGSNTNIQYF,TRBV19*03,None,TRBJ2-4*01,1
140,CTSRWDRFPVNSPLHF,TRBV7-2*03,None,TRBJ1-6*01,1
141,CASSRDRFPVNSPLHF,TRBV7-8*03,None,TRBJ1-6*01,1
142,CASSRSSEQYF,TRBV6-6*03,None,TRBJ1-1*01,1
143,CTAVAGFSYEQYF,TRBV20-1*02,None,TRBJ2-7*01,1
144,CVSRWDRLPVNSPLHF,TRBV7-8*03,None,TRBJ1-6*01,1
145,CASSTGAEQYF,TRBV6-6*03,None,TRBJ2-7*01,1
146,CASSTGSEQYF,TRBV14*02,None,TRBJ2-7*01,1
147,CASSQDRRTTDTQYF,TRBV14*01,None,TRBJ2-3*01,1
148,CSVWWIRPNEPQYF,TRBV29-1*02,None,TRBJ2-5*01,1
149,CSASDWQGSYNQQFF,TRBV20-1*07,None,TRBJ2-1*01,1
150,CATATGGVQPQHF,TRBV6-6*05,TRBD1*01,TRBJ1-5*01,1
151,CAWSRDYRNEQFF,TRBV30*04,None,TRBJ2-1*01,1
152,CAWSVDDRNKQFF,TRBV30*01,None,TRBJ2-5*01,1
153,CDSRGDRVPVNSRLHF,TRBV7-8*03,None,TRBJ1-6*01,1
154,CDSRWDRFPVNSPLHF,TRBV7-8*03,None,TRBJ1-6*01,1
155,CSSVAGCSYEQYF,TRBV20-1*03,None,TRBJ2-7*01,1
156,CSSSTGYEQYF,TRBV6-6*03,None,TRBJ2-7*01,1
157,CDSSGMEGQGAVYGYTF,TRBV28*01,TRBD1*01,TRBJ1-2*01,1
158,CSSRWDRFPVNSPLHF,TRBV7-8*03,None,TRBJ1-6*01,1
159,CSSRWDRFPVNSPHHF,TRBV7-8*03,None,TRBJ1-6*01,1
160,CSFWWVRPKETQYF,TRBV29-1*02,None,TRBJ2-5*01,1
161,CSAVAWFAYEHQF,TRBV20-1*03,None,TRBJ2-7*01,1
162,CDWSGDYRNEQFF,TRBV30*01,None,TRBJ2-1*01,1
163,CGSRWDRFPVNSHLHF,TRBV7-2*04,None,TRBJ1-6*01,1
164,CGSRWERLPVNSPLHF,TRBV7-8*03,None,TRBJ1-6*01,1
165,CGWIGDYRNAQFF,TRBV30*04,None,TRBJ2-7*01,1
166,CSAVAGFSYEQDF,TRBV20-1*06,None,TRBJ2-7*01,1
167,CGWSGDYTNEQFF,TRBV30*04,None,TRBJ2-1*01,1
168,CSASSRVGSQETQYF,TRBV20-1*06,None,TRBJ2-5*01,1
169,CPSRWDRFPVNSPLHF,TRBV7-8*03,None,TRBJ1-6*01,1
170,CPSSFPPRETHYF,TRBV19*03,None,TRBJ2-3*01,1
171,CQKEGRSGDEKLFF,TRBV11-3*03,None,TRBJ1-4*01,1
172,CRATSRICSQAILHF,TRBV20-1*07,None,TRBJ2-5*01,1
173,CSASSRRGSQETQYF,TRBV20-1*03,None,TRBJ2-5*01,1
174,CRAVAGYSSEKYF,TRBV20-1*03,None,TRBJ2-7*01,1
175,CAWSVDDRNEQFF,TRBV30*04,None,TRBJ2-1*01,1
176,CAWSGVYRNEQFF,TRBV30*04,None,TRBJ2-1*01,1
177,CATSRGQGETQYF,TRBV15*02,None,TRBJ2-5*01,1
178,CSVEDRQAKRYNEQFF,TRBV29-1*02,None,TRBJ2-1*01,1
179,CATSRRQGETQYF,TRBV11-3*02,None,TRBJ2-5*01,1
180,CATSRRQGETQYF,TRBV15*01,None,TRBJ2-5*01,1
181,CSVWCVRSQETQYF,TRBV29-1*02,None,TRBJ2-5*01,1
182,CATSSRSVKPQHF,TRBV9*03,None,TRBJ1-5*01,1
183,CATSTGGVQPQHF,TRBV6-6*03,None,TRBJ1-5*01,1
184,CSVGTSGGQPQHF,TRBV29-1*02,None,TRBJ1-5*01,1
185,CATSTGGVQPQHF,TRBV6-6*05,None,TRBJ1-5*01,1
186,CAWPSDYRKQQFF,TRBV30*02,None,TRBJ2-7*01,1
187,CSVGQETGTEAFF,TRBV29-1*02,None,TRBJ1-1*01,1
188,CAWSCAYTNEQFF,TRBV30*04,None,TRBJ2-1*01,1
189,CAWSGDHRNEQFF,TRBV30*04,None,TRBJ2-1*01,1
190,CSASSRGGSQETQYF,TRBV20-1*05,None,TRBJ2-5*01,1
191,CSVGDRQAKRYNEQFF,TRBV29-1*02,None,TRBJ2-1*01,1
192,CAWSGDSRNEQYF,TRBV30*04,None,TRBJ2-1*01,1
193,CAWSGDYRNEQCF,TRBV30*04,None,TRBJ2-1*01,1
194,CSASDCHVSYNEQFF,TRBV20-1*07,None,TRBJ2-1*01,1
195,CSVEVRQAKRYNHNFF,TRBV29-1*01,None,TRBJ2-1*01,1
196,CAWSGDYRNEQSF,TRBV30*04,None,TRBJ2-1*01,1
197,CAWSGDYRNEQYF,TRBV30*01,None,TRBJ2-1*01,1
198,CAWSGDYRTEQIF,TRBV30*04,None,TRBJ2-1*01,1
199,CAWSGGYRNEQFF,TRBV30*04,None,TRBJ2-1*01,1
200,CSVEDRQAKSYNEQFF,TRBV29-1*01,None,TRBJ2-1*01,1
201,CAWSGSNTNIQYF,TRBV30*04,None,TRBJ2-4*01,1
202,CDSRWDRLPVNSPLHF,TRBV7-8*03,None,TRBJ1-6*01,1
203,CASSLAVTSLTYEQYF,TRBV5-1*01,None,TRBJ2-7*01,1
204,CASSMELGGRYEQYF,TRBV19*03,None,TRBJ2-7*01,1
205,CASRWDRFPVNSPLHF,TRBV7-9*04,None,TRBJ1-6*01,1
206,CASRLGTLETQYF,TRBV28*01,None,TRBJ2-5*01,1
207,CASRQDRRTTDTQYF,TRBV5-4*03,None,TRBJ2-3*01,1
208,CASRRDSEQYF,TRBV27*01,None,TRBJ2-7*01,1
209,CASRSDRFQVNSAPHF,TRBV7-3*05,None,TRBJ1-6*01,1
210,CASRSLDRGMTDTQYF,TRBV12-4*02,None,TRBJ2-3*01,1
211,CASRSLDRGSTATQYF,TRBV12-4*02,None,TRBJ2-3*01,1
212,CASRSLDWGRADTKNF,TRBV6-6*03,None,TRBJ2-3*01,1
213,CASRVLGAETQYF,TRBV28*01,None,TRBJ2-5*01,1
214,CASRWARFQVNSPLHF,TRBV7-8*03,None,TRBJ1-6*01,1
215,CASRWDCFPLNSPLHF,TRBV7-8*03,None,TRBJ1-6*01,1
216,CASRWDLVPVNSPLHF,TRBV7-8*03,None,TRBJ1-6*01,1
217,CASRWDPFPVNSPLHF,TRBV7-3*04,None,TRBJ1-6*01,1
218,CASRWDPFPVNSPLYF,TRBV7-8*03,None,TRBJ1-6*01,1
219,CASRWDRCPVNSPLHF,TRBV7-8*03,None,TRBJ1-6*01,1
220,CASRWDRCPVNSPLLF,TRBV7-8*03,None,TRBJ1-6*01,1
221,CASRWDRFAVNSPLHF,TRBV7-8*03,None,TRBJ1-6*01,1
222,CASRWDRFPGNSPLHF,TRBV7-8*03,None,TRBJ1-6*01,1
223,CASRWDRFPLNLPLHF,TRBV7-8*03,None,TRBJ1-6*01,1
224,CASRWDRFPLNSPHHF,TRBV11-3*03,None,TRBJ1-6*01,1
225,CASRWDRFPLTSPLHF,TRBV7-8*03,None,TRBJ1-6*01,1
226,CASRWDRFPVNAPLHF,TRBV7-8*03,None,TRBJ1-6*01,1
227,CASRWDRFPVNSALHF,TRBV7-8*03,None,TRBJ1-6*01,1
228,CASRWDRFPVNSHLHF,TRBV7-8*03,None,TRBJ1-6*01,1
229,CASRWDRFPVNSHLLF,TRBV7-8*03,None,TRBJ1-6*01,1
230,CASRWDRFPVNSPFHF,TRBV7-8*03,None,TRBJ1-6*01,1
231,CASRWDRFPVNSPIHF,TRBV7-8*03,None,TRBJ1-6*01,1
232,CASRWDRFPVNSPLHF,TRBV11-2*03,None,TRBJ1-6*01,1
233,CASRWDRFPVNSPLHF,TRBV11-3*02,None,TRBJ1-6*01,1
234,CASRWDRFPVNSPLHF,TRBV11-3*03,None,TRBJ1-6*01,1
235,CASRLDRFPVNSPLHF,TRBV7-8*03,None,TRBJ1-6*01,1
236,CASRLDPFPVNSPLHF,TRBV7-8*03,None,TRBJ1-6*01,1
237,CASRGDRFPVNSPLHF,TRBV7-8*03,None,TRBJ1-6*01,1
238,CARSGDYRNEQFF,TRBV30*01,None,TRBJ2-1*01,1
239,CAFMMPVSDKLIF,TRBV9*03,None,TRBJ1-6*01,1
240,CAFMMPVTDKLIF,TRBV3-1*01,None,TRBJ1-6*01,1
241,CAFMMPVTDRLIF,TRBV9*02,None,TRBJ1-6*01,1
242,CAGSFSLGGPSYNEQFF,TRBV14*02,None,TRBJ2-1*01,1
243,CAGTGHYRNEQFF,TRBV30*01,None,TRBJ2-1*01,1
244,CAIRWDRFPVNSPLHF,TRBV7-8*03,None,TRBJ1-6*01,1
245,CAISEAPWQEAQSTDTQYF,TRBV10-3*01,None,TRBJ2-3*01,1
246,CAISETPWQESQSTDTQYF,TRBV6-6*05,None,TRBJ2-3*01,1
247,CAISQDRRTTDTQYF,TRBV4-2*01,None,TRBJ2-3*01,1
248,CAISRRQGETQYF,TRBV15*02,None,TRBJ2-5*01,1
249,CALKPGTSVVDTQYF,TRBV12-4*02,TRBD2*02,TRBJ2-3*01,1
250,CALSPAEGSSKLIF,TRBV2*02,None,TRBJ1-1*01,1
251,CARSFSVGPTCEQYF,TRBV14*02,None,TRBJ2-7*01,1
252,CARSGDYRNEQFF,TRBV30*04,None,TRBJ2-7*01,1
253,CASRGARFPVHSPLPF,TRBV7-8*03,None,TRBJ1-6*01,1
254,CARSLDSVRPPQRF,TRBV11-2*03,None,TRBJ1-5*01,1
255,CASAVMEGRGALYGYNF,TRBV28*01,None,TRBJ2-7*01,1
256,CASGERGATETQYF,TRBV10-2*01,None,TRBJ2-7*01,1
257,CASGWDRFPVNSPLRF,TRBV7-8*03,None,TRBJ1-6*01,1
258,CASGWDRLPVNSPLHF,TRBV7-1*01,None,TRBJ1-6*01,1
259,CASIGSNTNIQYF,TRBV19*03,None,TRBJ2-4*01,1
260,CASIWDRFPVNSPLHF,TRBV7-8*03,None,TRBJ1-6*01,1
261,CASKQGTRFIDTKYF,TRBV12-4*02,None,TRBJ2-3*01,1
262,CASKWDRFPVNSPLHF,TRBV7-8*03,None,TRBJ1-6*01,1
263,CASKWGGSVVDTQYF,TRBV12-4*02,None,TRBJ2-3*01,1
264,CASNLAVTSVTYEQYF,TRBV5-1*02,None,TRBJ2-7*01,1
265,CASRALDRGRTDTQYF,TRBV12-4*02,None,TRBJ2-3*01,1
266,CASRCERFPVNSPLHF,TRBV7-8*03,None,TRBJ1-6*01,1
267,CASRWDRFPVNSPLHF,TRBV7-1*01,None,TRBJ1-6*01,1
268,CASRWDRFPVNSPLNF,TRBV7-8*03,None,TRBJ1-6*02,1
269,CASSLSGRVEKLFF,TRBV12-4*02,None,TRBJ1-4*01,1
270,CASRWDRFPVNSPLPF,TRBV5-4*02,None,TRBJ1-6*01,1
271,CASSFSVGPTYEQYF,TRBV5-4*03,None,TRBJ2-7*01,1
272,CASSFSVRPTYEQYF,TRBV14*02,None,TRBJ2-7*01,1
273,CASSGIEGQGALYGYTF,TRBV28*01,TRBD1*01,TRBJ1-2*01,1
274,CASSGMEGQGAPYGYTF,TRBV28*01,TRBD1*01,TRBJ1-2*01,1
275,CASSGMEGRGALYGYTF,TRBV28*01,None,TRBJ1-2*01,1
276,CASSGSNTKIQYF,TRBV19*03,None,TRBJ2-4*01,1
277,CASSGSNTNIRYF,TRBV19*03,None,TRBJ2-4*01,1
278,CASSIGGTGLRGEQFF,TRBV19*03,None,TRBJ2-1*01,1
279,CASSITMTGPEQFF,TRBV27*01,None,TRBJ2-1*01,1
280,CASSLALTSVTYEQYF,TRBV5-1*01,None,TRBJ2-7*01,1
281,CASSLAVASVTYEQYF,TRBV5-1*01,None,TRBJ2-7*01,1
282,CASSLAVTSITYEQYF,TRBV5-1*01,None,TRBJ2-7*01,1
283,CACSKGATGLRGEQFF,TRBV19*01,None,TRBJ2-1*01,1
284,CASSLAVTSVTYDRYF,TRBV5-1*01,None,TRBJ2-7*01,1
285,CASSLAVTSVTYEQYF,TRBV5-1*01,None,TRBJ2-5*01,1
286,CASSLAVTSVTYEQYF,TRBV5-1*02,None,TRBJ2-7*01,1
287,CASSLAVTSVTYEQYF,TRBV5-4*01,None,TRBJ2-7*01,1
288,CASSLDRVSQNQNF,TRBV11-2*01,None,TRBJ1-5*01,1
289,CASSLDRVSQPQHF,TRBV11-2*03,None,TRBJ1-5*01,1
290,CASSLDRVSQPQHF,TRBV7-4*01,None,TRBJ1-5*01,1
291,CASSLDRVSQSQHF,TRBV11-2*03,None,TRBJ1-5*01,1
292,CASSLENRGYTF,TRBV11-3*03,None,TRBJ2-7*01,1
293,CASSLENRGYTF,TRBV4-3*02,None,TRBJ1-2*01,1
294,CASSLGGPAYYEQFF,TRBV5-4*02,None,TRBJ2-1*01,1
295,CASSLGGPSYNEQFF,TRBV5-4*02,None,TRBJ2-5*01,1
296,CASSLGGPSYNEQFF,TRBV5-4*02,None,TRBJ2-7*01,1
297,CASSLGGPSYSEQFF,TRBV5-8*02,None,TRBJ2-1*01,1
298,CASSLGGRSYNEQFF,TRBV5-4*02,None,TRBJ2-1*01,1
299,CASSLRGPSYNEQFF,TRBV5-4*04,None,TRBJ2-1*01,1
300,CASSFSVGPTCELYF,TRBV14*02,None,TRBJ2-7*01,1
301,CASSFSVGATYEQYF,TRBV14*02,None,TRBJ2-7*01,1
302,CASSFSPRETQYF,TRBV19*03,None,TRBJ2-5*01,1
303,CASRWDRYPVNSPLHF,TRBV7-8*03,None,TRBJ1-6*01,1
304,CASRWDRFPVNSPLPF,TRBV7-8*03,None,TRBJ1-6*01,1
305,CASRWDRFPVNSPLQF,TRBV7-8*03,None,TRBJ1-6*01,1
306,CASRWDRFPVNSPLYF,TRBV7-8*03,None,TRBJ1-6*01,1
307,CASRWDRFPVNSPRQF,TRBV7-8*03,None,TRBJ1-6*01,1
308,CASRWDRFPVNSRLHF,TRBV7-8*03,None,TRBJ1-6*01,1
309,CASRWDRFRVNSTLHF,TRBV23-1*01,None,TRBJ1-6*01,1
310,CASRWDRFTVDSPLHF,TRBV7-8*03,None,TRBJ1-6*01,1
311,CASRWDRFTVNSPLHF,TRBV7-8*03,None,TRBJ1-6*01,1
312,CASRWDRIPVNSPPNF,TRBV7-8*03,None,TRBJ1-6*01,1
313,CASRWDRPPVNSPLHF,TRBV11-3*03,None,TRBJ1-6*01,1
314,CASRWDRSPVNSPLHF,TRBV7-8*03,None,TRBJ1-6*01,1
315,CASRWDRTPVNSPLHF,TRBV7-8*03,None,TRBJ1-6*01,1
316,CASRWDRVPVNSPHHF,TRBV7-8*03,None,TRBJ1-6*01,1
317,CASRWELFPVNSPLHF,TRBV7-8*03,None,TRBJ1-6*01,1
318,CASSFSMGPTYEQYF,TRBV14*02,None,TRBJ2-7*01,1
319,CASRWERFPVNSLRHF,TRBV7-8*03,None,TRBJ1-6*01,1
320,CASRWHRFPVNSHLHF,TRBV7-8*02,None,TRBJ1-6*01,1
321,CASRWVRFPVNSPLHF,TRBV7-8*03,None,TRBJ1-6*01,1
322,CASRWYRFPVNSPLRF,TRBV7-8*03,None,TRBJ1-6*01,1
323,CASRWYSFPVNSPLHF,TRBV7-8*03,None,TRBJ1-6*01,1
324,CASSAMDGQGALYGYTF,TRBV2*02,None,TRBJ1-2*01,1
325,CASSEEHSPHHF,TRBV2*02,None,TRBJ1-6*01,1
326,CASSEEHSPLHF,TRBV2*01,None,TRBJ1-6*01,1
327,CASSFGTGSYEQYF,TRBV11-2*03,None,TRBJ2-7*01,1
328,CASSFPPREAQYF,TRBV19*03,None,TRBJ2-5*01,1
329,CASSFPPREIRYF,TRBV19*03,None,TRBJ2-5*01,1
330,CASSFPPRETQNF,TRBV19*03,None,TRBJ2-5*01,1
331,CASSFSLGPTYEQYF,TRBV6-6*05,None,TRBJ2-7*01,1
332,CVTSSGVAQPQHF,TRBV6-6*04,None,TRBJ1-5*01,1
