,CDR3seq,V-region,D-region,J-region,Frequency
1,CASRWDRFPVNSPLHF,TRBV7-8*03,None,TRBJ1-6*01,543
2,CAMREVSNAGGTSYGKLTF,TRBV2*02,None,TRBJ1-1*01,32
3,CASTPGAAEREQYF,TRBV25-1*01,None,TRBJ2-7*01,23
4,CASSFSTCSANYGYTF,TRBV12-4*02,None,TRBJ1-2*01,16
5,CSVWWVRPQETQYF,TRBV29-1*02,None,TRBJ2-5*01,14
6,CASSFSVGPTYEQYF,TRBV14*02,None,TRBJ2-7*01,12
7,CSASDWQGSYNEQFF,TRBV20-1*04,None,TRBJ2-1*01,9
8,CSASDWQGSYNEQFF,TRBV20-1*02,None,TRBJ2-1*01,9
9,CSASDWQGSYNEQFF,TRBV20-1*07,None,TRBJ2-1*01,8
10,CASSLAVTSVTYEQYF,TRBV5-1*01,None,TRBJ2-7*01,8
11,CSAVAGFSYEQYF,TRBV20-1*06,None,TRBJ2-7*01,7
12,CASRWDRLPVNSPLHF,TRBV7-8*03,None,TRBJ1-6*01,6
13,CSASDWQGSYNEQFF,TRBV20-1*03,None,TRBJ2-1*01,6
14,CAMREVSNAGGTSYGKLTF,TRBV2*03,None,TRBJ1-1*01,5
15,CSASDWQGSYNEQFF,TRBV20-1*06,None,TRBJ2-1*01,5
16,CASRWDRFPVNSPLNF,TRBV7-8*03,None,TRBJ1-6*01,4
17,CASRWDRFPVNSPPHF,TRBV7-8*03,None,TRBJ1-6*01,4
18,CASRWDRFPVNSPLHF,TRBV7-3*04,None,TRBJ1-6*01,4
19,CATRDRAFQETQYF,TRBV6-6*05,None,TRBJ2-5*01,4
20,CASRWDRFPVNSPLHF,TRBV7-8*02,None,TRBJ1-6*01,3
21,CASRWDRFPVNSPLRF,TRBV7-8*03,None,TRBJ1-6*01,3
22,CASRWDRFPVNSSLHF,TRBV7-8*03,None,TRBJ1-6*01,3
23,CASSLQTDYNSPLHF,TRBV6-6*03,None,TRBJ1-6*02,3
24,CASRWDRFPVNSPLHF,TRBV7-3*05,None,TRBJ1-6*01,3
25,CASRWDRIPVNSPLHF,TRBV7-8*03,None,TRBJ1-6*01,3
26,CASRYSSTGELFF,TRBV28*01,None,TRBJ2-2*01,3
27,CASRCDRFPVNSPLHF,TRBV7-8*03,None,TRBJ1-6*01,3
28,CASRWERFPVNSPLHF,TRBV7-8*03,None,TRBJ1-6*01,3
29,CASSLTGVEQFF,TRBV11-3*02,None,TRBJ2-1*01,2
30,CASRWDRFSVNSPLHF,TRBV7-8*03,None,TRBJ1-6*01,2
31,CASRWDRFPVNSLLHF,TRBV7-8*03,None,TRBJ1-6*01,2
32,CASRWDRFPVNSPLHF,TRBV7-8*03,None,TRBJ1-6*02,2
33,CASSLGGPSYNEQFF,TRBV5-4*04,None,TRBJ2-1*01,2
34,CASRWDRVPVNSPLHF,TRBV7-8*03,None,TRBJ1-6*01,2
35,CSVDEGRSNTEAFF,TRBV29-1*02,None,TRBJ1-1*01,2
36,CASSLTGVEQFF,TRBV11-2*03,None,TRBJ2-1*01,2
37,CASRWDSFPVNSPLHF,TRBV7-8*03,None,TRBJ1-6*01,2
38,CSASDWQGSYNEQFF,TRBV20-1*05,None,TRBJ2-1*01,2
39,CVSRWDRFPVNSPLHF,TRBV7-8*03,None,TRBJ1-6*01,2
40,CASRWDRFPANSPLHF,TRBV7-8*03,None,TRBJ1-6*01,2
41,CASGGQNYGYTF,TRBV11-3*03,None,TRBJ1-2*01,2
42,CASRWNRFPVNSPLHF,TRBV7-8*03,None,TRBJ1-6*01,2
43,CASSGMEGQGALYGYTF,TRBV28*01,TRBD1*01,TRBJ1-2*01,2
44,CSAVAGFSYEQYF,TRBV20-1*03,None,TRBJ2-7*01,2
45,CASRWDRFPVNPPLHF,TRBV7-8*03,None,TRBJ1-6*01,2
46,CSVVSGFSYEQYF,TRBV20-1*02,None,TRBJ2-7*01,1
47,CASSRGGPSYNEQFF,TRBV5-8*02,None,TRBJ2-1*01,1
48,CASSLTVTSVTYEQYF,TRBV5-1*02,None,TRBJ2-7*01,1
49,CSVWWVRPEETQYF,TRBV29-1*03,None,TRBJ2-5*01,1
50,CSVETCRGFSCYTF,TRBV29-1*02,None,TRBJ1-2*01,1
51,CSAWWVRPQETQYF,TRBV29-1*03,None,TRBJ2-5*01,1
52,CTSRWDRFPVNSPLHF,TRBV7-2*03,None,TRBJ1-6*01,1
53,CASSLTAVEQFF,TRBV11-3*02,None,TRBJ2-1*01,1
54,CTSILPTNFNSPLHF,TRBV6-6*05,None,TRBJ1-6*02,1
55,CASSLQTDYNSPLHF,TRBV28*01,None,TRBJ1-6*02,1
56,CASSLGPSASHYEQYF,TRBV11-3*03,None,TRBJ2-7*01,1
57,CASSLGGPSYNEQFF,TRBV5-8*02,None,TRBJ2-1*01,1
58,CASSLGGPSYNEQFF,TRBV5-5*02,None,TRBJ2-1*01,1
59,CASSLGGPSYNEQFF,TRBV5-4*03,None,TRBJ2-5*01,1
60,CASSLGGPSYNEQFF,TRBV5-4*03,None,TRBJ2-1*01,1
61,CASSLAVTSVTYEQYF,TRBV5-1*01,None,TRBJ2-5*01,1
62,CASSLAVTSVPYEQYF,TRBV5-1*01,None,TRBJ2-7*01,1
63,CASSLAVTSLTYEQYF,TRBV5-1*01,None,TRBJ2-7*01,1
64,CASSFSVRPTYEQYF,TRBV14*02,None,TRBJ2-3*01,1
65,CVSRWDRIPVNSPLHF,TRBV7-8*03,None,TRBJ1-6*01,1
66,CASSSTTCSADYRYTF,TRBV6-7*01,None,TRBJ1-2*01,1
67,CASTLGAAERAKYF,TRBV27*01,None,TRBJ2-7*01,1
68,CASSWAVTSVTYEQYF,TRBV5-1*02,None,TRBJ2-7*01,1
69,CSGSEWQGSYNEHVF,TRBV20-1*03,None,TRBJ2-1*01,1
70,CSASDEQRSYKEPFF,TRBV20-1*07,None,TRBJ2-1*01,1
71,CSASDWQASYNEQCF,TRBV20-1*04,None,TRBJ2-1*01,1
72,CSASDWQGAYNEPFF,TRBV20-1*05,None,TRBJ2-1*01,1
73,CSASDWQGSCNEQFF,TRBV20-1*05,None,TRBJ2-1*01,1
74,CSVDEGRSDTEAFF,TRBV29-1*02,None,TRBJ1-1*01,1
75,CSSSLGGRCYNHHFF,TRBV5-5*02,None,TRBJ2-1*01,1
76,CSSSLGETGGEQYF,TRBV7-2*01,None,TRBJ2-7*01,1
77,CSASDWQGSYNERFF,TRBV20-1*02,None,TRBJ2-1*01,1
78,CSAISGRSLGWANVLTF,TRBV20-1*04,TRBD2*02,TRBJ2-6*01,1
79,CSASDWQGSYNGQFF,TRBV20-1*03,None,TRBJ2-1*01,1
80,CSASDWQGSYNKQFF,TRBV20-1*05,None,TRBJ2-1*01,1
81,CSASGWQGSYNEQFF,TRBV20-1*05,None,TRBJ2-1*01,1
82,CSAVAGFSYEQHF,TRBV20-1*02,None,TRBJ2-7*01,1
83,CSAVAGFSYEQYF,TRBV20-1*02,None,TRBJ2-7*01,1
84,CSDVAGFSYEQYF,TRBV20-1*02,None,TRBJ2-7*01,1
85,CSAVASVSYEKYF,TRBV20-1*01,None,TRBJ2-7*01,1
86,CSARDWQGFYNDKFF,TRBV20-1*02,None,TRBJ2-1*01,1
87,CSAAAGFSYEQYF,TRBV20-1*02,None,TRBJ2-7*01,1
88,CASTFSTCSTNYGYTF,TRBV12-4*02,None,TRBJ1-2*01,1
89,CATRDRAFQETQYF,TRBV6-6*03,None,TRBJ2-5*01,1
90,CSAVVGFSYEQYF,TRBV20-1*02,None,TRBJ2-7*01,1
91,CASTPGAADREQYF,TRBV25-1*01,None,TRBJ2-7*01,1
92,CASTPGAAERAQYF,TRBV25-1*01,None,TRBJ2-7*01,1
93,CSVDEGRSNTEASF,TRBV29-1*02,None,TRBJ1-1*01,1
94,CASTPGASEREQYF,TRBV25-1*01,None,TRBJ2-7*01,1
95,CASTWDHFPVNSHLPF,TRBV7-8*03,None,TRBJ1-6*01,1
96,CASTWDRFPVNSPLHF,TRBV7-8*03,None,TRBJ1-6*01,1
97,CASSFSVGPSYAQYF,TRBV14*02,None,TRBJ2-7*01,1
98,CRAWYALFSYNEQIF,TRBV20-1*07,None,TRBJ2-1*01,1
99,CATREVSNAGGTSYGKLTF,TRBV2*02,None,TRBJ1-1*01,1
100,CATRWYRFQVHSPLHF,TRBV3-1*02,None,TRBJ1-6*01,1
101,CATSTWGTHLRF,TRBV15*02,None,TRBJ1-2*01,1
102,CDSSFSTCSANYGYTF,TRBV12-4*02,None,TRBJ1-2*01,1
103,CGSRWDRFPVNSPLHF,TRBV7-8*03,None,TRBJ1-6*01,1
104,CNASDWRGSYNEQFF,TRBV20-1*06,None,TRBJ2-1*01,1
105,CRATDSLGCYKENLF,TRBV20-1*05,None,TRBJ2-1*01,1
106,CACRWDRLPVNSPLHF,TRBV7-8*03,None,TRBJ1-6*01,1
107,CASRWDRVPVTSPLHF,TRBV7-8*03,None,TRBJ1-6*01,1
108,CASSFSTFSANYGYTF,TRBV12-4*02,None,TRBJ1-2*01,1
109,CASSFRTGAYEQYF,TRBV11-3*02,None,TRBJ2-7*01,1
110,CARRWDRVPVNSPLHF,TRBV7-8*03,None,TRBJ1-6*01,1
111,CARRWVRIPLDSHIHF,TRBV7-8*03,None,TRBJ1-6*01,1
112,CARSLVGTSVTYKQYF,TRBV5-1*02,TRBD2*01,TRBJ2-7*01,1
113,CASCYDANTGELFF,TRBV6-5*01,None,TRBJ2-2*01,1
114,CASGGKNYGYTF,TRBV7-9*04,None,TRBJ1-2*01,1
115,CASGGQNYGYTF,TRBV7-9*04,None,TRBJ1-2*01,1
116,CASGWDRFPVNSPLHF,TRBV7-8*03,None,TRBJ1-6*01,1
117,CASGWGRFPVNSPLHF,TRBV7-8*03,None,TRBJ1-6*01,1
118,CASIWDRFPVNSPLHF,TRBV7-8*03,None,TRBJ1-6*01,1
119,CASIWDRFPVNSPLRF,TRBV7-8*03,None,TRBJ1-6*02,1
120,CASIWDRFPVNSPLYF,TRBV7-8*03,None,TRBJ1-6*01,1
121,CASMWNRFPVKSPLNF,TRBV7-8*03,None,TRBJ1-6*01,1
122,CASNLAVTSVTYEQYF,TRBV5-1*02,None,TRBJ2-7*01,1
123,CASNLRGTRGYGFTF,TRBV27*01,None,TRBJ1-2*01,1
124,CASNLRGTRGYGYTF,TRBV27*01,None,TRBJ1-2*01,1
125,CASRCDRFPVNSLLHF,TRBV7-8*03,None,TRBJ1-6*01,1
126,CASRDDQCLANSPLHF,TRBV7-8*03,None,TRBJ1-6*01,1
127,CARRWDRFPVNSPLHF,TRBV7-8*03,None,TRBJ1-6*01,1
128,CARIWDRFPVNSPLHF,TRBV7-8*03,None,TRBJ1-6*01,1
129,CAPSFSTCSPNYDYNF,TRBV12-4*02,None,TRBJ1-2*01,1
130,CAMREVSKAGGTSYGKLTF,TRBV2*02,None,TRBJ1-1*01,1
131,CAIRWDRFPVNAPLHF,TRBV7-8*03,None,TRBJ1-6*01,1
132,CAITPGAAEREQYF,TRBV25-1*01,None,TRBJ2-7*01,1
133,CAKRTDNEMRF,TRBV25-1*01,None,TRBJ2-3*01,1
134,CALILTGVAQFF,TRBV11-2*03,None,TRBJ2-1*01,1
135,CAMRAVSNAGGTRYGKLTF,TRBV28*01,None,TRBJ1-1*01,1
136,CAMRDESIAGGSSYGKLTF,TRBV2*02,None,TRBJ1-1*01,1
137,CAMREASNAGDTSSGKLTF,TRBV2*02,None,TRBJ1-1*01,1
138,CAMREVSNAGGTSHGKLTF,TRBV2*02,None,TRBJ1-1*01,1
139,CAPRDRAFQETQYF,TRBV6-6*05,None,TRBJ2-5*01,1
140,CAMREVSNAGGTSYGNLTF,TRBV2*02,None,TRBJ1-1*01,1
141,CAMREVSNAGGTSYVKLTF,TRBV2*02,None,TRBJ1-1*01,1
142,CAMRVVSNAGGTSYGKLTF,TRBV2*02,None,TRBJ1-1*01,1
143,CAMTEVSNAGGTSYGKLTF,TRBV2*02,None,TRBJ1-1*01,1
144,CANKPWTSAVDTLYF,TRBV12-4*01,None,TRBJ2-3*01,1
145,CANRWDRVPVNSPLHF,TRBV7-8*03,None,TRBJ1-6*01,1
146,CANRWYRFPVYSPLHF,TRBV7-8*03,None,TRBJ1-6*01,1
147,CASRGERFPVNSPLHF,TRBV7-8*01,None,TRBJ1-6*01,1
148,CASRGMEGQGALYGYTF,TRBV28*01,TRBD1*01,TRBJ1-2*01,1
149,CASRGNRFPVNSPLHF,TRBV7-8*03,None,TRBJ1-6*01,1
150,CASRWDRSPVNSPLHF,TRBV7-8*03,None,TRBJ1-6*01,1
151,CASRWDRFPVNSPLPF,TRBV7-8*03,None,TRBJ1-6*01,1
152,CASRWDRFPVNSPLRF,TRBV4-3*02,None,TRBJ1-6*01,1
153,CASRWDRFPVNSPLYF,TRBV7-8*03,None,TRBJ1-6*01,1
154,CASRWDRFPVTSPLHF,TRBV7-8*03,None,TRBJ1-6*01,1
155,CASRWDRFPVYSPFHF,TRBV7-8*03,None,TRBJ1-6*01,1
156,CASRWDRFTVNSPLHF,TRBV7-8*03,None,TRBJ1-6*01,1
157,CASRWDRIPGNSPLHF,TRBV7-8*03,None,TRBJ1-6*01,1
158,CASRWDRTPVNSPLHF,TRBV7-8*03,None,TRBJ1-6*01,1
159,CASRWDRFPVNSPLHF,TRBV7-8*01,None,TRBJ1-6*01,1
160,CASRWDRVPVKSPLHF,TRBV7-2*04,None,TRBJ1-6*01,1
161,CAGGNQAGTALIF,TRBV12-3*01,None,TRBJ1-6*01,1
162,CASRWERLPVNSPLHF,TRBV7-8*03,None,TRBJ1-6*01,1
163,CASRWGRFPVNSPIRF,TRBV7-8*03,None,TRBJ1-6*01,1
164,CASSAMEGQGALYNYTF,TRBV28*01,None,TRBJ1-2*01,1
165,CASSCDPFPVNSPLPF,TRBV7-8*03,None,TRBJ1-2*01,1
166,CASSEVRGEQYF,TRBV6-6*03,None,TRBJ2-7*01,1
167,CASRWDRFPVNSPLHF,TRBV7-9*01,None,TRBJ1-6*01,1
168,CASRWDRFPVNSPLDF,TRBV7-8*03,None,TRBJ1-6*01,1
169,CASRLTGVEQFF,TRBV11-2*03,None,TRBJ2-1*01,1
170,CASRWDCFPVNSPLHF,TRBV7-8*03,None,TRBJ1-6*01,1
171,CASRPEPFPGNSLLHF,TRBV7-8*03,None,TRBJ1-6*01,1
172,CASRRARFRVNAPLHF,TRBV7-6*02,None,TRBJ1-6*01,1
173,CASRRDRFPINSPLHF,TRBV7-8*03,None,TRBJ1-6*01,1
174,CASRRDRFPVNSPLHF,TRBV7-8*03,None,TRBJ1-6*01,1
175,CASRSERLPVNSPLHF,TRBV4-2*01,None,TRBJ1-1*01,1
176,CASRWARFPVNSPLHF,TRBV11-3*01,None,TRBJ1-6*01,1
177,CASRWARFPVNSPLHF,TRBV7-8*03,None,TRBJ1-6*01,1
178,CASRWDLFQVTAPLHF,TRBV7-3*04,None,TRBJ2-7*01,1
179,CASRWDRFPVNPTLHF,TRBV7-8*03,None,TRBJ1-6*01,1
180,CASRWDPFPVYSLLHF,TRBV11-3*03,None,TRBJ1-6*01,1
181,CASRWDRFAVNSPLHF,TRBV7-8*03,None,TRBJ1-6*01,1
182,CASRWDRFLVNSPLYF,TRBV7-8*03,None,TRBJ1-6*01,1
183,CASRWDRFLVYLPLHF,TRBV7-8*03,None,TRBJ1-6*01,1
184,CASRWDRFPLNSPIHF,TRBV7-8*03,None,TRBJ1-6*01,1
185,CASRWDRFPLNSPLHF,TRBV7-8*03,None,TRBJ1-6*01,1
186,CASRWDRFPVHSPLHF,TRBV7-8*03,None,TRBJ1-6*01,1
187,CVSRWDRTQGNSPPHF,TRBV7-8*03,None,TRBJ1-6*01,1
