,CDR3seq,V-region,D-region,J-region,Frequency
1,CASRWDRFPVNSPLHF,TRBV7-8*03,None,TRBJ1-6*01,267
2,CASSYGVNTEAFF,TRBV6-6*03,None,TRBJ1-1*01,104
3,CATGQGTSYEQYF,TRBV2*02,None,TRBJ2-7*01,46
4,CASTPGAAEREQYF,TRBV25-1*01,None,TRBJ2-7*01,26
5,CASSYGAANTEAFF,TRBV6-6*03,None,TRBJ1-1*01,24
6,CSVGTSGGQPQHF,TRBV29-1*02,None,TRBJ1-5*01,24
7,CSAVAGFSYEQYF,TRBV20-1*03,None,TRBJ2-7*01,10
8,CASSLENRGYTF,TRBV7-9*04,None,TRBJ1-2*01,9
9,CASSLGESGGEQYF,TRBV7-2*04,None,TRBJ2-7*01,8
10,CSAVAGFSYEQYF,TRBV20-1*06,None,TRBJ2-7*01,8
11,CASSYGVNTEAFF,TRBV6-6*05,None,TRBJ1-1*01,7
12,CASSYGVNTEAFF,TRBV6-5*01,None,TRBJ1-1*01,7
13,CASSLENRGYTF,TRBV11-3*03,None,TRBJ1-2*01,7
14,CSAVAGFSYEQYF,TRBV20-1*02,None,TRBJ2-7*01,7
15,CASRWDRFPVNSPLHF,TRBV11-3*03,None,TRBJ1-6*01,6
16,CASRWDRFPVNSPLHF,TRBV7-9*04,None,TRBJ1-6*01,6
17,CASRWDRFPVNSPLHF,TRBV7-8*03,None,TRBJ1-6*02,5
18,CASSYGVNTEAFF,TRBV6-3*01,None,TRBJ1-1*01,5
19,CASSYGVNTEAFF,TRBV6-6*01,None,TRBJ1-1*01,5
20,CASSLGESGGEQYF,TRBV11-3*02,None,TRBJ2-7*01,5
21,CASSYGVNTEAFF,TRBV6-2*01,None,TRBJ1-1*01,4
22,CSAGTGTSSLIYEQYF,TRBV20-1*06,None,TRBJ2-7*01,3
23,CSAGTGTSSLIYEQYF,TRBV20-1*02,None,TRBJ2-7*01,3
24,CSAGTGTSSLIYEQYF,TRBV20-1*03,None,TRBJ2-7*01,3
25,CASSLGESGGEQYF,TRBV11-2*03,None,TRBJ2-7*01,3
26,CASSYGVNTEAFF,TRBV7-8*03,None,TRBJ1-1*01,2
27,CASRWDRFPVNSPLHF,TRBV11-2*03,None,TRBJ1-6*01,2
28,CASRWDRVPVNSPLHF,TRBV7-8*03,None,TRBJ1-6*01,2
29,CASRWDRFSVNSPLHF,TRBV7-8*03,None,TRBJ1-6*01,2
30,CASRWDRFPVNTPLHF,TRBV7-8*03,None,TRBJ1-6*01,2
31,CASSPKRETQYF,TRBV18*01,None,TRBJ2-5*01,2
32,CATGQGTSYEQYF,TRBV13*02,None,TRBJ2-7*01,2
33,CAPRDDKIIF,TRBV3-1*02,None,TRBJ2-1*01,2
34,CASSYGVNTEAFF,TRBV6-6*02,None,TRBJ1-1*01,2
35,CASSYTGQGSYEQYF,TRBV6-6*03,None,TRBJ2-7*01,2
36,CASTPRAAERQQYF,TRBV25-1*01,None,TRBJ2-7*01,1
37,CASTPGAAERQQYF,TRBV25-1*01,None,TRBJ2-7*01,1
38,CASTVDRFPVNSPLNF,TRBV7-8*03,None,TRBJ1-6*01,1
39,CASTPGAAEREKYF,TRBV25-1*01,None,TRBJ2-7*01,1
40,CASTPGAAEREHYF,TRBV25-1*01,None,TRBJ2-7*01,1
41,CASTPGAAELEQDF,TRBV25-1*01,None,TRBJ2-7*01,1
42,CASTPAPTQRAQYF,TRBV25-1*01,None,TRBJ2-7*01,1
43,CASTPAAAARQQYF,TRBV25-1*01,None,TRBJ2-7*01,1
44,CAARVDNVIF,TRBV10-2*01,None,TRBJ2-1*01,1
45,CASSYTGQGSYEQYF,TRBV6-3*01,None,TRBJ2-7*01,1
46,CASSYTGQGSYEQYF,TRBV11-3*03,None,TRBJ2-7*01,1
47,CASSYGAANTEAFF,TRBV11-3*02,None,TRBJ1-1*01,1
48,CASSYGAANTEAFF,TRBV6-3*01,None,TRBJ1-1*01,1
49,CASSYGAANTEAFF,TRBV6-6*01,None,TRBJ1-1*01,1
50,CASSYGAANTEALF,TRBV6-6*02,None,TRBJ1-1*01,1
51,CASSYGAANTEPFF,TRBV6-6*03,None,TRBJ1-1*01,1
52,CASSYGAANTGAFF,TRBV6-6*03,None,TRBJ1-1*01,1
53,CASSYGAVNTEAFF,TRBV6-6*03,None,TRBJ1-1*01,1
54,CASSYGVNTEAFF,TRBV11-2*02,None,TRBJ1-1*01,1
55,CASSYGVNTEALF,TRBV6-6*03,None,TRBJ1-1*01,1
56,CASSYGVNTEDFF,TRBV6-3*01,None,TRBJ1-1*01,1
57,CASTWDRFPVNSLLQF,TRBV7-8*03,None,TRBJ1-6*01,1
58,CASSYGVNTETFF,TRBV6-5*01,None,TRBJ1-1*01,1
59,CASSYGVNTGAFF,TRBV6-5*01,None,TRBJ1-1*01,1
60,CASSYGVNTKAFF,TRBV6-3*01,None,TRBJ1-1*01,1
61,CASSYGVNTVAFF,TRBV6-6*03,None,TRBJ1-1*01,1
62,CASSYGVSTEAFF,TRBV6-6*03,None,TRBJ1-1*01,1
63,CASSYSNYGYTF,TRBV6-6*03,None,TRBJ1-2*01,1
64,CASTWDRFPENSPLHF,TRBV7-3*04,None,TRBJ1-6*01,1
65,CATGQGKSYEQYF,TRBV2*02,None,TRBJ2-7*01,1
66,CASVWDRFPVNSPIHF,TRBV7-8*03,None,TRBJ1-6*01,1
67,CSVGQASGTDVFF,TRBV29-1*02,None,TRBJ1-1*01,1
68,CSAVAGFSYEEYF,TRBV20-1*03,None,TRBJ2-7*01,1
69,CSAVAGFSYEQYF,TRBV20-1*07,None,TRBJ2-7*01,1
70,CSAVAGFSYVQYF,TRBV20-1*02,None,TRBJ2-7*01,1
71,CSAVAWVSYEQYF,TRBV20-1*03,None,TRBJ2-7*01,1
72,CSAVSGFSYEQYF,TRBV20-1*02,None,TRBJ2-7*01,1
73,CSCEQGPRGTQYF,TRBV29-1*02,None,TRBJ2-3*01,1
74,CSSSLAVTSVTYEQYF,TRBV5-1*01,None,TRBJ2-7*01,1
75,CSSSYGAANTEAFF,TRBV6-6*03,None,TRBJ1-1*01,1
76,CSVEQGPRGTQYF,TRBV29-1*02,None,TRBJ2-3*01,1
77,CSVGPSGSQPPPF,TRBV29-1*02,None,TRBJ1-5*01,1
78,CSVGQATGNEAFF,TRBV29-1*02,None,TRBJ1-1*01,1
79,CSAVAASSYEQYF,TRBV20-1*06,None,TRBJ2-7*01,1
80,CSVGQATGTEAFF,TRBV29-1*02,None,TRBJ1-1*01,1
81,CSVGTSGGHPQHF,TRBV29-1*02,None,TRBJ1-5*01,1
82,CSVGTSGGQFPHF,TRBV29-1*02,None,TRBJ1-5*01,1
83,CSVGTSGGQHQHF,TRBV29-1*02,None,TRBJ1-5*01,1
84,CSVGTSGGQPQYF,TRBV29-1*02,None,TRBJ1-5*01,1
85,CSVGTSGVQPQHF,TRBV29-1*02,None,TRBJ1-5*01,1
86,CSVGTSVGQPQHF,TRBV29-1*02,None,TRBJ1-5*01,1
87,CTSRWDRFPVNSPFHF,TRBV7-2*03,None,TRBJ1-6*01,1
88,CTTTPGSGEQEQYF,TRBV25-1*01,None,TRBJ2-7*01,1
89,CTVGTSGGQPQHF,TRBV29-1*02,None,TRBJ1-5*01,1
90,CSAVAGFCYEQYF,TRBV20-1*02,None,TRBJ2-7*01,1
91,CSAEAGFSYEQYF,TRBV20-1*03,None,TRBJ2-7*01,1
92,CATGKESSYEHYF,TRBV2*02,None,TRBJ2-7*01,1
93,CATTPGAAEREQYF,TRBV25-1*01,None,TRBJ2-7*01,1
94,CATGLGMSYEQYF,TRBV2*02,None,TRBJ2-7*01,1
95,CASSYGAANSEAFF,TRBV6-6*03,None,TRBJ1-1*01,1
96,CATGQGPSYQQYF,TRBV2*02,None,TRBJ2-7*01,1
97,CATGQGTSYEQYF,TRBV6-1*01,None,TRBJ2-7*01,1
98,CATGQGTYYEQYF,TRBV2*02,None,TRBJ2-7*01,1
99,CATGQRTSYVQYF,TRBV2*02,None,TRBJ2-7*01,1
100,CATGQVTAYEKYF,TRBV2*02,None,TRBJ2-7*01,1
101,CATGQVTSYEEYF,TRBV2*02,None,TRBJ2-7*01,1
102,CATGQWTSYEQYF,TRBV2*02,None,TRBJ2-7*01,1
103,CATRNRAFQETQNF,TRBV15*01,None,TRBJ2-5*01,1
104,CATVQGTSYEQYF,TRBV2*03,None,TRBJ2-7*01,1
105,CPSSYRAANTEAFF,TRBV6-6*02,None,TRBJ1-1*01,1
106,CATVQSFSKDQYF,TRBV2*02,None,TRBJ2-7*01,1
107,CAVFVMLGTNKLIF,TRBV7-3*05,None,TRBJ1-1*01,1
108,CAWSRWEADYNNEQFF,TRBV30*04,None,TRBJ2-1*01,1
109,CDSRLENTGSAF,TRBV7-9*04,None,TRBJ1-2*01,1
110,CGVGTSGGQPQHF,TRBV29-1*02,None,TRBJ1-5*01,1
111,CIAVSGFSYMQHF,TRBV20-1*03,None,TRBJ2-7*01,1
112,CPGRLGTLETQYF,TRBV28*01,None,TRBJ2-5*01,1
113,CPSSLANRGYTF,TRBV7-9*03,None,TRBJ1-2*01,1
114,CPSSLGESGGEQYF,TRBV7-2*02,None,TRBJ2-7*01,1
115,CPSSPRAPNTQALF,TRBV6-6*03,None,TRBJ1-1*01,1
116,CASSYGAANTAAVF,TRBV6-6*03,None,TRBJ1-1*01,1
117,CASSLVESGGEQYF,TRBV11-2*03,None,TRBJ2-7*01,1
118,CASSWDRFPVNSPLHF,TRBV7-8*03,None,TRBJ1-6*01,1
119,CASPPGAAEREQYF,TRBV25-1*01,None,TRBJ2-7*01,1
120,CARSYGAANTEAFF,TRBV11-2*02,None,TRBJ1-1*01,1
121,CARSYGVNTEAFF,TRBV6-6*05,None,TRBJ1-1*01,1
122,CARSYGVNTEALF,TRBV27*01,None,TRBJ1-1*01,1
123,CASCLKNMGYTF,TRBV7-9*04,None,TRBJ1-2*01,1
124,CASCLRESGGAQYF,TRBV11-3*02,None,TRBJ2-7*01,1
125,CASGDYNIIF,TRBV3-1*02,None,TRBJ1-1*01,1
126,CASISDFFPLNSPLHF,TRBV7-8*03,None,TRBJ1-6*02,1
127,CASLYVVKTKAFF,TRBV6-6*03,None,TRBJ1-1*01,1
128,CASMTDLFSYNEQFF,TRBV6-6*03,None,TRBJ2-1*01,1
129,CASNLRGTMWYGYTF,TRBV27*01,None,TRBJ1-2*01,1
130,CASRCDRFPVNSPVHF,TRBV7-8*03,None,TRBJ1-6*01,1
131,CASSSGAANTEAFF,TRBV6-2*01,None,TRBJ1-1*01,1
132,CASRCERFPVTSPLHF,TRBV4-2*01,None,TRBJ1-6*02,1
133,CASRGDRVPVNSPLHF,TRBV7-8*03,None,TRBJ1-6*01,1
134,CASRLDRFPVNSPLHF,TRBV11-2*02,None,TRBJ1-6*01,1
135,CASRLGTLETQYF,TRBV28*01,None,TRBJ2-5*01,1
136,CASRRDRFPINSPLHF,TRBV7-8*03,None,TRBJ1-6*01,1
137,CASRRDRFPVNSPLHF,TRBV7-8*03,None,TRBJ1-6*01,1
138,CASRWARFPVNSPLHF,TRBV7-8*03,None,TRBJ1-6*01,1
139,CASRWDCFPVNSPLHF,TRBV7-8*03,None,TRBJ1-6*01,1
140,CASRWDPFPVNSPLHF,TRBV7-8*03,None,TRBJ1-6*01,1
141,CASRWDRCPVNAPIHF,TRBV7-8*03,None,TRBJ1-6*01,1
142,CARSLLQGGTYLQYF,TRBV27*01,None,TRBJ2-7*01,1
143,CARSLETRGYTF,TRBV11-3*01,None,TRBJ1-2*01,1
144,CARRWDRFPVNSPLHF,TRBV7-8*03,None,TRBJ1-6*01,1
145,CARKWDRFPVNSPLHF,TRBV7-8*03,None,TRBJ1-6*01,1
146,CACRWDRFPVNSPLHF,TRBV7-8*03,None,TRBJ1-6*01,1
147,CAGRLGGPSYNEQDF,TRBV5-7*01,None,TRBJ2-1*01,1
148,CAGRWDRVPVNSPLHF,TRBV7-8*03,None,TRBJ1-6*01,1
149,CAHRDDKFIF,TRBV3-1*01,None,TRBJ1-6*01,1
150,CAHRDDKIIF,TRBV9*01,None,TRBJ2-1*01,1
151,CAIGQGTSYEQYF,TRBV13*02,None,TRBJ2-7*01,1
152,CAIRCDRFPVNSHLHF,TRBV7-8*03,None,TRBJ1-6*01,1
153,CAIRWGRFPVKSPLHF,TRBV7-3*01,None,TRBJ1-6*01,1
154,CAKGQGTSYKPYF,TRBV2*02,None,TRBJ2-7*01,1
155,CANPQWTSYDQYF,TRBV2*02,None,TRBJ2-7*01,1
156,CAPKDDKIIF,TRBV2*01,None,TRBJ2-1*01,1
157,CAPRDDKIIF,TRBV2*02,None,TRBJ2-2*01,1
158,CAPRDDKIIF,TRBV3-1*01,None,TRBJ2-1*01,1
159,CAPRDDKIIF,TRBV3-1*02,None,TRBJ1-1*01,1
160,CAPRDDKIIF,TRBV5-3*02,None,TRBJ2-2*01,1
161,CAPRDDKIIF,TRBV9*03,None,TRBJ1-1*01,1
162,CAPRDDKLIF,TRBV7-9*06,None,TRBJ1-5*01,1
163,CAPRDDKTIF,TRBV9*01,None,TRBJ1-6*01,1
164,CAPRDERIIF,TRBV3-1*02,None,TRBJ2-1*01,1
165,CAPRDNKIIF,TRBV3-1*02,None,TRBJ2-1*01,1
166,CAPRNDKIIF,TRBV2*02,None,TRBJ1-5*01,1
167,CASRWDRFLVNSPLDF,TRBV7-8*03,None,TRBJ1-6*01,1
168,CASRWDRFLVNSPLHF,TRBV7-8*03,None,TRBJ1-6*01,1
169,CASRWDRFPANSPLHF,TRBV7-8*02,None,TRBJ1-6*01,1
170,CASSDGVNTEAFF,TRBV6-6*03,None,TRBJ1-1*01,1
171,CASSFSVGPTYEQYF,TRBV14*02,None,TRBJ2-7*01,1
172,CASSFVTGSYEQYF,TRBV7-2*04,None,TRBJ2-7*01,1
173,CASSIWATPLRGQQFF,TRBV19*03,None,TRBJ2-1*01,1
174,CASSLENRGYTF,TRBV7-9*02,None,TRBJ1-2*01,1
175,CASSLENRGYTF,TRBV7-9*03,None,TRBJ1-2*01,1
176,CASSLGECWREQYF,TRBV7-2*04,None,TRBJ2-7*01,1
177,CASSLGESGGEQDF,TRBV7-2*04,None,TRBJ2-7*01,1
178,CASSLGESGGEQYF,TRBV11-3*01,None,TRBJ2-7*01,1
179,CASSLGESGGEQYF,TRBV7-2*02,None,TRBJ2-7*01,1
180,CASSLGESGGEQYF,TRBV7-2*04,None,TRBJ2-5*01,1
181,CASSLGESGGEQYF,TRBV7-4*01,None,TRBJ2-7*01,1
182,CASSLGESGGVQYF,TRBV7-2*04,None,TRBJ2-7*01,1
183,CASSLGQAGSEQYF,TRBV7-3*04,None,TRBJ2-7*01,1
184,CASSLSGGLAADEQFF,TRBV4-3*03,TRBD2*01,TRBJ2-1*01,1
185,CASSLSTCSANYGYTF,TRBV12-4*02,None,TRBJ1-2*01,1
186,CASSLTSYQVTQYF,TRBV6-6*04,None,TRBJ2-5*01,1
187,CACRWDRFPVKSPLHF,TRBV7-8*03,None,TRBJ1-6*01,1
188,CASSLVESGGEQYF,TRBV11-3*02,None,TRBJ2-7*01,1
189,CASSLVESGGEQYF,TRBV7-2*04,None,TRBJ2-7*01,1
190,CASSPKRDTQCF,TRBV18*01,None,TRBJ2-5*01,1
191,CASSRMEAQAALYGYTF,TRBV28*01,None,TRBJ1-2*01,1
192,CASSFATVRQPEHF,TRBV28*01,None,TRBJ1-5*01,1
193,CASSDGSANTEAFF,TRBV6-4*02,None,TRBJ1-1*01,1
194,CASRWDRFPLNSPLHF,TRBV28*01,None,TRBJ1-6*01,1
195,CASSCMEGQGALYGYTF,TRBV27*01,TRBD1*01,TRBJ1-2*01,1
196,CASRWDRFPLNSPLHF,TRBV7-3*01,None,TRBJ1-6*01,1
197,CASRWDRFPLNSPLHF,TRBV7-8*03,None,TRBJ1-6*01,1
198,CASRWDRFPVNSPFHF,TRBV7-8*03,None,TRBJ1-6*01,1
199,CASRWDRFPVNSPIHF,TRBV7-8*03,None,TRBJ1-6*01,1
200,CASRWDRFPVNSPINF,TRBV7-8*03,None,TRBJ1-6*01,1
201,CASRWDRFPVNSPLHF,TRBV11-2*01,None,TRBJ1-6*01,1
202,CASRWDRFPVNSPLHF,TRBV11-3*02,None,TRBJ1-6*01,1
203,CASRWDRFPVNSPLHF,TRBV5-8*02,None,TRBJ1-6*01,1
204,CASRWDRFPVNSPLHF,TRBV7-2*04,None,TRBJ1-6*01,1
205,CASRWDRFPVNSPLHF,TRBV7-3*05,None,TRBJ1-6*01,1
206,CASRWDRFPVNSPLHF,TRBV7-8*03,None,TRBJ1-1*01,1
207,CASRWDRFPVNSPLHF,TRBV7-9*02,None,TRBJ1-6*01,1
208,CASRWDRFPVNSPLNF,TRBV7-3*04,None,TRBJ1-6*01,1
209,CASRWDRFPVNSPLPF,TRBV7-8*03,None,TRBJ1-6*01,1
210,CASRWDRFPVNSPPHF,TRBV7-8*03,None,TRBJ1-6*01,1
211,CASRWDRFPVNSRLFF,TRBV7-8*03,None,TRBJ1-6*01,1
212,CASRWDRLPVNSPLHF,TRBV7-8*03,None,TRBJ1-6*01,1
213,CASRWDSSPVNSPLHF,TRBV7-8*03,None,TRBJ1-6*01,1
214,CASRWERFPVNSPLHF,TRBV7-8*03,None,TRBJ1-6*01,1
215,CASRYGAANTEAFF,TRBV6-6*03,None,TRBJ1-1*01,1
216,CASRYGAANTEAFF,TRBV6-6*05,None,TRBJ1-1*01,1
217,CVSMYGLITESFF,TRBV6-6*03,None,TRBJ1-1*01,1
