,CDR3seq,V-region,D-region,J-region,Frequency
1,CASRWDRFPVNSPLHF,TRBV7-8*03,None,TRBJ1-6*01,213
2,CASSGSNTNIQYF,TRBV19*03,None,TRBJ2-4*01,24
3,CSAVAGFSYEQYF,TRBV20-1*02,None,TRBJ2-7*01,13
4,CASSPSGRGSNEQFF,TRBV7-9*04,None,TRBJ2-1*01,11
5,CSAVAGFSYEQYF,TRBV20-1*06,None,TRBJ2-7*01,10
6,CSVPSGGVSGANVLTF,TRBV29-1*02,None,TRBJ2-6*01,10
7,CASRWDRFPVNSPLHF,TRBV7-9*04,None,TRBJ1-6*01,9
8,CSAVAGFSYEQYF,TRBV20-1*03,None,TRBJ2-7*01,5
9,CASSLPGTRYEQFF,TRBV5-1*02,None,TRBJ2-1*01,5
10,CSALMAGQAFF,TRBV20-1*02,None,TRBJ1-1*01,4
11,CASSPSGRGSNEQFF,TRBV11-3*03,None,TRBJ2-1*01,4
12,CSVETGSTDTQYF,TRBV29-1*02,None,TRBJ2-3*01,4
13,CASRWDRFPVKSPLHF,TRBV7-8*03,None,TRBJ1-6*01,3
14,CSAQHRSGDHNEQFF,TRBV20-1*03,None,TRBJ2-1*01,3
15,CSAQHRSGDHNEQFF,TRBV20-1*02,None,TRBJ2-1*01,3
16,CASSFSVGPTYEQYF,TRBV14*02,None,TRBJ2-7*01,3
17,CSALMAGQAFF,TRBV20-1*03,None,TRBJ1-1*01,3
18,CASSEEHSPLHF,TRBV2*03,None,TRBJ1-6*01,2
19,CSALMAGQAFF,TRBV20-1*06,None,TRBJ1-1*01,2
20,CASRWDRSPVNSPLHF,TRBV7-8*03,None,TRBJ1-6*01,2
21,CASSEEHSPLHF,TRBV2*01,None,TRBJ1-6*01,2
22,CASRWDRFPVNSPLHF,TRBV11-3*03,None,TRBJ1-6*01,2
23,CASRWDRFPVNSLLHF,TRBV7-8*03,None,TRBJ1-6*01,2
24,CSAVAGFCYQQYF,TRBV20-1*06,None,TRBJ2-7*01,1
25,CDSILGASRSPYQQYF,TRBV11-3*03,None,TRBJ2-7*01,1
26,CATSTGGVQPHHF,TRBV6-6*05,None,TRBJ1-5*01,1
27,CATRDTAFQAIYSF,TRBV6-6*05,None,TRBJ2-5*01,1
28,CASTPGAAESVFSF,TRBV25-1*01,None,TRBJ2-7*01,1
29,CSVPSGGVAGANVLTF,TRBV29-1*02,None,TRBJ2-6*01,1
30,CASSYSNYGYTF,TRBV6-6*03,None,TRBJ1-2*01,1
31,CASSWARIPAYSPLHF,TRBV7-8*03,None,TRBJ1-6*01,1
32,CSVPSGGVSGSNVLTF,TRBV29-1*02,None,TRBJ2-6*01,1
33,CSVPSGGVSWAKVLTF,TRBV29-1*02,None,TRBJ2-6*01,1
34,CASSPSGRGPNEQFF,TRBV7-9*04,None,TRBJ2-1*01,1
35,CASSPSARGSNEQFF,TRBV7-9*04,None,TRBJ2-1*01,1
36,CASSPAGRGYNEKFF,TRBV7-9*07,None,TRBJ2-1*01,1
37,CASSLTRGETQYF,TRBV7-3*01,None,TRBJ2-5*01,1
38,CSVPSRGVSGANVLTF,TRBV29-1*02,None,TRBJ2-6*01,1
39,CASSLTRGETEYF,TRBV11-3*02,None,TRBJ2-5*01,1
40,CASSLSVGPTYEQYF,TRBV11-2*03,None,TRBJ2-7*01,1
41,CSVPSWGVSGATVLTF,TRBV29-1*02,None,TRBJ2-6*01,1
42,CVSRWDRFPVNSPLHF,TRBV7-8*03,None,TRBJ1-6*01,1
43,CATTPGVAWPHHYF,TRBV25-1*01,None,TRBJ2-7*01,1
44,CGALMAGQAFF,TRBV20-1*06,None,TRBJ1-1*01,1
45,CSASMAGQAFF,TRBV20-1*03,None,TRBJ1-1*01,1
46,CGIRQGTSYEQYF,TRBV13*02,None,TRBJ2-7*01,1
47,CSAVAGISYEQYF,TRBV20-1*03,None,TRBJ2-7*01,1
48,CSAVAVFSYEQYF,TRBV20-1*03,None,TRBJ2-7*01,1
49,CSSRWDHFPVNSPLHF,TRBV7-8*03,None,TRBJ1-6*01,1
50,CSSSARNPTILYF,TRBV19*03,None,TRBJ2-4*01,1
51,CSSVAGFSYEPYF,TRBV20-1*03,None,TRBJ2-7*01,1
52,CSVEVGRVNEQFF,TRBV29-1*02,None,TRBJ2-1*01,1
53,CSAETGSTDTQYF,TRBV29-1*03,None,TRBJ2-3*01,1
54,CSVEVGRVNEQYF,TRBV29-1*02,None,TRBJ2-7*01,1
55,CRVPSGGVSGANVLTF,TRBV29-1*03,None,TRBJ2-6*01,1
56,CPSSGSNTNIQYF,TRBV19*03,None,TRBJ2-4*01,1
57,CSVGKATRTTAYF,TRBV29-1*02,None,TRBJ2-3*01,1
58,CPSRWDRFRVNSPLHF,TRBV7-8*03,None,TRBJ1-6*01,1
59,CGSRWNPIPLTSLLPF,TRBV4-1*02,None,TRBJ1-6*01,1
60,CSVGTGSTDTQYF,TRBV29-1*02,None,TRBJ2-3*01,1
61,CGSRWDRFPVNSPLHF,TRBV7-8*03,None,TRBJ1-6*01,1
62,CSVLSGGVSGANVLTF,TRBV29-1*01,None,TRBJ2-6*01,1
63,CGRWDRFPVNSPLHF,TRBV7-8*03,None,TRBJ1-6*01,1
64,CASSLPGTRYEQYF,TRBV5-1*02,None,TRBJ2-7*01,1
65,CAGCCGTGSYEQYF,TRBV11-2*02,None,TRBJ2-7*01,1
66,CASSLGGTRLWANQLF,TRBV5-6*01,None,TRBJ2-1*01,1
67,CASRCDRFPVNSPLHF,TRBV7-8*03,None,TRBJ1-6*01,1
68,CASRWDRFPINSPLHF,TRBV7-8*03,None,TRBJ1-6*01,1
69,CASRWDRCPVNSPLHF,TRBV7-8*03,None,TRBJ1-6*01,1
70,CASRWDLFPVNSPLYF,TRBV7-8*03,None,TRBJ1-6*01,1
71,CASRWDHFPVNSPLHF,TRBV7-8*03,None,TRBJ1-6*01,1
72,CASRWDCFPVNSPLHF,TRBV7-8*03,None,TRBJ1-6*01,1
73,CASRRTGSFYEAFF,TRBV6-6*03,None,TRBJ1-1*01,1
74,CASRRDRFPVNSPLHF,TRBV7-8*03,None,TRBJ1-6*01,1
75,CASRRDRFPINSPFPF,TRBV7-8*03,None,TRBJ1-6*01,1
76,CASRRDCFRVNSPLHF,TRBV25-1*01,None,TRBJ1-6*01,1
77,CASRPSGSGSNEQFF,TRBV5-4*02,None,TRBJ2-1*01,1
78,CASRLDRFPVNSPLHF,TRBV7-8*03,None,TRBJ1-6*01,1
79,CASRCDRFPLNSPLHF,TRBV7-8*03,None,TRBJ1-6*01,1
80,CASRWDRFPVDSPLHF,TRBV7-8*03,None,TRBJ1-6*01,1
81,CASNGSNTNIQYF,TRBV19*03,None,TRBJ2-4*01,1
82,CASKWDRFPVNSPLHF,TRBV7-8*03,None,TRBJ1-6*01,1
83,CASKWDRFPLNSPLHF,TRBV7-8*03,None,TRBJ1-6*01,1
84,CASIYHANTGELFF,TRBV6-6*05,None,TRBJ2-2*01,1
85,CASIGSNTNTQYF,TRBV19*03,None,TRBJ2-4*01,1
86,CASHLRGPSGYVYTF,TRBV9*02,None,TRBJ1-2*01,1
87,CARSFSVGPTYEQYF,TRBV14*02,None,TRBJ2-7*01,1
88,CARRWDRFTVNSPLHF,TRBV7-8*03,None,TRBJ1-6*01,1
89,CARRWDRFPVNSPLHF,TRBV7-8*03,None,TRBJ1-6*01,1
90,CARRRDRFPVNSPLHF,TRBV11-3*03,None,TRBJ1-6*01,1
91,CARRRARFPVNSPLHF,TRBV7-8*03,None,TRBJ1-6*01,1
92,CASRWDRFPLNSPLHF,TRBV7-8*03,None,TRBJ1-6*01,1
93,CASRWDRFPVKSALRF,TRBV7-8*03,None,TRBJ1-6*01,1
94,CASSIGVTGLRCEQFF,TRBV19*02,None,TRBJ2-1*01,1
95,CASRWDRFTVNSPLHF,TRBV7-8*03,None,TRBJ1-6*01,1
96,CAIRWDRFPVNSPLHF,TRBV7-8*03,None,TRBJ1-6*01,1
97,CASSEEHSPLHF,TRBV2*02,None,TRBJ1-6*01,1
98,CASSEEHSPLHF,TRBV11-3*03,None,TRBJ1-6*01,1
99,CASRWYRFPVNSPLHF,TRBV7-8*03,None,TRBJ1-6*01,1
100,CASRWVLFPVNSPLHF,TRBV7-8*03,None,TRBJ1-6*01,1
101,CASRWHRFPVNSPLHF,TRBV7-8*03,None,TRBJ1-6*01,1
102,CASRWGRFPGESPLNF,TRBV7-8*03,None,TRBJ1-6*02,1
103,CASRWERIPVCSPFHF,TRBV7-1*01,None,TRBJ1-6*01,1
104,CASRWERFPVNSPLHF,TRBV7-3*05,None,TRBJ1-6*01,1
105,CASRWDRVPVNSHLHF,TRBV7-8*03,None,TRBJ1-6*01,1
106,CASRWDRIPVNSPLHF,TRBV7-8*03,None,TRBJ1-6*01,1
107,CASRWDRFSVNSPLHF,TRBV7-8*03,None,TRBJ1-6*01,1
108,CASRWDRFPVNSALYF,TRBV7-8*03,None,TRBJ1-6*01,1
109,CASRWDRFRVNSPLHF,TRBV7-8*03,None,TRBJ1-6*01,1
110,CASRWDRFPVYSPLHF,TRBV7-8*03,None,TRBJ1-6*01,1
111,CASRWDRFPVSSPLHF,TRBV7-8*03,None,TRBJ1-6*01,1
112,CASRWDRFPVNSPVHF,TRBV7-8*03,None,TRBJ1-6*01,1
113,CASRWDRFPVNSPLPF,TRBV7-8*03,None,TRBJ1-6*02,1
114,CASRWDRFPVNSPLHF,TRBV7-8*03,None,TRBJ1-6*02,1
115,CASRWDRFPVNSPLHF,TRBV7-4*01,None,TRBJ1-6*01,1
116,CASRWDRFPVNSPLHF,TRBV7-2*01,None,TRBJ1-6*01,1
117,CASRWDRFPVNSPLHF,TRBV11-3*02,None,TRBJ1-6*01,1
118,CASRWDRFPVNSPLHF,TRBV11-2*03,None,TRBJ1-6*01,1
119,CASRWDRFPVNSHLHF,TRBV7-8*03,None,TRBJ1-6*01,1
120,CVSRWDRFPVNSPLHF,TRBV7-9*04,None,TRBJ1-6*01,1
