,CDR3seq,V-region,D-region,J-region,Frequency
1,CSVPSGGVSGANVLTF,TRBV29-1*02,None,TRBJ2-6*01,185890
2,CSVPSGGVSGANALTF,TRBV29-1*02,None,TRBJ2-6*01,2116
3,CSVPSGGASGANVLTF,TRBV29-1*02,None,TRBJ2-6*01,591
4,CSAPSGGVSGANVLTF,TRBV29-1*03,None,TRBJ2-6*01,408
5,CSVPSGGVSGANVLTF,TRBV29-1*01,None,TRBJ2-6*01,388
6,CSVPSGGVPGANVLTF,TRBV29-1*02,None,TRBJ2-6*01,371
7,CSVPPGGVSGANVLTF,TRBV29-1*02,None,TRBJ2-6*01,349
8,CSVPSGGVSRANVLTF,TRBV29-1*02,None,TRBJ2-6*01,285
9,CSVPSGGVSWANVLTF,TRBV29-1*02,None,TRBJ2-6*01,275
10,CSVPSGGVSGANVPTF,TRBV29-1*02,None,TRBJ2-6*01,267
11,CSVPSRGVSGANVLTF,TRBV29-1*02,None,TRBJ2-6*01,259
12,CSVPSGGVSGTNVLTF,TRBV29-1*02,None,TRBJ2-6*01,235
13,CSVPSGWVSGANVLTF,TRBV29-1*02,None,TRBJ2-6*01,234
14,CSVPSGGVSGADVLTF,TRBV29-1*02,None,TRBJ2-6*01,228
15,CSVPSGGVSGVNVLTF,TRBV29-1*02,None,TRBJ2-6*01,225
16,CSVPSGGVSGANVLAF,TRBV29-1*02,None,TRBJ2-6*01,217
17,CGVPSGGVSGANVLTF,TRBV29-1*02,None,TRBJ2-6*01,191
18,CSVPSGRVSGANVLTF,TRBV29-1*02,None,TRBJ2-6*01,173
19,CSVPSGGVSEANVLTF,TRBV29-1*02,None,TRBJ2-6*01,156
20,CSVPSGVVSGANVLTF,TRBV29-1*02,None,TRBJ2-6*01,150
21,CSVPSGGVSGASVLTF,TRBV29-1*02,None,TRBJ2-6*01,147
22,CSVPSGGVSGANILTF,TRBV29-1*02,None,TRBJ2-6*01,144
23,CRVPSGGVSGANVLTF,TRBV29-1*02,None,TRBJ2-6*01,139
24,CSVPSGGVSVANVLTF,TRBV29-1*02,None,TRBJ2-6*01,138
25,CSVPFGGVSGANVLTF,TRBV29-1*02,None,TRBJ2-6*01,138
26,CSVPSGGGSGANVLTF,TRBV29-1*02,None,TRBJ2-6*01,136
27,CSVPSGGVSGAKVLTF,TRBV29-1*02,None,TRBJ2-6*01,132
28,CASRWDRFPVNSPLHF,TRBV7-8*03,None,TRBJ1-6*01,124
29,CSVPSGEVSGANVLTF,TRBV29-1*02,None,TRBJ2-6*01,121
30,CSVTSGGVSGANVLTF,TRBV29-1*02,None,TRBJ2-6*01,120
31,CSVPSGGVSGANVLNF,TRBV29-1*02,None,TRBJ2-6*01,119
32,CSVPSGGVSGDNVLTF,TRBV29-1*02,None,TRBJ2-6*01,118
33,CSVSSGGVSGANVLTF,TRBV29-1*02,None,TRBJ2-6*01,118
34,CSVPSEGVSGANVLTF,TRBV29-1*02,None,TRBJ2-6*01,117
35,CSVPSGGVSGSNVLTF,TRBV29-1*02,None,TRBJ2-6*01,111
36,CSVPSGGVSGANDLTF,TRBV29-1*02,None,TRBJ2-6*01,106
37,CSVPSVGVSGANVLTF,TRBV29-1*02,None,TRBJ2-6*01,99
38,CSVPSGGVSGANVMTF,TRBV29-1*02,None,TRBJ2-6*01,98
39,CSVLSGGVSGANVLTF,TRBV29-1*02,None,TRBJ2-6*01,97
40,CASSGSNTNIQYF,TRBV19*03,None,TRBJ2-4*01,90
41,CSVPSGGVYGANVLTF,TRBV29-1*02,None,TRBJ2-6*01,83
42,CSVPSGGVSGANVLSF,TRBV29-1*02,None,TRBJ2-6*01,83
43,CSVQSGGVSGANVLTF,TRBV29-1*02,None,TRBJ2-6*01,82
44,CSVPSGGISGANVLTF,TRBV29-1*02,None,TRBJ2-6*01,81
45,CSVPSGGVAGANVLTF,TRBV29-1*02,None,TRBJ2-6*01,80
46,CSIPSGGVSGANVLTF,TRBV29-1*02,None,TRBJ2-6*01,78
47,CSVPYGGVSGANVLTF,TRBV29-1*02,None,TRBJ2-6*01,78
48,CSVPSGGVFGANVLTF,TRBV29-1*02,None,TRBJ2-6*01,78
49,CSVPSGGVSGANLLTF,TRBV29-1*02,None,TRBJ2-6*01,74
50,CSVPSGGVSGGNVLTF,TRBV29-1*02,None,TRBJ2-6*01,73
51,CSVPSGGFSGANVLTF,TRBV29-1*02,None,TRBJ2-6*01,71
52,CSVPSGGVSGANVLIF,TRBV29-1*02,None,TRBJ2-6*01,67
53,CSVPSGGVSGANVLTF,TRBV29-1*03,None,TRBJ2-6*01,64
54,CSVPSGGVSGANVQTF,TRBV29-1*02,None,TRBJ2-6*01,64
55,CSIPSGGVSGANVLTF,TRBV29-1*03,None,TRBJ2-6*01,63
56,CSVPSWGVSGANVLTF,TRBV29-1*02,None,TRBJ2-6*01,62
57,CSVPSGGVSGPNVLTF,TRBV29-1*02,None,TRBJ2-6*01,62
58,CSVPSGGVSGANGLTF,TRBV29-1*02,None,TRBJ2-6*01,60
59,CSVPSGAVSGANVLTF,TRBV29-1*02,None,TRBJ2-6*01,58
60,CSVPSGGVSGANVRTF,TRBV29-1*02,None,TRBJ2-6*01,53
61,CSVPSGGVSGANVLPF,TRBV29-1*02,None,TRBJ2-6*01,53
62,CSVPSGGVSGATVLTF,TRBV29-1*02,None,TRBJ2-6*01,50
63,CSVPSGGVTGANVLTF,TRBV29-1*02,None,TRBJ2-6*01,50
64,CRVPSGGVSGANVLTF,TRBV29-1*03,None,TRBJ2-6*01,50
65,CAWSGDYRNEQFF,TRBV30*04,None,TRBJ2-1*01,47
66,CSVPSGGVSGAYVLTF,TRBV29-1*02,None,TRBJ2-6*01,46
67,CSAVAGFSYEQYF,TRBV20-1*06,None,TRBJ2-7*01,44
68,CSVPSGGLSGANVLTF,TRBV29-1*02,None,TRBJ2-6*01,43
69,CSVPSGGDSGANVLTF,TRBV29-1*02,None,TRBJ2-6*01,43
70,CSVPTGGVSGANVLTF,TRBV29-1*02,None,TRBJ2-6*01,41
71,CATGQGTSYEQYF,TRBV2*02,None,TRBJ2-7*01,40
72,CSFPSGGVSGANVLTF,TRBV29-1*02,None,TRBJ2-6*01,40
73,CNVPSGGVSGANVLTF,TRBV29-1*02,None,TRBJ2-6*01,39
74,CSVPSGGVSAANVLTF,TRBV29-1*02,None,TRBJ2-6*01,39
75,CSVPCGGVSGANVLTF,TRBV29-1*02,None,TRBJ2-6*01,39
76,CSVPSGGVSGANVVTF,TRBV29-1*02,None,TRBJ2-6*01,38
77,CNVPSGGVSGANVLTF,TRBV29-1*03,None,TRBJ2-6*01,37
78,CASSIGGTGLRGEQFF,TRBV19*03,None,TRBJ2-1*01,36
79,CSAVAGFSYEQYF,TRBV20-1*03,None,TRBJ2-7*01,35
80,CSVASGGVSGANVLTF,TRBV29-1*02,None,TRBJ2-6*01,34
81,CSVPSGGVSGAIVLTF,TRBV29-1*02,None,TRBJ2-6*01,31
82,CSLPSGGVSGANVLTF,TRBV29-1*02,None,TRBJ2-6*01,31
83,CASSPSGRGSNEQFF,TRBV7-9*04,None,TRBJ2-1*01,30
84,CSAVAGFSYEQYF,TRBV20-1*02,None,TRBJ2-7*01,30
85,CSFPSGGVSGANVLTF,TRBV29-1*03,None,TRBJ2-6*01,29
86,CCVPSGGVSGANVLTF,TRBV29-1*02,None,TRBJ2-6*01,27
87,CASSPSGRGSNEQFF,TRBV11-3*03,None,TRBJ2-1*01,26
88,CSVRSGGVSGANVLTF,TRBV29-1*02,None,TRBJ2-6*01,26
89,CSVPSGGVSGANFLTF,TRBV29-1*02,None,TRBJ2-6*01,23
90,CSVPAGGVSGANVLTF,TRBV29-1*02,None,TRBJ2-6*01,21
91,CSVPSGGVCGANVLTF,TRBV29-1*02,None,TRBJ2-6*01,20
92,CSLPSGGVSGANVLTF,TRBV29-1*03,None,TRBJ2-6*01,20
93,CSVPSGWVSGANALTF,TRBV29-1*02,None,TRBJ2-6*01,19
94,CSVPSAGVSGANVLTF,TRBV29-1*02,None,TRBJ2-6*01,19
95,CIVPSGGVSGANVLTF,TRBV29-1*03,None,TRBJ2-6*01,18
96,CASNLRGTRGYGYTF,TRBV27*01,None,TRBJ1-2*01,18
97,CIVPSGGVSGANVLTF,TRBV29-1*02,None,TRBJ2-6*01,16
98,CSVEQGPRGTQYF,TRBV29-1*02,None,TRBJ2-3*01,15
99,CSVETGSTDTQYF,TRBV29-1*02,None,TRBJ2-3*01,13
100,CASSLGASGSPYEQYF,TRBV11-3*03,None,TRBJ2-7*01,13
101,CSASDWQGSYNEQFF,TRBV20-1*06,None,TRBJ2-1*01,13
102,CSGPSGGVSGANVLTF,TRBV29-1*03,None,TRBJ2-6*01,13
103,CASSLPGTRYEQFF,TRBV5-1*02,None,TRBJ2-1*01,11
104,CSVPSGGVSGAHVLTF,TRBV29-1*02,None,TRBJ2-6*01,11
105,CSASDWQGSYNEQFF,TRBV20-1*02,None,TRBJ2-1*01,10
106,CSVPSGGASGANALTF,TRBV29-1*02,None,TRBJ2-6*01,10
107,CSGPSGGVSGANVLTF,TRBV29-1*02,None,TRBJ2-6*01,9
108,CSASDWQGSYNEQFF,TRBV20-1*07,None,TRBJ2-1*01,8
109,CSVPSRGVPGANVLTF,TRBV29-1*02,None,TRBJ2-6*01,8
110,CASSLGASGSPYEQYF,TRBV7-9*04,None,TRBJ2-7*01,7
111,CSASDWQGSYNEQFF,TRBV20-1*05,None,TRBJ2-1*01,7
112,CSAQHRSGDHNEQFF,TRBV20-1*02,None,TRBJ2-1*01,7
113,CSVPSGRVSGANALTF,TRBV29-1*02,None,TRBJ2-6*01,7
114,CSVPSGGVSGANALTF,TRBV29-1*01,None,TRBJ2-6*01,6
115,CSVPSGGVSGANDLSF,TRBV29-1*02,None,TRBJ2-6*01,6
116,CSVETRRGSSGYTF,TRBV29-1*02,None,TRBJ1-2*01,6
117,CASSEEHSPLHF,TRBV2*02,None,TRBJ1-6*01,6
118,CSVPSGGSSGANVLTF,TRBV29-1*02,None,TRBJ2-6*01,6
119,CSDPSGGVSGANVLTF,TRBV29-1*02,None,TRBJ2-6*01,6
120,CSVPSGGVSLANVLTF,TRBV29-1*02,None,TRBJ2-6*01,6
121,CSVPSGGVSVANALTF,TRBV29-1*02,None,TRBJ2-6*01,6
122,CASSFSVGPTYEQYF,TRBV14*02,None,TRBJ2-7*01,6
123,CSVPSGGVSGANDLNF,TRBV29-1*02,None,TRBJ2-6*01,5
124,CSDPSGGVSGANVLTF,TRBV29-1*03,None,TRBJ2-6*01,5
125,CSVPSGGVSGANAPTF,TRBV29-1*02,None,TRBJ2-6*01,5
126,CASSLRVSYEQYF,TRBV7-8*03,None,TRBJ2-7*01,5
127,CSVPSGGGSGANDLTF,TRBV29-1*02,None,TRBJ2-6*01,5
128,CSASDWQGSYNEQFF,TRBV20-1*03,None,TRBJ2-1*01,5
129,CSVPSGGVSGDNDLTF,TRBV29-1*02,None,TRBJ2-6*01,5
130,CSAQHRSGDHNEQFF,TRBV20-1*06,None,TRBJ2-1*01,5
131,CASSEEHSPLHF,TRBV2*03,None,TRBJ1-6*01,5
132,CTVPSGGVSGANVLTF,TRBV29-1*02,None,TRBJ2-6*01,5
133,CSVPFGWVSGANVLTF,TRBV29-1*02,None,TRBJ2-6*01,4
134,CSVTSGGVSGANALTF,TRBV29-1*02,None,TRBJ2-6*01,4
135,CSVPSGRVSGANVLTF,TRBV29-1*01,None,TRBJ2-6*01,4
136,CSVPSGGVSRANVLTF,TRBV29-1*01,None,TRBJ2-6*01,4
137,CSVPSGGASGANVLTF,TRBV29-1*01,None,TRBJ2-6*01,4
138,CSVPSGGVSWANVPTF,TRBV29-1*02,None,TRBJ2-6*01,4
139,CSVPCGGGSGANVLTF,TRBV29-1*02,None,TRBJ2-6*01,4
140,CSVPSGGVSGANDQTF,TRBV29-1*02,None,TRBJ2-6*01,4
141,CSVPSGGVSGAKALTF,TRBV29-1*02,None,TRBJ2-6*01,4
142,CSVPSGGVSVSNVLTF,TRBV29-1*02,None,TRBJ2-6*01,4
143,CASTSNLYQETQYF,TRBV6-6*03,None,TRBJ2-5*01,4
144,CSMETGSTDTQYF,TRBV29-1*02,None,TRBJ2-3*01,4
145,CVPSGGVSGANVLTF,TRBV29-1*02,None,TRBJ2-6*01,4
146,CSVPSGGVSEANALTF,TRBV29-1*02,None,TRBJ2-6*01,4
147,CSVPSGGGSGANALTF,TRBV29-1*02,None,TRBJ2-6*01,4
148,CTVPSGGVSGANVLTF,TRBV29-1*03,None,TRBJ2-6*01,4
149,CVPSGGVSGANVLTF,TRBV29-1*03,None,TRBJ2-6*01,4
150,CSASDWQGSYNEQFF,TRBV20-1*04,None,TRBJ2-1*01,4
151,CRVPSGGVSGAKVLTF,TRBV29-1*02,None,TRBJ2-6*01,4
152,CSMETGSTDTQYF,TRBV29-1*03,None,TRBJ2-3*01,3
153,CSVEVGRVNEQFF,TRBV29-1*02,None,TRBJ2-1*01,3
154,CSVPSGGVSGANALAF,TRBV29-1*02,None,TRBJ2-6*01,3
155,CSVPSGGASWANVLTF,TRBV29-1*02,None,TRBJ2-6*01,3
156,CSVPSGGCSGANVLTF,TRBV29-1*02,None,TRBJ2-6*01,3
157,CSVPSGGVSGANDLTF,TRBV29-1*01,None,TRBJ2-6*01,3
158,CSVPSGGVSGVNVMTF,TRBV29-1*02,None,TRBJ2-6*01,3
159,CSVPSGGVSGANAMTF,TRBV29-1*02,None,TRBJ2-6*01,3
160,CSVLSGGVSGANALTF,TRBV29-1*02,None,TRBJ2-6*01,3
161,CSVPSGGASGPNVLTF,TRBV29-1*02,None,TRBJ2-6*01,3
162,CSVPSGGVSGANVLYF,TRBV29-1*02,None,TRBJ2-6*01,3
163,CSVPSGGASGAKVLTF,TRBV29-1*02,None,TRBJ2-6*01,3
164,CSVPSGGVSWANALTF,TRBV29-1*02,None,TRBJ2-6*01,3
165,CSVPSGGVSGCNVLTF,TRBV29-1*02,None,TRBJ2-6*01,3
166,CSVPSGWVSGANLLTF,TRBV29-1*02,None,TRBJ2-6*01,3
167,CSAPSGGVSGANALTF,TRBV29-1*03,None,TRBJ2-6*01,3
168,CSVPSGWASGANVLTF,TRBV29-1*02,None,TRBJ2-6*01,3
169,CSVPSGVVSGANDLTF,TRBV29-1*02,None,TRBJ2-6*01,3
170,CSVPSGWVSGDNVLTF,TRBV29-1*02,None,TRBJ2-6*01,3
171,CSVPSGVVSGANALTF,TRBV29-1*02,None,TRBJ2-6*01,3
172,CRVPSGWVSGANVLTF,TRBV29-1*02,None,TRBJ2-6*01,3
173,CSVPSGGVSGATLLTF,TRBV29-1*02,None,TRBJ2-6*01,3
174,CSVPSGRVSGSNVLTF,TRBV29-1*02,None,TRBJ2-6*01,3
175,CSVPSGGVSWANDLTF,TRBV29-1*02,None,TRBJ2-6*01,3
176,CSVPSGGVSGDNVLPF,TRBV29-1*02,None,TRBJ2-6*01,3
177,CSVPSGGVSGDNVLSF,TRBV29-1*02,None,TRBJ2-6*01,3
178,CSVPSRGVSRANVLTF,TRBV29-1*02,None,TRBJ2-6*01,3
179,CSVPSGGASGADVLTF,TRBV29-1*02,None,TRBJ2-6*01,3
180,CSVPSGGVSGGNLLTF,TRBV29-1*02,None,TRBJ2-6*01,3
181,CSVPFGGVPGANVLTF,TRBV29-1*02,None,TRBJ2-6*01,3
182,CSVPSGGVYGANALTF,TRBV29-1*02,None,TRBJ2-6*01,3
183,CSVPSGGVTGAKVLTF,TRBV29-1*02,None,TRBJ2-6*01,3
184,CSVPTGGVSGAKVLTF,TRBV29-1*02,None,TRBJ2-6*01,3
185,CSVPSGGGSGANGLTF,TRBV29-1*02,None,TRBJ2-6*01,3
186,CSVPSGGVPVANVLTF,TRBV29-1*02,None,TRBJ2-6*01,3
187,CSVPSGGVPGANALTF,TRBV29-1*02,None,TRBJ2-6*01,3
188,CSVTSGGVSGANVMTF,TRBV29-1*02,None,TRBJ2-6*01,3
189,CSVPSGGVAGANVLSF,TRBV29-1*02,None,TRBJ2-6*01,3
190,CGVPSGGVSGANALTF,TRBV29-1*02,None,TRBJ2-6*01,3
191,CSVPSGGVAGVNVLTF,TRBV29-1*02,None,TRBJ2-6*01,3
192,CASSSWTGTGLGYTF,TRBV11-3*03,None,TRBJ1-2*01,3
193,CSVRSGGVSGSNVLTF,TRBV29-1*02,None,TRBJ2-6*01,2
194,CSVPSEGVSRANVLTF,TRBV29-1*02,None,TRBJ2-6*01,2
195,CSVTSGGVSVANVLTF,TRBV29-1*02,None,TRBJ2-6*01,2
196,CSAQHRSGDHNEQFF,TRBV20-1*03,None,TRBJ2-1*01,2
197,CSVPCGGVSGANVLTF,TRBV29-1*01,None,TRBJ2-6*01,2
198,CSVPSGGVAGANVLTF,TRBV29-1*01,None,TRBJ2-6*01,2
199,CSVPSEGVSGANALTF,TRBV29-1*02,None,TRBJ2-6*01,2
200,CSVPSGGVSGANVPTF,TRBV29-1*01,None,TRBJ2-6*01,2
201,CSLPSGGVSGANALTF,TRBV29-1*02,None,TRBJ2-6*01,2
202,CSVPSGGGSGDNVLTF,TRBV29-1*02,None,TRBJ2-6*01,2
203,CSVPSGGVAGANVLNF,TRBV29-1*02,None,TRBJ2-6*01,2
204,CSVPSGGVSGPNALTF,TRBV29-1*02,None,TRBJ2-6*01,2
205,CSVPSGGVSGPKLLTF,TRBV29-1*02,None,TRBJ2-6*01,2
206,CASSLTRGETQYF,TRBV11-3*02,None,TRBJ2-5*01,2
207,CSVPSGGISGDNVLTF,TRBV29-1*02,None,TRBJ2-6*01,2
208,CSVPSCGVSGANVLTF,TRBV29-1*02,None,TRBJ2-6*01,2
209,CSVPSGGVSGANVQNF,TRBV29-1*02,None,TRBJ2-6*01,2
210,CSVPSGVVSGTNVLTF,TRBV29-1*02,None,TRBJ2-6*01,2
211,CSASSGGVSGANVLTF,TRBV29-1*03,None,TRBJ2-6*01,2
212,CSVPSGGGSGTNVLTF,TRBV29-1*02,None,TRBJ2-6*01,2
213,CSVPSGGGSGATVLTF,TRBV29-1*02,None,TRBJ2-6*01,2
214,CSVRPGGVSGANVLTF,TRBV29-1*02,None,TRBJ2-6*01,2
215,CASSLSGRGSNEQFF,TRBV7-9*04,None,TRBJ2-1*01,2
216,CSVPSGGVSGTNALTF,TRBV29-1*02,None,TRBJ2-6*01,2
217,CSVPSGGVSGANVLNF,TRBV29-1*01,None,TRBJ2-6*01,2
218,CSVQSGGVSGANVQTF,TRBV29-1*02,None,TRBJ2-6*01,2
219,CSVPSGGVSGSTVLTF,TRBV29-1*02,None,TRBJ2-6*01,2
220,CSVPARGVSGANVLTF,TRBV29-1*02,None,TRBJ2-6*01,2
221,CSVPSGGVSEDNVLTF,TRBV29-1*02,None,TRBJ2-6*01,2
222,CRVPSWGVSGANVLTF,TRBV29-1*03,None,TRBJ2-6*01,2
223,CSVPSGWVSGTNVLTF,TRBV29-1*02,None,TRBJ2-6*01,2
224,CSVPSGWVSGSNVLTF,TRBV29-1*02,None,TRBJ2-6*01,2
225,CSVPSGAVSGSNVLTF,TRBV29-1*02,None,TRBJ2-6*01,2
226,CSVPSGGGSGANVLNF,TRBV29-1*02,None,TRBJ2-6*01,2
227,CSVPSGGGSGANVLTF,TRBV29-1*01,None,TRBJ2-6*01,2
228,CSVTSGVVSGANVLTF,TRBV29-1*02,None,TRBJ2-6*01,2
229,CASRRDRFPVNSPLHF,TRBV7-8*03,None,TRBJ1-6*01,2
230,CSVPSGAVSGANVLSF,TRBV29-1*02,None,TRBJ2-6*01,2
231,CSVPSGGVSGSNVFTF,TRBV29-1*02,None,TRBJ2-6*01,2
232,CSVPSGGVSGANVLTF,TRBV20-1*02,None,TRBJ2-6*01,2
233,CSAPSGGVAGANVLTF,TRBV29-1*03,None,TRBJ2-6*01,2
234,CSVPSGGVSEANVLTF,TRBV29-1*01,None,TRBJ2-6*01,2
235,CSIPSGGVSGANVPTF,TRBV29-1*03,None,TRBJ2-6*01,2
236,CSVPSGGVSGANVRTF,TRBV29-1*01,None,TRBJ2-6*01,2
237,CSVPSGGVSGANVRNF,TRBV29-1*02,None,TRBJ2-6*01,2
238,CSVPSGGVSGDNALTF,TRBV29-1*02,None,TRBJ2-6*01,2
239,CSFPSGGVSGANALTF,TRBV29-1*02,None,TRBJ2-6*01,2
240,CSVPSGGVYGANVLTF,TRBV29-1*01,None,TRBJ2-6*01,2
241,CSVPSGGVPGPNVLTF,TRBV29-1*02,None,TRBJ2-6*01,2
242,CSVTSGGVSGANVLTF,TRBV29-1*01,None,TRBJ2-6*01,2
243,CSVTSGGVSGANVLSF,TRBV29-1*02,None,TRBJ2-6*01,2
244,CSVPSGGVSGGNALTF,TRBV29-1*02,None,TRBJ2-6*01,2
245,CSVPSGRVSVANVLTF,TRBV29-1*02,None,TRBJ2-6*01,2
246,CSVPSGGLSGVNVLTF,TRBV29-1*02,None,TRBJ2-6*01,2
247,CSVTSGGGAGANVLTF,TRBV29-1*02,None,TRBJ2-6*01,2
248,CSVPSGGVSGENVLTF,TRBV29-1*02,None,TRBJ2-6*01,2
249,CASRLGTLETQYF,TRBV28*01,None,TRBJ2-5*01,2
250,CSVTSGGVSGANVLPF,TRBV29-1*02,None,TRBJ2-6*01,2
251,CSVTSGGVSGANVLNF,TRBV29-1*02,None,TRBJ2-6*01,2
252,CSVPSGGVPGANVLTF,TRBV29-1*01,None,TRBJ2-6*01,2
253,CSVPSGGVSGDTVLTF,TRBV29-1*02,None,TRBJ2-6*01,2
254,CSVPSGGSLANVLTF,TRBV29-1*02,None,TRBJ2-6*01,2
255,CSVPSGGVSGDNVLTF,TRBV29-1*01,None,TRBJ2-6*01,2
256,CSVTSGGVSGADVLTF,TRBV29-1*02,None,TRBJ2-6*01,2
257,CASRWERFPVNSPLHF,TRBV7-8*03,None,TRBJ1-6*01,2
258,CSVPSGRVPGANVLTF,TRBV29-1*02,None,TRBJ2-6*01,2
259,CSFPSGGVSGAKVLTF,TRBV29-1*03,None,TRBJ2-6*01,2
260,CSVPSGSVSGANVLTF,TRBV29-1*02,None,TRBJ2-6*01,2
261,CSVPSGGVSGAYALTF,TRBV29-1*02,None,TRBJ2-6*01,2
262,CSVTSGGVSGATVLTF,TRBV29-1*02,None,TRBJ2-6*01,2
263,CSAVAGFSYEQYF,TRBV20-1*07,None,TRBJ2-7*01,2
264,CSVSSGWVSGANVLTF,TRBV29-1*02,None,TRBJ2-6*01,2
265,CSVPSGGLCGANVLTF,TRBV29-1*02,None,TRBJ2-6*01,2
266,CSVPTGGVSGANALTF,TRBV29-1*02,None,TRBJ2-6*01,2
267,CSVPSGVVSGANVLNF,TRBV29-1*02,None,TRBJ2-6*01,2
268,CASRWDRFPVNSPLHF,TRBV11-3*02,None,TRBJ1-6*01,2
269,CSVPSGGVTGANVLTF,TRBV29-1*03,None,TRBJ2-6*01,2
270,CSVPSGGVWGANVLTF,TRBV29-1*02,None,TRBJ2-6*01,2
271,CASRWDRFPVNSPLHF,TRBV11-3*03,None,TRBJ1-6*01,2
272,CSVPSGGVSGGNVLTF,TRBV29-1*01,None,TRBJ2-6*01,2
273,CASSGSNTNIQYF,TRBV19*03,None,TRBJ2-1*01,2
274,CSVPSGGVYGANDLTF,TRBV29-1*02,None,TRBJ2-6*01,2
275,CSFPFGGVSGANVLTF,TRBV29-1*03,None,TRBJ2-6*01,2
276,CSVPFGGASGANVLTF,TRBV29-1*02,None,TRBJ2-6*01,2
277,CSVPSGVSGANVLTF,TRBV29-1*02,None,TRBJ2-6*01,2
278,CSVTSGGASGANVLTF,TRBV29-1*02,None,TRBJ2-6*01,2
279,CSFPSGGASGANVLTF,TRBV29-1*02,None,TRBJ2-6*01,2
280,CSVPPGGVSWANVLTF,TRBV29-1*02,None,TRBJ2-6*01,2
281,CSFPSGGDSGANVLTF,TRBV29-1*03,None,TRBJ2-6*01,2
282,CRVPSGGVSWANVLTF,TRBV29-1*02,None,TRBJ2-6*01,2
283,CSVPFWGVSGANVLTF,TRBV29-1*02,None,TRBJ2-6*01,2
284,CSVPSRGVSGGNVLTF,TRBV29-1*02,None,TRBJ2-6*01,2
285,CRVPSGGVPGANVLTF,TRBV29-1*02,None,TRBJ2-6*01,2
286,CSVPSGGASAANVLTF,TRBV29-1*02,None,TRBJ2-6*01,2
287,CSVPSGGAPGANVLTF,TRBV29-1*02,None,TRBJ2-6*01,2
288,CSVPSGGVSRANVLNF,TRBV29-1*02,None,TRBJ2-6*01,2
289,CSVPSRWVSGANVLTF,TRBV29-1*02,None,TRBJ2-6*01,2
290,CSVPSGGVAVANVLTF,TRBV29-1*02,None,TRBJ2-6*01,2
291,CSVPSGGFSGANVLPF,TRBV29-1*02,None,TRBJ2-6*01,2
292,CSVPSGGVSVANLLTF,TRBV29-1*02,None,TRBJ2-6*01,2
293,CSVPSGGVCGCNVLTF,TRBV29-1*02,None,TRBJ2-6*01,2
294,CSVPSGGVSVANVLSF,TRBV29-1*02,None,TRBJ2-6*01,2
295,CSVPSGGVSGANARTF,TRBV29-1*02,None,TRBJ2-6*01,2
296,CRVPSGGGSGANVLTF,TRBV29-1*02,None,TRBJ2-6*01,2
297,CSVPSRGVSGSNVLTF,TRBV29-1*02,None,TRBJ2-6*01,2
298,CSVPSGGFSGANDLTF,TRBV29-1*02,None,TRBJ2-6*01,2
299,CSVPSWGVSWANVLTF,TRBV29-1*02,None,TRBJ2-6*01,2
300,CASRLDRFPVNSPLHF,TRBV7-8*03,None,TRBJ1-6*01,2
301,CSVASGGVSGANDLTF,TRBV29-1*02,None,TRBJ2-6*01,2
302,CSVPSGGASGAIVLTF,TRBV29-1*02,None,TRBJ2-6*01,2
303,CSVPSGGFSGANVMTF,TRBV29-1*02,None,TRBJ2-6*01,2
304,CSVPSGGASGANVLPF,TRBV29-1*02,None,TRBJ2-6*01,2
305,CSVPSGGASGATVLTF,TRBV29-1*02,None,TRBJ2-6*01,2
306,CSVPSGGVSGANELTF,TRBV29-1*02,None,TRBJ2-6*01,2
307,CSVPSGGVFVANVLTF,TRBV29-1*02,None,TRBJ2-6*01,2
308,CSVPAGGGSGANVLTF,TRBV29-1*02,None,TRBJ2-6*01,2
309,CSVASGGFSGANVLTF,TRBV29-1*02,None,TRBJ2-6*01,2
310,CSVPSGGASGANVLSF,TRBV29-1*02,None,TRBJ2-6*01,2
311,CSVPSGGASGANVLNF,TRBV29-1*02,None,TRBJ2-6*01,2
312,CSRPSGGVSGANVLTF,TRBV29-1*02,None,TRBJ2-6*01,2
313,CSVPSGGGAGANVLTF,TRBV29-1*02,None,TRBJ2-6*01,2
314,CSVPSGGVSGAHVLNF,TRBV29-1*02,None,TRBJ2-6*01,2
315,CSVPSGGASGANLLTF,TRBV29-1*02,None,TRBJ2-6*01,2
316,CSVPSWGVSGANALTF,TRBV29-1*02,None,TRBJ2-6*01,2
317,CRVPSGGVSVANVLTF,TRBV29-1*02,None,TRBJ2-6*01,2
318,CSVPYGVVSGANVLTF,TRBV29-1*02,None,TRBJ2-6*01,2
319,CSVPSGGGSGAIVLTF,TRBV29-1*02,None,TRBJ2-6*01,2
320,CSVPYGGVSGANALTF,TRBV29-1*02,None,TRBJ2-6*01,2
321,CRVPSGGVSGANVMTF,TRBV29-1*02,None,TRBJ2-6*01,2
322,CAVSSYGGSQGNLIF,TRBV6-6*02,None,TRBJ1-1*01,2
323,CSVPTGGVSGANLLTF,TRBV29-1*02,None,TRBJ2-6*01,2
324,CRVPSGGVSGPNVLTF,TRBV29-1*02,None,TRBJ2-6*01,2
325,CSVPSGGFAGANVLTF,TRBV29-1*02,None,TRBJ2-6*01,2
326,CSVPSGGDSGANVLAF,TRBV29-1*02,None,TRBJ2-6*01,2
327,CSVPSRGVSGANALTF,TRBV29-1*02,None,TRBJ2-6*01,2
328,CSVPSGGVSGAKVPTF,TRBV29-1*02,None,TRBJ2-6*01,2
329,CSVQSGGVSGANDLTF,TRBV29-1*02,None,TRBJ2-6*01,2
330,CSVQSGGVSGANALTF,TRBV29-1*02,None,TRBJ2-6*01,2
331,CRVPSGGVSGANVLTF,TRBV29-1*01,None,TRBJ2-6*01,2
332,CSVQSGGVSGAKVLTF,TRBV29-1*02,None,TRBJ2-6*01,2
333,CSVPSRGVSGANLLTF,TRBV29-1*02,None,TRBJ2-6*01,2
334,CRVPSGGVSGANLLTF,TRBV29-1*02,None,TRBJ2-6*01,2
335,CSVPAGGVSGAYVLTF,TRBV29-1*02,None,TRBJ2-6*01,2
336,CSVPSGGVSGANTLTF,TRBV29-1*02,None,TRBJ2-6*01,2
337,CSVPSGGVSVGNVLTF,TRBV29-1*02,None,TRBJ2-6*01,2
338,CRVPSGGVSGANDLTF,TRBV29-1*02,None,TRBJ2-6*01,2
339,CSLPSGGVSGVNVLTF,TRBV29-1*02,None,TRBJ2-6*01,2
340,CSVPSGGVSKANVLTF,TRBV29-1*02,None,TRBJ2-6*01,2
341,CRVPSGGVSGANALTF,TRBV29-1*03,None,TRBJ2-6*01,2
342,CSVPSGGVSGAKVLTF,TRBV29-1*01,None,TRBJ2-6*01,2
343,CSVPSGGVSGADVLNF,TRBV29-1*02,None,TRBJ2-6*01,2
344,CSVPSGGFSGAKVLTF,TRBV29-1*02,None,TRBJ2-6*01,2
345,CSVPTGGVSGANVPTF,TRBV29-1*02,None,TRBJ2-6*01,2
346,CSVPSGGVSGVTLLTF,TRBV29-1*02,None,TRBJ2-6*01,1
347,CSVPSGGVSGGNVLSF,TRBV29-1*01,None,TRBJ2-6*01,1
348,CSVPSGGVFGANLLTF,TRBV29-1*02,None,TRBJ2-6*01,1
349,CSVPSGGVSGVNVTF,TRBV29-1*02,None,TRBJ2-6*01,1
350,CSVPSGGVPGANVLPF,TRBV29-1*02,None,TRBJ2-6*01,1
351,CSVPSGGVFGANVLAF,TRBV29-1*02,None,TRBJ2-6*01,1
352,CSVPSGGVFGTNVLTF,TRBV29-1*02,None,TRBJ2-6*01,1
353,CSVPSGGVSGYNALTF,TRBV29-1*02,None,TRBJ2-6*01,1
354,CSVPSGGVSGDSVLTF,TRBV29-1*02,None,TRBJ2-6*01,1
355,CSVPSGGVFGTNILPF,TRBV29-1*02,None,TRBJ2-6*01,1
356,CSVPSGGVFGPNVLTF,TRBV29-1*02,None,TRBJ2-6*01,1
357,CSVPSGGVSGGNVLPF,TRBV29-1*02,None,TRBJ2-6*01,1
358,CSVPSGGVFGANVPNF,TRBV29-1*02,None,TRBJ2-6*01,1
359,CSVPSGGVSGGKVLTF,TRBV29-1*02,None,TRBJ2-6*01,1
360,CSVPSGGVSGGNVLHF,TRBV29-1*02,None,TRBJ2-6*01,1
361,CSVPSGGVSLCNVLPF,TRBV29-1*02,None,TRBJ2-6*01,1
362,CSVPSGGVFGANVLNF,TRBV29-1*02,None,TRBJ2-6*01,1
363,CSVPSGGVSGGNVFTF,TRBV29-1*02,None,TRBJ2-6*01,1
364,CSVPSGGVSGFKVLTF,TRBV29-1*02,None,TRBJ2-6*01,1
365,CSVPSGGVSGYNVLTF,TRBV29-1*03,None,TRBJ2-6*01,1
366,CSVPSGGVSGVNVPTF,TRBV29-1*02,None,TRBJ2-6*01,1
367,CSVPSGGVSGFNVLTF,TRBV29-1*02,None,TRBJ2-6*01,1
368,CSVPSGGVSGTNALTF,TRBV29-1*03,None,TRBJ2-6*01,1
369,CSVPSGGVFVSNVLTF,TRBV29-1*02,None,TRBJ2-6*01,1
370,CSVPSGGVPGANVLIF,TRBV29-1*02,None,TRBJ2-6*01,1
371,CSVPSGGVFRFNVLTF,TRBV29-1*02,None,TRBJ2-6*01,1
372,CSVPSGGVPGANDVTF,TRBV29-1*02,None,TRBJ2-6*01,1
373,CSVPSGGVSGTNVLSF,TRBV29-1*02,None,TRBJ2-6*01,1
374,CSVPSGGVSGSKVLTF,TRBV29-1*02,None,TRBJ2-6*01,1
375,CSVPSGGVSGSKVPTF,TRBV29-1*02,None,TRBJ2-6*01,1
376,CSVPSGGVSGTNVLPF,TRBV29-1*02,None,TRBJ2-6*01,1
377,CSVPSGGVPGANDLTF,TRBV29-1*02,None,TRBJ2-6*01,1
378,CSVPSGGVSGSNALTF,TRBV29-1*02,None,TRBJ2-6*01,1
379,CSVPSGGVSGTNTLTF,TRBV29-1*02,None,TRBJ2-6*01,1
380,CSVPSGGVSGSNELNF,TRBV29-1*02,None,TRBJ2-6*01,1
381,CSVPSGGVSGDNVVTF,TRBV29-1*02,None,TRBJ2-6*01,1
382,CSVPSGGVSGTNGLTF,TRBV29-1*02,None,TRBJ2-6*01,1
383,CSVPSGGVSGTNDQTF,TRBV29-1*02,None,TRBJ2-6*01,1
384,CSVPSGGVPGADVLTF,TRBV29-1*02,None,TRBJ2-6*01,1
385,CSVPSGGVSGSSVLTF,TRBV29-1*02,None,TRBJ2-6*01,1
386,CSVPSGGVSGTNDLTF,TRBV29-1*02,None,TRBJ2-6*01,1
387,CSVPSGGVSGTNDLPF,TRBV29-1*02,None,TRBJ2-6*01,1
388,CSVPSGGVIGAYVLTF,TRBV29-1*01,None,TRBJ2-6*01,1
389,CSVPSGGVSGTNVLTF,TRBV29-1*01,None,TRBJ2-6*01,1
390,CSVPSGGVSGRNVLTF,TRBV29-1*02,None,TRBJ2-6*01,1
391,CSVPSGGVSGPNVVTF,TRBV29-1*02,None,TRBJ2-6*01,1
392,CSVPSGGVPGANGLTF,TRBV29-1*02,None,TRBJ2-6*01,1
393,CSVPSGGVSGVNVLDF,TRBV29-1*02,None,TRBJ2-6*01,1
394,CSVPSGGVSGGNVMTF,TRBV29-1*02,None,TRBJ2-6*01,1
395,CSVPSGGVSGGNVQTF,TRBV29-1*02,None,TRBJ2-6*01,1
396,CSVPSGGVSGVNILTF,TRBV29-1*02,None,TRBJ2-6*01,1
397,CSVPSGGVSGGSDLSF,TRBV29-1*02,None,TRBJ2-6*01,1
398,CSVPSGGVSGNHVLPF,TRBV29-1*01,None,TRBJ2-6*01,1
399,CSVPSGGVPGANLLTF,TRBV29-1*02,None,TRBJ2-6*01,1
400,CSVPSGGVSGVNGFTF,TRBV29-1*02,None,TRBJ2-6*01,1
401,CSVPSGGVSGTTVLTF,TRBV29-1*02,None,TRBJ2-6*01,1
402,CSVPSGGVSGVNDLTF,TRBV29-1*02,None,TRBJ2-6*01,1
403,CSVPSGGVSGNNVLTF,TRBV29-1*02,None,TRBJ2-6*01,1
404,CSVPSGGVGGANVQTF,TRBV29-1*02,None,TRBJ2-6*01,1
405,CSVPSGGVSGPKVLTF,TRBV29-1*02,None,TRBJ2-6*01,1
406,CSVPSGGVSGPNLITF,TRBV29-1*02,None,TRBJ2-6*01,1
407,CSVPSGGVSGVKLLTF,TRBV29-1*02,None,TRBJ2-6*01,1
408,CSVPSGGVHGANVLTF,TRBV29-1*02,None,TRBJ2-6*01,1
409,CSVPSGGVSGAKVMTF,TRBV29-1*02,None,TRBJ2-6*01,1
410,CSVPSGGVSGANVVNF,TRBV29-1*02,None,TRBJ2-6*01,1
411,CSVPSGGVSGDNVRTF,TRBV29-1*02,None,TRBJ2-6*01,1
412,CSVPSGGVSGANGLTF,TRBV29-1*01,None,TRBJ2-6*01,1
413,CSVPSGGVSGANHLTF,TRBV29-1*02,None,TRBJ2-6*01,1
414,CSVPSGGVSGADVMTF,TRBV29-1*02,None,TRBJ2-6*01,1
415,CSVPSGGVSGANHRTF,TRBV29-1*02,None,TRBJ2-6*01,1
416,CSVPSGGVSGANILAF,TRBV29-1*02,None,TRBJ2-6*01,1
417,CSVPSGGVSGADVLTF,TRBV29-1*01,None,TRBJ2-6*01,1
418,CSVPSGGVSGANIPTF,TRBV29-1*02,None,TRBJ2-6*01,1
419,CSVPSGGVSGANLRTF,TRBV29-1*02,None,TRBJ2-6*01,1
420,CSVPSGGVSGADVLSF,TRBV29-1*02,None,TRBJ2-6*01,1
421,CSVPSGGVSGANMLTF,TRBV29-1*02,None,TRBJ2-6*01,1
422,CSVPSGGVSGANNLSF,TRBV29-1*02,None,TRBJ2-6*01,1
423,CSVPSGGVSGANSLTF,TRBV29-1*02,None,TRBJ2-6*01,1
424,CSVPSGGVSGANVASF,TRBV29-1*01,None,TRBJ2-6*01,1
425,CSVPSGGVSGANVFTF,TRBV29-1*02,None,TRBJ2-6*01,1
426,CSVPSGGVSGADFLTF,TRBV29-1*02,None,TRBJ2-6*01,1
427,CSVPSGGVSGANVITF,TRBV29-1*02,None,TRBJ2-6*01,1
428,CSVPSGGVSGANVLAF,TRBV29-1*01,None,TRBJ2-6*01,1
429,CSVPSGGVSETNVLTF,TRBV29-1*02,None,TRBJ2-6*01,1
430,CSVPSGGVSGANVLDF,TRBV29-1*02,None,TRBJ2-6*01,1
431,CSVPSGGVSGANVLHF,TRBV29-1*02,None,TRBJ2-6*01,1
432,CSVPSGGVSGANVLIF,TRBV29-1*01,None,TRBJ2-6*01,1
433,CSVPSGGVSESNLLTF,TRBV29-1*02,None,TRBJ2-6*01,1
434,CSVPSGGVSGANVLKF,TRBV29-1*01,None,TRBJ2-6*01,1
435,CSVPSGGVSEPNVLTF,TRBV29-1*02,None,TRBJ2-6*01,1
436,CSVPSGGVSGANVLNF,TRBV29-1*02,None,TRBJ2-7*01,1
437,CSVPSGGVSGANVLNF,TRBV7-9*06,None,TRBJ2-6*01,1
438,CSVPSGGVSGADVQTF,TRBV29-1*02,None,TRBJ2-6*01,1
439,CSVPSGGVSGADVRTF,TRBV29-1*02,None,TRBJ2-6*01,1
440,CSVPSGGVSGDNVPTF,TRBV29-1*02,None,TRBJ2-6*01,1
441,CSVPSGGVSGAEVLTF,TRBV29-1*02,None,TRBJ2-6*01,1
442,CSVPSGGVSGAKVLYF,TRBV29-1*02,None,TRBJ2-6*01,1
443,CSVPSGGVSGAKVQTF,TRBV29-1*02,None,TRBJ2-6*01,1
444,CSVPSGGVSGANALNF,TRBV29-1*02,None,TRBJ2-6*01,1
445,CSVPSGGVSGANALPF,TRBV29-1*02,None,TRBJ2-6*01,1
446,CSVPSGGVSGAKVLTF,TRBV29-1*03,None,TRBJ2-6*01,1
447,CSVPSGGVSGANALTF,TRBV29-1*03,None,TRBJ2-6*01,1
448,CSVPSGGVSGAKVLTF,TRBV20-1*02,None,TRBJ2-6*01,1
449,CSVPSGGVSGAKVLSF,TRBV29-1*02,None,TRBJ2-6*01,1
450,CSVPSGGVSGAKVLPF,TRBV29-1*02,None,TRBJ2-6*01,1
451,CSVPSGGVSGAKLLTF,TRBV29-1*02,None,TRBJ2-6*01,1
452,CSVPSGGVSGAKILTF,TRBV29-1*02,None,TRBJ2-6*01,1
453,CSVPSGGVSGANDLYF,TRBV29-1*02,None,TRBJ2-6*01,1
454,CSVPSGGVSGANDMTF,TRBV29-1*02,None,TRBJ2-6*01,1
455,CSVPSGGVSGANDPTF,TRBV29-1*02,None,TRBJ2-6*01,1
456,CSVPSGGVSGAKFLTF,TRBV29-1*02,None,TRBJ2-6*01,1
457,CSVPSGGVSGAIVRTF,TRBV29-1*02,None,TRBJ2-6*01,1
458,CSVPSGGVSGANDVTF,TRBV29-1*02,None,TRBJ2-6*01,1
459,CSVPSGGVSGAIALTF,TRBV29-1*02,None,TRBJ2-6*01,1
460,CSVPSGGVSGANEQTF,TRBV29-1*02,None,TRBJ2-6*01,1
461,CSVPSGGVSGANEVTF,TRBV29-1*02,None,TRBJ2-6*01,1
462,CSVPSGGVSGAHVLSF,TRBV29-1*02,None,TRBJ2-6*01,1
463,CSVPSGGVSGAHVLPF,TRBV29-1*02,None,TRBJ2-6*01,1
464,CSVPSGGVSGANGLIF,TRBV29-1*02,None,TRBJ2-6*01,1
465,CSVPSGGVSGANGLNF,TRBV29-1*02,None,TRBJ2-6*01,1
466,CSVPSGGVSGANGLSF,TRBV29-1*02,None,TRBJ2-6*01,1
467,CSVPSGGVSGANVLPF,TRBV29-1*01,None,TRBJ2-6*01,1
468,CSVPSGGVSGANVLQF,TRBV29-1*02,None,TRBJ2-6*01,1
469,CSVPSGGVSGANVLSF,TRBV29-1*01,None,TRBJ2-6*01,1
470,CSVPSGGVSGANVLTF,TRBV10-1*01,None,TRBJ2-6*01,1
471,CSVPSGGVPVSNLLTF,TRBV29-1*02,None,TRBJ2-6*01,1
472,CSVPSGGVSGASGLTF,TRBV29-1*02,None,TRBJ2-6*01,1
473,CSVPSGGVPRANVLTF,TRBV29-1*02,None,TRBJ2-6*01,1
474,CSVPSGGVSGASLLTF,TRBV29-1*02,None,TRBJ2-6*01,1
475,CSVPSGGVSGASVPTF,TRBV29-1*02,None,TRBJ2-6*01,1
476,CSVPSGGVSGATDLTF,TRBV29-1*02,None,TRBJ2-6*01,1
477,CSVPSGGVPGTNVLTF,TRBV29-1*02,None,TRBJ2-6*01,1
478,CSVPSGGVSGATLLTF,TRBV29-1*03,None,TRBJ2-6*01,1
479,CSVPSGGVSGATVMTF,TRBV29-1*02,None,TRBJ2-6*01,1
480,CSVPSGGVSGAYDLTF,TRBV29-1*02,None,TRBJ2-6*01,1
481,CSVPSGGVSGAYGLTF,TRBV29-1*02,None,TRBJ2-6*01,1
482,CSVPSGGVSGAYGRTF,TRBV29-1*02,None,TRBJ2-6*01,1
483,CSVPSGGVPGSNVLTF,TRBV29-1*02,None,TRBJ2-6*01,1
484,CSVPSGGVPGSNVLPF,TRBV29-1*01,None,TRBJ2-6*01,1
485,CSVPSGGVPGDNVLTF,TRBV29-1*02,None,TRBJ2-6*01,1
486,CSVPSGGVSGAYVMTF,TRBV29-1*02,None,TRBJ2-6*01,1
487,CSVPSGGVSGAYVQYF,TRBV29-1*02,None,TRBJ2-6*01,1
488,CSVPSGGVSGCKVLTF,TRBV29-1*02,None,TRBJ2-6*01,1
489,CSVPSGGVSGCTVLTF,TRBV29-1*02,None,TRBJ2-6*01,1
490,CSVPSGGVPGDNALTF,TRBV29-1*02,None,TRBJ2-6*01,1
491,CSVPSGGVSGDNGLTF,TRBV29-1*02,None,TRBJ2-6*01,1
492,CSVPSGGVSGDNGQTF,TRBV29-1*02,None,TRBJ2-6*01,1
493,CSVPSGGVPGANVPTF,TRBV29-1*02,None,TRBJ2-6*01,1
494,CSVPSGGVSGDNTLTF,TRBV29-1*02,None,TRBJ2-6*01,1
495,CSVPSGGVPGANVLSF,TRBV29-1*02,None,TRBJ2-6*01,1
496,CSVPSGGVPVSNVLTF,TRBV29-1*02,None,TRBJ2-6*01,1
497,CSVPSGGVSGANYLTF,TRBV29-1*02,None,TRBJ2-6*01,1
498,CSVPSGGVPWANVLTF,TRBV29-1*02,None,TRBJ2-6*01,1
499,CSVPSGGVSGANVMTF,TRBV29-1*01,None,TRBJ2-6*01,1
500,CSVPSGGVSEANVMNF,TRBV29-1*02,None,TRBJ2-6*01,1
501,CSVPSGGVSEANVLYF,TRBV29-1*02,None,TRBJ2-6*01,1
502,CSVPSGGVSGANVLTF,TRBV11-1*01,None,TRBJ2-6*01,1
503,CSVPSGGVSGANVLTF,TRBV29-1*02,None,TRBJ1-6*02,1
504,CSVPSGGVSGANVLTF,TRBV29-1*02,None,TRBJ2-1*01,1
505,CSVPSGGVSGANVLTF,TRBV29-1*02,None,TRBJ2-4*01,1
506,CSVPSGGVSEANVLSF,TRBV29-1*02,None,TRBJ2-6*01,1
507,CSVPSGGVSGANVLTF,TRBV29-1*02,None,TRBJ2-7*01,1
508,CSVPSGGVSEANVLPF,TRBV29-1*02,None,TRBJ2-6*01,1
509,CSVPSGGVSEANGLTF,TRBV29-1*02,None,TRBJ2-6*01,1
510,CSVPSGGVSEAKVLTF,TRBV29-1*02,None,TRBJ2-6*01,1
511,CSVPSGGVSEAHIQTF,TRBV29-1*02,None,TRBJ2-6*01,1
512,CSVPSGGVRGSNVLTF,TRBV29-1*02,None,TRBJ2-6*01,1
513,CSVPSGGVSDANVLTF,TRBV29-1*02,None,TRBJ2-6*01,1
514,CSVPSGGVSCTNVLTF,TRBV29-1*02,None,TRBJ2-6*01,1
515,CSVPSGGVSCSNVLNF,TRBV29-1*02,None,TRBJ2-6*01,1
516,CSVPSGGVSCANVLTF,TRBV29-1*02,None,TRBJ2-6*01,1
517,CSVPSGGVSAVKVMTF,TRBV29-1*02,None,TRBJ2-6*01,1
518,CSVPSGGVSASNVLTF,TRBV29-1*02,None,TRBJ2-6*01,1
519,CSVPSGGVSGANVPTF,TRBV29-1*03,None,TRBJ2-6*01,1
520,CSVPSGGVSGANVQSF,TRBV29-1*02,None,TRBJ2-6*01,1
521,CSVPSGGVSAANVLSF,TRBV29-1*02,None,TRBJ2-6*01,1
522,CSVPSGGVSAANLLTF,TRBV29-1*02,None,TRBJ2-6*01,1
523,CSVPSGGVRVANVQTF,TRBV29-1*02,None,TRBJ2-6*01,1
524,CSVPSGGVSGANPLTF,TRBV29-1*02,None,TRBJ2-6*01,1
525,CSVPSGGVYEAKVLTF,TRBV29-1*03,None,TRBJ2-6*01,1
526,CSVPSGGVSLSKLLTF,TRBV29-1*02,None,TRBJ2-6*01,1
527,CSVPTGGVSGANVLSF,TRBV29-1*02,None,TRBJ2-6*01,1
528,CSVPTWGVSGGNVLTF,TRBV29-1*02,None,TRBJ2-6*01,1
529,CSVPTWGVCAATVLTF,TRBV29-1*02,None,TRBJ2-6*01,1
530,CSVPTGWVSGANVLTF,TRBV29-1*02,None,TRBJ2-6*01,1
531,CSVPTGWAPGSKVFPF,TRBV29-1*02,None,TRBJ2-6*01,1
532,CSVPTGGVSGSNVLTF,TRBV29-1*02,None,TRBJ2-6*01,1
533,CSVPTGGVSGANVQTF,TRBV29-1*02,None,TRBJ2-6*01,1
534,CSVPTGGVSGANVLTF,TRBV29-1*01,None,TRBJ2-6*01,1
535,CSVPTGGVSGANVLTF,TRBV10-1*01,None,TRBJ2-6*01,1
536,CSVPTGGVSGANVLPF,TRBV29-1*02,None,TRBJ2-6*01,1
537,CSVPTWWVSGAKLLTF,TRBV29-1*02,None,TRBJ2-6*01,1
538,CSVPTGGVSGANGLTF,TRBV29-1*02,None,TRBJ2-6*01,1
539,CSVPTGGVSGANDQNF,TRBV29-1*01,None,TRBJ2-6*01,1
540,CSVPTGGVSGANDLSF,TRBV29-1*02,None,TRBJ2-6*01,1
541,CSVPTGGVSGADVLNF,TRBV29-1*02,None,TRBJ2-6*01,1
542,CSVPTGGVSEANALTF,TRBV29-1*02,None,TRBJ2-6*01,1
543,CSVPTGGVPWGKVLTF,TRBV29-1*02,None,TRBJ2-6*01,1
544,CSVPTGGVPGAKVLTF,TRBV29-1*02,None,TRBJ2-6*01,1
545,CSVPTGGVFGANVLTF,TRBV29-1*02,None,TRBJ2-6*01,1
546,CSVPTWGVSGPNVLTF,TRBV29-1*02,None,TRBJ2-6*01,1
547,CSVPWGGVSGDNVLTF,TRBV29-1*02,None,TRBJ2-6*01,1
548,CSVPSGGVSLSNVLTF,TRBV29-1*02,None,TRBJ2-6*01,1
549,CSVQFGGVSGANVLTF,TRBV29-1*02,None,TRBJ2-6*01,1
550,CSVQSGGVSGADVLTF,TRBV29-1*02,None,TRBJ2-6*01,1
551,CSVQSGGISGANVLTF,TRBV29-1*02,None,TRBJ2-6*01,1
552,CSVQSGGHSRANVLNF,TRBV29-1*02,None,TRBJ2-6*01,1
553,CSVQSGGFSGANVLTF,TRBV29-1*02,None,TRBJ2-6*01,1
554,CSVQSGGDSVANVLTF,TRBV29-1*01,None,TRBJ2-6*01,1
555,CSVQSGGDSGANVLTF,TRBV29-1*02,None,TRBJ2-6*01,1
556,CSVQSGGASGANVPTF,TRBV29-1*02,None,TRBJ2-6*01,1
557,CSVQFRGASGANVLTF,TRBV29-1*02,None,TRBJ2-6*01,1
558,CSVPYGRFSGANVLTF,TRBV29-1*02,None,TRBJ2-6*01,1
559,CSVPYGEVSGANDLTF,TRBV10-1*01,None,TRBJ2-6*01,1
560,CSVPYGGVYGANVLTF,TRBV29-1*02,None,TRBJ2-6*01,1
561,CSVPYGGVWGANVLTF,TRBV29-1*02,None,TRBJ2-6*01,1
562,CSVPYGGVSGANVLTF,TRBV29-1*01,None,TRBJ2-6*01,1
563,CSVPYGGVSGANFLTF,TRBV29-1*02,None,TRBJ2-6*01,1
564,CSVPYGGVPGANVLPF,TRBV29-1*02,None,TRBJ2-6*01,1
565,CSVPYGGVCGANVLTF,TRBV29-1*02,None,TRBJ2-6*01,1
566,CSVPYGGVAGGNVLSF,TRBV29-1*01,None,TRBJ2-6*01,1
567,CSVPYGGASGSNVLSF,TRBV29-1*02,None,TRBJ2-6*01,1
568,CSVPTGGDSGANVLTF,TRBV29-1*02,None,TRBJ2-6*01,1
569,CSVPTGGASGSNVLTF,TRBV29-1*02,None,TRBJ2-6*01,1
570,CSVPTGGASGANVLTF,TRBV29-1*02,None,TRBJ2-6*01,1
571,CSVPSVGVPGANVLTF,TRBV29-1*02,None,TRBJ2-6*01,1
572,CSVPSVVLSGANVLTF,TRBV29-1*02,None,TRBJ2-6*01,1
573,CSVPSVGVYGANVLTF,TRBV29-1*02,None,TRBJ2-6*01,1
574,CSVPSVGVSRANVLTF,TRBV29-1*02,None,TRBJ2-6*01,1
575,CSVPSVGVSRANVLSF,TRBV29-1*02,None,TRBJ2-6*01,1
576,CSVPSVGVSGANVPTF,TRBV29-1*02,None,TRBJ2-6*01,1
577,CSVPSVGVSGANVLSF,TRBV29-1*02,None,TRBJ2-6*01,1
578,CSVPSVGVSGANGLTF,TRBV29-1*02,None,TRBJ2-6*01,1
579,CSVPSVGVSGANFLTF,TRBV29-1*02,None,TRBJ2-6*01,1
580,CSVPSVGVAGANVLTF,TRBV29-1*02,None,TRBJ2-6*01,1
581,CSVPTGGASGADVLTF,TRBV29-1*02,None,TRBJ2-6*01,1
582,CSVPSVGGSGANVLTF,TRBV29-1*02,None,TRBJ2-6*01,1
583,CSVPSSRVSGTNVLSF,TRBV29-1*02,None,TRBJ2-6*01,1
584,CSVPSSGVSGANVLTF,TRBV29-1*02,None,TRBJ2-6*01,1
585,CSVPSSGVSGANALTF,TRBV29-1*02,None,TRBJ2-6*01,1
586,CSVPSSGVAGANVLTF,TRBV29-1*02,None,TRBJ2-6*01,1
587,CSVPSSEVSGAEVLTF,TRBV29-1*02,None,TRBJ2-6*01,1
588,CSVPSRVVSWANVPTF,TRBV29-1*02,None,TRBJ2-6*01,1
589,CSVPSRGVSVATVLTF,TRBV29-1*02,None,TRBJ2-6*01,1
590,CSVPSVWVSGANVLTF,TRBV29-1*02,None,TRBJ2-6*01,1
591,CSVPSWEAFGCKVFTF,TRBV29-1*01,None,TRBJ2-6*01,1
592,CSVPSWEVPGANELTF,TRBV29-1*02,None,TRBJ2-6*01,1
593,CSVPSWGASGANVLTF,TRBV29-1*02,None,TRBJ2-6*01,1
594,CSVPTGEVSGANVLTF,TRBV29-1*02,None,TRBJ2-6*01,1
595,CSVPTGAVSRAYVLTF,TRBV29-1*02,None,TRBJ2-6*01,1
596,CSVPTGAVSGSNVLTF,TRBV29-1*02,None,TRBJ2-6*01,1
597,CSVPSWGVSGVNVLTF,TRBV29-1*02,None,TRBJ2-6*01,1
598,CSVPSWGVSGTNVLTF,TRBV29-1*02,None,TRBJ2-6*01,1
599,CSVPSWGVSGSKLLTF,TRBV29-1*02,None,TRBJ2-6*01,1
600,CSVPSWGVSGPNVLTF,TRBV29-1*02,None,TRBJ2-6*01,1
601,CSVPSWGVSGATVLTF,TRBV29-1*02,None,TRBJ2-6*01,1
602,CSVPSWGVSGATLLTF,TRBV29-1*02,None,TRBJ2-6*01,1
603,CSVPSWGVSGANVLAF,TRBV29-1*02,None,TRBJ2-6*01,1
604,CSVPSWGVSGANGMTF,TRBV29-1*02,None,TRBJ2-6*01,1
605,CSVPSWGVSGANGLTF,TRBV29-1*02,None,TRBJ2-6*01,1
606,CSVPSWGVSEANVLTF,TRBV29-1*01,None,TRBJ2-6*01,1
607,CSVPSWGVPVANVLTF,TRBV29-1*02,None,TRBJ2-6*01,1
608,CSVPSWGVPRANVLTF,TRBV29-1*02,None,TRBJ2-6*01,1
609,CSVPSWGVPGANVLTF,TRBV29-1*02,None,TRBJ2-6*01,1
610,CSVPSWGGSGANDLTF,TRBV29-1*01,None,TRBJ2-6*01,1
611,CSVQSGGVSGANGLTF,TRBV29-1*02,None,TRBJ2-6*01,1
612,CSVQSGGVSGANVLSF,TRBV29-1*02,None,TRBJ2-6*01,1
613,CSVQSGGVSGANVLTF,TRBV29-1*02,None,TRBJ2-4*01,1
614,CSVTSGGVSGAKVLTF,TRBV29-1*02,None,TRBJ2-6*01,1
615,CSVTSGGVYGANVLTF,TRBV29-1*02,None,TRBJ2-6*01,1
616,CSVTSGGVSWATVLTF,TRBV29-1*02,None,TRBJ2-6*01,1
617,CSVTSGGVSRANVLTF,TRBV29-1*02,None,TRBJ2-6*01,1
618,CSVTSGGVSLANVLTF,TRBV29-1*02,None,TRBJ2-6*01,1
619,CSVTSGGVSGTNVLTF,TRBV29-1*02,None,TRBJ2-6*01,1
620,CSVTSGGVSGSNVLTF,TRBV29-1*02,None,TRBJ2-6*01,1
621,CSVTSGGVSGGNVLTF,TRBV29-1*02,None,TRBJ2-6*01,1
622,CSVTSGGVSGAYVLTF,TRBV29-1*02,None,TRBJ2-6*01,1
623,CSVTSGGVSGAKSLTF,TRBV29-1*02,None,TRBJ2-6*01,1
624,CSVTSGGCAVANVLTF,TRBV29-1*02,None,TRBJ2-6*01,1
625,CSVTSGGSSGANGLTF,TRBV29-1*02,None,TRBJ2-6*01,1
626,CSVTSGGPSGANVLTF,TRBV29-1*02,None,TRBJ2-6*01,1
627,CSVTSGGLSGATVLTF,TRBV29-1*01,None,TRBJ2-6*01,1
628,CSVTSGGISGANVLTF,TRBV29-1*02,None,TRBJ2-6*01,1
629,CSVTSGGGSRANVLNF,TRBV29-1*02,None,TRBJ2-6*01,1
630,CSVTSGGGSGANVLTF,TRBV29-1*02,None,TRBJ2-6*01,1
631,CSVTSGGFSGPNVLTF,TRBV29-1*02,None,TRBJ2-6*01,1
632,CSVTSGGFSGANVMTF,TRBV29-1*02,None,TRBJ2-6*01,1
633,CSVTSGRVPVANVLTF,TRBV29-1*02,None,TRBJ2-6*01,1
634,CSVTSGWVSGANGLSF,TRBV29-1*02,None,TRBJ2-6*01,1
635,CSVTSGWVSGVNVLTF,TRBV29-1*02,None,TRBJ2-6*01,1
636,CSVVAGFSDTQYF,TRBV29-1*02,None,TRBJ2-3*01,1
637,CWVPSEGVSGANVLTF,TRBV29-1*03,None,TRBJ2-6*01,1
638,CVSSPSGRGSNEQFF,TRBV11-3*03,None,TRBJ2-1*01,1
639,CVPSGGVSGANALTF,TRBV29-1*02,None,TRBJ2-6*01,1
640,CTVPYGGFSGANVLTF,TRBV29-1*02,None,TRBJ2-6*01,1
641,CTVPTWWVSGANDMNF,TRBV16*03,None,TRBJ2-6*01,1
642,CTVPSGRVSGANDLTF,TRBV29-1*03,None,TRBJ2-6*01,1
643,CTVPSGGVSGANALTF,TRBV29-1*02,None,TRBJ2-6*01,1
644,CTVPSGGVSGADVLTF,TRBV29-1*02,None,TRBJ2-6*01,1
645,CTVPSGGFSGAKVLTF,TRBV29-1*02,None,TRBJ2-6*01,1
646,CTVPFGGVSGANVLTF,TRBV29-1*02,None,TRBJ2-6*01,1
647,CTVLSGGVSGANVLTF,TRBV29-1*03,None,TRBJ2-6*01,1
648,CTSRWDRFPVNSPLHF,TRBV7-2*03,None,TRBJ1-6*01,1
649,CTLPTGGVSGTKVLTF,TRBV29-1*03,None,TRBJ2-6*01,1
650,CTFPSGGVSGANVMTF,TRBV29-1*02,None,TRBJ2-6*01,1
651,CTFPSGGVSGANVLTF,TRBV29-1*01,None,TRBJ2-6*01,1
652,CSYPSGAVSGANVLTF,TRBV29-1*02,None,TRBJ2-6*01,1
653,CSVVPGGVSGVNVLTF,TRBV29-1*02,None,TRBJ2-6*01,1
654,CSVTSGGFSGANVLTF,TRBV29-1*02,None,TRBJ2-6*01,1
655,CSVTSGGASGGNVLTF,TRBV29-1*02,None,TRBJ2-6*01,1
656,CSVQSGGVSGANVMTF,TRBV29-1*02,None,TRBJ2-6*01,1
657,CSVQSVWVSGANVLTF,TRBV29-1*02,None,TRBJ2-6*01,1
658,CSVSPGGDSGAKVLTF,TRBV29-1*02,None,TRBJ2-6*01,1
659,CSVSFGGVSGANVLTF,TRBV29-1*02,None,TRBJ2-6*01,1
660,CSVSFGGVSGANFRTF,TRBV29-1*02,None,TRBJ2-6*01,1
661,CSVSAGSVSGANVLTF,TRBV29-1*02,None,TRBJ2-6*01,1
662,CSVRSGGVSGANVLAF,TRBV29-1*02,None,TRBJ2-6*01,1
663,CSVRSGGVSGANELTF,TRBV29-1*02,None,TRBJ2-6*01,1
664,CSVRSGGLSGANVLTF,TRBV29-1*02,None,TRBJ2-6*01,1
665,CSVQYGGVCGANVLTF,TRBV29-1*02,None,TRBJ2-6*01,1
666,CSVQSGWVSGANVLNF,TRBV29-1*02,None,TRBJ2-6*01,1
667,CSVTSGGAAGANVLTF,TRBV29-1*02,None,TRBJ2-7*01,1
668,CSVQSGVVSGANVLTF,TRBV29-1*02,None,TRBJ2-6*01,1
669,CSVQSGRVSGANVLTF,TRBV29-1*02,None,TRBJ2-6*01,1
670,CSVQSGGVSRANVLTF,TRBV29-1*02,None,TRBJ2-6*01,1
671,CSVQSGGVSGVNVLTF,TRBV29-1*02,None,TRBJ2-6*01,1
672,CSVQSGGVSGGNVLTF,TRBV29-1*02,None,TRBJ2-6*01,1
673,CSVQSGGVSGDDVLTF,TRBV29-1*02,None,TRBJ2-6*01,1
674,CSVQSGGVSGANVRTF,TRBV29-1*02,None,TRBJ2-6*01,1
675,CSVQSGGVSGANVPTF,TRBV29-1*02,None,TRBJ2-6*01,1
676,CSVSSEGVSGANVLTF,TRBV29-1*02,None,TRBJ2-6*01,1
677,CSVSSGAVSGANVLTF,TRBV29-1*02,None,TRBJ2-6*01,1
678,CSVSSGGASGANVLTF,TRBV29-1*02,None,TRBJ2-6*01,1
679,CSVSSGGGSGANVLTF,TRBV29-1*02,None,TRBJ2-6*01,1
680,CSVTPGGVSGANVLTF,TRBV29-1*02,None,TRBJ2-6*01,1
681,CSVTCGEVSGANVLSF,TRBV29-1*02,None,TRBJ2-6*01,1
682,CSVSYGGVAGAKVLTF,TRBV29-1*02,None,TRBJ2-6*01,1
683,CSVSTGGVSGANVQTF,TRBV29-1*02,None,TRBJ2-6*01,1
684,CSVSSWVSSEANILPF,TRBV29-1*02,None,TRBJ2-6*01,1
685,CSVSSWDVPGANVLTF,TRBV29-1*02,None,TRBJ2-6*01,1
686,CSVSSVLVSFSNVFTF,TRBV29-1*02,None,TRBJ2-6*01,1
687,CSVSSGVVCGAYVQSF,TRBV29-1*02,None,TRBJ2-6*01,1
688,CSVSSGGVSWANVLTF,TRBV29-1*01,None,TRBJ2-6*01,1
689,CSVSSGGVSGTNVLTF,TRBV29-1*02,None,TRBJ2-6*01,1
690,CSVSSGGVSGSNVLTF,TRBV29-1*02,None,TRBJ2-6*01,1
691,CSVSSGGVSGENVLTF,TRBV29-1*02,None,TRBJ2-6*01,1
692,CSVSSGGVSGANVQSF,TRBV29-1*02,None,TRBJ2-6*01,1
693,CSVSSGGVSGANDLSF,TRBV29-1*02,None,TRBJ2-6*01,1
694,CSVSSGGVPGANVLTF,TRBV29-1*02,None,TRBJ2-6*01,1
695,CSVSSGGVCGANVLTF,TRBV29-1*02,None,TRBJ2-6*01,1
696,CSVSSGGRSGDNDVSF,TRBV29-1*02,None,TRBJ2-6*01,1
697,CSVPSRGVSGVNALTF,TRBV29-1*02,None,TRBJ2-6*01,1
698,CSVPSRGVSGTNVLTF,TRBV29-1*02,None,TRBJ2-6*01,1
699,CSVPSRGVSGGTLLTF,TRBV29-1*02,None,TRBJ2-6*01,1
700,CSVPSGGVTGANVLSF,TRBV29-1*02,None,TRBJ2-6*01,1
701,CSVPSGGVYGANVLNF,TRBV29-1*02,None,TRBJ2-6*01,1
702,CSVPSGGVYGANVITF,TRBV29-1*02,None,TRBJ2-6*01,1
703,CSVPSGGVYGANLLTF,TRBV29-1*02,None,TRBJ2-6*01,1
704,CSVPSGGVYEANVLPF,TRBV29-1*02,None,TRBJ2-6*01,1
705,CSVPSGGVFEANVLTF,TRBV29-1*02,None,TRBJ2-6*01,1
706,CSVPSGGVTGPNALTF,TRBV29-1*02,None,TRBJ2-6*01,1
707,CSVPSGGVTGANVQTF,TRBV29-1*02,None,TRBJ2-6*01,1
708,CSVPSGGVTGANVLTF,TRBV29-1*01,None,TRBJ2-6*01,1
709,CSVPSGGVTGANVLNF,TRBV29-1*02,None,TRBJ2-6*01,1
710,CSVPSGGVSWANVLTF,TRBV29-1*01,None,TRBJ2-6*01,1
711,CSVPSGGVTGANVLAF,TRBV29-1*02,None,TRBJ2-6*01,1
712,CSVPSGGVTGANDLTF,TRBV29-1*02,None,TRBJ2-6*01,1
713,CSVPSGGVTGANDLPF,TRBV29-1*02,None,TRBJ2-6*01,1
714,CSVPSGGVTGANALTF,TRBV29-1*02,None,TRBJ2-6*01,1
715,CSVPSGGVTGANALSF,TRBV29-1*02,None,TRBJ2-6*01,1
716,CSVPSGGVTGAHVLSF,TRBV29-1*02,None,TRBJ2-6*01,1
717,CSVPSGGVSWSNVLTF,TRBV29-1*01,None,TRBJ2-6*01,1
718,CSVPSGGVSWANVRTF,TRBV29-1*02,None,TRBJ2-6*01,1
719,CSVPSGGVYGANVLPF,TRBV29-1*02,None,TRBJ2-6*01,1
720,CSVPSGGVYGANVLSF,TRBV29-1*02,None,TRBJ2-6*01,1
721,CSVPSGGVYGGNVLTF,TRBV29-1*02,None,TRBJ2-6*01,1
722,CSVPSGGVYGSNVLTF,TRBV29-1*02,None,TRBJ2-6*01,1
723,CSVPSGRVSGANVLNF,TRBV29-1*02,None,TRBJ2-6*01,1
724,CSVPSGRVSGANVLAF,TRBV29-1*02,None,TRBJ2-6*01,1
725,CSVPSGRVSGANVITF,TRBV29-1*02,None,TRBJ2-6*01,1
726,CSVPSGRVSGANALNF,TRBV29-1*02,None,TRBJ2-6*01,1
727,CSVPSGRVSGAHALTF,TRBV29-1*01,None,TRBJ2-6*01,1
728,CSVPSGRVSGADVLTF,TRBV29-1*02,None,TRBJ2-6*01,1
729,CSVPSGRVSAANVLTF,TRBV29-1*02,None,TRBJ2-6*01,1
730,CSVPSGRVSAANALTF,TRBV29-1*02,None,TRBJ2-6*01,1
731,CSVPSGRVPGANVMTF,TRBV29-1*02,None,TRBJ2-6*01,1
732,CSVPSGRGSRANDLSF,TRBV29-1*02,None,TRBJ2-6*01,1
733,CSVPSGRGSGANVLRF,TRBV29-1*02,None,TRBJ2-6*01,1
734,CSVPSGRFSGAYVLHF,TRBV29-1*01,None,TRBJ2-6*01,1
735,CSVPSGRASGANVMTF,TRBV29-1*02,None,TRBJ2-6*01,1
736,CSVPSGLVSGANVLTF,TRBV29-1*02,None,TRBJ2-6*01,1
737,CSVPSGGVYWANVLTF,TRBV29-1*02,None,TRBJ2-6*01,1
738,CSVPSGGVYVANVLSF,TRBV29-1*02,None,TRBJ2-6*01,1
739,CSVPSGGVYGVNVLTF,TRBV29-1*02,None,TRBJ2-6*01,1
740,CSVPSGGVSWANVLYF,TRBV29-1*02,None,TRBJ2-6*01,1
741,CSVPSGGVSWANVLNF,TRBV29-1*02,None,TRBJ2-6*01,1
742,CSVPSGRVSGANVPTF,TRBV29-1*02,None,TRBJ2-6*01,1
743,CSVPSGGVSRFNVLTF,TRBV29-1*02,None,TRBJ2-6*01,1
744,CSVPSGGVSVANVLIF,TRBV29-1*02,None,TRBJ2-6*01,1
745,CSVPSGGVSVANGLTF,TRBV29-1*02,None,TRBJ2-6*01,1
746,CSVPSGGVSVANDLNF,TRBV29-1*02,None,TRBJ2-6*01,1
747,CSVPSGGVSVAKGLTF,TRBV29-1*02,None,TRBJ2-6*01,1
748,CSVPSGGVSVAIVLTF,TRBV29-1*02,None,TRBJ2-6*01,1
749,CSVPSGGVSVADVLTF,TRBV29-1*02,None,TRBJ2-6*01,1
750,CSVPSGGVSSANVRTF,TRBV29-1*02,None,TRBJ2-6*01,1
751,CSVPSGGVSRVNVLTF,TRBV29-1*02,None,TRBJ2-6*01,1
752,CSVPSGGVSRATVLTF,TRBV29-1*02,None,TRBJ2-6*01,1
753,CSVPSGGVSWANVLIF,TRBV29-1*02,None,TRBJ2-6*01,1
754,CSVPSGGVSRANVVTF,TRBV29-1*02,None,TRBJ2-6*01,1
755,CSVPSGGVSRANVPTF,TRBV29-1*02,None,TRBJ2-6*01,1
756,CSVPSGGVSRANVLSF,TRBV29-1*02,None,TRBJ2-6*01,1
757,CSVPSGGVSRANLLTF,TRBV29-1*02,None,TRBJ2-6*01,1
758,CSVPSGGVSRANFLTF,TRBV29-1*02,None,TRBJ2-6*01,1
759,CSVPSGGVSRANALTF,TRBV29-1*02,None,TRBJ2-6*01,1
760,CSVPSGGVSRAIVLTF,TRBV29-1*02,None,TRBJ2-6*01,1
761,CSVPSGGVSMANVLTF,TRBV29-1*02,None,TRBJ2-6*01,1
762,CSVPSGGVSVANVLTF,TRBV29-1*02,None,TRBJ2-7*01,1
763,CSVPSGGVSVANVQTF,TRBV29-1*02,None,TRBJ2-6*01,1
764,CSVPSGGVSVATLLTF,TRBV29-1*02,None,TRBJ2-6*01,1
765,CSVPSGGVSVATVLTF,TRBV29-1*02,None,TRBJ2-6*01,1
766,CSVPSGGVSWANLLTF,TRBV29-1*02,None,TRBJ2-6*01,1
767,CSVPSGGVSWANGLTF,TRBV29-1*02,None,TRBJ2-6*01,1
768,CSVPSGGVSWANFLTF,TRBV29-1*02,None,TRBJ2-6*01,1
769,CSVPSGGVSWAKVLTF,TRBV29-1*02,None,TRBJ2-6*01,1
770,CSVPSGGVSVTNFLNF,TRBV29-1*01,None,TRBJ2-6*01,1
771,CSVPSGGVSVSNVLSF,TRBV29-1*02,None,TRBJ2-6*01,1
772,CSVPSGGVSVSKVLTF,TRBV29-1*02,None,TRBJ2-6*01,1
773,CSVPSGGVSVPNVLTF,TRBV29-1*02,None,TRBJ2-6*01,1
774,CSVPSGGVSVGTVLTF,TRBV29-1*02,None,TRBJ2-6*01,1
775,CSVPSGGVSVGNVQTF,TRBV29-1*02,None,TRBJ2-6*01,1
776,CSVPSGGVSVFNVMTF,TRBV29-1*02,None,TRBJ2-6*01,1
777,CSVPSGGVSVENEQTF,TRBV29-1*02,None,TRBJ2-6*01,1
778,CSVPSGGVSVDNLLTF,TRBV29-1*02,None,TRBJ2-6*01,1
779,CSVPSGGVSVDNALTF,TRBV29-1*02,None,TRBJ2-6*01,1
780,CSVPSGGVSVCNVLTF,TRBV29-1*02,None,TRBJ2-6*01,1
781,CSVPSGGVSVCNLLTF,TRBV29-1*02,None,TRBJ2-6*01,1
782,CSVPSGGVSVCNLFTF,TRBV29-1*02,None,TRBJ2-6*01,1
783,CSVPSGRVSGANVLPF,TRBV29-1*02,None,TRBJ2-6*01,1
784,CSVPSGRVSGATVLTF,TRBV29-1*02,None,TRBJ2-6*01,1
785,CSVPSRGVSGDNVLTF,TRBV29-1*02,None,TRBJ2-6*01,1
786,CSVPSGWVSGANVMTF,TRBV29-1*02,None,TRBJ2-6*01,1
787,CSVPSGWVSVVNLFTF,TRBV29-1*02,None,TRBJ2-6*01,1
788,CSVPSGWVSVANVLTF,TRBV29-1*02,None,TRBJ2-6*01,1
789,CSVPSGWVSRANVLTF,TRBV29-1*02,None,TRBJ2-6*01,1
790,CSVPSGWVSGPNVLTF,TRBV29-1*02,None,TRBJ2-6*01,1
791,CSVPSGWVSGNNVLPF,TRBV29-1*02,None,TRBJ2-6*01,1
792,CSVPSGWVSGDKVLTF,TRBV29-1*02,None,TRBJ2-6*01,1
793,CSVPSGWVSGATLFTF,TRBV29-1*02,None,TRBJ2-6*01,1
794,CSVPSGWVSGANVPTF,TRBV29-1*02,None,TRBJ2-6*01,1
795,CSVPSGWVSGANVLTF,TRBV29-1*03,None,TRBJ2-6*01,1
796,CSVPSGWVSAANVLTF,TRBV29-1*01,None,TRBJ2-6*01,1
797,CSVPSGWVSGANVLTF,TRBV29-1*01,None,TRBJ2-6*01,1
798,CSVPSGWVSGANVLSF,TRBV29-1*02,None,TRBJ2-6*01,1
799,CSVPSGWVSGANVLPF,TRBV29-1*02,None,TRBJ2-6*01,1
800,CSVPSGWVSGANVLNF,TRBV29-1*02,None,TRBJ2-6*01,1
801,CSVPSGWVSGANVLAF,TRBV29-1*02,None,TRBJ2-6*01,1
802,CSVPSGWVSGANGLTF,TRBV29-1*02,None,TRBJ2-6*01,1
803,CSVPSGWVSGANFLTF,TRBV29-1*02,None,TRBJ2-6*01,1
804,CSVPSGWVSGAKLFTF,TRBV29-1*02,None,TRBJ2-6*01,1
805,CSVPSGWVSWANILTF,TRBV29-1*02,None,TRBJ2-6*01,1
806,CSVPSGWVSWPNVLTF,TRBV29-1*02,None,TRBJ2-6*01,1
807,CSVPSGWVYGANVLTF,TRBV29-1*02,None,TRBJ2-6*01,1
808,CSVPSPGVSGANDLTF,TRBV29-1*02,None,TRBJ2-6*01,1
809,CSVPSRGVSGATLLTF,TRBV29-1*02,None,TRBJ2-6*01,1
810,CSVPSRGVSGANVPTF,TRBV29-1*02,None,TRBJ2-6*01,1
811,CSVPSRGVSGANVLTF,TRBV29-1*01,None,TRBJ2-6*01,1
812,CSVPSRGVSGANVLPF,TRBV29-1*02,None,TRBJ2-6*01,1
813,CSVPSRGVSGANVLIF,TRBV29-1*02,None,TRBJ2-6*01,1
814,CSVPSRGVSGANLLPF,TRBV29-1*02,None,TRBJ2-6*01,1
815,CSVPSRGVSGAKVLTF,TRBV29-1*02,None,TRBJ2-6*01,1
816,CSVPSRGVSEANVLTF,TRBV29-1*02,None,TRBJ2-6*01,1
817,CSVPSRGVSAANVLNF,TRBV29-1*02,None,TRBJ2-6*01,1
818,CSVPSRGVSAANIPTF,TRBV29-1*02,None,TRBJ2-6*01,1
819,CSVPSRGFSVGNVLTF,TRBV29-1*02,None,TRBJ2-6*01,1
820,CSVPSRGDSGAKVLTF,TRBV29-1*02,None,TRBJ2-6*01,1
821,CSVPSRGASGTNVLTF,TRBV29-1*02,None,TRBJ2-6*01,1
822,CSVPSRGASGANVLTF,TRBV29-1*01,None,TRBJ2-6*01,1
823,CSVPSREVSRANVLTF,TRBV29-1*02,None,TRBJ2-6*01,1
824,CSVPSREVCGANLLTF,TRBV29-1*02,None,TRBJ2-6*01,1
825,CSVPSRCVSGANVLTF,TRBV29-1*01,None,TRBJ2-6*01,1
826,CSVPSGWVSESNVLNF,TRBV29-1*02,None,TRBJ2-6*01,1
827,CSVPSGWVPGANVLTF,TRBV29-1*02,None,TRBJ2-6*01,1
828,CSVPSGRVSGCTVLTF,TRBV29-1*02,None,TRBJ2-6*01,1
829,CSVPSGSVSGANGLTF,TRBV29-1*02,None,TRBJ2-6*01,1
830,CSVPSGVVFGANVLSF,TRBV29-1*02,None,TRBJ2-6*01,1
831,CSVPSGVVCCSNVLTF,TRBV29-1*02,None,TRBJ2-6*01,1
832,CSVPSGVGSGANVLTF,TRBV29-1*02,None,TRBJ2-6*01,1
833,CSVPSGVGSGANGLTF,TRBV29-1*02,None,TRBJ2-6*01,1
834,CSVPSGVFSGANVLTF,TRBV29-1*02,None,TRBJ2-6*01,1
835,CSVPSGVASGANDLTF,TRBV29-1*02,None,TRBJ2-6*01,1
836,CSVPSGVASFANVLNF,TRBV29-1*02,None,TRBJ2-6*01,1
837,CSVPSGSVSGTNVLTF,TRBV29-1*02,None,TRBJ2-6*01,1
838,CSVPSGSVSGANALTF,TRBV29-1*02,None,TRBJ2-6*01,1
839,CSVPSGWVAGANVLTF,TRBV29-1*02,None,TRBJ2-6*01,1
840,CSVPSGSVLGSNLLTF,TRBV29-1*02,None,TRBJ2-6*01,1
841,CSVPSGSGANVLTF,TRBV29-1*02,None,TRBJ2-6*01,1
842,CSVPSGRVTAGNVQAF,TRBV29-1*02,None,TRBJ2-6*01,1
843,CSVPSGRVSVAYVLTF,TRBV29-1*02,None,TRBJ2-6*01,1
844,CSVPSGRVSRANALTF,TRBV29-1*02,None,TRBJ2-6*01,1
845,CSVPSGRVSGTNVLTF,TRBV29-1*02,None,TRBJ2-6*01,1
846,CSVPSGRVSGGNVLTF,TRBV29-1*02,None,TRBJ2-6*01,1
847,CSVPSGRVSGDNVLTF,TRBV29-1*02,None,TRBJ2-6*01,1
848,CSVPSGVVPGANVLNF,TRBV29-1*02,None,TRBJ2-6*01,1
849,CSVPSGVVSAANVLTF,TRBV29-1*02,None,TRBJ2-6*01,1
850,CSVPSGVVSGADVLTF,TRBV29-1*02,None,TRBJ2-6*01,1
851,CSVPSGVVSGAKVLTF,TRBV29-1*02,None,TRBJ2-6*01,1
852,CSVPSGWGSGANVLTF,TRBV29-1*02,None,TRBJ2-6*01,1
853,CSVPSGWGSGANGLTF,TRBV29-1*02,None,TRBJ2-7*01,1
854,CSVPSGWFSGANVLTF,TRBV29-1*02,None,TRBJ2-6*01,1
855,CSVPSGWDSGANVLTF,TRBV29-1*02,None,TRBJ2-6*01,1
856,CSVPSGWASGANLLNF,TRBV29-1*02,None,TRBJ2-6*01,1
857,CSVPSGWASCANVLTF,TRBV29-1*02,None,TRBJ2-6*01,1
858,CSVPSGVVYGANSLTF,TRBV29-1*02,None,TRBJ2-6*01,1
859,CSVPSGVVSRANVLTF,TRBV29-1*02,None,TRBJ2-6*01,1
860,CSVPSGVVSGSNVLTF,TRBV29-1*02,None,TRBJ2-6*01,1
861,CSVPSGVVSGSNALTF,TRBV29-1*02,None,TRBJ2-6*01,1
862,CSVPSGVVSGDKVLTF,TRBV29-1*02,None,TRBJ2-6*01,1
863,CSVPSGVVSGANVQTF,TRBV29-1*02,None,TRBJ2-6*01,1
864,CSVPSGVVSGANVPTF,TRBV29-1*02,None,TRBJ2-6*01,1
865,CSVPSGVVSGANVMTF,TRBV29-1*02,None,TRBJ2-6*01,1
866,CSVPSGVVSGANVLTF,TRBV29-1*01,None,TRBJ2-6*01,1
867,CSVPSGVVSGANVLIF,TRBV29-1*02,None,TRBJ2-6*01,1
868,CSVPSGVVSGANLLTF,TRBV29-1*02,None,TRBJ2-6*01,1
869,CSVPSGGVFGANALTF,TRBV29-1*02,None,TRBJ2-6*01,1
870,CAFMMPVTDSLLF,TRBV3-1*01,None,TRBJ1-6*01,1
871,CSVPSGGVDGANDLPF,TRBV29-1*02,None,TRBJ2-6*01,1
872,CRVPSGGVSGGNVLTF,TRBV29-1*02,None,TRBJ2-6*01,1
873,CRVPSGRVPGAEVLTF,TRBV29-1*03,None,TRBJ2-6*01,1
874,CRVPSGGVSVVTLLTF,TRBV29-1*02,None,TRBJ2-6*01,1
875,CRVPSGGVSVGNVLTF,TRBV29-1*02,None,TRBJ2-6*01,1
876,CRVPSGGVSVAIVLTF,TRBV29-1*02,None,TRBJ2-6*01,1
877,CRVPSGGVSGVNVLTF,TRBV29-1*02,None,TRBJ2-6*01,1
878,CRVPSGGVSGSNVFTF,TRBV29-1*02,None,TRBJ2-6*01,1
879,CRVPSGGVSGSKVLTF,TRBV29-1*02,None,TRBJ2-6*01,1
880,CRVPSGGVSGLNSLTF,TRBV29-1*03,None,TRBJ2-6*01,1
881,CRVPSGGVSGGNLLTF,TRBV29-1*02,None,TRBJ2-6*01,1
882,CRVPSGVVSGANVVTF,TRBV29-1*02,None,TRBJ2-6*01,1
883,CRVPSGGVSGCNVFTF,TRBV29-1*02,None,TRBJ2-6*01,1
884,CRVPSGGVSGATVLTF,TRBV29-1*02,None,TRBJ2-6*01,1
885,CRVPSGGVSGASALTF,TRBV29-1*02,None,TRBJ2-6*01,1
886,CRVPSGGVSGANVLAF,TRBV29-1*02,None,TRBJ2-6*01,1
887,CRVPSGGVSGANVFTF,TRBV29-1*01,None,TRBJ2-6*01,1
888,CRVPSGGVSGANGLTF,TRBV29-1*02,None,TRBJ2-6*01,1
889,CRVPSGGVSGANDLTF,TRBV29-1*03,None,TRBJ2-6*01,1
890,CRVPSGGVSGAKVLTF,TRBV29-1*03,None,TRBJ2-6*01,1
891,CRVPSGVVSGANGLNF,TRBV29-1*02,None,TRBJ2-6*01,1
892,CRVPSGWASGAKVLTF,TRBV29-1*02,None,TRBJ2-6*01,1
893,CRVPSGGVSEANDLTF,TRBV29-1*02,None,TRBJ2-6*01,1
894,CSAGDWQGSYNEQFF,TRBV20-1*06,None,TRBJ2-1*01,1
895,CSAPSGGVPGANVLTF,TRBV29-1*03,None,TRBJ2-6*01,1
896,CSAPSGGVPGANDLTF,TRBV29-1*03,None,TRBJ2-6*01,1
897,CSAPSGGGSASNELYF,TRBV29-1*03,None,TRBJ2-6*01,1
898,CSAPSGGDSGANVLTF,TRBV29-1*03,None,TRBJ2-6*01,1
899,CSAPSGGAAGLNVLTF,TRBV29-1*03,None,TRBJ2-6*01,1
900,CSAPSAGVSGANVLTF,TRBV29-1*03,None,TRBJ2-6*01,1
901,CSAPPRRLSAANELSF,TRBV29-1*03,None,TRBJ2-6*01,1
902,CSAPAGGVTGAKVLTF,TRBV29-1*03,None,TRBJ2-6*01,1
903,CSACDWQGSYNEQFF,TRBV20-1*06,None,TRBJ2-1*01,1
904,CRVPSGWVSGDNLFTF,TRBV29-1*02,None,TRBJ2-6*01,1
905,CRVQSGGVSGANVLTF,TRBV29-1*02,None,TRBJ2-6*01,1
906,CRVPYGGVSRANVLTF,TRBV29-1*03,None,TRBJ2-6*01,1
907,CRVPTGGVSGANVLTF,TRBV29-1*02,None,TRBJ2-6*01,1
908,CRVPTGGVFVVTLLTF,TRBV29-1*02,None,TRBJ2-6*01,1
909,CRVPSWGVSGGNVLPF,TRBV29-1*03,None,TRBJ2-6*01,1
910,CRVPSVRVSGANVLTF,TRBV29-1*02,None,TRBJ2-6*01,1
911,CRVPSGWVSGVNVLTF,TRBV29-1*02,None,TRBJ2-6*01,1
912,CRVPSGWVSGGNLLTF,TRBV29-1*02,None,TRBJ2-6*01,1
913,CRVPSGGVSGAIVLTF,TRBV29-1*02,None,TRBJ2-6*01,1
914,CRVPSGGVLGFILFPF,TRBV29-1*02,None,TRBJ2-6*01,1
915,CSAPSGGVSGANVLNF,TRBV29-1*03,None,TRBJ2-6*01,1
916,CNVPSGGVYGDNVLTF,TRBV29-1*03,None,TRBJ2-6*01,1
917,CRFPSGWVSGVNVLTF,TRBV29-1*02,None,TRBJ2-6*01,1
918,CRFPSGGVSWANVLTF,TRBV29-1*02,None,TRBJ2-6*01,1
919,CRFASGGGSGANALKF,TRBV10-1*02,None,TRBJ2-6*01,1
920,CRDPSGGVSGANALTF,TRBV29-1*03,None,TRBJ2-6*01,1
921,CRAPSGGVSGANVLTF,TRBV29-1*03,None,TRBJ2-6*01,1
922,CNVRSGVVSGANVLNF,TRBV29-1*03,None,TRBJ2-6*01,1
923,CNVPSWGASGANLLTF,TRBV29-1*02,None,TRBJ2-6*01,1
924,CNVPSGVVSGANVLTF,TRBV29-1*03,None,TRBJ2-6*01,1
925,CNVPSGGVSGANDLTF,TRBV29-1*03,None,TRBJ2-6*01,1
926,CRGPPGGVSGANVLTF,TRBV29-1*03,None,TRBJ2-6*01,1
927,CNVPSGGVSGANALTF,TRBV29-1*03,None,TRBJ2-6*01,1
928,CNVPSGGVSGAKVLTF,TRBV29-1*02,None,TRBJ2-6*01,1
929,CNVPAGGVSGANVLTF,TRBV29-1*02,None,TRBJ2-6*01,1
930,CNFPSGGVSGANVLTF,TRBV29-1*03,None,TRBJ2-6*01,1
931,CLVPSGGVSGANVLNF,TRBV29-1*03,None,TRBJ2-6*01,1
932,CLVPPGGVSGTNVLTF,TRBV29-1*03,None,TRBJ2-6*01,1
933,CIVPSVGVSGANVLTF,TRBV29-1*03,None,TRBJ2-6*01,1
934,CIVPSGWVSGAKVLTF,TRBV29-1*03,None,TRBJ2-6*01,1
935,CRGPPGADSSFNVLTF,TRBV29-1*03,None,TRBJ2-6*01,1
936,CRGPSGGGSGANVLTF,TRBV29-1*02,None,TRBJ2-6*01,1
937,CRVPSGGVFGGNVLTF,TRBV29-1*02,None,TRBJ2-6*01,1
938,CRVPSGAVPGANVLTF,TRBV29-1*02,None,TRBJ2-6*01,1
939,CRVPSGGVCGPNVLTF,TRBV29-1*01,None,TRBJ2-6*01,1
940,CRVPSGGVAGANVLTF,TRBV29-1*02,None,TRBJ2-6*01,1
941,CRVPSGGLTGANVLTF,TRBV29-1*02,None,TRBJ2-6*01,1
942,CRVPSGGASGAYVLTF,TRBV29-1*02,None,TRBJ2-6*01,1
943,CRVPSGGASGANVVTF,TRBV29-1*02,None,TRBJ2-6*01,1
944,CRVPSGGASGANVFTF,TRBV29-1*01,None,TRBJ2-6*01,1
945,CRVPSGGASGADVLTF,TRBV29-1*02,None,TRBJ2-6*01,1
946,CRVPSGCVSGATVLTF,TRBV20-1*06,None,TRBJ2-6*01,1
947,CRVPSGAASGANVLTF,TRBV29-1*03,None,TRBJ2-6*01,1
948,CRGPSGGVSGNYDLHF,TRBV29-1*03,None,TRBJ2-6*01,1
949,CRVPSAGVSGANALTF,TRBV29-1*02,None,TRBJ2-6*01,1
950,CRVPPGGVSGANVLTF,TRBV29-1*02,None,TRBJ2-6*01,1
951,CRVPPGGVSGANLLTF,TRBV29-1*02,None,TRBJ2-6*01,1
952,CRVPFGGVSGANVLTF,TRBV29-1*02,None,TRBJ2-6*01,1
953,CRVPCGGVSGANVLTF,TRBV29-1*02,None,TRBJ2-6*01,1
954,CRIPSWGVPGATPLTF,TRBV29-1*02,None,TRBJ2-6*01,1
955,CRIPSGGVFGAHVLSF,TRBV10-1*02,None,TRBJ2-6*01,1
956,CRGPSVGVSGANVLTF,TRBV29-1*02,None,TRBJ2-6*01,1
957,CSAPSGGVSGANLLTF,TRBV29-1*03,None,TRBJ2-6*01,1
958,CSAPSGGVSGANVLSF,TRBV29-1*03,None,TRBJ2-6*01,1
959,CSGTSGGVSGANVLTF,TRBV29-1*02,None,TRBJ2-6*01,1
960,CSFPSGGVYGANVLTF,TRBV29-1*03,None,TRBJ2-6*01,1
961,CSGPPGGVSGANVLTF,TRBV29-1*03,None,TRBJ2-6*01,1
962,CSGPPGGAFGANVLTF,TRBV29-1*03,None,TRBJ2-6*01,1
963,CSFPSVGVSGANVLTF,TRBV29-1*03,None,TRBJ2-6*01,1
964,CSFPSVGVSGANVLTF,TRBV29-1*02,None,TRBJ2-6*01,1
965,CSFPSSGVLGANVLNF,TRBV29-1*02,None,TRBJ2-6*01,1
966,CSFPSGWVSGAKVLTF,TRBV29-1*03,None,TRBJ2-6*01,1
967,CSFPSGRVSGAKVLTF,TRBV29-1*02,None,TRBJ2-6*01,1
968,CSFPSGGVYGTNVLTF,TRBV29-1*03,None,TRBJ2-6*01,1
969,CSFPSGGVYGANVLTF,TRBV29-1*01,None,TRBJ2-6*01,1
970,CSGPSGGASGANVFTF,TRBV29-1*02,None,TRBJ2-6*01,1
971,CSFPSGGVSVANVLTF,TRBV29-1*02,None,TRBJ2-6*01,1
972,CSFPSGGVSRANVLTF,TRBV29-1*03,None,TRBJ2-6*01,1
973,CSFPSGGVSGTKAMTF,TRBV29-1*02,None,TRBJ2-6*01,1
974,CSFPSGGVSGSDVLTF,TRBV29-1*02,None,TRBJ2-6*01,1
975,CSFPSGGVSGGNVLTF,TRBV29-1*02,None,TRBJ2-6*01,1
976,CSFPSGGVSGANVLTF,TRBV29-1*01,None,TRBJ2-6*01,1
977,CSFPSGGVSGANGLTF,TRBV29-1*03,None,TRBJ2-6*01,1
978,CSFPSGGVSGANGLTF,TRBV29-1*02,None,TRBJ2-6*01,1
979,CSGPSGGALGANVLTF,TRBV29-1*03,None,TRBJ2-6*01,1
980,CSGPSGGASGANVLTF,TRBV29-1*02,None,TRBJ2-6*01,1
981,CSFPSGGVFGANVLTF,TRBV29-1*03,None,TRBJ2-6*01,1
982,CSGPSGGVSGPNVLTF,TRBV29-1*03,None,TRBJ2-6*01,1
983,CSGTSAGDSGANVMTF,TRBV29-1*03,None,TRBJ2-6*01,1
984,CSGRAGDVTVANVVTF,TRBV29-1*03,None,TRBJ2-6*01,1
985,CSGPSGWVSVANVLHF,TRBV29-1*03,None,TRBJ2-6*01,1
986,CSGPSGVVSGAKVLTF,TRBV29-1*03,None,TRBJ2-6*01,1
987,CSGPSGRFSGANVLTF,TRBV29-1*03,None,TRBJ2-6*01,1
988,CSGPSGGVYGANVLIF,TRBV29-1*02,None,TRBJ2-6*01,1
989,CSGPSGGVSVANVLTF,TRBV29-1*02,None,TRBJ2-6*01,1
990,CSGPSGGVSVANLLTF,TRBV29-1*02,None,TRBJ2-6*01,1
991,CSGPSGGVSGASVLTF,TRBV29-1*03,None,TRBJ2-6*01,1
992,CSGPSGGFSGAKGLTF,TRBV29-1*02,None,TRBJ2-6*01,1
993,CSGPSGGVSGANVLNF,TRBV29-1*03,None,TRBJ2-6*01,1
994,CSGPSGGVSGANALTF,TRBV29-1*02,None,TRBJ2-6*01,1
995,CSGPSGGVSGAHVLTF,TRBV29-1*02,None,TRBJ2-6*01,1
996,CSGPSGGVSEANVLPF,TRBV29-1*03,None,TRBJ2-6*01,1
997,CSGPSGGVPGANVLTF,TRBV29-1*02,None,TRBJ2-6*01,1
998,CSGPSGGGSGANVLTF,TRBV29-1*03,None,TRBJ2-6*01,1
999,CSGPSGGFSGTNGLTF,TRBV29-1*02,None,TRBJ2-6*01,1
1000,CSGPSGGFSGANVLTF,TRBV29-1*03,None,TRBJ2-6*01,1
1001,CSFPSGGVSGANDLTF,TRBV29-1*03,None,TRBJ2-6*01,1
1002,CSFPSGGVCGANVQNF,TRBV29-1*02,None,TRBJ2-6*01,1
1003,CSAPSGGVSGAYVLTF,TRBV29-1*03,None,TRBJ2-6*01,1
1004,CSASDWQGPYNEQFF,TRBV20-1*02,None,TRBJ2-1*01,1
1005,CSAVAGFPYEQYF,TRBV20-1*02,None,TRBJ2-7*01,1
1006,CSASYWQGSYKEQFF,TRBV20-1*04,None,TRBJ2-1*01,1
1007,CSASHWHCSYKEQFF,TRBV20-1*07,None,TRBJ2-1*01,1
1008,CSASDWQRSYKQQFF,TRBV20-1*06,None,TRBJ2-1*01,1
1009,CSASDWQGSYTEQFF,TRBV20-1*07,None,TRBJ2-1*01,1
1010,CSASDWQGSYNEQLF,TRBV20-1*02,None,TRBJ2-1*01,1
1011,CSASDWQGSYNEPFF,TRBV20-1*03,None,TRBJ2-1*01,1
1012,CSASDWQGSYNEPFF,TRBV20-1*02,None,TRBJ2-1*01,1
1013,CSASDWQGFYNEQFF,TRBV20-1*03,None,TRBJ2-1*01,1
1014,CSAVAGFSYEQCF,TRBV20-1*03,None,TRBJ2-7*01,1
1015,CSASDWEGSYNALHF,TRBV20-1*07,None,TRBJ2-6*01,1
1016,CSARHWNGAHNELFF,TRBV20-1*03,None,TRBJ2-1*01,1
1017,CSARHRSGYNNEQFF,TRBV20-1*03,None,TRBJ2-1*01,1
1018,CSAQHRGGDHNERFF,TRBV20-1*02,None,TRBJ2-1*01,1
1019,CSAPSRGVSGANVLTF,TRBV29-1*03,None,TRBJ2-6*01,1
1020,CSAPSGGVTGANVLTF,TRBV29-1*03,None,TRBJ2-6*01,1
1021,CSAPSGGVSGDTVLTF,TRBV29-1*03,None,TRBJ2-6*01,1
1022,CSAPSGGVSGDNVLTF,TRBV29-1*03,None,TRBJ2-6*01,1
1023,CSAVAGFPYEQYF,TRBV20-1*06,None,TRBJ2-7*01,1
1024,CSAVAGFSYEQCF,TRBV20-1*06,None,TRBJ2-7*01,1
1025,CSFPSGGGSGANVLTF,TRBV29-1*02,None,TRBJ2-6*01,1
1026,CSEPSGWVAVANVLTF,TRBV29-1*02,None,TRBJ2-6*01,1
1027,CSFPSGGFSGANVLTF,TRBV29-1*02,None,TRBJ2-6*01,1
1028,CSFPSGGASGANVLTF,TRBV29-1*03,None,TRBJ2-6*01,1
1029,CSFPSGEVAGANVLSF,TRBV29-1*02,None,TRBJ2-6*01,1
1030,CSFPSAGVSGDNVLTF,TRBV29-1*03,None,TRBJ2-6*01,1
1031,CSFPPGRVSDPHGFTF,TRBV29-1*03,None,TRBJ2-6*01,1
1032,CSFPPGRLPGDNALTF,TRBV29-1*02,None,TRBJ2-6*01,1
1033,CSFPFGGVSGANVLTF,TRBV29-1*02,None,TRBJ2-6*01,1
1034,CSFPFGAVCGGNLLTF,TRBV29-1*03,None,TRBJ2-6*01,1
1035,CSDPSGGVSGGNVLTF,TRBV29-1*02,None,TRBJ2-6*01,1
1036,CSAVAGFSYVQYF,TRBV20-1*02,None,TRBJ2-7*01,1
1037,CSDPSGGVSGANALTF,TRBV29-1*02,None,TRBJ2-6*01,1
1038,CSDPSGGVPGANVLTF,TRBV29-1*03,None,TRBJ2-6*01,1
1039,CSDPSGGASGANVLTF,TRBV29-1*03,None,TRBJ2-6*01,1
1040,CSDPLGGASGANVLTF,TRBV29-1*02,None,TRBJ2-6*01,1
1041,CSCPSGGVSGANVLNF,TRBV29-1*02,None,TRBJ2-6*01,1
1042,CSAVARFSSQQYF,TRBV20-1*02,None,TRBJ2-7*01,1
1043,CSAVAGLSYEQYF,TRBV20-1*03,None,TRBJ2-7*01,1
1044,CSAVAGLSYELYF,TRBV20-1*06,None,TRBJ2-6*01,1
1045,CIVPSGRVSGANALTF,TRBV29-1*02,None,TRBJ2-6*01,1
1046,CIVPSGGVYGANVLTF,TRBV29-1*02,None,TRBJ2-6*01,1
1047,CIVPSGGVSRANVLTF,TRBV29-1*02,None,TRBJ2-6*01,1
1048,CASSGSDTNSQYF,TRBV19*03,None,TRBJ2-4*01,1
1049,CASSGSNTNTQYF,TRBV19*03,None,TRBJ2-4*01,1
1050,CASSGSNTNLQYF,TRBV19*03,None,TRBJ2-4*01,1
1051,CASSGSNTNILYF,TRBV19*03,None,TRBJ2-4*01,1
1052,CASSGSNSTIQYF,TRBV19*03,None,TRBJ2-4*01,1
1053,CASSGSNRNIQYF,TRBV19*03,None,TRBJ2-4*01,1
1054,CASSGSNKNVQYF,TRBV19*03,None,TRBJ2-4*01,1
1055,CASSGSKTNIQYF,TRBV19*03,None,TRBJ2-4*01,1
1056,CASSGSKTNIKFF,TRBV19*03,None,TRBJ2-4*01,1
1057,CASSFVTVSHPQHF,TRBV28*01,None,TRBJ1-5*01,1
1058,CASSIGGTGLRGEQCF,TRBV19*03,None,TRBJ2-1*01,1
1059,CASSFSVGPSYEQYF,TRBV14*02,None,TRBJ2-7*01,1
1060,CASSFGASVSPYDQYF,TRBV11-3*03,None,TRBJ2-7*01,1
1061,CASSEERSPLHF,TRBV2*03,None,TRBJ1-6*01,1
1062,CASSEEHSPPHF,TRBV2*02,None,TRBJ1-6*01,1
1063,CASSEEHSPLHF,TRBV2*01,None,TRBJ1-6*01,1
1064,CASSAWTGTGFGYTF,TRBV11-3*03,None,TRBJ1-2*01,1
1065,CASSASNTDIQYF,TRBV19*03,None,TRBJ2-4*01,1
1066,CASRWGRFPVNSPLHF,TRBV11-2*02,None,TRBJ1-6*01,1
1067,CASSIGDTGLRGEQFF,TRBV19*03,None,TRBJ2-1*01,1
1068,CASSIGGTGLRGEQFF,TRBV19*01,None,TRBJ2-1*01,1
1069,CASRWDRSPVNSPLHF,TRBV7-8*03,None,TRBJ1-6*01,1
1070,CASSPSGRGFNEQFF,TRBV7-9*04,None,TRBJ2-1*01,1
1071,CASSWPRFPVNSPHHF,TRBV7-8*03,None,TRBJ1-6*01,1
1072,CASSWDRFPVNSPLHF,TRBV7-8*03,None,TRBJ1-6*01,1
1073,CASSSWTGTGLGYTF,TRBV7-9*04,None,TRBJ1-2*01,1
1074,CASSPSGRWSNEQFF,TRBV7-9*04,None,TRBJ2-1*01,1
1075,CASSPSGRGSSEQFF,TRBV7-9*04,None,TRBJ2-1*01,1
1076,CASSPSGRGSNEQFF,TRBV5-8*02,None,TRBJ2-1*01,1
1077,CASSPSGRGSNDQFF,TRBV11-3*03,None,TRBJ2-1*01,1
1078,CASSPSGRGPNEQFF,TRBV7-9*04,None,TRBJ2-1*01,1
1079,CASSLTRGETQYF,TRBV7-9*04,None,TRBJ2-5*01,1
1080,CASSIGGTGLRGEQFF,TRBV19*02,None,TRBJ2-1*01,1
1081,CASSLTRGETQYF,TRBV11-2*03,None,TRBJ2-5*01,1
1082,CASSLTRGEPQYF,TRBV11-2*03,None,TRBJ2-5*01,1
1083,CASSLRVSYDQYF,TRBV7-8*03,None,TRBJ2-7*01,1
1084,CASSLPGTRYEQYF,TRBV5-1*01,None,TRBJ2-1*01,1
1085,CASSLGASGSPYEQYF,TRBV7-9*01,None,TRBJ2-7*01,1
1086,CASSLGASGSPYAQYF,TRBV7-9*04,None,TRBJ2-7*01,1
1087,CASSLGAAGAPYEQYF,TRBV7-9*04,None,TRBJ2-7*01,1
1088,CASSIGGTGLRGEQSF,TRBV19*01,None,TRBJ2-1*01,1
1089,CASRWDSFPVNSPLHF,TRBV7-8*03,None,TRBJ1-6*01,1
1090,CASRWDRFPVTSPLHF,TRBV7-8*03,None,TRBJ1-6*01,1
1091,CIVPSGGVSGVNVLTF,TRBV29-1*02,None,TRBJ2-6*01,1
1092,CASIGSNTTIQYF,TRBV19*03,None,TRBJ2-4*01,1
1093,CASRIGGTGLRRDQSF,TRBV19*03,None,TRBJ2-1*01,1
1094,CASRGDRFPVNSPLHF,TRBV7-8*03,None,TRBJ1-6*01,1
1095,CASRATDPNSLSF,TRBV19*03,None,TRBJ2-4*01,1
1096,CASNPSGRGSNEQFF,TRBV11-3*03,None,TRBJ2-1*01,1
1097,CASNLRGTRGYGYTF,TRBV27*01,None,TRBJ2-7*01,1
1098,CASNLMGTSGYGYPF,TRBV27*01,None,TRBJ1-2*01,1
1099,CASNGSNTNIQYF,TRBV19*03,None,TRBJ2-4*01,1
1100,CASKWDRFPVNSPLHF,TRBV7-8*03,None,TRBJ1-6*01,1
1101,CASIGSNTNIQYF,TRBV19*03,None,TRBJ2-4*01,1
1102,CASRLALTRLFDHYSF,TRBV5-1*01,None,TRBJ2-7*01,1
1103,CASIFPPRETQYF,TRBV19*03,None,TRBJ2-5*01,1
1104,CASHLRGRSWYGYTF,TRBV27*01,None,TRBJ1-2*01,1
1105,CASGWDRFPVNSPLHF,TRBV7-8*03,None,TRBJ1-6*01,1
1106,CASCLAVTSLSYQYYF,TRBV5-1*02,None,TRBJ2-7*01,1
1107,CARTLGAAEREQYF,TRBV25-1*01,None,TRBJ2-7*01,1
1108,CARSPSGRGSNEQFF,TRBV5-3*01,None,TRBJ2-1*01,1
1109,CARSGSNTNIQYF,TRBV19*03,None,TRBJ2-4*01,1
1110,CAIRSDRFPVNSPLHF,TRBV11-3*02,None,TRBJ1-6*01,1
1111,CASRIRGTALSGEQFF,TRBV19*03,None,TRBJ2-1*01,1
1112,CASRLGASRVTYEQYF,TRBV7-9*04,None,TRBJ2-7*01,1
1113,CASRWDRFPVNTPLHF,TRBV7-8*03,None,TRBJ1-6*01,1
1114,CASRWDRFPVKSPLHF,TRBV7-3*04,None,TRBJ1-6*01,1
1115,CASRWDRFPVNSPPHF,TRBV7-8*03,None,TRBJ1-6*02,1
1116,CASRWDRFPVNSPPHF,TRBV7-8*03,None,TRBJ1-6*01,1
1117,CASRWDRFPVNSPLNF,TRBV7-8*03,None,TRBJ1-6*01,1
1118,CASRWDRFPVNSPLHF,TRBV7-9*04,None,TRBJ1-6*01,1
1119,CASRWDRFPVNSPLHF,TRBV7-8*03,None,TRBJ2-7*01,1
1120,CASRWDRFPVNSPLHF,TRBV7-2*02,None,TRBJ1-6*01,1
1121,CASRWDRFPVNSPLHF,TRBV11-3*01,None,TRBJ1-6*01,1
1122,CASRWDRFPVKSTIRF,TRBV7-8*03,None,TRBJ1-6*01,1
1123,CASRWDRFPLNSPLHF,TRBV7-8*03,None,TRBJ1-6*01,1
1124,CASRLPGTRYEQFF,TRBV5-1*02,None,TRBJ2-1*01,1
1125,CASRWDRFLVNSPLHF,TRBV7-8*03,None,TRBJ1-6*01,1
1126,CASRWDRFAVNSPLHF,TRBV7-8*03,None,TRBJ1-6*01,1
1127,CASRWDPFPVKSPLHF,TRBV7-4*01,None,TRBJ1-6*01,1
1128,CASRWDGFPVNSPLHF,TRBV7-8*03,None,TRBJ1-6*01,1
1129,CASRVTRGETQFF,TRBV11-2*03,None,TRBJ2-5*01,1
1130,CASRPSGRGSNEQFF,TRBV11-3*03,None,TRBJ2-1*01,1
1131,CASRPSERESNEKFF,TRBV7-9*04,None,TRBJ2-1*01,1
1132,CASRLYRFPVNSPLAF,TRBV7-8*03,None,TRBJ1-6*01,1
1133,CASTPGAAEREQYF,TRBV25-1*01,None,TRBJ2-7*01,1
1134,CASTSGASGSPYVLYF,TRBV4-3*04,None,TRBJ2-7*01,1
1135,CASTSNLYQETQYF,TRBV6-6*04,None,TRBJ2-5*01,1
1136,CDSGSYRENQGNLIF,TRBV9*03,None,TRBJ1-1*01,1
1137,CGVPSGGVAGANVLTF,TRBV29-1*02,None,TRBJ2-6*01,1
1138,CGVPSGGASGANVLTF,TRBV29-1*02,None,TRBJ2-6*01,1
1139,CGVPCGGVSGANVLPF,TRBV29-1*02,None,TRBJ2-6*01,1
1140,CGVETGSTDTQYF,TRBV29-1*02,None,TRBJ2-3*01,1
1141,CGGPSGGVSGANVLTF,TRBV20-1*02,None,TRBJ2-6*01,1
1142,CDVPSGGVSGANVLTF,TRBV29-1*03,None,TRBJ2-6*01,1
1143,CDSSFSVGPTYEQYF,TRBV7-9*07,None,TRBJ2-7*01,1
1144,CDSRWDRFPVNSPLHF,TRBV7-8*03,None,TRBJ1-6*01,1
1145,CCVTSGGVSGANVLTF,TRBV29-1*02,None,TRBJ2-6*01,1
1146,CGVPSGGVSGANVLAF,TRBV29-1*02,None,TRBJ2-6*01,1
1147,CCVSSGGGTGTNVLTF,TRBV29-1*02,None,TRBJ2-6*01,1
1148,CCVPSVGVSGANVLTF,TRBV29-1*02,None,TRBJ2-6*01,1
1149,CCVPSGWVSGANVLSF,TRBV29-1*02,None,TRBJ2-6*01,1
1150,CCVPSGVVSGANVLTF,TRBV29-1*02,None,TRBJ2-6*01,1
1151,CCVPSGGVSVANVLTF,TRBV29-1*01,None,TRBJ2-6*01,1
1152,CCVPSGGVSGGNVLTF,TRBV29-1*02,None,TRBJ2-6*01,1
1153,CCVPSGGVSGASVLTF,TRBV29-1*02,None,TRBJ2-6*01,1
1154,CCVPSGGVSGANVQTF,TRBV29-1*02,None,TRBJ2-6*01,1
1155,CGVPSGGVSGAIVLTF,TRBV29-1*02,None,TRBJ2-6*01,1
1156,CGVPSGGVSGANVLNF,TRBV29-1*02,None,TRBJ2-6*01,1
1157,CATGQGISYEQYF,TRBV2*02,None,TRBJ2-7*01,1
1158,CIVPAGGVSGANVLTF,TRBV29-1*02,None,TRBJ2-6*01,1
1159,CIVPSGGVSGENVLTF,TRBV29-1*02,None,TRBJ2-6*01,1
1160,CIVPSGGVSGANVRTF,TRBV29-1*02,None,TRBJ2-6*01,1
1161,CIVPSGGVSGANVMTF,TRBV29-1*02,None,TRBJ2-6*01,1
1162,CIVPSGGVSGANDLNF,TRBV29-1*03,None,TRBJ2-6*01,1
1163,CIVPSGGVSEANVLTF,TRBV29-1*02,None,TRBJ2-6*01,1
1164,CIVPSGGFSGANALTF,TRBV29-1*02,None,TRBJ2-6*01,1
1165,CIVPSGGASGANVLTF,TRBV29-1*02,None,TRBJ2-6*01,1
1166,CIVPFGGVSGANVLTF,TRBV29-1*02,None,TRBJ2-6*01,1
1167,CILPSGWVSGANVLTF,TRBV29-1*01,None,TRBJ2-6*01,1
1168,CGVPSGGVSGANVLSF,TRBV29-1*02,None,TRBJ2-6*01,1
1169,CIFRSVAVSGANVLTF,TRBV29-1*02,None,TRBJ2-6*01,1
1170,CIFPSGGVSGDNALNF,TRBV29-1*03,None,TRBJ2-6*01,1
1171,CHVSPGRVSGANILTF,TRBV29-1*02,None,TRBJ2-6*01,1
1172,CHVPSGGVSGANGLPF,TRBV29-1*02,None,TRBJ2-6*01,1
1173,CHAPSVRVSGANVQTF,TRBV29-1*03,None,TRBJ2-6*01,1
1174,CGVPSGRVPGDNALPF,TRBV29-1*02,None,TRBJ2-6*01,1
1175,CGVPSGGVSGDNDLTF,TRBV29-1*02,None,TRBJ2-6*01,1
1176,CGVPSGGVSGANVLTF,TRBV29-1*03,None,TRBJ2-6*01,1
1177,CCVPSGGVSGAKVLTF,TRBV29-1*02,None,TRBJ2-6*01,1
1178,CCVPSGGVSGADALTF,TRBV29-1*02,None,TRBJ2-6*01,1
1179,CCVPSGGISGANVLTF,TRBV29-1*02,None,TRBJ2-6*01,1
1180,CAVSDLGPAGAKNLFF,TRBV12-3*01,None,TRBJ1-6*01,1
1181,CAVSSYGESQGNLIF,TRBV2*03,None,TRBJ1-1*01,1
1182,CAVSSYGEGQVHLIF,TRBV6-3*01,None,TRBJ2-2*01,1
1183,CAVSSYGEGQGNLIF,TRBV12-4*02,None,TRBJ2-2*01,1
1184,CAVSSYGEGQGKFIF,TRBV9*03,None,TRBJ2-2*01,1
1185,CAVSSYAGRQENLIF,TRBV6-3*01,None,TRBJ1-1*01,1
1186,CAVSSYAGGQGNLIF,TRBV2*03,None,TRBJ2-2*01,1
1187,CAVSSNGGSQRNLIF,TRBV6-6*05,None,TRBJ1-1*01,1
1188,CAVSDLGPAGANNLFF,TRBV6-6*04,None,TRBJ1-6*01,1
1189,CAVSCYGEDEGNLIF,TRBV12-4*01,None,TRBJ2-2*01,1
1190,CCVPSGGGSGANVLTF,TRBV29-1*02,None,TRBJ2-6*01,1
1191,CAVRRYGEGPGNLVF,TRBV6-2*01,None,TRBJ1-1*01,1
1192,CAVISYGGNQGNLNF,TRBV6-6*01,None,TRBJ1-1*01,1
1193,CATSRRQGETQYF,TRBV15*02,None,TRBJ2-5*01,1
1194,CATSGSNTNIQYF,TRBV19*03,TRBD2*02,TRBJ2-4*01,1
1195,CATRDTAFQETQYF,TRBV6-6*05,None,TRBJ2-5*01,1
1196,CATGQGTSYQQYF,TRBV2*02,None,TRBJ2-7*01,1
1197,CATGQGTSYEQYF,TRBV2*03,None,TRBJ2-7*01,1
1198,CATGQGTSYAQYF,TRBV2*02,None,TRBJ2-7*01,1
1199,CAVSSYGGGPRNLIF,TRBV3-1*02,None,TRBJ1-1*01,1
1200,CAVSSYGGGQGNLIF,TRBV6-5*01,None,TRBJ2-2*01,1
1201,CAVSSYGGRQGNLIF,TRBV6-6*01,None,TRBJ2-2*01,1
1202,CAVSSYGGSQGNLIF,TRBV12-3*01,None,TRBJ1-1*01,1
1203,CCVPSGGGSEANVLTF,TRBV29-1*02,None,TRBJ2-6*01,1
1204,CCVPSGGDSGANVLTF,TRBV29-1*02,None,TRBJ2-6*01,1
1205,CCVPCGGVSGARVLTF,TRBV29-1*01,None,TRBJ2-6*01,1
1206,CCVDRGNRSMQYF,TRBV29-1*02,None,TRBJ2-3*01,1
1207,CCVASGGVSGANVLTF,TRBV29-1*02,None,TRBJ2-6*01,1
1208,CCIPSGGVSGDNVLTF,TRBV29-1*02,None,TRBJ2-6*01,1
1209,CAWSSDYSIEQFF,TRBV30*04,None,TRBJ2-5*01,1
1210,CAWSGDYWNEQFF,TRBV30*04,None,TRBJ2-1*01,1
1211,CAWSGDYRNEQVF,TRBV30*01,None,TRBJ2-1*01,1
1212,CAWSGDYRNEQFF,TRBV30*04,None,TRBJ1-2*01,1
1213,CAWSGDHRNEQFF,TRBV30*04,None,TRBJ2-1*01,1
1214,CAWRGDFRNVHSF,TRBV30*05,None,TRBJ2-1*01,1
1215,CAVSSYGRSERNLIF,TRBV10-3*02,None,TRBJ2-2*01,1
1216,CAVSSYGGSQGNLIF,TRBV6-6*03,None,TRBJ1-1*01,1
1217,CAVSSYGGSQGNLIF,TRBV6-4*02,None,TRBJ2-2*01,1
1218,CAVSSYGGSQGNLIF,TRBV6-2*01,None,TRBJ1-1*01,1
1219,CAVSSYGGSQGNLIF,TRBV3-1*02,None,TRBJ1-1*01,1
1220,CSGTSGGVAGGNVLSF,TRBV29-1*03,None,TRBJ2-6*01,1
1221,CSGTSGGVSGGNVLTF,TRBV29-1*03,None,TRBJ2-6*01,1
1222,CSVPSGGVCSANALTF,TRBV29-1*02,None,TRBJ2-6*01,1
1223,CSVPSGGAHGANVLYF,TRBV29-1*02,None,TRBJ2-6*01,1
1224,CSVPSGGASGASVLTF,TRBV29-1*02,None,TRBJ2-6*01,1
1225,CSVPSGGASGANVQTF,TRBV29-1*02,None,TRBJ2-6*01,1
1226,CSVPSGGASGANVPTF,TRBV29-1*02,None,TRBJ2-6*01,1
1227,CSVPSGGASGANVLNF,TRBV29-1*01,None,TRBJ2-6*01,1
1228,CSVPSGGASGANDLTF,TRBV29-1*02,None,TRBJ2-6*01,1
1229,CSVPSGGASGANDLSF,TRBV29-1*02,None,TRBJ2-6*01,1
1230,CSVPSGGASGAKVLTF,TRBV7-2*03,None,TRBJ2-6*01,1
1231,CSVPSGGAPGANLLTF,TRBV29-1*02,None,TRBJ2-6*01,1
1232,CSVPSGGAFGAKVLTF,TRBV29-1*02,None,TRBJ2-6*01,1
1233,CSVPSGGASGSNVMTF,TRBV29-1*02,None,TRBJ2-6*01,1
1234,CSVPSGGAFCTNVPTF,TRBV29-1*02,None,TRBJ2-6*01,1
1235,CSVPSGGACVANVLTF,TRBV29-1*02,None,TRBJ2-6*01,1
1236,CSVPSGGACVAKVLTF,TRBV29-1*02,None,TRBJ2-6*01,1
1237,CSVPSGGACGSNVLTF,TRBV29-1*02,None,TRBJ2-6*01,1
1238,CSVPSGGAAGTNDLTF,TRBV29-1*02,None,TRBJ2-6*01,1
1239,CSVPSGGAAGANVLTF,TRBV29-1*02,None,TRBJ2-6*01,1
1240,CSVPSGEVSGASVLTF,TRBV29-1*02,None,TRBJ2-6*01,1
1241,CSVPSGEVSGANVPTF,TRBV29-1*02,None,TRBJ2-6*01,1
1242,CSVPSGGASGDNVLTF,TRBV29-1*02,None,TRBJ2-6*01,1
1243,CSVPSGGASGTNALTF,TRBV29-1*02,None,TRBJ2-6*01,1
1244,CSVPSGEVSGANVLTF,TRBV29-1*01,None,TRBJ2-6*01,1
1245,CSVPSGGCSGANILTF,TRBV29-1*02,None,TRBJ2-6*01,1
1246,CSVPSGGDTGANVLKF,TRBV29-1*02,None,TRBJ2-6*01,1
1247,CSVPSGGDSRANVLTF,TRBV29-1*02,None,TRBJ2-6*01,1
1248,CSVPSGGDSGGNVLTF,TRBV29-1*02,None,TRBJ2-6*01,1
1249,CSVPSGGDSGANVLSF,TRBV29-1*02,None,TRBJ2-6*01,1
1250,CSVPSGGDSGANVLNF,TRBV29-1*02,None,TRBJ2-6*01,1
1251,CSVPSGGDSGADVRTF,TRBV29-1*02,None,TRBJ2-6*01,1
1252,CSVPSGGDFGANVLTF,TRBV29-1*02,None,TRBJ2-6*01,1
1253,CSVPSGGDAGTNVLTF,TRBV29-1*02,None,TRBJ2-6*01,1
1254,CSVPSGGAYGANVLTF,TRBV29-1*02,None,TRBJ2-6*01,1
1255,CSVPSGGASGVNVLTF,TRBV29-1*02,None,TRBJ2-6*01,1
1256,CSVPSGGAWRSNVLTF,TRBV29-1*02,None,TRBJ2-6*01,1
1257,CSVPSGGASWTNVLTF,TRBV29-1*02,None,TRBJ2-6*01,1
1258,CSVPSGGASWPTLLTF,TRBV29-1*02,None,TRBJ2-6*01,1
1259,CSVPSGGASWANDLNF,TRBV29-1*02,None,TRBJ2-6*01,1
1260,CSVPSGGASVVNVLTF,TRBV29-1*02,None,TRBJ2-6*01,1
1261,CSVPSGGASVATVLTF,TRBV29-1*02,None,TRBJ2-6*01,1
1262,CSVPSGGASVANVLTF,TRBV29-1*02,None,TRBJ2-6*01,1
1263,CSVPSGGASRANVLTF,TRBV29-1*02,None,TRBJ2-6*01,1
1264,CSVPSGEVSGANVMNF,TRBV29-1*02,None,TRBJ2-6*01,1
1265,CSVPSGEVSGANVLSF,TRBV29-1*02,None,TRBJ2-6*01,1
1266,CSVPSGGFSAANVLTF,TRBV29-1*02,None,TRBJ2-6*01,1
1267,CSVPSEGVSGANALTF,TRBV29-1*02,None,TRBJ2-7*01,1
1268,CSVPSGAVFGAKALTF,TRBV29-1*02,None,TRBJ2-6*01,1
1269,CSVPSGAVCGANVLTF,TRBV29-1*02,None,TRBJ2-6*01,1
1270,CSVPSGALSGPNVLTF,TRBV29-1*02,None,TRBJ2-6*01,1
1271,CSVPSGAFSGANVLNF,TRBV29-1*02,None,TRBJ2-6*01,1
1272,CSVPSGAASWANVLTF,TRBV29-1*02,None,TRBJ2-6*01,1
1273,CSVPSGAASRANVLTF,TRBV29-1*02,None,TRBJ2-6*01,1
1274,CSVPSEVVSGANVLTF,TRBV29-1*02,None,TRBJ2-6*01,1
1275,CSVPSEGVSGASVLTF,TRBV29-1*02,None,TRBJ2-6*01,1
1276,CSVPSEGVSGAKVLTF,TRBV29-1*02,None,TRBJ2-6*01,1
1277,CSVPSGAVSGANGLTF,TRBV29-1*02,None,TRBJ2-6*01,1
1278,CSVPSEGGSEANVRTF,TRBV29-1*02,None,TRBJ2-6*01,1
1279,CSVPSEGFSGANVLTF,TRBV29-1*02,None,TRBJ2-6*01,1
1280,CSVPSAVVSGANVLTF,TRBV29-1*02,None,TRBJ2-6*01,1
1281,CSVPSAGVTGANVLTF,TRBV29-1*02,None,TRBJ2-6*01,1
1282,CSVPSAGVSVANELSF,TRBV29-1*02,None,TRBJ2-6*01,1
1283,CSVPSAGVSRANVLSF,TRBV29-1*02,None,TRBJ2-1*01,1
1284,CSVPSAGVSGTNVLTF,TRBV29-1*02,None,TRBJ2-6*01,1
1285,CSVPSAGVSGDNALTF,TRBV29-1*02,None,TRBJ2-6*01,1
1286,CSVPSGAVSGADVLTF,TRBV29-1*02,None,TRBJ2-6*01,1
1287,CSVPSGAVSGANLLTF,TRBV29-1*02,None,TRBJ2-6*01,1
1288,CSVPSGEVSGANGLTF,TRBV29-1*02,None,TRBJ2-6*01,1
1289,CSVPSGCGAGANVLAF,TRBV29-1*02,None,TRBJ2-6*01,1
1290,CSVPSGEVSEANVLTF,TRBV29-1*02,None,TRBJ2-6*01,1
1291,CSVPSGEFCWANVLTF,TRBV29-1*02,None,TRBJ2-6*01,1
1292,CSVPSGEAYVDNALTF,TRBV29-1*02,None,TRBJ2-6*01,1
1293,CSVPSGEASVANVLTF,TRBV29-1*02,None,TRBJ2-6*01,1
1294,CSVPSGCVSGATLLTF,TRBV29-1*02,None,TRBJ2-6*01,1
1295,CSVPSGCVSGANVLTF,TRBV29-1*02,None,TRBJ2-6*01,1
1296,CSVPSGCVSGANVLPF,TRBV29-1*02,None,TRBJ2-6*01,1
1297,CSVPSGCVSGAKDLTF,TRBV29-1*02,None,TRBJ2-6*01,1
1298,CSVPSGCASGANVLTF,TRBV29-1*02,None,TRBJ2-6*01,1
1299,CSVPSGAVSGANVVTF,TRBV29-1*02,None,TRBJ2-6*01,1
1300,CSVPSGAVTGANVLTF,TRBV29-1*02,None,TRBJ2-6*01,1
1301,CSVPSGAVSWPTVLTF,TRBV29-1*02,None,TRBJ2-6*01,1
1302,CSVPSGAVSVANLLTF,TRBV29-1*02,None,TRBJ2-6*01,1
1303,CSVPSGAVSGVNVLTF,TRBV29-1*02,None,TRBJ2-6*01,1
1304,CSVPSGAVSGTNVLTF,TRBV29-1*02,None,TRBJ2-6*01,1
1305,CSVPSGAVSGSYVLTF,TRBV29-1*02,None,TRBJ2-6*01,1
1306,CSVPSGAVSGDNVLTF,TRBV29-1*02,None,TRBJ2-6*01,1
1307,CSVPSGAVSGASVLTF,TRBV29-1*02,None,TRBJ2-6*01,1
1308,CSVPSGGFPGANVLTF,TRBV29-1*02,None,TRBJ2-6*01,1
1309,CSVPSGGFSGADVLSF,TRBV29-1*02,None,TRBJ2-6*01,1
1310,CSGTSVGVSGAYLLHF,TRBV29-1*01,None,TRBJ2-6*01,1
1311,CSVPSGGLSGGNVPTF,TRBV29-1*01,None,TRBJ2-6*01,1
1312,CSVPSGGSGANVLTF,TRBV29-1*02,None,TRBJ2-6*01,1
1313,CSVPSGGRSGANVLTF,TRBV29-1*01,None,TRBJ2-6*01,1
1314,CSVPSGGLWANVLTF,TRBV29-1*02,None,TRBJ2-6*01,1
1315,CSVPSGGLSWANVLTF,TRBV29-1*02,None,TRBJ2-6*01,1
1316,CSVPSGGLSRANVLTF,TRBV29-1*02,None,TRBJ2-6*01,1
1317,CSVPSGGLSGVNGLTF,TRBV29-1*02,None,TRBJ2-6*01,1
1318,CSVPSGGLSGSNVLTF,TRBV29-1*02,None,TRBJ2-6*01,1
1319,CSVPSGGLSGPNLLTF,TRBV29-1*02,None,TRBJ2-6*01,1
1320,CSVPSGGLSGATALNF,TRBV29-1*02,None,TRBJ2-6*01,1
1321,CSVPSGGVAEGNVLTF,TRBV29-1*02,None,TRBJ2-6*01,1
1322,CSVPSGGLSGANVMTF,TRBV29-1*02,None,TRBJ2-6*01,1
1323,CSVPSGGLSGANVLSF,TRBV29-1*02,None,TRBJ2-6*01,1
1324,CSVPSGGLSGANDLTF,TRBV29-1*02,None,TRBJ2-6*01,1
1325,CSVPSGGLSGAKVLTF,TRBV29-1*02,None,TRBJ2-6*01,1
1326,CSVPSGGLSAANVLTF,TRBV29-1*02,None,TRBJ2-6*01,1
1327,CSVPSGGLAGANVLTF,TRBV29-1*02,None,TRBJ2-6*01,1
1328,CSVPSGGIYGDHVLNF,TRBV29-1*02,None,TRBJ2-6*01,1
1329,CSVPSGGISGSNVLTF,TRBV29-1*02,None,TRBJ2-6*01,1
1330,CSVPSGGVAEANVLTF,TRBV29-1*02,None,TRBJ2-6*01,1
1331,CSVPSGGVAGAKVLTF,TRBV29-1*02,None,TRBJ2-6*01,1
1332,CSVPSGGISGGNVLSF,TRBV29-1*02,None,TRBJ2-6*01,1
1333,CSVPSGGVCGAKVLSF,TRBV29-1*02,None,TRBJ2-6*01,1
1334,CSVPSGGVCGTNVLTF,TRBV29-1*02,None,TRBJ2-6*01,1
1335,CSVPSGGVCGSNVLTF,TRBV29-1*02,None,TRBJ2-6*01,1
1336,CSVPSGGVCGSKLFTF,TRBV29-1*02,None,TRBJ2-6*01,1
1337,CSVPSGGVCGCNLLTF,TRBV29-1*02,None,TRBJ2-6*01,1
1338,CSVPSGGVCGANVLTF,TRBV29-1*01,None,TRBJ2-6*01,1
1339,CSVPSGGVCGANDRTF,TRBV29-1*02,None,TRBJ2-6*01,1
1340,CSVPSGGVCGANDLTF,TRBV29-1*02,None,TRBJ2-6*01,1
1341,CSVPSGGVCGAKVLTF,TRBV29-1*02,None,TRBJ2-6*01,1
1342,CSVPSGGVCGAHVLTF,TRBV29-1*02,None,TRBJ2-6*01,1
1343,CSVPSGGVAGANDLTF,TRBV29-1*02,None,TRBJ2-6*01,1
1344,CSVPSGGVAWANVLTF,TRBV29-1*02,None,TRBJ2-6*01,1
1345,CSVPSGGVAVSNVLTF,TRBV29-1*02,None,TRBJ2-6*01,1
1346,CSVPSGGVARANVLTF,TRBV29-1*02,None,TRBJ2-6*01,1
1347,CSVPSGGVAGVNILTF,TRBV29-1*02,None,TRBJ2-6*01,1
1348,CSVPSGGVAGTNVLTF,TRBV29-1*02,None,TRBJ2-6*01,1
1349,CSVPSGGVAGDNDLTF,TRBV29-1*02,None,TRBJ2-6*01,1
1350,CSVPSGGVAGATVLTF,TRBV29-1*02,None,TRBJ2-6*01,1
1351,CSVPSGGVAGANVVNF,TRBV29-1*02,None,TRBJ2-6*01,1
1352,CSVPSGGISGGNVLTF,TRBV29-1*02,None,TRBJ2-6*01,1
1353,CSVPSGGISGANVMTF,TRBV29-1*02,None,TRBJ2-6*01,1
1354,CSVPSGGFSGANALTF,TRBV29-1*02,None,TRBJ2-6*01,1
1355,CSVPSGGFTGANVLTF,TRBV29-1*02,None,TRBJ2-6*01,1
1356,CSVPSGGGSDANVLTF,TRBV29-1*02,None,TRBJ2-6*01,1
1357,CSVPSGGGPGANVLHF,TRBV29-1*02,None,TRBJ2-6*01,1
1358,CSVPSGGGNGANVLTF,TRBV29-1*02,None,TRBJ2-6*01,1
1359,CSVPSGGGLWANVLTF,TRBV29-1*02,None,TRBJ2-6*01,1
1360,CSVPSGGGCGANVLTF,TRBV29-1*02,None,TRBJ2-6*01,1
1361,CSVPSGGGARANVLTF,TRBV29-1*02,None,TRBJ2-6*01,1
1362,CSVPSGGGAEGNVLTF,TRBV29-1*02,None,TRBJ2-6*01,1
1363,CSVPSGGFYGANVLTF,TRBV29-1*02,None,TRBJ2-6*01,1
1364,CSVPSGGFSWANVLTF,TRBV29-1*02,None,TRBJ2-6*01,1
1365,CSVPSGGGSGAKVQTF,TRBV29-1*02,None,TRBJ2-6*01,1
1366,CSVPSGGFSWANLLTF,TRBV29-1*02,None,TRBJ2-6*01,1
1367,CSVPSGGFSVANVLTF,TRBV29-1*02,None,TRBJ2-6*01,1
1368,CSVPSGGFSVANALTF,TRBV29-1*02,None,TRBJ2-6*01,1
1369,CSVPSGGFSGSKVLTF,TRBV29-1*02,None,TRBJ2-6*01,1
1370,CSVPSGGFSGANVVTF,TRBV29-1*02,None,TRBJ2-6*01,1
1371,CSVPSGGFSGANVMSF,TRBV29-1*02,None,TRBJ2-6*01,1
1372,CSVPSGGFSGANVLSF,TRBV29-1*02,None,TRBJ2-6*01,1
1373,CSVPSGGFSGANVLAF,TRBV29-1*02,None,TRBJ2-6*01,1
1374,CSVPSGGGSGAHVLTF,TRBV29-1*02,None,TRBJ2-6*01,1
1375,CSVPSGGGSGANALIF,TRBV29-1*02,None,TRBJ2-6*01,1
1376,CSVPSGGISGANGLTF,TRBV29-1*02,None,TRBJ2-6*01,1
1377,CSVPSGGGSGVNALTF,TRBV29-1*02,None,TRBJ2-6*01,1
1378,CSVPSGGISGANGLTF,TRBV29-1*01,None,TRBJ2-6*01,1
1379,CSVPSGGISGANELTF,TRBV29-1*02,None,TRBJ2-6*01,1
1380,CSVPSGGISEDNVLTF,TRBV29-1*02,None,TRBJ2-6*01,1
1381,CSVPSGGGYGANVLTF,TRBV29-1*02,None,TRBJ2-6*01,1
1382,CSVPSGGGSWANVLTF,TRBV29-1*02,None,TRBJ2-6*01,1
1383,CSVPSGGGSVANVLTF,TRBV29-1*02,None,TRBJ2-6*01,1
1384,CSVPSGGGSSANALSF,TRBV29-1*02,None,TRBJ2-6*01,1
1385,CSVPSGGGSRANVLSF,TRBV29-1*01,None,TRBJ2-6*01,1
1386,CSVPSGGGSGGNVLTF,TRBV29-1*02,None,TRBJ2-6*01,1
1387,CSVPSGGGSGANAQSF,TRBV29-1*02,None,TRBJ2-6*01,1
1388,CSVPSGGGSGATVLTF,TRBV29-1*01,None,TRBJ2-6*01,1
1389,CSVPSGGGSGANVRTF,TRBV29-1*02,None,TRBJ2-6*01,1
1390,CSVPSGGGSGANVQTF,TRBV29-1*02,None,TRBJ2-6*01,1
1391,CSVPSGGGSGANVMTF,TRBV29-1*02,None,TRBJ2-6*01,1
1392,CSVPSGGGSGANVLKF,TRBV29-1*02,None,TRBJ2-6*01,1
1393,CSVPSGGGSGANVLAF,TRBV29-1*02,None,TRBJ2-6*01,1
1394,CSVPSGGGSGANSLTF,TRBV29-1*02,None,TRBJ2-6*01,1
1395,CAGISYAGGQEKLIF,TRBV9*03,None,TRBJ1-1*01,1
1396,CSVPSAGVSGANVLSF,TRBV29-1*02,None,TRBJ2-6*01,1
1397,CSVPSAGVAGANVLTF,TRBV29-1*02,None,TRBJ2-6*01,1
1398,CSVPSAGLSAANVLTF,TRBV29-1*02,None,TRBJ2-6*01,1
1399,CSLPTGGVSGANVLTF,TRBV29-1*02,None,TRBJ2-6*01,1
1400,CSSPSGGVSGATVLTF,TRBV29-1*02,None,TRBJ2-6*01,1
1401,CSSPSGGVSGANVLTF,TRBV29-1*02,None,TRBJ2-6*01,1
1402,CSSPSGGVSGANALTF,TRBV29-1*02,None,TRBJ2-6*01,1
1403,CSPVAVFSYEQYF,TRBV20-1*02,None,TRBJ2-7*01,1
1404,CSPPSGGVSVGNVLPF,TRBV29-1*03,None,TRBJ2-6*01,1
1405,CSLTSGGVYGAKVLTF,TRBV29-1*02,None,TRBJ2-6*01,1
1406,CSLSSGVVSGANVLTF,TRBV29-1*02,None,TRBJ2-6*01,1
1407,CSLPYGRVSGANALTF,TRBV29-1*03,None,TRBJ2-6*01,1
1408,CSLPSRGVSGANVLTF,TRBV29-1*03,None,TRBJ2-6*01,1
1409,CSSSGSNTNIQYF,TRBV19*03,None,TRBJ2-4*01,1
1410,CSLPSRGVSGANVLTF,TRBV29-1*02,None,TRBJ2-6*01,1
1411,CSLPSGWVSGGTLLTF,TRBV29-1*02,None,TRBJ2-6*01,1
1412,CSLPSGVVSGANVLTF,TRBV29-1*03,None,TRBJ2-6*01,1
1413,CSLPSGVFSGANVLTF,TRBV29-1*02,None,TRBJ2-6*01,1
1414,CSLPSGRVSGANVLTF,TRBV29-1*03,None,TRBJ2-6*01,1
1415,CSLPSGRVAGAHVLTF,TRBV29-1*03,None,TRBJ2-6*01,1
1416,CSLPSGRFSGANVLTF,TRBV29-1*02,None,TRBJ2-6*01,1
1417,CSLPSGGVYGANVLTF,TRBV29-1*03,None,TRBJ2-6*01,1
1418,CSSPSGGVSGDKVLTF,TRBV29-1*02,None,TRBJ2-6*01,1
1419,CSSVAGFSYEQYF,TRBV20-1*03,None,TRBJ2-7*01,1
1420,CSLPSGGVSRATVLPF,TRBV29-1*03,None,TRBJ2-6*01,1
1421,CSVASGGVSWANVLTF,TRBV29-1*02,None,TRBJ2-6*01,1
1422,CSVLSCGVSAANVLTF,TRBV29-1*02,None,TRBJ2-6*01,1
1423,CSVLPGGVSGANVLTF,TRBV29-1*02,None,TRBJ2-6*01,1
1424,CSVLLGGVSGDNDLTF,TRBV29-1*01,None,TRBJ2-6*01,1
1425,CSVLCGGVSGANVLTF,TRBV29-1*02,None,TRBJ2-6*01,1
1426,CSVETGSTDPQYF,TRBV29-1*02,None,TRBJ2-3*01,1
1427,CSVERGPRGTQYF,TRBV29-1*02,None,TRBJ2-3*01,1
1428,CSVASRGVSGANVLTF,TRBV29-1*02,None,TRBJ2-6*01,1
1429,CSVASGGVYGANVLTF,TRBV29-1*02,None,TRBJ2-6*01,1
1430,CSVASGGVSGVNVLTF,TRBV29-1*02,None,TRBJ2-6*01,1
1431,CSSVAGFTYEQYF,TRBV20-1*03,None,TRBJ2-7*01,1
1432,CSVASGGVSGHIVLTF,TRBV29-1*02,None,TRBJ2-6*01,1
1433,CSVASGGVSGANVLSF,TRBV29-1*02,None,TRBJ2-6*01,1
1434,CSVASGGVSGADVLTF,TRBV29-1*02,None,TRBJ2-6*01,1
1435,CSVASGGVAGANVLTF,TRBV29-1*02,None,TRBJ2-6*01,1
1436,CSVASGGSPGANVLTF,TRBV29-1*02,None,TRBJ2-6*01,1
1437,CSVASGCVSVANVLTF,TRBV29-1*02,None,TRBJ2-6*01,1
1438,CSVADRWAQRDNEQNF,TRBV29-1*02,None,TRBJ2-1*01,1
1439,CSTGQGTSYEQYF,TRBV2*02,None,TRBJ2-7*01,1
1440,CSLPSGGVYGANLLTF,TRBV29-1*02,None,TRBJ2-6*01,1
1441,CSLPSGGVSRANVLTF,TRBV29-1*03,None,TRBJ2-6*01,1
1442,CSVPSAGASGANVLTF,TRBV29-1*02,None,TRBJ2-6*01,1
1443,CSIPSGGVSGAKVLPF,TRBV29-1*02,None,TRBJ2-6*01,1
1444,CSIPSGGVSGSNVLTF,TRBV29-1*02,None,TRBJ2-6*01,1
1445,CSIPSGGVSGGNVQTF,TRBV29-1*02,None,TRBJ2-6*01,1
1446,CSIPSGGVSGGNVLTF,TRBV29-1*03,None,TRBJ2-6*01,1
1447,CSIPSGGVSGGNVLTF,TRBV29-1*02,None,TRBJ2-6*01,1
1448,CSIPSGGVSGDNVLTF,TRBV29-1*03,None,TRBJ2-6*01,1
1449,CSIPSGGVSGATVLTF,TRBV29-1*02,None,TRBJ2-6*01,1
1450,CSIPSGGVSGANVLPF,TRBV29-1*03,None,TRBJ2-6*01,1
1451,CSIPSGGVSGANALTF,TRBV29-1*02,None,TRBJ2-6*01,1
1452,CSIPSGGVSEANVLTF,TRBV29-1*03,None,TRBJ2-6*01,1
1453,CSIPSGGVSVTNVLTF,TRBV29-1*03,None,TRBJ2-6*01,1
1454,CSIPSGGVAGANGLTF,TRBV29-1*02,None,TRBJ2-6*01,1
1455,CSIPSGGGYGANVLNF,TRBV10-1*01,None,TRBJ2-6*01,1
1456,CSIPSGGFSVANALTF,TRBV29-1*02,None,TRBJ2-6*01,1
1457,CSIPSEGVSGEYVLTF,TRBV29-1*03,None,TRBJ2-6*01,1
1458,CSIPPGGVSGANVLTF,TRBV29-1*02,None,TRBJ2-6*01,1
1459,CSIPAGGVSGAHALTF,TRBV29-1*02,None,TRBJ2-6*01,1
1460,CSIEQGPRGTQYF,TRBV29-1*02,None,TRBJ2-3*01,1
1461,CSHPSGGVLWANVLTF,TRBV20-1*06,None,TRBJ2-6*01,1
1462,CSIPSGGVSGVNVLTF,TRBV29-1*02,None,TRBJ2-6*01,1
1463,CSIPSGRVSGANDLTF,TRBV29-1*03,None,TRBJ2-6*01,1
1464,CSLPSGGVSGSNVLTF,TRBV29-1*02,None,TRBJ2-6*01,1
1465,CSLPSGGVAGANFLTF,TRBV29-1*02,None,TRBJ2-6*01,1
1466,CSLPSGGVSGANVPTF,TRBV29-1*02,None,TRBJ2-6*01,1
1467,CSLPSGGVSGANVLPF,TRBV29-1*02,None,TRBJ2-6*01,1
1468,CSLPSGGVSGANVLNF,TRBV29-1*02,None,TRBJ2-6*01,1
1469,CSLPSGGVSGANLLTF,TRBV29-1*02,None,TRBJ2-6*01,1
1470,CSLPSGGVSGANGQTF,TRBV29-1*03,None,TRBJ2-6*01,1
1471,CSLPSGGVSGANFLTF,TRBV29-1*02,None,TRBJ2-6*01,1
1472,CSLPSGGVSGAKVLTF,TRBV29-1*02,None,TRBJ2-6*01,1
1473,CSLPSGGVSAANVLTF,TRBV29-1*03,None,TRBJ2-6*01,1
1474,CSLPSGGGSRANVLTF,TRBV29-1*03,None,TRBJ2-6*01,1
1475,CSIPSGVCSGANVLPF,TRBV29-1*03,None,TRBJ2-6*01,1
1476,CSLPSGGFSGANVLTF,TRBV29-1*02,None,TRBJ2-6*01,1
1477,CSLPSGEVSGANALTF,TRBV29-1*02,None,TRBJ2-6*01,1
1478,CSLPSGAVSGPNVLTF,TRBV29-1*01,None,TRBJ2-6*01,1
1479,CSIQSGGASGANVLTF,TRBV29-1*02,None,TRBJ2-6*01,1
1480,CSIPTGGDSGANVLTF,TRBV29-1*02,None,TRBJ2-6*01,1
1481,CSIPSWGVSGANVLTF,TRBV29-1*02,None,TRBJ2-6*01,1
1482,CSIPSVGVSGDNLLTF,TRBV29-1*02,None,TRBJ2-6*01,1
1483,CSIPSRGFSVANVLTF,TRBV29-1*02,None,TRBJ2-6*01,1
1484,CSVLSGGASGANVLTF,TRBV10-1*02,None,TRBJ2-6*01,1
1485,CSVLSGGVSGANDLTF,TRBV29-1*02,None,TRBJ2-6*01,1
1486,CSVLSGGVSGANVLTF,TRBV29-1*02,TRBD2*01,TRBJ2-6*01,1
1487,CSVPFGWGAGANVLTF,TRBV29-1*01,None,TRBJ2-6*01,1
1488,CSVPPGGASGPNVLTF,TRBV29-1*02,None,TRBJ2-6*01,1
1489,CSVPLGGVSGANVLTF,TRBV29-1*03,None,TRBJ2-6*01,1
1490,CSVPLGGVSGANVLTF,TRBV29-1*02,None,TRBJ2-6*01,1
1491,CSVPLGGGSGANVLTF,TRBV29-1*02,None,TRBJ2-6*01,1
1492,CSVPGGGVTGSNVQSF,TRBV29-1*02,None,TRBJ2-1*01,1
1493,CSVPGGGVSGANVLTF,TRBV29-1*02,None,TRBJ2-6*01,1
1494,CSVPFWGVSRANGLPF,TRBV29-1*02,None,TRBJ2-6*01,1
1495,CSVPFVWVSGTNVLTF,TRBV29-1*02,None,TRBJ2-6*01,1
1496,CSVPFGVVSGANVLTF,TRBV29-1*02,None,TRBJ2-6*01,1
1497,CSVPPGGLSGDNVLTF,TRBV29-1*02,None,TRBJ2-6*01,1
1498,CSVPFGRVSGANVLTF,TRBV29-1*02,None,TRBJ2-6*01,1
1499,CSVPFGMVSGANVLNF,TRBV29-1*01,None,TRBJ2-6*01,1
1500,CSVPFGGVSVANALTF,TRBV29-1*02,None,TRBJ2-6*01,1
1501,CSVPFGGVSRANVLTF,TRBV29-1*02,None,TRBJ2-6*01,1
1502,CSVPFGGVSGSNVLTF,TRBV29-1*02,None,TRBJ2-6*01,1
1503,CSVPFGGVSGANVLTF,TRBV29-1*01,None,TRBJ2-6*01,1
1504,CSVPFGGVSGANVLIF,TRBV29-1*02,None,TRBJ2-6*01,1
1505,CSVPFGGVSGANFLTF,TRBV29-1*02,None,TRBJ2-6*01,1
1506,CSVPPGGGSAAIVRSF,TRBV29-1*02,None,TRBJ2-6*01,1
1507,CSVPPGGLSVANVLTF,TRBV29-1*02,None,TRBJ2-6*01,1
1508,CSVLSGGVSGSNVLPF,TRBV29-1*02,None,TRBJ2-6*01,1
1509,CSVPPGGVSGSNVLTF,TRBV29-1*02,None,TRBJ2-6*01,1
1510,CSVPSAGASGANVLNF,TRBV29-1*02,None,TRBJ2-6*01,1
1511,CSVPPWCVSGANLLTF,TRBV29-1*02,None,TRBJ2-6*01,1
1512,CSVPPGWVPGRNLLTF,TRBV29-1*01,None,TRBJ2-6*01,1
1513,CSVPPGVVSGANVLTF,TRBV29-1*02,None,TRBJ2-6*01,1
1514,CSVPPGVASGADVLTF,TRBV29-1*02,None,TRBJ2-6*01,1
1515,CSVPPGSVSGANLLTF,TRBV29-1*02,None,TRBJ2-6*01,1
1516,CSVPPGRVSGANVLTF,TRBV29-1*02,None,TRBJ2-6*01,1
1517,CSVPPGGVSVANVLPF,TRBV29-1*02,None,TRBJ2-6*01,1
1518,CSVPPGGVSGGNVLTF,TRBV29-1*02,None,TRBJ2-6*01,1
1519,CSVPPGGVAGAHVLTF,TRBV29-1*02,None,TRBJ2-6*01,1
1520,CSVPPGGVSGDNVLTF,TRBV29-1*02,None,TRBJ2-6*01,1
1521,CSVPPGGVSGCKLLTF,TRBV29-1*02,None,TRBJ2-6*01,1
1522,CSVPPGGVSGANVVTF,TRBV29-1*02,None,TRBJ2-6*01,1
1523,CSVPPGGVSGANLLTF,TRBV29-1*02,None,TRBJ2-6*01,1
1524,CSVPPGGVSGANALTF,TRBV29-1*02,None,TRBJ2-6*01,1
1525,CSVPPGGVPGANVLTF,TRBV29-1*02,None,TRBJ2-6*01,1
1526,CSVPPGGVFGANVLTF,TRBV29-1*02,None,TRBJ2-6*01,1
1527,CSVPPGGVAWANVLTF,TRBV29-1*02,None,TRBJ2-6*01,1
1528,CSVPFGGVSGANALTF,TRBV29-1*02,None,TRBJ2-6*01,1
1529,CSVPFGGVCGANVLTF,TRBV29-1*02,None,TRBJ2-6*01,1
1530,CSVPFGEVSGANVLTF,TRBV29-1*02,None,TRBJ2-6*01,1
1531,CSVPAGGVSGANDLTF,TRBV29-1*02,None,TRBJ2-6*01,1
1532,CSVPAGGVSWANDLTF,TRBV29-1*02,None,TRBJ2-6*01,1
1533,CSVPAGGVSRANVLTF,TRBV29-1*02,None,TRBJ2-6*01,1
1534,CSVPAGGVSGYNVLTF,TRBV29-1*02,None,TRBJ2-6*01,1
1535,CSVPAGGVSGSNVLTF,TRBV29-1*02,None,TRBJ2-6*01,1
1536,CSVPAGGVSGANVRTF,TRBV29-1*02,None,TRBJ2-6*01,1
1537,CSVPAGGVSGANVLTF,TRBV29-1*01,None,TRBJ2-6*01,1
1538,CSVPAGGVSGANVLSF,TRBV29-1*02,None,TRBJ2-6*01,1
1539,CSVPAGGVSGANVLAF,TRBV29-1*02,None,TRBJ2-6*01,1
1540,CSVPAGGVSGANDLNF,TRBV29-1*02,None,TRBJ2-6*01,1
1541,CSVPDGGVSGANVLPF,TRBV29-1*01,None,TRBJ2-6*01,1
1542,CSVPAGGVSGANALTF,TRBV29-1*02,None,TRBJ2-6*01,1
1543,CSVPAGGVSGAKVLTF,TRBV29-1*02,None,TRBJ2-6*01,1
1544,CSVPAGGVPGANVLTF,TRBV29-1*02,None,TRBJ2-6*01,1
1545,CSVPAGGVFGANVLPF,TRBV29-1*01,None,TRBJ2-6*01,1
1546,CSVPAGGVCGANVQSF,TRBV29-1*02,None,TRBJ2-6*01,1
1547,CSVPAGGVAGANVLTF,TRBV29-1*02,None,TRBJ2-6*01,1
1548,CSVLSVGVSGANVLTF,TRBV29-1*02,None,TRBJ2-6*01,1
1549,CSVLSGGVSWANVLTF,TRBV29-1*02,None,TRBJ2-6*01,1
1550,CSVPAGGVYGANVLPF,TRBV29-1*02,None,TRBJ2-6*01,1
1551,CSVPAGRVSGANVLTF,TRBV29-1*02,None,TRBJ2-6*01,1
1552,CSVPAGWVSGANVLTF,TRBV29-1*01,None,TRBJ2-6*01,1
1553,CSVPAVGVSGANVLTF,TRBV29-1*02,None,TRBJ2-6*01,1
1554,CSVPCRGVSGANVLTF,TRBV29-1*02,None,TRBJ2-6*01,1
1555,CSVPCGWVSGANVLTF,TRBV29-1*02,None,TRBJ2-6*01,1
1556,CSVPCGVVSGTNVLTF,TRBV29-1*02,None,TRBJ2-6*01,1
1557,CSVPCGVVSGANVLTF,TRBV29-1*02,None,TRBJ2-6*01,1
1558,CSVPCGRVSGTNVLPF,TRBV29-1*02,None,TRBJ2-6*01,1
1559,CSVPCGGVSWANVLTF,TRBV29-1*01,None,TRBJ2-6*01,1
1560,CSVPCGGVSGVNVLTF,TRBV29-1*02,None,TRBJ2-6*01,1
1561,CSVPCGGVSGTNVLTF,TRBV29-1*02,None,TRBJ2-6*01,1
1562,CSVPCGGVSGANVMTF,TRBV29-1*02,None,TRBJ2-6*01,1
1563,CSVPCGGVSGANVLYF,TRBV29-1*02,None,TRBJ2-6*01,1
1564,CSVPCGGVSGANVLNF,TRBV29-1*02,None,TRBJ2-6*01,1
1565,CSVPCGGVSGANDLTF,TRBV29-1*02,None,TRBJ2-6*01,1
1566,CSVPCGGVSGANALTF,TRBV29-1*02,None,TRBJ2-6*01,1
1567,CSVPCGGVAGANVLNF,TRBV29-1*02,None,TRBJ2-6*01,1
1568,CSVPCGGFSGANVLTF,TRBV29-1*02,None,TRBJ2-6*01,1
1569,CSVPCEGVSGANVLTF,TRBV29-1*02,None,TRBJ2-6*01,1
1570,CSVPAWGVSAANVLTF,TRBV29-1*02,None,TRBJ2-6*01,1
1571,CWVPSGVVSGANVLTF,TRBV29-1*03,None,TRBJ2-6*01,1
