,CDR3seq,V-region,D-region,J-region,Frequency
1,CATGQGTSYEQYF,TRBV2*02,None,TRBJ2-7*01,354726
2,CATGQGTSYEQYF,TRBV13*02,None,TRBJ2-7*01,8612
3,CATGRGTSYEQYF,TRBV2*02,None,TRBJ2-7*01,1340
4,CATGQGTSYEQHF,TRBV2*02,None,TRBJ2-7*01,714
5,CVTGQGTSYEQYF,TRBV2*02,None,TRBJ2-7*01,590
6,CATGQGTPYEQYF,TRBV2*02,None,TRBJ2-7*01,532
7,CATGQGTSYEQYF,TRBV2*03,None,TRBJ2-7*01,518
8,CATVQGTSYEQYF,TRBV2*02,None,TRBJ2-7*01,455
9,CATGQGTSYGQYF,TRBV2*02,None,TRBJ2-7*01,450
10,CATGQGASYEQYF,TRBV2*02,TRBD1*01,TRBJ2-7*01,445
11,CATGQGTYYEQYF,TRBV2*02,None,TRBJ2-7*01,412
12,CTTGQGTSYEQYF,TRBV2*02,None,TRBJ2-7*01,370
13,CATRQGTSYEQYF,TRBV2*02,None,TRBJ2-7*01,326
14,CATGQGTSYKQYF,TRBV2*02,None,TRBJ2-7*01,326
15,CATGHGTSYEQYF,TRBV2*02,None,TRBJ2-7*01,317
16,CATGQGTSYDQYF,TRBV2*02,None,TRBJ2-7*01,312
17,CATGQVTSYEQYF,TRBV2*02,None,TRBJ2-7*01,305
18,CATGQGTSYVQYF,TRBV2*02,None,TRBJ2-7*01,287
19,CATGQETSYEQYF,TRBV2*02,None,TRBJ2-7*01,285
20,CATGQGTSYEKYF,TRBV2*02,None,TRBJ2-7*01,269
21,CATGQRTSYEQYF,TRBV2*02,None,TRBJ2-7*01,267
22,CAIGQGTSYEQYF,TRBV2*02,None,TRBJ2-7*01,254
23,CATGQWTSYEQYF,TRBV2*02,None,TRBJ2-7*01,247
24,CATAQGTSYEQYF,TRBV2*02,None,TRBJ2-7*01,244
25,CATGQGSSYEQYF,TRBV2*02,None,TRBJ2-7*01,232
26,CASRWDRFPVNSPLHF,TRBV7-8*03,None,TRBJ1-6*01,216
27,CATGQGISYEQYF,TRBV2*02,None,TRBJ2-7*01,203
28,CSTGQGTSYEQYF,TRBV2*02,None,TRBJ2-7*01,198
29,CDTGQGTSYEQYF,TRBV2*02,None,TRBJ2-7*01,171
30,CATGQGTSYEQCF,TRBV2*02,None,TRBJ2-7*01,169
31,CATEQGTSYEQYF,TRBV2*02,None,TRBJ2-7*01,166
32,CATGQGTFYEQYF,TRBV2*02,None,TRBJ2-7*01,144
33,CATGQGNSYEQYF,TRBV2*02,None,TRBJ2-7*01,135
34,CATGQGTSYQQYF,TRBV2*02,None,TRBJ2-7*01,131
35,CATGQGTTYEQYF,TRBV2*02,None,TRBJ2-7*01,131
36,CATGQGTSYEHYF,TRBV2*02,None,TRBJ2-7*01,129
37,CATGQGTSYELYF,TRBV2*02,None,TRBJ2-7*01,128
38,CATGQGTAYEQYF,TRBV2*02,None,TRBJ2-7*01,125
39,CATGQGTCYEQYF,TRBV2*02,None,TRBJ2-7*01,125
40,CASGQGTSYEQYF,TRBV2*02,None,TRBJ2-7*01,125
41,CASTPGAAEREQYF,TRBV25-1*01,None,TRBJ2-7*01,123
42,CATGQGTSYEQYF,TRBV12-4*02,None,TRBJ2-7*01,117
43,CPTGQGTSYEQYF,TRBV2*02,None,TRBJ2-7*01,110
44,CASSYGVNTEAFF,TRBV6-6*03,None,TRBJ1-1*01,109
45,CSVGTSGGQPQHF,TRBV29-1*02,None,TRBJ1-5*01,99
46,CASSIGGTGLRGEQFF,TRBV19*03,None,TRBJ2-1*01,98
47,CGTGQGTSYEQYF,TRBV2*02,None,TRBJ2-7*01,93
48,CATGQGTSHEQYF,TRBV2*02,None,TRBJ2-7*01,91
49,CATGQATSYEQYF,TRBV2*02,None,TRBJ2-7*01,90
50,CATGLGTSYEQYF,TRBV2*02,None,TRBJ2-7*01,89
51,CAAGQGTSYEQYF,TRBV2*02,None,TRBJ2-7*01,84
52,CANGQGTSYEQYF,TRBV2*02,None,TRBJ2-7*01,83
53,CATGQGPSYEQYF,TRBV2*02,None,TRBJ2-7*01,82
54,CATGEGTSYEQYF,TRBV2*02,None,TRBJ2-7*01,78
55,CATGKGTSYEQYF,TRBV2*02,None,TRBJ2-7*01,78
56,CATGQGTSYGQYF,TRBV13*02,None,TRBJ2-7*01,77
57,CATGQGTPYGQYF,TRBV2*02,None,TRBJ2-7*01,76
58,CATGQGTSCEQYF,TRBV2*02,None,TRBJ2-7*01,74
59,CAWSGDYRNEQFF,TRBV30*04,None,TRBJ2-1*01,74
60,CATGQETSYEQYF,TRBV13*02,None,TRBJ2-7*01,69
61,CATGQGTSYAQYF,TRBV2*02,None,TRBJ2-7*01,68
62,CATGQGTSYEQYF,TRBV2*01,None,TRBJ2-7*01,65
63,CATGQGTSYERYF,TRBV2*02,None,TRBJ2-7*01,62
64,CATGQGTSYEPYF,TRBV2*02,None,TRBJ2-7*01,61
65,CSAVAGFSYEQYF,TRBV20-1*03,None,TRBJ2-7*01,61
66,CASSYGAANTEAFF,TRBV6-6*03,None,TRBJ1-1*01,60
67,CSAVAGFSYEQYF,TRBV20-1*02,None,TRBJ2-7*01,55
68,CSAVAGFSYEQYF,TRBV20-1*06,None,TRBJ2-7*01,55
69,CATGQGTSSEQYF,TRBV2*02,None,TRBJ2-7*01,53
70,CATGQGTSYEEYF,TRBV2*02,None,TRBJ2-7*01,50
71,CSVPSGGVSGANVLTF,TRBV29-1*02,None,TRBJ2-6*01,49
72,CATGQGTSYEQNF,TRBV2*02,None,TRBJ2-7*01,49
73,CATGQGTSFEQYF,TRBV2*02,None,TRBJ2-7*01,48
74,CATGQGTSYEQDF,TRBV2*02,None,TRBJ2-7*01,47
75,CATGPGTSYEQYF,TRBV2*02,None,TRBJ2-7*01,46
76,CATGQGTSNEQYF,TRBV2*02,None,TRBJ2-7*01,37
77,CAPGQGTSYEQYF,TRBV2*02,None,TRBJ2-7*01,35
78,CATGQGTSYEQYF,TRBV7-3*05,None,TRBJ2-7*01,33
79,CASSLGESGGEQYF,TRBV7-2*04,None,TRBJ2-7*01,32
80,CATGQGTSYKQYF,TRBV13*02,None,TRBJ2-7*01,31
81,CATGQGTSYEQYF,TRBV24-1*01,None,TRBJ2-7*01,30
82,CATGQGTSYEQFF,TRBV2*02,None,TRBJ2-7*01,29
83,CATGQGTSYEQYF,TRBV6-9*01,None,TRBJ2-7*01,29
84,CATGQGTSDEQYF,TRBV2*02,None,TRBJ2-7*01,28
85,CASSLENRGYTF,TRBV11-3*03,None,TRBJ1-2*01,25
86,CSVEQGPRGTQYF,TRBV29-1*02,None,TRBJ2-3*01,24
87,CATGQGTSYEQSF,TRBV2*02,None,TRBJ2-7*01,22
88,CASSLENRGYTF,TRBV7-9*04,None,TRBJ1-2*01,22
89,CASNLRGTRGYGYTF,TRBV27*01,None,TRBJ1-2*01,21
90,CVTGQGTSYEQYF,TRBV13*02,None,TRBJ2-7*01,20
91,CATGQGTSYEQYF,TRBV6-6*05,None,TRBJ2-7*01,17
92,CSAGTGTSSLIYEQYF,TRBV20-1*02,None,TRBJ2-7*01,17
93,CSASDWQGSYNEQFF,TRBV20-1*03,None,TRBJ2-1*01,16
94,CSASDWQGSYNEQFF,TRBV20-1*06,None,TRBJ2-1*01,15
95,CATGQGASYEQYF,TRBV13*02,TRBD1*01,TRBJ2-7*01,13
96,CSASDWQGSYNEQFF,TRBV20-1*02,None,TRBJ2-1*01,13
97,CATGQGSSYEQYF,TRBV13*02,None,TRBJ2-7*01,13
98,CASSYTGQGSYEQYF,TRBV6-6*03,None,TRBJ2-7*01,12
99,CATGQGTSYEQYF,TRBV28*01,None,TRBJ2-7*01,12
100,CSAGTGTSSLIYEQYF,TRBV20-1*03,None,TRBJ2-7*01,12
101,CASSPKRETQYF,TRBV18*01,None,TRBJ2-5*01,11
102,CATGQGTSYDQYF,TRBV13*02,None,TRBJ2-7*01,11
103,CATGQGTSYLQYF,TRBV2*02,None,TRBJ2-7*01,11
104,CATGQGTPYEQYF,TRBV13*02,None,TRBJ2-7*01,10
105,CSASDWQGSYNEQFF,TRBV20-1*04,None,TRBJ2-1*01,10
106,CASSLGASGSPYEQYF,TRBV7-9*04,None,TRBJ2-7*01,10
107,CATVQGTSYEQYF,TRBV13*02,None,TRBJ2-7*01,10
108,CATVQGTSYDQYF,TRBV2*02,None,TRBJ2-7*01,10
109,CATGQGTYYEQYF,TRBV13*02,None,TRBJ2-7*01,10
110,CASSLGESGGEQYF,TRBV11-3*02,None,TRBJ2-7*01,9
111,CATVQRTSYEQYF,TRBV2*02,None,TRBJ2-7*01,9
112,CATGQGTSYEQYF,TRBV7-9*04,None,TRBJ2-7*01,9
113,CATGQVTSYEKYF,TRBV2*02,None,TRBJ2-7*01,9
114,CASSLGESGGEQYF,TRBV11-2*03,None,TRBJ2-7*01,9
115,CSAGTGTSSLIYEQYF,TRBV20-1*06,None,TRBJ2-7*01,9
116,CATGQGTSYEKYF,TRBV13*02,None,TRBJ2-7*01,8
117,CATAQETSYEQYF,TRBV2*02,None,TRBJ2-7*01,8
118,CATGQGTSYEQYF,TRBV6-6*03,None,TRBJ2-7*01,8
119,CSASDWQGSYNEQFF,TRBV20-1*07,None,TRBJ2-1*01,8
120,CATGQGTSYEQYF,TRBV11-3*03,None,TRBJ2-7*01,8
121,CATCQGTSYEQYF,TRBV2*02,None,TRBJ2-7*01,8
122,CATGQGASYEQYF,TRBV2*02,None,TRBJ2-7*01,8
123,CATRQGTSYEQYF,TRBV13*02,None,TRBJ2-7*01,8
124,CATAQGTSYVQYF,TRBV2*02,None,TRBJ2-7*01,8
125,CATGQGTSYVQYF,TRBV13*02,None,TRBJ2-7*01,8
126,CATGRGTSYEQYF,TRBV13*02,None,TRBJ2-7*01,7
127,CATGQGTSYVKYF,TRBV2*02,None,TRBJ2-7*01,7
128,CATGQVTSYEQYF,TRBV13*02,None,TRBJ2-7*01,7
129,CATGQGTSYEQYF,TRBV11-3*02,None,TRBJ2-7*01,7
130,CATGQVTSYVQYF,TRBV2*02,None,TRBJ2-7*01,7
131,CATGQGTSYEQHF,TRBV13*02,None,TRBJ2-7*01,7
132,CATGQVSSYEQYF,TRBV2*02,None,TRBJ2-7*01,7
133,CATGQGSSYVQYF,TRBV2*02,None,TRBJ2-7*01,7
134,CATGHGTSYEQYF,TRBV13*02,None,TRBJ2-7*01,7
135,CATGQGTYEQYF,TRBV2*02,None,TRBJ2-7*01,7
136,CATGQGPSYEQYF,TRBV13*02,None,TRBJ2-7*01,7
137,CATGQWTSYEQYF,TRBV13*02,None,TRBJ2-7*01,7
138,CSASDWQGSYNEQFF,TRBV20-1*05,None,TRBJ2-1*01,6
139,CATGKGTSYEQYF,TRBV13*02,None,TRBJ2-7*01,6
140,CATGQGASYGQYF,TRBV2*02,TRBD1*01,TRBJ2-7*01,6
141,CATGQGTFYEQYF,TRBV13*02,None,TRBJ2-7*01,6
142,CATGQWTAYEQYF,TRBV2*02,None,TRBJ2-7*01,6
143,CATSQGTSYEQYF,TRBV2*02,None,TRBJ2-7*01,6
144,CGTGQGTSYEQYF,TRBV13*02,None,TRBJ2-7*01,6
145,CATGQGTSYHQYF,TRBV2*02,None,TRBJ2-7*01,6
146,CATVQVTSYEQYF,TRBV2*02,None,TRBJ2-7*01,6
147,CATGQGTSYEQYF,TRBV6-6*02,None,TRBJ2-7*01,6
148,CATGQATSYDQYF,TRBV2*02,None,TRBJ2-7*01,6
149,CATGQGTSYEQYF,TRBV2*02,None,TRBJ1-1*01,6
150,CASSLRVSYEQYF,TRBV7-8*03,None,TRBJ2-7*01,6
151,CATGQVTYYEQYF,TRBV2*02,None,TRBJ2-7*01,5
152,CATAQGTSYEQYF,TRBV13*02,None,TRBJ2-7*01,5
153,CATGQGTSYAKYF,TRBV2*02,None,TRBJ2-7*01,5
154,CATGQDTSYEQYF,TRBV2*02,None,TRBJ2-7*01,5
155,CATVQWTSYEQYF,TRBV2*02,None,TRBJ2-7*01,5
156,CATGQGTSSEQYF,TRBV13*02,None,TRBJ2-7*01,5
157,CATGQGSSYDQYF,TRBV2*02,None,TRBJ2-7*01,5
158,CATGLGTSYEQYF,TRBV13*02,None,TRBJ2-7*01,5
159,CATGQGTSYEQYF,TRBV6-3*01,None,TRBJ2-7*01,5
160,CASSLGASGSPYEQYF,TRBV11-3*03,None,TRBJ2-7*01,5
161,CATGQGTSYEQYF,TRBV15*02,None,TRBJ2-7*01,5
162,CATRQGTSYEKYF,TRBV2*02,None,TRBJ2-7*01,5
163,CATGQGTSYQLYF,TRBV2*02,None,TRBJ2-7*01,5
164,CATGQGISYEQYF,TRBV13*02,None,TRBJ2-7*01,5
165,CATGQGTSYDLYF,TRBV2*02,None,TRBJ2-7*01,5
166,CATGQGTSYEQCF,TRBV13*02,None,TRBJ2-7*01,5
167,CATGQGTSYENYF,TRBV2*02,None,TRBJ2-7*01,5
168,CASGQGTSYEQYF,TRBV13*02,None,TRBJ2-7*01,5
169,CATGQVTSYDQYF,TRBV2*02,None,TRBJ2-7*01,5
170,CATGQRSSYEQYF,TRBV2*02,None,TRBJ2-7*01,5
171,CATGQATSYVQYF,TRBV2*02,None,TRBJ2-7*01,4
172,CASTSNLYQETQYF,TRBV6-6*03,None,TRBJ2-5*01,4
173,CATVQGTSYEKYF,TRBV2*02,None,TRBJ2-7*01,4
174,CATGQGPSYVQYF,TRBV2*02,None,TRBJ2-7*01,4
175,CATVQGASYEQYF,TRBV2*02,None,TRBJ2-7*01,4
176,CASSIGGTGLRGEQFF,TRBV19*01,None,TRBJ2-1*01,4
177,CATGQGTAYEPYF,TRBV2*02,None,TRBJ2-7*01,4
178,CATRQETSYEQYF,TRBV2*02,None,TRBJ2-7*01,4
179,CATGQGTPYEHYF,TRBV2*02,None,TRBJ2-7*01,4
180,CASSIGGTGLRGEQFF,TRBV19*02,None,TRBJ2-1*01,4
181,CSTGQGTSYQQYF,TRBV2*02,None,TRBJ2-7*01,4
182,CATGQGSSYEKYF,TRBV2*02,None,TRBJ2-7*01,4
183,CATVQATSYEQYF,TRBV2*02,None,TRBJ2-7*01,4
184,CASSYGVNTEAFF,TRBV7-8*03,None,TRBJ1-1*01,4
185,CATGQETSYDQYF,TRBV2*02,None,TRBJ2-7*01,4
186,CATGQGSAYEQYF,TRBV2*02,None,TRBJ2-7*01,4
187,CATGEGTSYEQYF,TRBV13*02,None,TRBJ2-7*01,4
188,CATGQGTSYQQYF,TRBV13*02,None,TRBJ2-7*01,4
189,CATGQGTSYEHYF,TRBV2*03,None,TRBJ2-7*01,4
190,CSVETRRGSSGYTF,TRBV29-1*02,None,TRBJ1-2*01,4
191,CDTGQGTSYEQYF,TRBV13*02,None,TRBJ2-7*01,4
192,CATGQLTSYEQYF,TRBV2*02,None,TRBJ2-7*01,4
193,CATGQGTSYVQYF,TRBV2*03,None,TRBJ2-7*01,4
194,CATEQGTSYEQYF,TRBV13*02,None,TRBJ2-7*01,4
195,CDTGQGTYYEQYF,TRBV2*02,None,TRBJ2-7*01,4
196,CATGQRTSYEHYF,TRBV2*02,None,TRBJ2-7*01,4
197,CATGHRTSYEQYF,TRBV2*02,None,TRBJ2-7*01,4
198,CATGQGYSYEQYF,TRBV2*02,None,TRBJ2-7*01,4
199,CATGQGTSYERYF,TRBV13*02,None,TRBJ2-7*01,4
200,CATGQRTYYEQYF,TRBV2*02,None,TRBJ2-7*01,4
201,CATGQGTSYEQYF,TRBV12-4*01,None,TRBJ2-7*01,4
202,CATGQGTSYEQYF,TRBV6-6*04,None,TRBJ2-7*01,4
203,CSTGQWTSYEQYF,TRBV2*02,None,TRBJ2-7*01,4
204,CATGQGTSYEQYF,TRBV2*02,None,TRBJ1-6*01,4
205,CATGQGTSYEQYF,TRBV2*02,None,TRBJ1-6*02,4
206,CVTGQGTSYEQHF,TRBV2*02,None,TRBJ2-7*01,4
207,CTTGQGTSYEQYF,TRBV13*02,None,TRBJ2-7*01,4
208,CATGQGTYYDQYF,TRBV2*02,None,TRBJ2-7*01,4
209,CATGQGTSHEQYF,TRBV13*02,None,TRBJ2-7*01,4
210,CATGHGNSYEQYF,TRBV2*02,None,TRBJ2-7*01,4
211,CATVQGTSYVQYF,TRBV2*02,None,TRBJ2-7*01,3
212,CATGQETPYEQYF,TRBV2*02,None,TRBJ2-7*01,3
213,CVTAQGTSYEQYF,TRBV2*02,None,TRBJ2-7*01,3
214,CATGHGTSYEHYF,TRBV2*02,None,TRBJ2-7*01,3
215,CATGQETYYEQYF,TRBV2*02,None,TRBJ2-7*01,3
216,CATGEGISYEQYF,TRBV2*02,None,TRBJ2-7*01,3
217,CATVQGTSYGQYF,TRBV2*02,None,TRBJ2-7*01,3
218,CATGHGTSYEKYF,TRBV2*02,None,TRBJ2-7*01,3
219,CGIGQGTSYEQYF,TRBV2*02,None,TRBJ2-7*01,3
220,CATRQGTSYEHYF,TRBV2*02,None,TRBJ2-7*01,3
221,CATVQGPSYEQYF,TRBV2*02,None,TRBJ2-7*01,3
222,CATGQRTTYEQYF,TRBV2*02,None,TRBJ2-7*01,3
223,CATGQGTYYVQYF,TRBV2*02,None,TRBJ2-7*01,3
224,CANGQGTSYEQYF,TRBV2*03,None,TRBJ2-7*01,3
225,CATGQGTSYEQYF,TRBV6-8*01,None,TRBJ2-7*01,3
226,CATAHGTSYEQYF,TRBV2*02,None,TRBJ2-7*01,3
227,CATGQGTSYEQYF,TRBV6-6*01,None,TRBJ2-7*01,3
228,CATRQGTPYEQYF,TRBV2*02,None,TRBJ2-7*01,3
229,CATGQGPSYKQYF,TRBV2*02,None,TRBJ2-7*01,3
230,CVTGRGTSYEQYF,TRBV2*02,None,TRBJ2-7*01,3
231,CATGQGTYYEKYF,TRBV2*02,None,TRBJ2-7*01,3
232,CASTSNLYQETQYF,TRBV6-6*04,None,TRBJ2-5*01,3
233,CATGQGPSYQQYF,TRBV2*02,None,TRBJ2-7*01,3
234,CATGQGTSYEQYF,TRBV6-2*01,None,TRBJ2-7*01,3
235,CATVQGTFYEQYF,TRBV2*02,None,TRBJ2-7*01,3
236,CATGQRTSYEQYF,TRBV2*03,None,TRBJ2-7*01,3
237,CVTGHGTSYEQYF,TRBV2*02,None,TRBJ2-7*01,3
238,CAIGQGTSYDQYF,TRBV2*02,None,TRBJ2-7*01,3
239,CATGQETSYQQYF,TRBV2*02,None,TRBJ2-7*01,3
240,CATGQGFSYEQYF,TRBV2*02,None,TRBJ2-7*01,3
241,CATGQGTSYYQYF,TRBV2*02,None,TRBJ2-7*01,3
242,CVTGQGTSYVQYF,TRBV2*02,None,TRBJ2-7*01,3
243,CATGERTSYEQYF,TRBV2*02,None,TRBJ2-7*01,3
244,CASSYGVNTEAFF,TRBV6-6*05,None,TRBJ1-1*01,3
245,CVTGQGTYYEQYF,TRBV2*02,None,TRBJ2-7*01,3
246,CATGQGISYDQYF,TRBV2*02,None,TRBJ2-7*01,3
247,CVTGQRTSYEQYF,TRBV2*02,None,TRBJ2-7*01,3
248,CATGQQTSYEQYF,TRBV2*02,None,TRBJ2-7*01,3
249,CVTGQGTSYDQYF,TRBV2*02,None,TRBJ2-7*01,3
250,CVTGQVTSYEQYF,TRBV2*02,None,TRBJ2-7*01,3
251,CATGQRTSYEQYF,TRBV13*02,None,TRBJ2-7*01,3
252,CATGQETSYEQYF,TRBV2*03,None,TRBJ2-7*01,3
253,CATGQGTSYTQYF,TRBV2*02,None,TRBJ2-7*01,3
254,CATGQGTSYSQYF,TRBV2*02,None,TRBJ2-7*01,3
255,CATRQGTAYEQYF,TRBV2*02,None,TRBJ2-7*01,3
256,CAAGQGTSYEQYF,TRBV13*02,None,TRBJ2-7*01,3
257,CATVQGTPYEQYF,TRBV2*02,None,TRBJ2-7*01,3
258,CATGQRTSYEPYF,TRBV2*02,None,TRBJ2-7*01,3
259,CVTGQETSYEQYF,TRBV2*02,None,TRBJ2-7*01,3
260,CASSSWTGTGLGYTF,TRBV7-9*04,None,TRBJ1-2*01,3
261,CATGQGNSYGQYF,TRBV2*02,None,TRBJ2-7*01,3
262,CASSSWTGTGLGYTF,TRBV11-3*03,None,TRBJ1-2*01,3
263,CSTGQVTSYEQYF,TRBV2*02,None,TRBJ2-7*01,3
264,CGTGQVTSYEQYF,TRBV2*02,None,TRBJ2-7*01,3
265,CATAQVTSYEQYF,TRBV2*02,None,TRBJ2-7*01,3
266,CATAQWTSYEQYF,TRBV2*02,None,TRBJ2-7*01,3
267,CATGQGTSYEHYF,TRBV13*02,None,TRBJ2-7*01,3
268,CATGQGTAYEQYF,TRBV2*03,None,TRBJ2-7*01,3
269,CDTGQVTSYEQYF,TRBV2*02,None,TRBJ2-7*01,3
270,CATGRVTSYEQYF,TRBV2*02,None,TRBJ2-7*01,3
271,CATGQGTAYKQYF,TRBV2*02,None,TRBJ2-7*01,3
272,CATGQGTAYVQYF,TRBV2*02,None,TRBJ2-7*01,3
273,CATRQGSSYEQYF,TRBV2*02,None,TRBJ2-7*01,3
274,CPTGQGTSYAQYF,TRBV2*02,None,TRBJ2-7*01,3
275,CATGQGTSYEEYF,TRBV2*03,None,TRBJ2-7*01,3
276,CATGPVTSYEQYF,TRBV2*02,None,TRBJ2-7*01,3
277,CSTGQGTSYEKYF,TRBV2*02,None,TRBJ2-7*01,3
278,CATGQGTAYEQYF,TRBV13*02,None,TRBJ2-7*01,3
279,CATGQGTHYEQYF,TRBV2*02,None,TRBJ2-7*01,3
280,CATGQGTSYDHYF,TRBV2*02,None,TRBJ2-7*01,3
281,CATGQWTSYQQYF,TRBV2*02,None,TRBJ2-7*01,3
282,CATGQGTSYARYF,TRBV2*02,None,TRBJ2-7*01,3
283,CATGQGTSSDQYF,TRBV2*02,None,TRBJ2-7*01,3
284,CATGNGTSYEQYF,TRBV2*02,None,TRBJ2-7*01,3
285,CATGQWTSYKQYF,TRBV2*02,None,TRBJ2-7*01,3
286,CASRQGTSYEQYF,TRBV2*02,None,TRBJ2-7*01,3
287,CATGQWTSYEQYF,TRBV2*03,None,TRBJ2-7*01,3
288,CATGQWTPYEQYF,TRBV2*02,None,TRBJ2-7*01,3
289,CATGQGTSYEHYF,TRBV2*01,None,TRBJ2-7*01,3
290,CASTSNLYQETQYF,TRBV6-6*05,None,TRBJ2-5*01,3
291,CATGQGTSYELYF,TRBV13*02,None,TRBJ2-7*01,3
292,CATGQGTSYEQYF,TRBV2*02,None,TRBJ2-5*01,3
293,CATGQGTSYEQYF,TRBV12-3*01,None,TRBJ2-7*01,3
294,CATGQGTSYEQYF,TRBV11-2*03,None,TRBJ2-7*01,3
295,CATGQATSYEQYF,TRBV2*03,None,TRBJ2-7*01,3
296,CATGHGTSYVQYF,TRBV2*02,None,TRBJ2-7*01,3
297,CATGQATSYELYF,TRBV2*02,None,TRBJ2-7*01,3
298,CATGQGSSYQQYF,TRBV2*02,None,TRBJ2-7*01,3
299,CATGQGTAYAQYF,TRBV2*02,None,TRBJ2-7*01,3
300,CAPGQGTSYEQYF,TRBV13*02,None,TRBJ2-7*01,3
301,CTTGQATSYEQYF,TRBV2*02,None,TRBJ2-7*01,3
302,CATLQGTSYEQYF,TRBV2*02,None,TRBJ2-7*01,3
303,CARGQGTSYEQYF,TRBV2*02,None,TRBJ2-7*01,3
304,CATVQGTTYEQYF,TRBV2*02,None,TRBJ2-7*01,2
305,CGTGEGTSYEQYF,TRBV2*02,None,TRBJ2-7*01,2
306,CDTGQGTSYEKYF,TRBV2*02,None,TRBJ2-7*01,2
307,CATGHGASYEQYF,TRBV2*02,None,TRBJ2-7*01,2
308,CATGLGTSYVQYF,TRBV2*02,None,TRBJ2-7*01,2
309,CATGHATSYEQYF,TRBV2*02,None,TRBJ2-7*01,2
310,CATGLGTSYEKYF,TRBV2*02,None,TRBJ2-7*01,2
311,CATGEVTSYEQYF,TRBV2*02,None,TRBJ2-7*01,2
312,CATVQGTYYEQYF,TRBV2*02,None,TRBJ2-7*01,2
313,CATGPGTSYAQYF,TRBV2*02,None,TRBJ2-7*01,2
314,CDSGQGTSYEQYF,TRBV2*02,None,TRBJ2-7*01,2
315,CATGKRTSYEQYF,TRBV2*02,None,TRBJ2-7*01,2
316,CGTGQGSSYEQYF,TRBV2*02,None,TRBJ2-7*01,2
317,CATGHGTSYGQYF,TRBV2*02,None,TRBJ2-7*01,2
318,CATGLGTSYEHYF,TRBV2*02,None,TRBJ2-7*01,2
319,CATGKVTSYEQYF,TRBV2*02,None,TRBJ2-7*01,2
320,CATGLGTPYEQYF,TRBV2*02,None,TRBJ2-7*01,2
321,CATVQGTAYEQYF,TRBV2*02,None,TRBJ2-7*01,2
322,CATGHGTSYEQYF,TRBV2*03,None,TRBJ2-7*01,2
323,CATGLRTSYEQYF,TRBV2*02,None,TRBJ2-7*01,2
324,CATGHGTSYQQYF,TRBV2*02,None,TRBJ2-7*01,2
325,CATVQGTSDEQYF,TRBV2*02,None,TRBJ2-7*01,2
326,CATGPGTSYEHYF,TRBV2*02,None,TRBJ2-7*01,2
327,CDTGQGTSYKQYF,TRBV2*02,None,TRBJ2-7*01,2
328,CATVQGTSYEQYF,TRBV2*02,None,TRBJ1-6*02,2
329,CATVQGTSYEQYF,TRBV2*03,None,TRBJ2-7*01,2
330,CATGQATSYEKYF,TRBV2*02,None,TRBJ2-7*01,2
331,CATGQETSYEHYF,TRBV2*02,None,TRBJ2-7*01,2
332,CATGQASSYEQYF,TRBV2*02,None,TRBJ2-7*01,2
333,CATGQETSYEPYF,TRBV2*02,None,TRBJ2-7*01,2
334,CATVQGTSYEQHF,TRBV2*02,None,TRBJ2-7*01,2
335,CATGHGTSYDQYF,TRBV2*02,None,TRBJ2-7*01,2
336,CATGQETSYEQFF,TRBV2*02,None,TRBJ2-7*01,2
337,CATGHGTSYAQYF,TRBV2*02,None,TRBJ2-7*01,2
338,CATGHGTSYEQDF,TRBV2*02,None,TRBJ2-7*01,2
339,CATGQETSYVQYF,TRBV2*02,None,TRBJ2-7*01,2
340,CATVQGTSYELYF,TRBV2*02,None,TRBJ2-7*01,2
341,CATGHGTSYEQYF,TRBV2*01,None,TRBJ2-7*01,2
342,CDTGQGTSYEQYF,TRBV2*03,None,TRBJ2-7*01,2
343,CATGHGTPYEQYF,TRBV2*02,None,TRBJ2-7*01,2
344,CATGKGTSYDQYF,TRBV2*02,None,TRBJ2-7*01,2
345,CATGQATSYEQYF,TRBV13*02,None,TRBJ2-7*01,2
346,CATWQGTSYEQYF,TRBV2*02,None,TRBJ2-7*01,2
347,CDTGRGTSYEQYF,TRBV2*02,None,TRBJ2-7*01,2
348,CATGPGTSYEQSF,TRBV2*02,None,TRBJ2-7*01,2
349,CATGKGTSYEHYF,TRBV2*02,None,TRBJ2-7*01,2
350,CATGQATYYEQYF,TRBV2*02,None,TRBJ2-7*01,2
351,CVTVQGTSYEQYF,TRBV2*02,None,TRBJ2-7*01,2
352,CATGQGAAYEQYF,TRBV2*02,TRBD1*01,TRBJ2-7*01,2
353,CATGQGTSSQQYF,TRBV2*02,None,TRBJ2-7*01,2
354,CATGQGTSYEHHF,TRBV2*02,None,TRBJ2-7*01,2
355,CATGQGTSYEHCF,TRBV2*02,None,TRBJ2-7*01,2
356,CATGQVTSYEQYF,TRBV2*03,None,TRBJ2-7*01,2
357,CATGQGTSYEEYF,TRBV13*02,None,TRBJ2-7*01,2
358,CATGQVTSYERYF,TRBV2*02,None,TRBJ2-7*01,2
359,CATGQGTSYDQYF,TRBV2*03,None,TRBJ2-7*01,2
360,CATGQGTSYDQSF,TRBV2*02,None,TRBJ2-7*01,2
361,CATGQGTSYDQHF,TRBV2*02,None,TRBJ2-7*01,2
362,CATGQGTSYDEYF,TRBV2*02,None,TRBJ2-7*01,2
363,CATGQVTTYEQYF,TRBV2*02,None,TRBJ2-7*01,2
364,CATGQGTSYAPYF,TRBV2*02,None,TRBJ2-7*01,2
365,CATGQGTSSAQYF,TRBV2*02,None,TRBJ2-7*01,2
366,CATGQGTSYEQDF,TRBV2*03,None,TRBJ2-7*01,2
367,CATGQWPSYEQYF,TRBV2*02,None,TRBJ2-7*01,2
368,CATGQWSSYEQYF,TRBV2*02,None,TRBJ2-7*01,2
369,CATGQWTSFEQYF,TRBV2*02,None,TRBJ2-7*01,2
370,CATGQGTSFQQYF,TRBV2*02,None,TRBJ2-7*01,2
371,CATGQGTSFEQYF,TRBV13*02,None,TRBJ2-7*01,2
372,CATGQWTSYEKYF,TRBV2*02,None,TRBJ2-7*01,2
373,CATGQWTSYELYF,TRBV2*02,None,TRBJ2-7*01,2
374,CATGQWTSYEQYF,TRBV24-1*01,None,TRBJ2-7*01,2
375,CATGQGTSCQQYF,TRBV2*02,None,TRBJ2-7*01,2
376,CATGQGTSCDQYF,TRBV2*02,None,TRBJ2-7*01,2
377,CATGQGTPYVQYF,TRBV2*02,None,TRBJ2-7*01,2
378,CATGQVTSYEQYF,TRBV2*01,None,TRBJ2-7*01,2
379,CATGQGTSYEQLF,TRBV2*02,None,TRBJ2-7*01,2
380,CATGQGTPYEQYF,TRBV2*03,None,TRBJ2-7*01,2
381,CATGQGTSYKKYF,TRBV2*02,None,TRBJ2-7*01,2
382,CATGQGTYYEHYF,TRBV2*02,None,TRBJ2-7*01,2
383,CATGQGTTYVQYF,TRBV2*02,None,TRBJ2-7*01,2
384,CATGQGTTYQQYF,TRBV2*02,None,TRBJ2-7*01,2
385,CATGQGTTYEQYF,TRBV13*02,None,TRBJ2-7*01,2
386,CATGQGTYYQQYF,TRBV2*02,None,TRBJ2-7*01,2
387,CATGQGTTYEPYF,TRBV2*02,None,TRBJ2-7*01,2
388,CATGQGTTYEHYF,TRBV2*02,None,TRBJ2-7*01,2
389,CATGQQTSYLQYF,TRBV2*02,None,TRBJ2-7*01,2
390,CATGQRTSSEQYF,TRBV2*02,None,TRBJ2-7*01,2
391,CATGQGTSYNQYF,TRBV2*02,None,TRBJ2-7*01,2
392,CATGQRTSYEKYF,TRBV2*02,None,TRBJ2-7*01,2
393,CATGQGTSYHLYF,TRBV2*02,None,TRBJ2-7*01,2
394,CATGQGTSYEQYF,TRBV10-3*02,None,TRBJ2-7*01,2
395,CATGQGTSYGQYF,TRBV2*03,None,TRBJ2-7*01,2
396,CATGQGTSYGQHF,TRBV2*02,None,TRBJ2-7*01,2
397,CATGQRTSYQQYF,TRBV2*02,None,TRBJ2-7*01,2
398,CATGQGTSYGKYF,TRBV2*02,None,TRBJ2-7*01,2
399,CATGQGTSYGHYF,TRBV2*02,None,TRBJ2-7*01,2
400,CATGQGTSYGEYF,TRBV2*02,None,TRBJ2-7*01,2
401,CATGQGTSYETYF,TRBV2*02,None,TRBJ2-7*01,2
402,CATGQGTSYEQYF,TRBV6-4*01,None,TRBJ2-7*01,2
403,CATGQGTSYEQYF,TRBV2*02,None,TRBJ1-2*01,2
404,CATGQVNSYEQYF,TRBV2*02,None,TRBJ2-7*01,2
405,CATGQVPSYEQYF,TRBV2*02,None,TRBJ2-7*01,2
406,CATGQGTPYGQYF,TRBV13*02,None,TRBJ2-7*01,2
407,CATGQWTSYVQYF,TRBV2*02,None,TRBJ2-7*01,2
408,CATGQGAFYEQYF,TRBV2*02,TRBD1*01,TRBJ2-7*01,2
409,CATRQVTSYEQYF,TRBV2*02,None,TRBJ2-7*01,2
410,CATRQGTSYEQHF,TRBV2*02,None,TRBJ2-7*01,2
411,CATGQGPAYEQYF,TRBV2*02,None,TRBJ2-7*01,2
412,CATRQGTSYHQYF,TRBV2*02,None,TRBJ2-7*01,2
413,CATGQGNSYQQYF,TRBV2*02,None,TRBJ2-7*01,2
414,CATGQGNSYKQYF,TRBV2*02,None,TRBJ2-7*01,2
415,CATGQGNSYEQYF,TRBV2*03,None,TRBJ2-7*01,2
416,CATGQGNSYEQYF,TRBV13*02,None,TRBJ2-7*01,2
417,CATGQGNSYEQDF,TRBV2*02,None,TRBJ2-7*01,2
418,CATGQGNSYDQYF,TRBV2*02,None,TRBJ2-7*01,2
419,CATRQGTYYEQYF,TRBV2*02,None,TRBJ2-7*01,2
420,CATGQGNAYEQYF,TRBV2*02,None,TRBJ2-7*01,2
421,CATGQGIYYEQYF,TRBV2*02,None,TRBJ2-7*01,2
422,CATGQGPSYDQYF,TRBV2*02,None,TRBJ2-7*01,2
423,CATGQGISYVQYF,TRBV2*02,None,TRBJ2-7*01,2
424,CATGQGISYKQYF,TRBV2*02,None,TRBJ2-7*01,2
425,CATGQGISYEQYF,TRBV2*03,None,TRBJ2-7*01,2
426,CATGQGISYAQYF,TRBV2*02,None,TRBJ2-7*01,2
427,CATGQGDSYEQYF,TRBV2*02,None,TRBJ2-7*01,2
428,CATGQGAYYEQYF,TRBV2*02,TRBD1*01,TRBJ2-7*01,2
429,CATGQGATYEQYF,TRBV2*02,TRBD1*01,TRBJ2-7*01,2
430,CATVQGISYEQYF,TRBV2*02,None,TRBJ2-7*01,2
431,CATGQGASYELYF,TRBV2*02,TRBD1*01,TRBJ2-7*01,2
432,CATVQGNSYEQYF,TRBV2*02,None,TRBJ2-7*01,2
433,CATVQGSSYEQYF,TRBV2*02,None,TRBJ2-7*01,2
434,CATRQGTSYELYF,TRBV2*02,None,TRBJ2-7*01,2
435,CATGQGPSYEHYF,TRBV2*02,None,TRBJ2-7*01,2
436,CATGRATSYEQYF,TRBV2*02,None,TRBJ2-7*01,2
437,CATGQGTAYEHYF,TRBV2*02,None,TRBJ2-7*01,2
438,CATGRGASYEQYF,TRBV2*02,None,TRBJ2-7*01,2
439,CATGRGISYEQYF,TRBV2*02,None,TRBJ2-7*01,2
440,CATGRGPSYEQYF,TRBV2*02,None,TRBJ2-7*01,2
441,CATGQGTFYGQYF,TRBV2*02,None,TRBJ2-7*01,2
442,CATGQGTFYEQYF,TRBV2*03,None,TRBJ2-7*01,2
443,CATGQGTDYEQYF,TRBV2*02,None,TRBJ2-7*01,2
444,CATGRGTYYEQYF,TRBV2*02,None,TRBJ2-7*01,2
445,CATGQGTCYEQYF,TRBV13*02,None,TRBJ2-7*01,2
446,CATGRRTSYEQYF,TRBV2*02,None,TRBJ2-7*01,2
447,CATGQGTAYEQHF,TRBV2*02,None,TRBJ2-7*01,2
448,CATGQGTAYELYF,TRBV2*02,None,TRBJ2-7*01,2
449,CATGQGTAYDQYF,TRBV2*02,None,TRBJ2-7*01,2
450,CATGQGPSYELYF,TRBV2*02,None,TRBJ2-7*01,2
451,CATGQGTASELYF,TRBV2*02,None,TRBJ2-7*01,2
452,CATGQGTANEQYF,TRBV2*02,None,TRBJ2-7*01,2
453,CATGQGTAFEQYF,TRBV2*02,None,TRBJ2-7*01,2
454,CATGQGSYYQQYF,TRBV2*02,None,TRBJ2-7*01,2
455,CATRHGTSYEQYF,TRBV2*02,None,TRBJ2-7*01,2
456,CATRQATSYEQYF,TRBV2*02,None,TRBJ2-7*01,2
457,CATGQGSSYELYF,TRBV2*02,None,TRBJ2-7*01,2
458,CATRQGNSYEQYF,TRBV2*02,None,TRBJ2-7*01,2
459,CATRQGTAYEQYF,TRBV13*02,None,TRBJ2-7*01,2
460,CATRQGTCYEQYF,TRBV2*02,None,TRBJ2-7*01,2
461,CATGQGPSYEQYF,TRBV2*03,None,TRBJ2-7*01,2
462,CATGQGTAYEQYF,TRBV24-1*01,None,TRBJ2-7*01,2
463,CATGLVTSYEQYF,TRBV2*02,None,TRBJ2-7*01,2
464,CATAQGTSSEQYF,TRBV2*02,None,TRBJ2-7*01,2
465,CSTGQGTSYEQYF,TRBV13*02,None,TRBJ2-7*01,2
466,CSAVAGLSYEQYF,TRBV20-1*03,None,TRBJ2-7*01,2
467,CASRWDRLPVNSPLHF,TRBV7-8*03,None,TRBJ1-6*01,2
468,CTTGPGTSYEQYF,TRBV2*02,None,TRBJ2-7*01,2
469,CSTGQGTSYKQYF,TRBV2*02,None,TRBJ2-7*01,2
470,CATAQGTYYEQYF,TRBV2*02,None,TRBJ2-7*01,2
471,CTTEQGTSYEQYF,TRBV2*02,None,TRBJ2-7*01,2
472,CATELGTSYEQYF,TRBV2*02,None,TRBJ2-7*01,2
473,CASSLGGTGLRGEQFF,TRBV19*03,None,TRBJ2-1*01,2
474,CITGQGTSYEQYF,TRBV2*02,None,TRBJ2-7*01,2
475,CVSGQGTSYEQYF,TRBV2*02,None,TRBJ2-7*01,2
476,CATAQGTSYVKYF,TRBV2*02,None,TRBJ2-7*01,2
477,CATEQGTSYEQYF,TRBV2*03,None,TRBJ2-7*01,2
478,CATAQGTSYEQYF,TRBV2*03,None,TRBJ2-7*01,2
479,CPTGQRTSYEQYF,TRBV2*02,None,TRBJ2-7*01,2
480,CSNGQGTSYEQYF,TRBV2*02,None,TRBJ2-7*01,2
481,CASSLENRGYTF,TRBV11-1*01,None,TRBJ1-2*01,2
482,CSTGQGTSYEHYF,TRBV2*02,None,TRBJ2-7*01,2
483,CVTGQGTCYEQYF,TRBV2*02,None,TRBJ2-7*01,2
484,CASRWDRFQVNSPLHF,TRBV7-8*03,None,TRBJ1-6*01,2
485,CANGQGSSYEQYF,TRBV2*02,None,TRBJ2-7*01,2
486,CVTGQGTPYEQYF,TRBV2*02,None,TRBJ2-7*01,2
487,CSTGQGTYYEQYF,TRBV2*02,None,TRBJ2-7*01,2
488,CPTGQGISYEQYF,TRBV2*02,None,TRBJ2-7*01,2
489,CASRWDRFPVNSPLHF,TRBV11-3*03,None,TRBJ1-6*01,2
490,CANVQGTSYEQYF,TRBV2*02,None,TRBJ2-7*01,2
491,CATARGTSYEQYF,TRBV2*02,None,TRBJ2-7*01,2
492,CTTGQGTSYGQYF,TRBV2*02,None,TRBJ2-7*01,2
493,CTTGQGTSYQQYF,TRBV2*02,None,TRBJ2-7*01,2
494,CTTGQGTSYVQYF,TRBV2*02,None,TRBJ2-7*01,2
495,CASSYGAANTEAFF,TRBV6-6*05,None,TRBJ1-1*01,2
496,CASRWDRFPVNSPLLF,TRBV7-8*03,None,TRBJ1-6*01,2
497,CATAQRTSYEQYF,TRBV2*02,None,TRBJ2-7*01,2
498,CSAVAGFSYEQYF,TRBV20-1*04,None,TRBJ2-7*01,2
499,CSVGTSGGQPLHF,TRBV29-1*02,None,TRBJ1-5*01,2
500,CTTGQGSSYEQYF,TRBV2*02,None,TRBJ2-7*01,2
501,CSTGQGTSYVQYF,TRBV2*02,None,TRBJ2-7*01,2
502,CANGQGTSYDQYF,TRBV2*02,None,TRBJ2-7*01,2
503,CASSVGGTGLRGEQFF,TRBV19*03,None,TRBJ2-1*01,2
504,CANGQGTSHEQYF,TRBV2*02,None,TRBJ2-7*01,2
505,CASRWDRFPVNSPPHF,TRBV7-8*03,None,TRBJ1-6*01,2
506,CAIGQGTSYEQYF,TRBV13*02,None,TRBJ2-7*01,2
507,CASSYTGQGSYEQYF,TRBV6-2*01,None,TRBJ2-7*01,2
508,CGTGQGTSYEQYF,TRBV2*03,None,TRBJ2-7*01,2
509,CASSIGGTGLKGEQFF,TRBV19*03,None,TRBJ2-1*01,2
510,CGTGQGTYYEQYF,TRBV2*02,None,TRBJ2-7*01,2
511,CATAQGPSYEQYF,TRBV2*02,None,TRBJ2-7*01,2
512,CVTGQGTSYEPYF,TRBV2*02,None,TRBJ2-7*01,2
513,CASSIGGTGLRGEQLF,TRBV19*03,None,TRBJ2-1*01,2
514,CASGQGTSYEQYF,TRBV2*01,None,TRBJ2-7*01,2
515,CATAQGTAYEQYF,TRBV2*02,None,TRBJ2-7*01,2
516,CATGEGTSYAQYF,TRBV2*02,None,TRBJ2-7*01,2
517,CATGEGTSYEKYF,TRBV2*02,None,TRBJ2-7*01,2
518,CVTGQGTSYGQYF,TRBV2*02,None,TRBJ2-7*01,2
519,CSTGQGSSYVQYF,TRBV2*02,None,TRBJ2-7*01,2
520,CSTGQGPYYEQYF,TRBV2*02,None,TRBJ2-7*01,2
521,CSAAAGFSYEQYF,TRBV20-1*03,None,TRBJ2-7*01,2
522,CVTGQGTSYEQYF,TRBV2*03,None,TRBJ2-7*01,2
523,CAIGHGTSYEQYF,TRBV2*02,None,TRBJ2-7*01,2
524,CAIGQGNSYEQYF,TRBV2*02,None,TRBJ2-7*01,2
525,CSAGTSGGQPQHF,TRBV29-1*03,None,TRBJ1-5*01,2
526,CSTGQGISYEQYF,TRBV2*02,None,TRBJ2-7*01,2
527,CVTRQGTSYEQYF,TRBV2*02,None,TRBJ2-7*01,2
528,CATAQGTSYDQYF,TRBV2*02,None,TRBJ2-7*01,2
529,CGTGQRTSYEQYF,TRBV2*02,None,TRBJ2-7*01,2
530,CSVPSGGVSGANALTF,TRBV29-1*02,None,TRBJ2-6*01,2
531,CSVGQATGTEAFF,TRBV29-1*02,None,TRBJ1-1*01,1
532,CATGQWTSSEQYF,TRBV2*02,None,TRBJ2-7*01,1
533,CSTGQWTSYKQYF,TRBV2*02,None,TRBJ2-7*01,1
534,CATGQWPSYQQYF,TRBV2*02,None,TRBJ2-7*01,1
535,CATGQWTSDEQYF,TRBV2*02,None,TRBJ2-7*01,1
536,CSTGRGTSYVQYF,TRBV2*02,None,TRBJ2-7*01,1
537,CSVGPWPRQTQYF,TRBV29-1*02,None,TRBJ2-3*01,1
538,CSVGTSGGQPKHF,TRBV29-1*02,None,TRBJ1-5*01,1
539,CATGQVTSYGQYF,TRBV2*02,None,TRBJ2-7*01,1
540,CSTGRVTSYEQYF,TRBV2*02,None,TRBJ2-7*01,1
541,CSTRQGTSYEQYF,TRBV2*02,None,TRBJ2-7*01,1
542,CSVGTSGDQHQHF,TRBV29-1*02,None,TRBJ1-5*01,1
543,CSTRQWTSYQLYF,TRBV2*02,None,TRBJ2-7*01,1
544,CSTRPRTSYEQYF,TRBV2*03,None,TRBJ2-7*01,1
545,CATGQWRSYEQYF,TRBV2*02,None,TRBJ2-7*01,1
546,CSVGTSGCQPQHF,TRBV29-1*02,None,TRBJ1-5*01,1
547,CATGQWSAYEQYF,TRBV2*02,None,TRBJ2-7*01,1
548,CSTRQGTSYQLYF,TRBV2*02,None,TRBJ2-7*01,1
549,CSVGPAGGHPQHF,TRBV29-1*02,None,TRBJ1-5*01,1
550,CATGQWTAYEQDF,TRBV2*02,None,TRBJ2-7*01,1
551,CSVGSAGGKHQHF,TRBV29-1*02,None,TRBJ1-5*01,1
552,CSVEQGQRGTQYF,TRBV29-1*02,None,TRBJ2-3*01,1
553,CATGQWPSYEQYF,TRBV2*03,None,TRBJ2-7*01,1
554,CATGQWPSYEQYF,TRBV24-1*01,None,TRBJ2-7*01,1
555,CATGQVTSYVQYF,TRBV7-7*02,None,TRBJ2-7*01,1
556,CSVEQGSRGTQYF,TRBV29-1*02,None,TRBJ2-3*01,1
557,CSVEQGTRGTQYF,TRBV29-1*02,None,TRBJ2-3*01,1
558,CSVEQGPRGTLYF,TRBV29-1*02,None,TRBJ2-3*01,1
559,CATGQVTSYVQYF,TRBV6-8*01,None,TRBJ2-7*01,1
560,CSVEQGPRGTLYF,TRBV29-1*01,None,TRBJ2-3*01,1
561,CSVEPGPRGTQYF,TRBV29-1*02,None,TRBJ2-3*01,1
562,CSVEPGPRETQYF,TRBV29-1*02,None,TRBJ2-3*01,1
563,CSVEQWPRGTLYF,TRBV29-1*02,None,TRBJ2-3*01,1
564,CATGQVTYYDQYF,TRBV2*02,None,TRBJ2-7*01,1
565,CATGQVTYYEQCF,TRBV2*02,None,TRBJ2-7*01,1
566,CSVESSRGQPHHF,TRBV29-1*02,None,TRBJ1-5*01,1
567,CSVEDRQAKRYNEQFF,TRBV29-1*01,None,TRBJ2-1*01,1
568,CSTVQGTSYVQYF,TRBV2*02,None,TRBJ2-7*01,1
569,CATGQWTSYASYF,TRBV2*02,None,TRBJ2-7*01,1
570,CATGQVTSYQQYF,TRBV2*02,None,TRBJ2-7*01,1
571,CATGQWASYDQYF,TRBV2*02,None,TRBJ2-7*01,1
572,CSVETSGGQPQHF,TRBV29-1*02,None,TRBJ1-5*01,1
573,CATGQWASYEEYF,TRBV2*03,None,TRBJ2-7*01,1
574,CSTVQGTSYVQYF,TRBV2*02,None,TRBJ1-1*01,1
575,CSTVQGTSYEQYF,TRBV2*02,None,TRBJ2-7*01,1
576,CATGQWASYEQYF,TRBV13*02,None,TRBJ2-7*01,1
577,CSVGASGGHSQQF,TRBV29-1*02,None,TRBJ1-5*01,1
578,CATGQWASYEQYF,TRBV2*02,None,TRBJ2-7*01,1
579,CATGQVTSYKQYF,TRBV2*02,None,TRBJ2-7*01,1
580,CATGQWNSYEQYF,TRBV2*02,None,TRBJ2-7*01,1
581,CSTVQGPSYEPYF,TRBV6-9*01,None,TRBJ2-7*01,1
582,CSVGASGGQPQHF,TRBV29-1*02,None,TRBJ1-5*01,1
583,CSTVAGFSYEQYF,TRBV20-1*06,None,TRBJ2-7*01,1
584,CSTTNSQCSSKEQIF,TRBV20-1*06,None,TRBJ2-1*01,1
585,CATGQWTSYAQYF,TRBV2*02,None,TRBJ2-7*01,1
586,CSTGQGTTCEQYF,TRBV2*02,None,TRBJ2-7*01,1
587,CSTGQWTSYKPYF,TRBV2*02,None,TRBJ2-7*01,1
588,CSTGQWTSYEQYF,TRBV13*02,None,TRBJ2-7*01,1
589,CSTGQGTCYEQYF,TRBV2*02,None,TRBJ2-7*01,1
590,CSTGQGTFDMQYF,TRBV2*02,None,TRBJ2-7*01,1
591,CATGRGTSYGQYF,TRBV2*02,None,TRBJ2-7*01,1
592,CATGRGTSYEQYF,TRBV2*03,None,TRBJ2-7*01,1
593,CSTGQGTPYEQYF,TRBV2*02,None,TRBJ2-7*01,1
594,CSTGQGTSCEQYF,TRBV2*02,None,TRBJ2-7*01,1
595,CSTGQGTSFEQYF,TRBV2*02,None,TRBJ2-7*01,1
596,CATGRGTSYEQNF,TRBV2*02,None,TRBJ2-7*01,1
597,CSTGQGTSYDQYF,TRBV2*02,None,TRBJ2-7*01,1
598,CSTGQGTSYEKYF,TRBV2*01,None,TRBJ2-7*01,1
599,CATGRGTSYEQHF,TRBV2*02,None,TRBJ2-7*01,1
600,CATGRGTSYEQFF,TRBV2*02,None,TRBJ2-7*01,1
601,CATGRGTSYENYF,TRBV2*03,None,TRBJ2-7*01,1
602,CSTGQGTSYELYF,TRBV2*02,None,TRBJ2-7*01,1
603,CATGRGTSYELYF,TRBV2*02,None,TRBJ2-7*01,1
604,CSTGQGTAYEQYF,TRBV2*02,None,TRBJ2-7*01,1
605,CATGRRTSYDLYF,TRBV2*02,None,TRBJ2-7*01,1
606,CSTGQGTAYELYF,TRBV2*02,None,TRBJ2-7*01,1
607,CSTGQGNSYEQYF,TRBV2*02,None,TRBJ2-7*01,1
608,CSTGQETYYEQYF,TRBV2*02,None,TRBJ2-7*01,1
609,CATPQGTCYQQYF,TRBV2*02,None,TRBJ2-7*01,1
610,CATNLRGTRGYGYTF,TRBV27*01,None,TRBJ1-2*01,1
611,CSTGQGASYEQYF,TRBV2*02,TRBD1*01,TRBJ2-7*01,1
612,CATLRATSNEQYF,TRBV2*02,None,TRBJ2-7*01,1
613,CSTGQGNSYDQYF,TRBV2*02,None,TRBJ2-7*01,1
614,CSTGQGPSYAQYF,TRBV2*02,None,TRBJ2-7*01,1
615,CSTGQGTAYDQYF,TRBV2*02,None,TRBJ2-7*01,1
616,CATGYGTSYAQYF,TRBV2*02,None,TRBJ2-7*01,1
617,CATGWGTSYEQYF,TRBV2*02,None,TRBJ2-7*01,1
618,CATGVGNSYEQYF,TRBV2*02,None,TRBJ2-7*01,1
619,CSTGQGPSYEQYF,TRBV2*02,None,TRBJ2-7*01,1
620,CSTGQGPSYEQYF,TRBV6-8*01,None,TRBJ2-7*01,1
621,CSTGQGPSYQLYF,TRBV2*02,None,TRBJ2-7*01,1
622,CATGRGTSYEKYF,TRBV2*02,None,TRBJ2-7*01,1
623,CATGRGTSYDQYF,TRBV2*02,None,TRBJ1-6*01,1
624,CATGRGTSSEQYF,TRBV2*02,None,TRBJ2-7*01,1
625,CATGQWTSYEQYF,TRBV13*01,None,TRBJ2-7*01,1
626,CATGQWTSYGQYF,TRBV2*02,None,TRBJ2-7*01,1
627,CATGQWTSYERYF,TRBV2*02,None,TRBJ2-7*01,1
628,CATGQWTSYEQYF,TRBV7-3*05,None,TRBJ2-7*01,1
629,CSTGQGTTYEQYF,TRBV2*01,None,TRBJ2-7*01,1
630,CSTGQGYSYEQYF,TRBV27*01,None,TRBJ2-7*01,1
631,CSTGQVNSYEPYF,TRBV2*02,None,TRBJ2-7*01,1
632,CATGQWTSYEQSF,TRBV2*02,None,TRBJ2-7*01,1
633,CSTGQGTSYVQHF,TRBV2*02,None,TRBJ2-7*01,1
634,CATGQWTSYEQDF,TRBV2*02,None,TRBJ2-7*01,1
635,CATGQWTSYEQCF,TRBV2*02,None,TRBJ2-7*01,1
636,CSTGQVTSYDLYF,TRBV2*02,None,TRBJ2-7*01,1
637,CATGQWTSYEHYF,TRBV2*02,None,TRBJ2-7*01,1
638,CATGQWTSYDQYF,TRBV2*02,None,TRBJ2-7*01,1
639,CSTGQWPSYDQYF,TRBV2*02,None,TRBJ2-7*01,1
640,CATGQWTSYHQYF,TRBV2*02,None,TRBJ2-7*01,1
641,CATGQWTSYKQYF,TRBV9*03,None,TRBJ2-7*01,1
642,CATGRGTFYEQYF,TRBV13*02,None,TRBJ2-7*01,1
643,CATGQWTYYEQYF,TRBV2*02,None,TRBJ2-7*01,1
644,CATGRGSSYEKYF,TRBV2*02,None,TRBJ2-7*01,1
645,CSTGQGTSYEPYF,TRBV13*02,None,TRBJ2-7*01,1
646,CSTGQGTSYEQDF,TRBV2*02,None,TRBJ2-7*01,1
647,CATGRETSYEQYF,TRBV2*02,None,TRBJ2-7*01,1
648,CSTGQGTSYEQYF,TRBV2*03,None,TRBJ2-7*01,1
649,CATGQWTYYGQYF,TRBV2*02,None,TRBJ2-7*01,1
650,CSTGQGTSYEQYF,TRBV24-1*01,None,TRBJ2-7*01,1
651,CSTGQGTSYVKYF,TRBV2*02,None,TRBJ2-7*01,1
652,CSTGQGTSYETYF,TRBV2*02,None,TRBJ2-7*01,1
653,CATGQWTSYQQYF,TRBV7-3*05,None,TRBJ2-7*01,1
654,CSTGQGTSYGQYF,TRBV2*02,None,TRBJ2-7*01,1
655,CSTGQGTSYHQYF,TRBV2*02,None,TRBJ2-7*01,1
656,CSTGQGTSYTQYF,TRBV13*02,None,TRBJ2-7*01,1
657,CATGQWTSYLQYF,TRBV2*02,None,TRBJ2-7*01,1
658,CATGQVTSYEQYF,TRBV2*03,None,TRBJ1-6*02,1
659,CGTGQGTPYEQYF,TRBV2*02,None,TRBJ2-7*01,1
660,CSVGTSWGQPQHF,TRBV29-1*02,None,TRBJ1-5*01,1
661,CVTGQGASYEQYF,TRBV13*02,TRBD1*01,TRBJ2-7*01,1
662,CVTGPVTTYETYF,TRBV2*02,None,TRBJ2-7*01,1
663,CATGQRTSYEQSF,TRBV2*02,None,TRBJ2-7*01,1
664,CVTGQDTSYEQYF,TRBV2*02,None,TRBJ2-7*01,1
665,CATGQRTSYEQHF,TRBV2*02,None,TRBJ2-7*01,1
666,CATGQRTSYEQDF,TRBV2*02,None,TRBJ2-7*01,1
667,CVTGQETSYVQYF,TRBV2*02,None,TRBJ2-7*01,1
668,CATGQRTSYELYF,TRBV2*02,None,TRBJ2-7*01,1
669,CVTGQGISYEQYF,TRBV2*02,None,TRBJ2-7*01,1
670,CVTGQGPSYEQYF,TRBV2*02,None,TRBJ2-7*01,1
671,CATGQRTSYEKDF,TRBV2*02,None,TRBJ2-7*01,1
672,CVTGQGNSYEQWF,TRBV2*02,None,TRBJ2-7*01,1
673,CVTGQGNSYEQYF,TRBV2*02,None,TRBJ2-7*01,1
674,CVTGQGNSYVQYF,TRBV2*02,None,TRBJ2-7*01,1
675,CATGQRTSYDQYF,TRBV2*02,None,TRBJ2-7*01,1
676,CVTGQGPSSVPYF,TRBV13*02,None,TRBJ2-7*01,1
677,CATGQRTSNEQYF,TRBV2*02,None,TRBJ2-7*01,1
678,CVTGPGTSYVKYF,TRBV2*02,None,TRBJ2-7*01,1
679,CVTGHRTSYEQYF,TRBV2*02,None,TRBJ2-7*01,1
680,CVTGHGTAYEHYF,TRBV2*02,None,TRBJ2-7*01,1
681,CVTAQGPTYVQYF,TRBV2*02,None,TRBJ2-7*01,1
682,CTVWTSGGQPQHF,TRBV29-1*02,None,TRBJ1-5*01,1
683,CVIGPGNSYEQYF,TRBV2*02,None,TRBJ2-7*01,1
684,CATGQRTSYVQYF,TRBV2*02,None,TRBJ2-7*01,1
685,CVIGQGTSYEQYF,TRBV2*02,None,TRBJ2-7*01,1
686,CVNGQGTSYEQYF,TRBV2*02,None,TRBJ1-1*01,1
687,CVPGQGSSYEQDF,TRBV2*02,None,TRBJ2-7*01,1
688,CATGQRTSYKQYF,TRBV2*02,None,TRBJ2-7*01,1
689,CVSGQRTSYVQDF,TRBV2*02,None,TRBJ2-7*01,1
690,CVSRWDRFPVNSPLHF,TRBV7-8*03,None,TRBJ1-6*01,1
691,CVSSIGGTGLRAEQFF,TRBV19*03,None,TRBJ2-1*01,1
692,CATGQRTSYHQYF,TRBV2*02,None,TRBJ2-7*01,1
693,CATGQRTSYHQYF,TRBV13*02,None,TRBJ2-7*01,1
694,CVSSYGAVNTEAFF,TRBV6-5*01,None,TRBJ1-1*01,1
695,CVTAPGTSYVQYF,TRBV2*02,None,TRBJ2-7*01,1
696,CATGQRTSYGQYF,TRBV2*02,None,TRBJ2-7*01,1
697,CATGQRTPYEQYF,TRBV2*02,None,TRBJ2-7*01,1
698,CVTGQGSAYEQYF,TRBV2*02,None,TRBJ2-7*01,1
699,CSVPSGGASGSNVLTF,TRBV29-1*02,None,TRBJ2-6*01,1
700,CATGQGTYYETYF,TRBV2*02,None,TRBJ2-7*01,1
701,CATGQGVSYEQYF,TRBV2*02,None,TRBJ2-7*01,1
702,CVTGQGTSYEQYF,TRBV2*02,None,TRBJ1-2*01,1
703,CATGQGTYYVKYF,TRBV2*02,None,TRBJ2-7*01,1
704,CVTGQGTSYKQYF,TRBV2*02,None,TRBJ2-7*01,1
705,CVTGQGTSYQQYF,TRBV13*02,None,TRBJ2-7*01,1
706,CATGQGTYYQHFF,TRBV2*02,None,TRBJ2-7*01,1
707,CATGQGTYYKQYF,TRBV2*02,None,TRBJ2-7*01,1
708,CATGQGTYYEQYF,TRBV7-3*05,None,TRBJ2-7*01,1
709,CATGQRTDYEQYF,TRBV2*02,None,TRBJ2-7*01,1
710,CVTGQGTSYVQYF,TRBV13*02,None,TRBJ2-7*01,1
711,CVTGQGTYYEHYF,TRBV2*02,None,TRBJ2-7*01,1
712,CVTGQVTSYEQYF,TRBV13*02,None,TRBJ2-7*01,1
713,CATGQGTYYEQYF,TRBV2*03,None,TRBJ2-7*01,1
714,CVTGQVTSYGQYF,TRBV2*02,None,TRBJ2-7*01,1
715,CVTGRGTSFEQYF,TRBV2*02,None,TRBJ2-7*01,1
716,CVTGTGTSYEQYF,TRBV2*02,None,TRBJ2-7*01,1
717,CVTGQGTSYEQYF,TRBV11-3*03,None,TRBJ2-7*01,1
718,CATGQLPSYEQYF,TRBV2*02,None,TRBJ2-7*01,1
719,CATGQLSAYEQYF,TRBV2*02,None,TRBJ2-7*01,1
720,CVTGQGTSYEQCF,TRBV2*02,None,TRBJ2-7*01,1
721,CATGQRTCYEQYF,TRBV2*02,None,TRBJ2-7*01,1
722,CATGQRTAYDQYF,TRBV2*02,None,TRBJ2-7*01,1
723,CVTGQGSPNEQYF,TRBV2*02,None,TRBJ2-7*01,1
724,CATGQRPSYYQYF,TRBV2*02,None,TRBJ2-7*01,1
725,CATGQRNSYEQYF,TRBV2*02,None,TRBJ2-7*01,1
726,CATGQRNSSEQYF,TRBV2*02,None,TRBJ2-7*01,1
727,CATGQRASYEQYF,TRBV2*02,None,TRBJ2-7*01,1
728,CVTGQGTSYAQHF,TRBV2*02,None,TRBJ2-7*01,1
729,CVTGQGTSYEHYF,TRBV2*02,None,TRBJ2-7*01,1
730,CATGQPTTYEQSF,TRBV2*02,None,TRBJ2-7*01,1
731,CVTGQGTSYEKHF,TRBV2*02,None,TRBJ2-7*01,1
732,CATGQLTSYQQYF,TRBV2*03,None,TRBJ2-7*01,1
733,CVTGQGTSYEKYF,TRBV2*02,None,TRBJ2-7*01,1
734,CATGQLTSYEKYF,TRBV2*02,None,TRBJ2-7*01,1
735,CATGQLSSYEQYF,TRBV2*02,None,TRBJ2-7*01,1
736,CTTVQGTSYEQYF,TRBV2*02,None,TRBJ2-7*01,1
737,CTTVQGTSYAQYF,TRBV2*02,None,TRBJ2-7*01,1
738,CATGQSPTSLLYF,TRBV28*01,None,TRBJ2-7*01,1
739,CATGQVTCYEQYF,TRBV2*02,None,TRBJ2-7*01,1
740,CATGQVTSNDQYF,TRBV2*02,None,TRBJ2-7*01,1
741,CATGQVTSDEQCF,TRBV2*02,None,TRBJ2-7*01,1
742,CTNGQGTSYEQYF,TRBV2*02,None,TRBJ2-7*01,1
743,CATGQVTPYEQYF,TRBV2*02,None,TRBJ2-7*01,1
744,CATGQVTFYEQYF,TRBV2*02,None,TRBJ2-7*01,1
745,CTPGQGNSYAQHF,TRBV2*02,None,TRBJ2-7*01,1
746,CTPVEGTSYEQYF,TRBV20-1*02,None,TRBJ2-7*01,1
747,CATGQVTAYEQYF,TRBV24-1*01,None,TRBJ2-7*01,1
748,CTTVQETSYEQYF,TRBV2*02,None,TRBJ2-7*01,1
749,CTSGQGTSYEQYF,TRBV2*03,None,TRBJ2-7*01,1
750,CTSSIGGTGIRGEQFF,TRBV19*03,None,TRBJ2-1*01,1
751,CATGQVTAYEQYF,TRBV2*02,None,TRBJ2-7*01,1
752,CTSSIRGTGLRGEQFF,TRBV19*03,None,TRBJ2-1*01,1
753,CTSTPVAGERLQYF,TRBV25-1*01,None,TRBJ2-7*01,1
754,CTTAQGTSYEQYF,TRBV2*02,None,TRBJ2-7*01,1
755,CTTCQVTSYAKYF,TRBV2*02,None,TRBJ2-7*01,1
756,CATGQVTSNEQYF,TRBV2*02,None,TRBJ2-7*01,1
757,CTNGQGTSYELYF,TRBV2*02,None,TRBJ2-7*01,1
758,CTNGQGTSYDPYF,TRBV2*02,None,TRBJ2-7*01,1
759,CATGQVTSYAQYF,TRBV2*02,None,TRBJ2-7*01,1
760,CSVPSGGVSGANDLSF,TRBV29-1*02,None,TRBJ2-6*01,1
761,CSVVQGARGTPYF,TRBV29-1*02,None,TRBJ2-3*01,1
762,CSVVTSWGQPQHF,TRBV29-1*02,None,TRBJ1-5*01,1
763,CSVWTSGGQPKHF,TRBV29-1*01,None,TRBJ1-5*01,1
764,CATGQVTSYEQDF,TRBV2*02,None,TRBJ2-7*01,1
765,CATGQVTSYEPYF,TRBV2*02,None,TRBJ2-7*01,1
766,CATGQVTSYELYF,TRBV2*02,None,TRBJ2-7*01,1
767,CSWSGDYRNDHVF,TRBV30*02,None,TRBJ2-7*01,1
768,CTASDWQGSYNEQFF,TRBV20-1*02,None,TRBJ2-1*01,1
769,CATGQVTSYEKYF,TRBV9*01,None,TRBJ2-7*01,1
770,CTAVPGFSYEQYF,TRBV20-1*03,None,TRBJ2-7*01,1
771,CTIGHGTSYAQYF,TRBV2*02,None,TRBJ2-7*01,1
772,CATGQVTSYDKYF,TRBV2*02,None,TRBJ2-7*01,1
773,CATRERTSYDQYF,TRBV2*02,None,TRBJ2-7*01,1
774,CTIGQGTSYEQYF,TRBV2*02,None,TRBJ2-7*01,1
775,CATGQVSAYEQYF,TRBV2*02,None,TRBJ2-7*01,1
776,CTTGKGTSYEQYF,TRBV2*02,None,TRBJ2-7*01,1
777,CATGQVPSYEQYF,TRBV2*03,None,TRBJ2-7*01,1
778,CTTGQGTSYEQDF,TRBV13*02,None,TRBJ2-7*01,1
779,CTTGQGTSYEQHF,TRBV2*02,None,TRBJ2-7*01,1
780,CATGQTTSFEQYF,TRBV2*02,None,TRBJ2-7*01,1
781,CTTGQGTSYEQSF,TRBV2*02,None,TRBJ2-7*01,1
782,CTTGQGTSYEQYF,TRBV2*01,None,TRBJ2-7*01,1
783,CTTGQGTSYEQYF,TRBV2*03,None,TRBJ2-7*01,1
784,CATGQSTSYEHYF,TRBV2*02,None,TRBJ2-7*01,1
785,CATGQSTSYDHYF,TRBV2*02,None,TRBJ2-7*01,1
786,CTTGQGTSYEQYF,TRBV24-1*01,None,TRBJ2-7*01,1
787,CATGQSSSYGQSF,TRBV2*02,None,TRBJ2-7*01,1
788,CTTGQGTTYEQYF,TRBV2*02,None,TRBJ2-7*01,1
789,CTTGQRTSYEQYF,TRBV2*02,None,TRBJ2-7*01,1
790,CTTIQGTSYEQYF,TRBV2*02,None,TRBJ2-7*01,1
791,CTTRQGTSYEQYF,TRBV2*02,None,TRBJ2-7*01,1
792,CTTSQETSYEHYF,TRBV2*02,None,TRBJ2-7*01,1
793,CTTVPGTSYEQYF,TRBV2*02,None,TRBJ2-7*01,1
794,CATGQTTSYEQYF,TRBV2*02,None,TRBJ2-7*01,1
795,CTTGQGTSNAQYF,TRBV2*02,None,TRBJ2-7*01,1
796,CTTGQATTYAKYF,TRBV2*01,None,TRBJ2-7*01,1
797,CTTGQGTPYEQYF,TRBV2*02,None,TRBJ2-7*01,1
798,CTTGQDTSYEQYF,TRBV2*02,None,TRBJ2-7*01,1
799,CTTGQEASYEQYF,TRBV2*02,None,TRBJ2-7*01,1
800,CTTGQGASYGQYF,TRBV2*02,TRBD1*01,TRBJ2-7*01,1
801,CTTGQGPSYEQCF,TRBV2*02,None,TRBJ1-2*01,1
802,CTTGQGSSYEQYF,TRBV2*03,None,TRBJ2-7*01,1
803,CTTGQGSSYGQYF,TRBV2*02,None,TRBJ2-7*01,1
804,CTTGQGTACERYF,TRBV2*02,None,TRBJ2-7*01,1
805,CATGQVMSYEQYF,TRBV3-1*01,None,TRBJ2-7*01,1
806,CATGQVISYEQYF,TRBV2*02,None,TRBJ2-7*01,1
807,CTTGQGTAEEEYF,TRBV2*02,None,TRBJ2-7*01,1
808,CTTGQGTAYEQYF,TRBV2*02,None,TRBJ2-7*01,1
809,CATGQVISYDLYF,TRBV2*02,None,TRBJ2-7*01,1
810,CATGQVHSYQQYF,TRBV2*02,None,TRBJ2-7*01,1
811,CTTGQGTCYEPYF,TRBV2*02,None,TRBJ2-7*01,1
812,CTTGQGTCYEQYF,TRBV2*03,None,TRBJ2-7*01,1
813,CSTGQEPSYDQLF,TRBV13*02,None,TRBJ2-7*01,1
814,CATRHWTAYEQYF,TRBV2*02,None,TRBJ2-7*01,1
815,CSTGQATYYEQYF,TRBV2*02,None,TRBJ2-7*01,1
816,CATVQGTSYEQYF,TRBV12-4*02,None,TRBJ2-7*01,1
817,CPTGQETSYEQYF,TRBV2*02,None,TRBJ2-7*01,1
818,CDSGQGTSYDQYF,TRBV2*02,None,TRBJ2-7*01,1
819,CDPGQGTSYEPYF,TRBV2*02,None,TRBJ2-7*01,1
820,CCTGTGTSSLSYEQYF,TRBV20-1*06,None,TRBJ2-7*01,1
821,CCTGQGTSYEQYF,TRBV2*02,None,TRBJ2-7*01,1
822,CCTGEGISYEQYF,TRBV2*01,None,TRBJ2-7*01,1
823,CCAVEGFSYEQYF,TRBV20-1*02,None,TRBJ2-7*01,1
824,CPTGQGASYEQYF,TRBV2*02,TRBD1*01,TRBJ2-7*01,1
825,CCAVAGFSYEQYF,TRBV20-1*03,None,TRBJ2-7*01,1
826,CAWSGYYRNEQFF,TRBV30*04,None,TRBJ2-1*01,1
827,CAWSGDYRNEQFF,TRBV30*04,None,TRBJ2-7*01,1
828,CPTGQGPSYEQYF,TRBV13*02,None,TRBJ2-7*01,1
829,CPTGQGTFYEQYF,TRBV2*02,None,TRBJ2-7*01,1
830,CAWSGDYRNDQFF,TRBV30*01,None,TRBJ2-1*01,1
831,CPTGQGTSDEQYF,TRBV2*02,None,TRBJ2-7*01,1
832,CAWSDDYRNEQFF,TRBV30*04,None,TRBJ2-1*01,1
833,CAVRQASSYELYF,TRBV2*02,None,TRBJ2-7*01,1
834,CDSGQWTPYEQYF,TRBV2*02,None,TRBJ2-7*01,1
835,CPTGQATSYDQYF,TRBV2*02,None,TRBJ2-7*01,1
836,CDSRWDRFPVNSPLHF,TRBV7-8*03,None,TRBJ1-6*01,1
837,CPSSYGENTEAYF,TRBV7-1*01,None,TRBJ1-1*01,1
838,CDTGQGISYEQYF,TRBV13*02,None,TRBJ2-7*01,1
839,CDTGPGTSYEQYF,TRBV2*02,None,TRBJ2-7*01,1
840,CPSGQGTSYVQYF,TRBV2*02,None,TRBJ2-7*01,1
841,CPSRIGGTGLRGEQFF,TRBV19*03,None,TRBJ2-1*01,1
842,CDTGHVTCYEQYF,TRBV2*02,None,TRBJ2-7*01,1
843,CPSSIGGTGLRGEQFF,TRBV19*02,None,TRBJ2-1*01,1
844,CDTGERTSYEQYF,TRBV2*02,None,TRBJ2-7*01,1
845,CDTGEGTSYEQYF,TRBV2*03,None,TRBJ2-7*01,1
846,CDSSIGGTGLRGEQFF,TRBV19*03,None,TRBJ2-1*01,1
847,CPTGEGTSYEQYF,TRBV2*02,None,TRBJ2-7*01,1
848,CDTGEGTSYEQYF,TRBV2*02,None,TRBJ2-7*01,1
849,CDTGEGTSYEQYF,TRBV13*02,None,TRBJ2-7*01,1
850,CPTGHGTSYEQYF,TRBV2*02,None,TRBJ2-7*01,1
851,CDTGEGSSYEQYF,TRBV2*02,None,TRBJ2-7*01,1
852,CPTGPGTSYEQYF,TRBV2*02,None,TRBJ2-7*01,1
853,CDSSSWTGTGLGYTF,TRBV7-9*04,None,TRBJ1-2*01,1
854,CATWQGTSYKQYF,TRBV2*02,None,TRBJ2-7*01,1
855,CATWQGTSSEQYF,TRBV2*02,None,TRBJ2-7*01,1
856,CPTGQGTSNEQYF,TRBV2*02,None,TRBJ2-7*01,1
857,CATVQGTSYKPYF,TRBV2*02,None,TRBJ2-7*01,1
858,CATVQGTTYKQYF,TRBV2*03,None,TRBJ2-7*01,1
859,CPTGQRTSYEQYF,TRBV13*02,None,TRBJ2-7*01,1
860,CATVQGTTYEQYF,TRBV2*03,None,TRBJ2-7*01,1
861,CATVQGTSYQQYF,TRBV2*02,None,TRBJ2-7*01,1
862,CPTGQWASYEQYF,TRBV2*02,None,TRBJ2-7*01,1
863,CATVQGTSYQQYF,TRBV2*02,None,TRBJ1-1*01,1
864,CATVQGTSYKQYF,TRBV2*02,None,TRBJ2-7*01,1
865,CATVQGTSYGQYF,TRBV24-1*01,None,TRBJ2-7*01,1
866,CATVQGTYYQPYF,TRBV2*02,None,TRBJ2-7*01,1
867,CPTGQWTSYEQYF,TRBV2*02,None,TRBJ2-7*01,1
868,CATVQGTSYEQYF,TRBV28*01,None,TRBJ2-7*01,1
869,CPTGRGTSYEQYF,TRBV2*02,None,TRBJ2-7*01,1
870,CPTRQGTSYEQYF,TRBV2*02,None,TRBJ2-7*01,1
871,CPTRRATSYEQYF,TRBV2*02,None,TRBJ2-7*01,1
872,CPTVQGTSYEQYF,TRBV13*02,None,TRBJ2-7*01,1
873,CATVQGTSYEQYF,TRBV2*01,None,TRBJ2-7*01,1
874,CPTGQGTYYEQYF,TRBV7-3*05,None,TRBJ2-7*01,1
875,CATVQRTSYDQYF,TRBV2*02,None,TRBJ2-7*01,1
876,CATVRRTSYEQYF,TRBV2*02,None,TRBJ2-7*01,1
877,CATVQVTSSKQYF,TRBV2*02,None,TRBJ2-7*01,1
878,CATVRGTSYEQYF,TRBV2*02,None,TRBJ2-7*01,1
879,CPTGQGTSYDKYF,TRBV2*02,None,TRBJ2-7*01,1
880,CATVQWTSYEKYF,TRBV15*02,None,TRBJ2-7*01,1
881,CPTGQGTSYDQYF,TRBV2*02,None,TRBJ2-7*01,1
882,CATVQWTAYLQYF,TRBV2*02,None,TRBJ2-7*01,1
883,CATVQVTSYEQYF,TRBV2*03,None,TRBJ2-7*01,1
884,CATVQVTSYEHYF,TRBV2*02,None,TRBJ2-7*01,1
885,CATVQVSSYAQYF,TRBV2*02,None,TRBJ2-5*01,1
886,CPTGQGTSYVLYF,TRBV2*02,None,TRBJ2-7*01,1
887,CATVQSTSYVQYF,TRBV2*02,None,TRBJ2-7*01,1
888,CPTGQGTSYEQHF,TRBV2*02,None,TRBJ2-7*01,1
889,CPTGQGTSYEQYF,TRBV2*01,None,TRBJ2-7*01,1
890,CPTGQGTSYEQYF,TRBV2*03,None,TRBJ2-7*01,1
891,CPTGQGTSYEQYF,TRBV7-3*05,None,TRBJ2-7*01,1
892,CPTGQGTSYQQYF,TRBV2*02,None,TRBJ2-7*01,1
893,CATVQRTYYEQYF,TRBV2*02,None,TRBJ2-7*01,1
894,CDTGQGISYEQYF,TRBV2*02,None,TRBJ2-7*01,1
895,CDTGQGNSYEQYF,TRBV13*02,None,TRBJ2-7*01,1
896,CDTGQGNSYEQYF,TRBV2*02,None,TRBJ2-7*01,1
897,CGIGQGTSYEQYF,TRBV2*03,None,TRBJ2-7*01,1
898,CGSSGGGAGGEQYF,TRBV25-1*01,None,TRBJ2-1*01,1
899,CGSRWDRFPVNSPLHF,TRBV7-8*03,None,TRBJ1-6*01,1
900,CGTGQGTSYEKYF,TRBV2*02,None,TRBJ2-7*01,1
901,CGSGIGGTGLRCEQYF,TRBV9*01,None,TRBJ2-1*01,1
902,CGTGQGTSYEQYF,TRBV2*01,None,TRBJ2-7*01,1
903,CGNGQGTSYEQYF,TRBV2*02,None,TRBJ2-7*01,1
904,CGTGQGTSYEQYF,TRBV2*02,None,TRBJ2-1*01,1
905,CGTGQLTSYEQYF,TRBV2*02,None,TRBJ2-7*01,1
906,CGTGQGTSYEEYF,TRBV2*02,None,TRBJ2-7*01,1
907,CGIGQGTFYEQYF,TRBV2*01,None,TRBJ2-7*01,1
908,CGAVQGTSYEQYF,TRBV2*02,None,TRBJ2-7*01,1
909,CGTGQRTSYMQYF,TRBV2*02,None,TRBJ2-7*01,1
910,CGAVAGFSYEQYF,TRBV20-1*02,None,TRBJ2-7*01,1
911,CGTGQSTSYEQYF,TRBV2*02,None,TRBJ2-7*01,1
912,CGTGQWSSYEQYF,TRBV2*02,None,TRBJ2-7*01,1
913,CGTGRGTSYEQYF,TRBV2*02,None,TRBJ2-7*01,1
914,CGSSLGASSSPYDQYF,TRBV7-9*04,None,TRBJ2-7*01,1
915,CGTAQGTSYEQYF,TRBV9*01,None,TRBJ2-7*01,1
916,CGASDWQGSYNEQFF,TRBV20-1*02,None,TRBJ2-1*01,1
917,CGTGQGASYEQYF,TRBV2*03,None,TRBJ2-7*01,1
918,CGTGQGTAYEQYF,TRBV2*02,None,TRBJ2-7*01,1
919,CGTGQGTAYAQYF,TRBV2*01,None,TRBJ2-7*01,1
920,CGTGQGTSDEQYF,TRBV13*02,None,TRBJ2-7*01,1
921,CGTGQGTSDEQYF,TRBV2*02,None,TRBJ2-7*01,1
922,CGTGQGISYEQYF,TRBV12-3*01,None,TRBJ2-7*01,1
923,CGTGQGTSFVQYF,TRBV2*02,None,TRBJ1-6*01,1
924,CGTGQGISYAQYF,TRBV2*02,None,TRBJ2-7*01,1
925,CGTGPGTSYEQYF,TRBV2*02,None,TRBJ2-7*01,1
926,CGTELGTSYEQYF,TRBV2*02,None,TRBJ2-7*01,1
927,CGTGLGTSYEQYF,TRBV2*02,None,TRBJ2-7*01,1
928,CGTGQGTSSEQYF,TRBV2*02,None,TRBJ2-7*01,1
929,CGTGKGTSYEQYF,TRBV2*03,None,TRBJ2-6*01,1
930,CGTGQGTSYDQYF,TRBV2*03,None,TRBJ2-7*01,1
931,CGTEQWSSYEQYF,TRBV2*02,None,TRBJ2-7*01,1
932,CGTEQGTSYEQYF,TRBV2*02,None,TRBJ2-7*01,1
933,CGTEQGTSYEQYF,TRBV13*02,None,TRBJ2-7*01,1
934,CGTVAGTSYEQYF,TRBV2*02,None,TRBJ2-7*01,1
935,CGTVQGTSYEQYF,TRBV2*02,None,TRBJ2-7*01,1
936,CPSAQGTSYEQYF,TRBV2*02,None,TRBJ2-7*01,1
937,CDTGQGTSNEQYF,TRBV2*02,None,TRBJ2-7*01,1
938,CDTGQGTSYEQHF,TRBV2*02,None,TRBJ2-7*01,1
939,CNAVEGTSYEQYF,TRBV20-1*03,None,TRBJ2-7*01,1
940,CDTGQGTSYEQDF,TRBV2*02,None,TRBJ2-7*01,1
941,CDTGQGTSYEQCF,TRBV2*02,None,TRBJ2-7*01,1
942,CPIGQVTSYAQYF,TRBV2*02,None,TRBJ2-7*01,1
943,CDTGQGTSYEHYF,TRBV2*02,None,TRBJ2-7*01,1
944,CDTGQGTSSVQYF,TRBV2*02,None,TRBJ2-7*01,1
945,CPPGPWSSYEEYF,TRBV2*02,None,TRBJ2-7*01,1
946,CLTGQGTYYDQYF,TRBV28*01,None,TRBJ2-7*01,1
947,CDTGQGTSFVQYF,TRBV2*02,None,TRBJ2-7*01,1
948,CDTGQGTSDQQYF,TRBV2*02,None,TRBJ2-7*01,1
949,CPPGQGTSYEQYF,TRBV2*02,None,TRBJ2-7*01,1
950,CDTGQGTSDEQYF,TRBV2*02,None,TRBJ2-7*01,1
951,CDTGQGTPYEQYF,TRBV2*02,None,TRBJ2-7*01,1
952,CDTGQGTAYEQYF,TRBV2*02,None,TRBJ2-7*01,1
953,CDTGQGPSYEQYF,TRBV2*02,None,TRBJ2-7*01,1
954,CNAVAVFSYERHF,TRBV20-1*06,None,TRBJ2-7*01,1
955,CDTGQGTSYEQYF,TRBV2*01,None,TRBJ2-7*01,1
956,CGAGQGSSYEQYF,TRBV2*02,None,TRBJ2-7*01,1
957,CIAVAGFSYEQYF,TRBV20-1*06,None,TRBJ2-7*01,1
958,CFTGQGTSYEQYF,TRBV2*02,None,TRBJ2-7*01,1
959,CERSSENRGYTF,TRBV11-3*03,None,TRBJ1-2*01,1
960,CGVGTSGGQPQHF,TRBV29-1*02,None,TRBJ1-5*01,1
961,CDTVQGTSYEQYF,TRBV2*02,None,TRBJ2-7*01,1
962,CDTRQGTYYEQYF,TRBV2*02,None,TRBJ2-7*01,1
963,CDTRQGTSYVHYF,TRBV2*02,None,TRBJ2-7*01,1
964,CHTGQGTSYEQYF,TRBV2*02,None,TRBJ2-7*01,1
965,CDTGQRPPYEQYF,TRBV2*02,None,TRBJ2-7*01,1
966,CITGQGTTYEQYF,TRBV2*02,None,TRBJ2-7*01,1
967,CIPGGGFSYEQYF,TRBV20-1*02,None,TRBJ2-7*01,1
968,CDTGQGTTYEHLF,TRBV2*01,None,TRBJ2-7*01,1
969,CDTGQGTSYVQYF,TRBV9*03,None,TRBJ2-7*01,1
970,CDTGQGTSYVQYF,TRBV2*03,None,TRBJ2-7*01,1
971,CDTGQGTSYVQYF,TRBV2*02,None,TRBJ2-7*01,1
972,CDTGQGTSYQQYF,TRBV2*02,None,TRBJ2-7*01,1
973,CITGPAASYEQYF,TRBV2*02,None,TRBJ2-7*01,1
974,CPTVQGTSYEQYF,TRBV2*02,None,TRBJ2-7*01,1
975,CPTVQVNSYEEYF,TRBV2*02,None,TRBJ1-6*01,1
976,CSTGQATSYELYF,TRBV2*02,None,TRBJ2-7*01,1
977,CRVEQAPRVTYYF,TRBV29-1*02,None,TRBJ2-3*01,1
978,CATRQGTSYEQYF,TRBV7-3*05,None,TRBJ2-7*01,1
979,CSAVAVFSYKQYF,TRBV20-1*02,None,TRBJ2-7*01,1
980,CATRQGTSYEQYF,TRBV2*03,None,TRBJ2-7*01,1
981,CSAVPGFSYQQYF,TRBV20-1*02,None,TRBJ2-7*01,1
982,CATRQGTSYEQYF,TRBV2*01,None,TRBJ2-7*01,1
983,CSAVTGTCSLNYEQYF,TRBV20-1*03,None,TRBJ2-7*01,1
984,CSAVVGFSYEQYF,TRBV20-1*06,None,TRBJ2-7*01,1
985,CATRQGTSYEPYF,TRBV2*02,None,TRBJ2-7*01,1
986,CSAWTGTSSLIYEQYF,TRBV20-1*02,None,TRBJ2-7*01,1
987,CSDVAGFSYEQYF,TRBV20-1*03,None,TRBJ2-7*01,1
988,CATRQGTSYEKYF,TRBV13*02,None,TRBJ2-7*01,1
989,CSDVAGYSYELYF,TRBV20-1*03,None,TRBJ2-7*01,1
990,CSGGASGGQPLNF,TRBV29-1*02,None,TRBJ1-5*01,1
991,CSGGTPGPQPQHF,TRBV29-1*02,None,TRBJ1-5*01,1
992,CATRQGTSYDQYF,TRBV2*02,None,TRBJ2-7*01,1
993,CSGVAGFSYEQYF,TRBV20-1*03,None,TRBJ2-7*01,1
994,CSIGQGTFHEQYF,TRBV2*02,None,TRBJ2-7*01,1
995,CATRQGTSYETYF,TRBV2*02,None,TRBJ2-7*01,1
996,CATRQGTSYGQYF,TRBV2*02,None,TRBJ2-7*01,1
997,CSAVAGVSYEQYF,TRBV20-1*02,None,TRBJ2-7*01,1
998,CATRQGTTYEQYF,TRBV2*02,None,TRBJ2-7*01,1
999,CATRQVTCYEQYF,TRBV2*02,None,TRBJ2-7*01,1
1000,CATRQSTSYDQYF,TRBV2*02,None,TRBJ2-7*01,1
1001,CATRQRTSYVQYF,TRBV2*02,None,TRBJ2-7*01,1
1002,CSAVAGFSYEQYF,TRBV20-1*01,None,TRBJ2-7*01,1
1003,CATRQRTSYEQYF,TRBV2*02,None,TRBJ2-7*01,1
1004,CATRQRTSYEQYF,TRBV13*02,None,TRBJ2-7*01,1
1005,CATRQRTSYEPYF,TRBV2*02,None,TRBJ2-7*01,1
1006,CSAVAGFSYERYF,TRBV20-1*03,None,TRBJ2-7*01,1
1007,CATRQGTSYKQYF,TRBV28*01,None,TRBJ1-2*01,1
1008,CATRQGTSYVQYF,TRBV24-1*01,None,TRBJ2-7*01,1
1009,CSAVAGFSYQQYF,TRBV20-1*06,None,TRBJ2-7*01,1
1010,CSAVAGFSYVQYF,TRBV20-1*06,None,TRBJ2-7*01,1
1011,CSAVAGGSYQQYF,TRBV20-1*02,TRBD2*01,TRBJ2-7*01,1
1012,CATRQGTSYVQYF,TRBV2*02,None,TRBJ2-7*01,1
1013,CSAVAGISYEQYF,TRBV20-1*06,None,TRBJ2-7*01,1
1014,CSAVAGVSYEQDF,TRBV20-1*02,None,TRBJ2-7*01,1
1015,CSNGQATSYEQYF,TRBV2*02,None,TRBJ2-7*01,1
1016,CATRQGTSNEQYF,TRBV2*02,None,TRBJ2-7*01,1
1017,CSNGQGTSSEQYF,TRBV2*02,None,TRBJ2-7*01,1
1018,CSTEQGTSFEQYF,TRBV2*02,None,TRBJ2-7*01,1
1019,CATRPGTYYEQYF,TRBV15*02,None,TRBJ2-7*01,1
1020,CSTAQGTSYEQYF,TRBV2*02,None,TRBJ2-7*01,1
1021,CATRKGTSYEQYF,TRBV2*02,None,TRBJ2-7*01,1
1022,CGTGQGTFYEQYF,TRBV2*02,None,TRBJ2-7*01,1
1023,CSTCQGSSYEQYF,TRBV2*02,None,TRBJ2-7*01,1
1024,CATRHGTSYQQYF,TRBV2*02,None,TRBJ2-7*01,1
1025,CATRHGTSYGQYF,TRBV2*02,None,TRBJ2-7*01,1
1026,CSTGEGNSYEQYF,TRBV2*02,None,TRBJ2-7*01,1
1027,CSSSYGVNTEAFF,TRBV6-6*03,None,TRBJ1-1*01,1
1028,CSTGHGTSYEQYF,TRBV2*02,None,TRBJ2-7*01,1
1029,CATRHGTSYEQYF,TRBV2*02,None,TRBJ2-1*01,1
1030,CATRHGTSYEQYF,TRBV13*02,None,TRBJ2-7*01,1
1031,CSTGHGTSYVQYF,TRBV2*02,None,TRBJ2-7*01,1
1032,CSTGPGTSYEQYF,TRBV2*01,None,TRBJ2-7*01,1
1033,CATRHGTSYEHYF,TRBV2*02,None,TRBJ2-7*01,1
1034,CATRHGTAYEQYF,TRBV2*02,None,TRBJ2-7*01,1
1035,CATRQASSYEQYF,TRBV2*02,None,TRBJ2-7*01,1
1036,CSSSSWTRTGLRYTF,TRBV7-9*04,None,TRBJ1-2*01,1
1037,CATRQGTPYEQYF,TRBV15*02,None,TRBJ2-7*01,1
1038,CATRQGPSYEQYF,TRBV2*02,None,TRBJ2-7*01,1
1039,CSPSVWQRSYNEQFF,TRBV20-1*01,None,TRBJ2-1*01,1
1040,CSSGMGTSYEQYF,TRBV2*01,None,TRBJ2-7*01,1
1041,CSSGQGTFYEQYF,TRBV2*02,None,TRBJ2-7*01,1
1042,CSSGQGTSYEQYF,TRBV2*02,None,TRBJ2-7*01,1
1043,CSSGQVTSYEKYF,TRBV2*02,None,TRBJ2-7*01,1
1044,CATRQGPSYVQYF,TRBV2*02,None,TRBJ2-7*01,1
1045,CSSIRNNTNIQYF,TRBV19*03,None,TRBJ2-4*01,1
1046,CATRQGNSYVQYF,TRBV2*02,None,TRBJ2-7*01,1
1047,CSSSLENRGYTF,TRBV7-9*02,None,TRBJ1-2*01,1
1048,CSSNLRWTRGYGYTF,TRBV27*01,None,TRBJ1-2*01,1
1049,CATRQGKSYEQYF,TRBV2*02,None,TRBJ2-7*01,1
1050,CATRQGASCEQYF,TRBV2*02,TRBD1*01,TRBJ2-7*01,1
1051,CATRQETYYEQYF,TRBV2*02,None,TRBJ2-7*01,1
1052,CSSRIGGAGLSGEQFF,TRBV4-3*02,None,TRBJ2-7*01,1
1053,CATRQCTPSETYF,TRBV2*02,None,TRBJ1-2*01,1
1054,CSSSIGGTGLWGEQFF,TRBV19*03,None,TRBJ2-1*01,1
1055,CATRQWASYEPYF,TRBV2*02,None,TRBJ2-7*01,1
1056,CATRQWNSYDLYF,TRBV2*02,None,TRBJ2-7*01,1
1057,CSAVAGFSYEQCF,TRBV20-1*03,None,TRBJ2-7*01,1
1058,CATVQGNSYVQYF,TRBV2*02,None,TRBJ2-7*01,1
1059,CATVQGSYYEQYF,TRBV2*02,None,TRBJ2-7*01,1
1060,CSAGTGTSSLNYEQYF,TRBV20-1*03,None,TRBJ2-7*01,1
1061,CATVQGSSYLLYF,TRBV2*02,None,TRBJ2-7*01,1
1062,CSAGTWTSSLIYEQYF,TRBV20-1*02,None,TRBJ2-7*01,1
1063,CATVQGPSYEPYF,TRBV13*02,None,TRBJ2-7*01,1
1064,CATVQGPSNQQYF,TRBV2*02,None,TRBJ2-7*01,1
1065,CATVQGNYYEKYF,TRBV13*02,None,TRBJ2-7*01,1
1066,CSAIAGFSYEQYF,TRBV20-1*06,None,TRBJ2-7*01,1
1067,CSAGTGTSSLIYEQYF,TRBV20-1*02,None,TRBJ2-5*01,1
1068,CATVQGNSYEQYF,TRBV13*02,None,TRBJ2-7*01,1
1069,CSASARLGSYNEQFF,TRBV20-1*04,None,TRBJ2-1*01,1
1070,CSASAWQGSYNEPFF,TRBV20-1*07,None,TRBJ2-7*01,1
1071,CATVQGFSYAKYF,TRBV2*02,None,TRBJ2-7*01,1
1072,CSASDCKASYKHQFF,TRBV20-1*07,None,TRBJ2-1*01,1
1073,CATVQGASYEQYF,TRBV2*02,None,TRBJ1-6*01,1
1074,CATVQGASYEPYF,TRBV2*02,None,TRBJ2-7*01,1
1075,CSAGTGTSSLIYEQYF,TRBV20-1*03,None,TRBJ2-5*01,1
1076,CSAGTGTSSLIYEQDF,TRBV20-1*02,None,TRBJ2-7*01,1
1077,CSASDWQASYNEQFF,TRBV20-1*04,None,TRBJ2-1*01,1
1078,CATVQGTSYEEYF,TRBV2*02,None,TRBJ2-7*01,1
1079,CATVQGTSYEQCF,TRBV2*02,None,TRBJ2-7*01,1
1080,CATVQGTSYEPYF,TRBV2*02,None,TRBJ2-7*01,1
1081,CSAEAGFSYKQYF,TRBV20-1*02,None,TRBJ2-7*01,1
1082,CATVQGTSYEPYF,TRBV13*02,None,TRBJ2-7*01,1
1083,CSAEQGPRGTQYF,TRBV29-1*03,None,TRBJ2-3*01,1
1084,CSAGAGFSYEQYF,TRBV20-1*06,None,TRBJ2-7*01,1
1085,CATVQGTSYEHYF,TRBV2*02,None,TRBJ2-7*01,1
1086,CSAGAGISYEQYF,TRBV20-1*03,None,TRBJ2-7*01,1
1087,CSAGTGTSSHSYDQYF,TRBV20-1*06,None,TRBJ2-7*01,1
1088,CATVQGTSYAQYF,TRBV2*02,None,TRBJ2-7*01,1
1089,CATVQGTSSEQYF,TRBV2*02,None,TRBJ2-7*01,1
1090,CATVQGTSHEQYF,TRBV2*02,None,TRBJ2-7*01,1
1091,CSAGDWQGSYNERFF,TRBV20-1*02,None,TRBJ2-1*01,1
1092,CSAGKGTSSLIYEQYF,TRBV20-1*03,None,TRBJ2-7*01,1
1093,CSAGSGTSSFIYEQYF,TRBV20-1*03,None,TRBJ2-7*01,1
1094,CSAGTGTSALIYEQYF,TRBV20-1*06,TRBD2*01,TRBJ2-7*01,1
1095,CSASDRQGSYNEQFF,TRBV20-1*04,None,TRBJ2-1*01,1
1096,CSASDWQGPYNEQFF,TRBV20-1*05,None,TRBJ2-1*01,1
1097,CATRRGTSYEQYF,TRBV2*02,None,TRBJ2-7*01,1
1098,CATSQEPSYEQYF,TRBV2*03,None,TRBJ2-7*01,1
1099,CSAVAGFSSEQYF,TRBV20-1*02,None,TRBJ2-7*01,1
1100,CATSQGTGYEQYF,TRBV2*02,None,TRBJ2-7*01,1
1101,CATSQGNSYEQYF,TRBV2*02,None,TRBJ2-7*01,1
1102,CSAVAGFSYDQYF,TRBV20-1*02,None,TRBJ2-7*01,1
1103,CSAVAGFSYEHYF,TRBV20-1*03,None,TRBJ2-7*01,1
1104,CSAVAGFSYENSF,TRBV20-1*06,None,TRBJ2-7*01,1
1105,CATSQETSYEQYF,TRBV2*02,None,TRBJ2-7*01,1
1106,CATSPGTSYVRYF,TRBV2*02,None,TRBJ2-7*01,1
1107,CSAVAGFSHEQYF,TRBV20-1*06,None,TRBJ2-7*01,1
1108,CATSLGISYEQYF,TRBV2*02,None,TRBJ2-7*01,1
1109,CATSKTTSSDLYF,TRBV2*02,None,TRBJ2-7*01,1
1110,CSAVAGFSYEPYF,TRBV20-1*03,None,TRBJ2-7*01,1
1111,CATSKESSYEQYF,TRBV13*02,None,TRBJ2-7*01,1
1112,CATRYGTSYEQYF,TRBV2*02,None,TRBJ2-7*01,1
1113,CSAVAGFSYEQCF,TRBV20-1*02,None,TRBJ2-7*01,1
1114,CATRRGTSYLQYF,TRBV2*02,None,TRBJ2-7*01,1
1115,CATSQVTSYLQYF,TRBV2*02,None,TRBJ2-7*01,1
1116,CSATDWQGSYNEQFF,TRBV20-1*03,None,TRBJ2-1*01,1
1117,CATVQEPSYEQYF,TRBV2*02,None,TRBJ2-7*01,1
1118,CATVQAPSYEQYF,TRBV2*02,None,TRBJ2-7*01,1
1119,CATVQATSYQLYF,TRBV2*02,None,TRBJ2-7*01,1
1120,CSASDWQGSSNEQFF,TRBV20-1*06,None,TRBJ2-1*01,1
1121,CATVQATSYEQYF,TRBV28*01,None,TRBJ2-7*01,1
1122,CSASDWQGSYNERFF,TRBV20-1*05,None,TRBJ2-1*01,1
1123,CATVQATSFDKYF,TRBV2*02,None,TRBJ2-7*01,1
1124,CSASDWQGSYNGQFF,TRBV20-1*06,None,TRBJ2-1*01,1
1125,CATVQASSYEQYF,TRBV2*02,None,TRBJ2-7*01,1
1126,CSASDWQSSYKEQFF,TRBV20-1*04,None,TRBJ2-1*01,1
1127,CATTPGATACEQYF,TRBV27*01,None,TRBJ2-7*01,1
1128,CATVPGTSYEQYF,TRBV2*02,None,TRBJ2-7*01,1
1129,CSASDWQVFYKEQFF,TRBV20-1*03,None,TRBJ2-1*01,1
1130,CATVPATSYGQYF,TRBV2*02,None,TRBJ2-7*01,1
1131,CATVHGTSYVQYF,TRBV2*02,None,TRBJ2-7*01,1
1132,CATVHGTSYVQDF,TRBV2*02,None,TRBJ2-7*01,1
1133,CATVHGTSYEQYF,TRBV13*02,None,TRBJ2-7*01,1
1134,CATVEGTSYEQYF,TRBV2*02,None,TRBJ2-7*01,1
1135,CATGQGTYYEQYF,TRBV2*01,None,TRBJ2-7*01,1
1136,CAAAQGTSYEQYF,TRBV2*02,None,TRBJ2-7*01,1
1137,CATGQGTYYEQCF,TRBV2*02,None,TRBJ2-7*01,1
1138,CASSYGVNTVAFF,TRBV6-6*03,None,TRBJ1-1*01,1
1139,CASSYGVNTEVFF,TRBV6-3*01,None,TRBJ1-1*01,1
1140,CASSYGVNTEAYF,TRBV12-4*02,None,TRBJ1-1*01,1
1141,CASSYGVNTEASF,TRBV6-6*03,None,TRBJ1-1*01,1
1142,CASSYGVNTEAFF,TRBV6-6*02,None,TRBJ1-1*01,1
1143,CASSYGVNTEAFF,TRBV6-6*01,None,TRBJ1-1*01,1
1144,CASSYGVNTEAFF,TRBV6-3*01,None,TRBJ1-1*01,1
1145,CASSYGVNTEAFF,TRBV6-2*01,None,TRBJ1-1*01,1
1146,CASSYGVNTDALF,TRBV6-6*03,None,TRBJ1-1*01,1
1147,CASSYGATNTEAFF,TRBV6-6*03,None,TRBJ1-1*01,1
1148,CASSYGAANTEDFF,TRBV6-6*03,None,TRBJ1-1*01,1
1149,CASSYGAANTEALF,TRBV6-6*03,None,TRBJ1-1*01,1
1150,CASSYGAANTEAFF,TRBV6-6*01,None,TRBJ1-1*01,1
1151,CASSYGAANTEAFF,TRBV6-5*01,None,TRBJ1-1*01,1
1152,CASSYGAANTEAFF,TRBV11-2*02,None,TRBJ1-1*01,1
1153,CASSYGAANAEAFF,TRBV6-6*03,None,TRBJ1-1*01,1
1154,CASSYGAAKTEDFF,TRBV6-6*03,None,TRBJ1-1*01,1
1155,CASSWERFPLNSHLYF,TRBV7-8*03,None,TRBJ1-6*01,1
1156,CASSVGESGGEQYF,TRBV11-2*03,None,TRBJ2-7*01,1
1157,CASSVENRGYTF,TRBV11-3*03,None,TRBJ1-2*01,1
1158,CASSTGGTGLRGEQFF,TRBV19*03,None,TRBJ2-1*01,1
1159,CASSSWTGTGLGYTF,TRBV7-6*02,None,TRBJ1-2*01,1
1160,CASSYGVNTQAFF,TRBV6-6*05,None,TRBJ1-1*01,1
1161,CASSYGVSTEAFF,TRBV6-6*03,None,TRBJ1-1*01,1
1162,CASSQDRRTTDTQYF,TRBV4-2*01,None,TRBJ2-3*01,1
1163,CASSYRAANTEAFF,TRBV6-6*03,None,TRBJ1-1*01,1
1164,CATALGASYEQYF,TRBV2*02,None,TRBJ2-7*01,1
1165,CATAEGTSYEQYF,TRBV2*02,None,TRBJ2-7*01,1
1166,CASTSNPYQETQYF,TRBV7-8*03,None,TRBJ2-5*01,1
1167,CASTSNLYQETQYF,TRBV6-7*01,None,TRBJ2-5*01,1
1168,CASTPVAAGREQYF,TRBV25-1*01,None,TRBJ2-7*01,1
1169,CASTPGAGEREQYF,TRBV25-1*01,None,TRBJ2-7*01,1
1170,CASTPGAAERHQYF,TRBV25-1*01,None,TRBJ2-7*01,1
1171,CASTPGAAEREQYF,TRBV7-9*05,None,TRBJ2-7*01,1
1172,CASTPGAAEREPYF,TRBV25-1*01,None,TRBJ2-7*01,1
1173,CASTPGAAERENYF,TRBV25-1*01,None,TRBJ2-7*01,1
1174,CASTPGAAERELYF,TRBV25-1*01,None,TRBJ2-7*01,1
1175,CASTPGAAERDQYF,TRBV25-1*01,None,TRBJ2-7*01,1
1176,CASTPGAAERAQYF,TRBV25-1*01,None,TRBJ2-7*01,1
1177,CASTLRGTRGYGYTF,TRBV27*01,None,TRBJ1-2*01,1
1178,CASSYWAANTEAFF,TRBV6-6*03,None,TRBJ1-1*01,1
1179,CASSYTGRGSYEQYF,TRBV6-6*03,None,TRBJ2-1*01,1
1180,CASSYTGQWSYEQYF,TRBV6-6*03,None,TRBJ2-7*01,1
1181,CASSYTGQVSYEPYF,TRBV6-6*03,None,TRBJ2-7*01,1
1182,CASSYTGQGSYEQYF,TRBV6-6*02,None,TRBJ2-7*01,1
1183,CASSYTGQGSYEQYF,TRBV6-5*01,None,TRBJ2-7*01,1
1184,CASSYTGQGSYEQYF,TRBV6-3*01,None,TRBJ2-7*01,1
1185,CASSRDRFPVNSPLHF,TRBV7-8*03,None,TRBJ1-6*01,1
1186,CASSPKRETRYF,TRBV18*01,None,TRBJ2-5*01,1
1187,CASSIGGTGLGGEQFF,TRBV19*03,None,TRBJ2-1*01,1
1188,CASSIWGTGLRGEQTF,TRBV19*03,None,TRBJ2-1*01,1
1189,CASSIGVTGLRCEQYF,TRBV19*02,None,TRBJ2-1*01,1
1190,CASSIGVTGLRCEQFF,TRBV19*03,None,TRBJ2-1*01,1
1191,CASSIGSTGLRGQQLF,TRBV19*01,None,TRBJ2-1*01,1
1192,CASSIGSTGLRDEQFF,TRBV19*03,None,TRBJ2-1*01,1
1193,CASSIGNTGLRGEQFF,TRBV19*03,None,TRBJ2-1*01,1
1194,CASSIGGTRLRGEQFF,TRBV19*03,None,TRBJ2-1*01,1
1195,CASSIGGTGSRGEQFF,TRBV19*03,None,TRBJ2-1*01,1
1196,CASSIGGTGLTGEQFF,TRBV19*03,None,TRBJ2-1*01,1
1197,CASSIGGTGLSCEQFF,TRBV19*03,None,TRBJ2-1*01,1
1198,CASSIGGTGLRVEQFF,TRBV19*03,None,TRBJ2-1*01,1
1199,CASSIGGTGLRSEQFF,TRBV19*03,None,TRBJ2-1*01,1
1200,CASSIGGTGLRREQFF,TRBV19*01,None,TRBJ2-1*01,1
1201,CASSIGGTGLRGQKFF,TRBV19*03,None,TRBJ2-1*01,1
1202,CASSIGGTGLRGEQSF,TRBV11-2*02,None,TRBJ2-1*01,1
1203,CASSIGGTGLRGEQIF,TRBV19*02,None,TRBJ2-1*01,1
1204,CASSIGGTGLRGEQFF,TRBV19*01,None,TRBJ2-5*01,1
1205,CASSIGGTGLRGEQCF,TRBV19*03,None,TRBJ2-1*01,1
1206,CASSIGGTGLRGEPFF,TRBV19*03,None,TRBJ2-1*01,1
1207,CASSIGGTGLRGEKFF,TRBV19*03,None,TRBJ2-1*01,1
1208,CASSIGGTGLRCEQFF,TRBV19*03,None,TRBJ2-1*01,1
1209,CASSIGGTGLRAQQFF,TRBV19*02,None,TRBJ2-1*01,1
1210,CASSIRGTGLRGEQFF,TRBV19*01,None,TRBJ2-5*01,1
1211,CASSIWGTGLSCEQFF,TRBV19*01,None,TRBJ2-1*01,1
1212,CASSLVIGGATGYIQYF,TRBV7-9*04,None,TRBJ2-4*01,1
1213,CASSLAATSVTYEQYF,TRBV5-1*01,None,TRBJ2-7*01,1
1214,CASSLVIGGATGDIQYF,TRBV11-1*01,None,TRBJ2-4*01,1
1215,CASSLRVSYEQYF,TRBV13*02,None,TRBJ2-7*01,1
1216,CASSLRGTRGYGYTF,TRBV27*01,None,TRBJ1-2*01,1
1217,CASSLRESGGEQYF,TRBV11-2*03,None,TRBJ2-7*01,1
1218,CASSLGGTGLRSQQFF,TRBV19*03,None,TRBJ2-1*01,1
1219,CASSLGETGGEQYF,TRBV11-2*03,None,TRBJ2-7*01,1
1220,CASSLGESGGEQYF,TRBV7-8*02,None,TRBJ2-7*01,1
1221,CASSLGESGGEHYF,TRBV7-2*04,None,TRBJ2-7*01,1
1222,CASSLGESGAEQFF,TRBV7-2*04,None,TRBJ2-1*01,1
1223,CASSLGASGSPYEQYF,TRBV7-9*02,None,TRBJ2-7*01,1
1224,CASSLGASGPPYEQYF,TRBV7-8*01,None,TRBJ2-7*01,1
1225,CASSLENRVYTF,TRBV7-6*01,None,TRBJ1-2*01,1
1226,CASSLENRRYTF,TRBV11-3*03,None,TRBJ1-2*01,1
1227,CASSLENRGYTF,TRBV7-9*01,None,TRBJ1-2*01,1
1228,CASSLENRGYTF,TRBV18*01,None,TRBJ1-2*01,1
1229,CASSLENRGYPF,TRBV11-3*03,None,TRBJ1-2*01,1
1230,CASSLENRGYIF,TRBV11-3*03,None,TRBJ1-2*01,1
1231,CASSLENRGYAF,TRBV7-9*04,None,TRBJ1-2*01,1
1232,CASSLENRDYTF,TRBV7-9*04,None,TRBJ1-2*01,1
1233,CASSLEHRAYAF,TRBV7-9*04,None,TRBJ2-7*01,1
1234,CASSLDNRGYTF,TRBV4-3*03,None,TRBJ1-2*01,1
1235,CATAQAATFEQYF,TRBV2*02,None,TRBJ2-7*01,1
1236,CATAQETSYEQYF,TRBV13*02,None,TRBJ2-7*01,1
1237,CATAQGASYEQYF,TRBV2*02,None,TRBJ2-7*01,1
1238,CATGEGPPYEQYF,TRBV2*02,None,TRBJ2-7*01,1
1239,CATGEGNSYEQYF,TRBV2*02,None,TRBJ2-7*01,1
1240,CATGEGASYEQYF,TRBV2*02,None,TRBJ2-7*01,1
1241,CATGEETSYEQYF,TRBV2*02,None,TRBJ2-7*01,1
1242,CATGEAASYEQYF,TRBV2*02,None,TRBJ2-7*01,1
1243,CATGDGTSYEQYF,TRBV2*02,None,TRBJ2-7*01,1
1244,CATGDGTSYDQYF,TRBV2*02,None,TRBJ2-7*01,1
1245,CATGDGTPYEKYF,TRBV2*02,None,TRBJ2-7*01,1
1246,CATGDGSSYGQYF,TRBV2*02,None,TRBJ2-7*01,1
1247,CATGAGTSYEQYF,TRBV2*02,None,TRBJ2-7*01,1
1248,CATGAGTSYEQFF,TRBV2*02,None,TRBJ2-7*01,1
1249,CATFQGTSYKQDF,TRBV2*02,None,TRBJ2-7*01,1
1250,CATERGTSYEQYF,TRBV2*02,None,TRBJ2-7*01,1
1251,CATEQVTSYEQYF,TRBV2*02,None,TRBJ2-7*01,1
1252,CATEQGTTYEQYF,TRBV2*02,None,TRBJ2-7*01,1
1253,CATEQGTSYQQYF,TRBV2*02,None,TRBJ2-7*01,1
1254,CATEQGTSYKQYF,TRBV2*02,None,TRBJ2-7*01,1
1255,CATEQGTSYETYF,TRBV2*02,None,TRBJ2-7*01,1
1256,CATEQGTSYEQHF,TRBV2*02,None,TRBJ2-7*01,1
1257,CATEQGTSYEHYF,TRBV2*02,None,TRBJ2-7*01,1
1258,CATEQGTPYEQYF,TRBV2*02,None,TRBJ2-7*01,1
1259,CATEQGTAYEEYF,TRBV13*02,None,TRBJ2-7*01,1
1260,CATGEGNSYVQYF,TRBV2*02,None,TRBJ2-7*01,1
1261,CATGEGPSYEPYF,TRBV2*02,None,TRBJ2-7*01,1
1262,CATAQGISYEQYF,TRBV2*02,None,TRBJ2-7*01,1
1263,CATGEGTAYEQYF,TRBV2*02,None,TRBJ2-7*01,1
1264,CATGHGTPDEQYF,TRBV2*02,None,TRBJ2-7*01,1
1265,CATGHGTLYETYF,TRBV2*02,None,TRBJ2-7*01,1
1266,CATGHGTAYEQYF,TRBV2*02,None,TRBJ2-7*01,1
1267,CATGHGTANEQNF,TRBV2*02,None,TRBJ2-7*01,1
1268,CATGHGSSYGQYF,TRBV24-1*01,None,TRBJ2-7*01,1
1269,CATGHGISYEQYF,TRBV2*02,None,TRBJ2-7*01,1
1270,CATGHETSYKQYF,TRBV13*02,None,TRBJ2-7*01,1
1271,CATGHETSYEKYF,TRBV2*02,None,TRBJ2-7*01,1
1272,CATGHETSYEHYF,TRBV2*02,None,TRBJ2-7*01,1
1273,CATGEWTSCEQYF,TRBV13*02,None,TRBJ2-7*01,1
1274,CATGERTSYEQYF,TRBV24-1*01,None,TRBJ2-7*01,1
1275,CATGEGYSYEQYF,TRBV2*03,None,TRBJ2-7*01,1
1276,CATGEGTYYEKYF,TRBV2*02,None,TRBJ2-7*01,1
1277,CATGEGTSYVQYF,TRBV2*02,None,TRBJ2-7*01,1
1278,CATGEGTSYEQYF,TRBV6-5*01,None,TRBJ2-7*01,1
1279,CATGEGTSYEQYF,TRBV2*03,None,TRBJ2-7*01,1
1280,CATGEGTSYEQDF,TRBV2*02,None,TRBJ2-7*01,1
1281,CATGEGTSYELYF,TRBV2*02,None,TRBJ2-7*01,1
1282,CATGEGTSYEKYF,TRBV24-1*01,None,TRBJ2-7*01,1
1283,CATGEGTSYEKFF,TRBV2*02,None,TRBJ2-7*01,1
1284,CATGEGTSYDQYF,TRBV2*02,None,TRBJ2-7*01,1
1285,CATEQGSSYEQYF,TRBV2*02,None,TRBJ2-7*01,1
1286,CATELGSSYEQYF,TRBV2*02,None,TRBJ2-7*01,1
1287,CATEKGTSYEQYF,TRBV2*02,None,TRBJ2-7*01,1
1288,CATEEGTSYEQYF,TRBV2*02,None,TRBJ2-7*01,1
1289,CATAQGTTYEQYF,TRBV2*02,None,TRBJ2-7*01,1
1290,CATAQGTTYEKYF,TRBV2*02,None,TRBJ2-7*01,1
1291,CATAQGTTSQLYF,TRBV2*02,None,TRBJ2-7*01,1
1292,CATAQGTSYYQYF,TRBV2*02,None,TRBJ2-7*01,1
1293,CATAQGTSYKQYF,TRBV2*02,None,TRBJ2-7*01,1
1294,CATAQGTSYEQYF,TRBV2*01,None,TRBJ2-7*01,1
1295,CATAQGTSYEQYF,TRBV2*01,None,TRBJ1-2*01,1
1296,CATAQGTSYEQHF,TRBV2*02,None,TRBJ2-7*01,1
1297,CATAQGTSYEPYF,TRBV2*02,None,TRBJ2-7*01,1
1298,CATAQGTSYEKYF,TRBV2*02,None,TRBJ2-7*01,1
1299,CATAQGTSYAQYF,TRBV2*02,None,TRBJ2-7*01,1
1300,CATAQGTSSEQYF,TRBV2*03,None,TRBJ2-7*01,1
1301,CATAQGTSSEQYF,TRBV13*02,None,TRBJ2-7*01,1
1302,CATAQGTSSELYF,TRBV2*02,None,TRBJ2-7*01,1
1303,CATAQGTSHEHYF,TRBV2*02,None,TRBJ2-7*01,1
1304,CATAQGTPYEKYF,TRBV2*02,None,TRBJ2-7*01,1
1305,CATAQGTCYEQYF,TRBV13*02,None,TRBJ2-7*01,1
1306,CATAQGTAYVQYF,TRBV2*02,None,TRBJ2-7*01,1
1307,CATAQGSSYEKYF,TRBV2*03,None,TRBJ2-7*01,1
1308,CATAQGNSYVLYF,TRBV2*02,None,TRBJ2-7*01,1
1309,CATAQGNSYEQYF,TRBV2*02,None,TRBJ2-7*01,1
1310,CATAQGTYYVQYF,TRBV2*02,None,TRBJ2-7*01,1
1311,CATAQRTPYEQYF,TRBV2*02,None,TRBJ2-7*01,1
1312,CATAQRTSYDRYF,TRBV2*02,None,TRBJ2-7*01,1
1313,CATCQGTSYELYF,TRBV2*02,None,TRBJ2-7*01,1
1314,CATDQGTTYEQYF,TRBV2*02,None,TRBJ2-7*01,1
1315,CATDQGTSYEQYF,TRBV2*02,None,TRBJ2-7*01,1
1316,CATDQGASYEQYF,TRBV2*02,None,TRBJ2-7*01,1
1317,CATDPGTSYEQYF,TRBV2*02,None,TRBJ2-7*01,1
1318,CATCQWTSYQQYF,TRBV2*02,None,TRBJ2-7*01,1
1319,CATCQWSSYEQYF,TRBV2*02,None,TRBJ2-7*01,1
1320,CATCQGTSYVQYF,TRBV2*02,None,TRBJ2-7*01,1
1321,CATCQGTSYEQYF,TRBV2*03,None,TRBJ2-7*01,1
1322,CATCQGTSYENYF,TRBV2*02,None,TRBJ2-7*01,1
1323,CATCQGTFYEQYF,TRBV2*02,None,TRBJ2-7*01,1
1324,CATAQRTSYEQYF,TRBV13*02,None,TRBJ2-7*01,1
1325,CATCQGLSYHQYF,TRBV2*02,None,TRBJ2-7*01,1
1326,CATCQETSYEQYF,TRBV2*02,None,TRBJ2-7*01,1
1327,CATCLGTSYEQYF,TRBV2*02,None,TRBJ2-7*01,1
1328,CATCHGSSYEQYF,TRBV2*02,None,TRBJ2-7*01,1
1329,CATAVGTSYEQDF,TRBV28*01,None,TRBJ2-7*01,1
1330,CATAQVTSYVQYF,TRBV2*02,None,TRBJ2-7*01,1
1331,CATAQVTSYVQYF,TRBV2*01,None,TRBJ2-7*01,1
1332,CATAQVTSYEKYF,TRBV2*02,None,TRBJ2-7*01,1
1333,CATAQVTSYAQDF,TRBV2*02,None,TRBJ2-7*01,1
1334,CASSIGGTGLRAEQFF,TRBV19*03,None,TRBJ2-1*01,1
1335,CASSIGGTCLRVDQCF,TRBV19*03,None,TRBJ2-1*01,1
1336,CATGHGTSNEQYF,TRBV2*02,None,TRBJ2-7*01,1
1337,CANVQGTSSDQYF,TRBV2*02,None,TRBJ2-7*01,1
1338,CANGQVTSYEQYF,TRBV2*02,None,TRBJ2-7*01,1
1339,CANGQVTSYDQYF,TRBV2*02,None,TRBJ2-7*01,1
1340,CANGQSSSSEQYF,TRBV2*01,None,TRBJ2-7*01,1
1341,CANGQRTSYEQYF,TRBV2*02,None,TRBJ2-7*01,1
1342,CANGQGTYSDQYF,TRBV2*02,None,TRBJ2-7*01,1
1343,CANGQGTSYVQYF,TRBV2*02,None,TRBJ2-7*01,1
1344,CANGQGTSYQQYF,TRBV2*02,None,TRBJ2-7*01,1
1345,CANGQGTSYKQYF,TRBV2*02,None,TRBJ2-7*01,1
1346,CANGQGTSYEQYF,TRBV2*02,None,TRBJ2-1*01,1
1347,CANGQGTSYEQYF,TRBV13*02,None,TRBJ2-7*01,1
1348,CANGQGTSYEQHF,TRBV2*02,None,TRBJ2-7*01,1
1349,CANGQGTSYEQCF,TRBV2*02,None,TRBJ2-7*01,1
1350,CANGQGTSYEKYF,TRBV2*02,None,TRBJ2-7*01,1
1351,CANGQGTPYEQYF,TRBV2*02,None,TRBJ2-7*01,1
1352,CANGQGTCYEQYF,TRBV2*03,None,TRBJ2-7*01,1
1353,CANGQGTAYEQYF,TRBV2*02,None,TRBJ2-7*01,1
1354,CANGQGPSYDLYF,TRBV2*02,None,TRBJ2-7*01,1
1355,CANGQGISYEQYF,TRBV2*02,None,TRBJ2-7*01,1
1356,CANGQATSYDLYF,TRBV2*02,None,TRBJ2-7*01,1
1357,CANGQATPYKPYF,TRBV2*02,None,TRBJ2-7*01,1
1358,CANGQAPSYEQYF,TRBV13*02,None,TRBJ2-7*01,1
1359,CANSIGGQGSSGEQFF,TRBV19*02,None,TRBJ2-1*01,1
1360,CAPGEGTSYEQYF,TRBV2*02,None,TRBJ2-7*01,1
1361,CANGPGTSYERYF,TRBV2*01,None,TRBJ2-7*01,1
1362,CAPGHGTSSAQYF,TRBV2*02,None,TRBJ2-7*01,1
1363,CAPRQGTSYEQYF,TRBV2*02,None,TRBJ2-7*01,1
1364,CAPLDDKIIF,TRBV2*02,None,TRBJ2-1*01,1
1365,CAPGQSTSYAQYF,TRBV2*02,None,TRBJ2-7*01,1
1366,CAPGQRTSYEQYF,TRBV2*02,None,TRBJ2-7*01,1
1367,CAPGQRTPNDQYF,TRBV2*02,None,TRBJ2-7*01,1
1368,CAPGQRPSYEQYF,TRBV2*02,None,TRBJ2-7*01,1
1369,CAPGQGTYNEQYF,TRBV2*02,None,TRBJ2-7*01,1
1370,CAPGQGTTYEQYF,TRBV2*02,None,TRBJ2-7*01,1
1371,CAPGQGTSYSQYF,TRBV13*02,None,TRBJ2-7*01,1
1372,CAPGQGTSYGRYF,TRBV2*02,None,TRBJ2-7*01,1
1373,CAPGQGTSYEQYF,TRBV2*03,None,TRBJ2-7*01,1
1374,CAPGQGTSYEQHF,TRBV2*02,None,TRBJ2-7*01,1
1375,CAPGQGTSYDQYF,TRBV2*02,None,TRBJ2-7*01,1
1376,CAPGQGTPYEQYF,TRBV2*02,None,TRBJ2-7*01,1
1377,CAPGQGPSYEQYF,TRBV2*02,None,TRBJ2-7*01,1
1378,CAPGQGNSYEQYF,TRBV2*02,None,TRBJ2-7*01,1
1379,CAPGQEPSYEQYF,TRBV2*02,None,TRBJ2-7*01,1
1380,CAPGQATSYEQYF,TRBV2*02,None,TRBJ2-7*01,1
1381,CAPGPGTSYEEYF,TRBV2*02,None,TRBJ2-7*01,1
1382,CAPGHGTSYVQYF,TRBV2*02,None,TRBJ2-7*01,1
1383,CAPGHGTSYEQYF,TRBV2*02,None,TRBJ2-7*01,1
1384,CANGQAPSYELYF,TRBV2*02,None,TRBJ2-7*01,1
1385,CANGPGTSYEQYF,TRBV2*02,None,TRBJ2-7*01,1
1386,CASSIGGTCLRGEQFF,TRBV19*03,None,TRBJ2-1*01,1
1387,CAIGQETSSEQYF,TRBV2*02,None,TRBJ2-7*01,1
1388,CAIGHGTSYTQYF,TRBV6-7*01,None,TRBJ2-7*01,1
1389,CAIGHGTSYEQYF,TRBV2*03,None,TRBJ2-7*01,1
1390,CAIGEGTSYEQYF,TRBV2*02,None,TRBJ2-7*01,1
1391,CAIAQGTSYEQYF,TRBV2*02,None,TRBJ2-7*01,1
1392,CAHGQGTSYQQYF,TRBV2*02,None,TRBJ2-7*01,1
1393,CAHGQGTSYEQYF,TRBV2*02,None,TRBJ2-5*01,1
1394,CAHGQGTSHEQYF,TRBV2*02,None,TRBJ2-7*01,1
1395,CAHGQGNDYEQYF,TRBV27*01,None,TRBJ2-7*01,1
1396,CAGQGTSYEQYF,TRBV2*02,None,TRBJ2-7*01,1
1397,CACTTNLYQENHHF,TRBV6-6*03,None,TRBJ2-5*01,1
1398,CACSGDYRNEQFF,TRBV30*05,None,TRBJ2-1*01,1
1399,CACRWDRFPVSYAQHF,TRBV7-8*03,None,TRBJ1-6*01,1
1400,CACGQGTSYEQYF,TRBV2*02,None,TRBJ2-7*01,1
1401,CAAVQGSSYEQYF,TRBV2*02,None,TRBJ2-7*01,1
1402,CAAGQGTSYGQYF,TRBV9*03,None,TRBJ2-7*01,1
1403,CAAGQGTSYEQYF,TRBV2*03,None,TRBJ2-7*01,1
1404,CAAGQGTSNEQYF,TRBV2*02,None,TRBJ2-7*01,1
1405,CAAGQGTAYEQYF,TRBV2*02,None,TRBJ2-7*01,1
1406,CAAGQGSSYEQYF,TRBV2*02,None,TRBJ2-7*01,1
1407,CAAGQGSSYASYF,TRBV2*02,None,TRBJ2-7*01,1
1408,CAAGQGNSYEQYF,TRBV2*02,None,TRBJ2-7*01,1
1409,CAIGPGSSYEQYF,TRBV2*02,None,TRBJ2-7*01,1
1410,CAIGQGNSYDQYF,TRBV2*02,None,TRBJ2-7*01,1
1411,CANAQGTSYVQYF,TRBV2*02,None,TRBJ2-7*01,1
1412,CAIGQGNTYEQYF,TRBV2*02,None,TRBJ2-7*01,1
1413,CANAQGTSYVLYF,TRBV2*02,None,TRBJ2-7*01,1
1414,CANAQATPYEQYF,TRBV2*02,None,TRBJ2-7*01,1
1415,CAKGQGTSYEQYF,TRBV2*02,None,TRBJ2-7*01,1
1416,CAKGQGTSYAQYF,TRBV2*02,None,TRBJ2-7*01,1
1417,CAIVQGTSYEQYF,TRBV2*02,None,TRBJ2-7*01,1
1418,CAITPGAAEREQYF,TRBV25-1*01,None,TRBJ2-7*01,1
1419,CAISIGGTGLRGEQFF,TRBV19*03,None,TRBJ2-1*01,1
1420,CAIRQGTSYEQYF,TRBV2*02,None,TRBJ2-7*01,1
1421,CAIGRGTSYEQYF,TRBV2*02,None,TRBJ2-7*01,1
1422,CAIGQWTSYEQYF,TRBV2*02,None,TRBJ2-7*01,1
1423,CAIGQWTSYEQYF,TRBV13*02,None,TRBJ2-7*01,1
1424,CAIGQWTCYEQYF,TRBV2*02,None,TRBJ2-7*01,1
1425,CAIGQGTVYEQYF,TRBV10-3*01,None,TRBJ2-7*01,1
1426,CAIGQGTSYVQYF,TRBV2*02,None,TRBJ2-7*01,1
1427,CAIGQGTSYQQYF,TRBV2*02,None,TRBJ2-7*01,1
1428,CAIGQGTSYKQYF,TRBV2*02,None,TRBJ2-7*01,1
1429,CAIGQGTSYEQYF,TRBV2*03,None,TRBJ2-7*01,1
1430,CAIGQGTSYEPYF,TRBV2*01,None,TRBJ2-7*01,1
1431,CAIGQGTSYAQYF,TRBV2*02,None,TRBJ2-7*01,1
1432,CAIGQGTAYEQYF,TRBV2*02,None,TRBJ2-7*01,1
1433,CAIGQGSSYEQYF,TRBV2*02,None,TRBJ2-7*01,1
1434,CAPSRGTSYEQYF,TRBV2*02,None,TRBJ2-7*01,1
1435,CARGWDRFPVNSPLHF,TRBV7-8*03,None,TRBJ1-6*01,1
1436,CARMHGTSYEQYF,TRBV2*02,None,TRBJ2-7*01,1
1437,CASRWDRFPVNSPLYF,TRBV7-8*03,None,TRBJ1-6*01,1
1438,CASRWDRFPVNSPLHF,TRBV7-9*04,None,TRBJ1-6*01,1
1439,CASRWDRFPVNSPLHF,TRBV7-8*03,None,TRBJ1-6*02,1
1440,CASRWDRFPVNSPLHF,TRBV7-8*01,None,TRBJ1-6*01,1
1441,CASRWDRFPVNSPLHF,TRBV7-3*04,None,TRBJ1-6*01,1
1442,CASRWDRFPVNSPLHF,TRBV6-6*05,None,TRBJ1-6*01,1
1443,CASRWDRFPVNSPLHF,TRBV11-2*02,None,TRBJ1-6*01,1
1444,CASRWDRFPVNSPIHF,TRBV7-8*03,None,TRBJ1-6*01,1
1445,CASRWDRFPVNSHLHF,TRBV7-8*03,None,TRBJ1-6*01,1
1446,CASRWDRFPVNPPLHF,TRBV7-8*03,None,TRBJ1-6*01,1
1447,CASRWDRFPENSPLHF,TRBV7-8*03,None,TRBJ1-6*01,1
1448,CASRWDRFPANSPLHF,TRBV7-8*03,None,TRBJ1-6*01,1
1449,CASRWDRCPVNSPLHF,TRBV7-8*03,None,TRBJ1-6*01,1
1450,CASRWARFQVNSPLHF,TRBV7-8*03,None,TRBJ1-6*01,1
1451,CASRRDRVPVTAPLHF,TRBV7-3*04,None,TRBJ1-6*01,1
1452,CASRRDRFPVNSPLHF,TRBV7-8*03,None,TRBJ1-6*01,1
1453,CASRPGTSYEQYF,TRBV2*02,None,TRBJ2-7*01,1
1454,CASRLGVSGGEQDF,TRBV7-8*01,None,TRBJ2-7*01,1
1455,CASRLGESGSEQYF,TRBV7-2*04,None,TRBJ2-7*01,1
1456,CASRLGESGGEQYF,TRBV11-2*03,None,TRBJ2-7*01,1
1457,CASRIGITGLRGEQFF,TRBV19*03,None,TRBJ2-1*01,1
1458,CASRIGGTSLRGEQFF,TRBV19*02,None,TRBJ2-1*01,1
1459,CASRWDRFPVNSPLNF,TRBV7-8*03,None,TRBJ1-6*01,1
1460,CASRWDRFPVNSTLHF,TRBV7-8*03,None,TRBJ1-6*01,1
1461,CARNLRGSRGYGYTF,TRBV27*01,None,TRBJ1-2*01,1
1462,CASRWDRVPVNSPLHF,TRBV7-8*03,None,TRBJ1-6*01,1
1463,CASSIGGTCLRDQHLF,TRBV19*01,None,TRBJ2-1*01,1
1464,CASSIGGTALRGEQFF,TRBV19*03,None,TRBJ2-1*01,1
1465,CASSIGGMGLRGEQFF,TRBV19*03,None,TRBJ2-1*01,1
1466,CASSIGCTCLRGEHFF,TRBV19*02,None,TRBJ2-1*01,1
1467,CASSIAGTGLRGEQFF,TRBV19*03,None,TRBJ2-1*01,1
1468,CASSIAGTGLRGEHFF,TRBV19*03,None,TRBJ2-1*01,1
1469,CASSGTEAQGELYRYTF,TRBV28*01,None,TRBJ1-2*01,1
1470,CASSFRAGSYEQYF,TRBV11-3*02,None,TRBJ2-7*01,1
1471,CASSFESGSYQQYF,TRBV11-2*03,None,TRBJ2-7*01,1
1472,CASSDGLNNEAFF,TRBV6-4*02,None,TRBJ1-1*01,1
1473,CASSCGVNTEAFF,TRBV6-6*03,None,TRBJ1-1*01,1
1474,CASSCGAANIEAFF,TRBV6-6*03,None,TRBJ1-1*01,1
1475,CASSCENRGYTF,TRBV7-9*04,None,TRBJ1-2*01,1
1476,CASRYGVNTEAFF,TRBV6-6*05,None,TRBJ1-1*01,1
1477,CASRYGAANTEAFF,TRBV6-6*03,None,TRBJ1-1*01,1
1478,CASRWYRFPENTPLHF,TRBV11-3*01,None,TRBJ1-6*01,1
1479,CASRWVRFPVTSPLHF,TRBV7-8*03,None,TRBJ1-6*02,1
1480,CASRWGRFPVNSPLYF,TRBV7-8*03,None,TRBJ1-6*01,1
1481,CASRWGRFPVNSPLHF,TRBV7-8*03,None,TRBJ1-6*01,1
1482,CASRWERFPVNSPLHF,TRBV7-8*03,None,TRBJ1-6*01,1
1483,CASRWECFPVNSPLHF,TRBV7-8*03,None,TRBJ1-6*01,1
1484,CASRFSSYLATQYF,TRBV6-6*04,None,TRBJ2-1*01,1
1485,CASRDWQGSYNEQFF,TRBV20-1*01,None,TRBJ2-1*01,1
1486,CASNPGAAEREQYF,TRBV25-1*01,None,TRBJ2-7*01,1
1487,CASNLRGTRRYGYTF,TRBV27*01,None,TRBJ1-2*01,1
1488,CASGQGASYEQYF,TRBV2*02,TRBD1*01,TRBJ2-7*01,1
1489,CASGQETSYEQYF,TRBV9*03,None,TRBJ2-7*01,1
1490,CASGPGTSYVQYF,TRBV2*02,None,TRBJ2-7*01,1
1491,CASGHGTPYAQYF,TRBV2*02,None,TRBJ2-7*01,1
1492,CASGERGATETQYF,TRBV10-2*01,None,TRBJ2-5*01,1
1493,CASGEGTSYEQYF,TRBV2*02,None,TRBJ2-7*01,1
1494,CASGEGTAYAKYF,TRBV2*02,None,TRBJ2-7*01,1
1495,CASGEGPSYEQYF,TRBV2*02,None,TRBJ2-7*01,1
1496,CASEQSTSYENNF,TRBV15*02,None,TRBJ2-7*01,1
1497,CASEQGTSYEQYF,TRBV2*02,None,TRBJ2-7*01,1
1498,CASEQGTEYEQYF,TRBV2*02,None,TRBJ2-7*01,1
1499,CASDLRRTRGYGHIF,TRBV27*01,None,TRBJ1-2*01,1
1500,CASDLMVSRVSVYTF,TRBV6-6*04,None,TRBJ1-2*01,1
1501,CASAQGTSYEQYF,TRBV2*02,None,TRBJ2-7*01,1
1502,CARTPGASEREQYF,TRBV25-1*01,None,TRBJ2-7*01,1
1503,CARSYGAANTEAFF,TRBV6-3*01,None,TRBJ1-1*01,1
1504,CARSIGGTRSRGEQFF,TRBV19*03,None,TRBJ2-1*01,1
1505,CARSIGGTGLRGEQIF,TRBV19*03,None,TRBJ2-1*01,1
1506,CARSIGGTGLRGEQFF,TRBV19*03,None,TRBJ2-1*01,1
1507,CARSGEYRNEQFF,TRBV30*04,None,TRBJ2-1*01,1
1508,CARRPLTTYEQYF,TRBV2*03,None,TRBJ2-7*01,1
1509,CASGQGSAYEQYF,TRBV2*02,None,TRBJ2-7*01,1
1510,CASGQGTAYEQYF,TRBV2*02,None,TRBJ2-7*01,1
1511,CASGQGTSCEQYF,TRBV13*02,None,TRBJ2-7*01,1
1512,CASGQRTSYEQYF,TRBV7-9*04,None,TRBJ2-7*01,1
1513,CASNLKGTRGYGYTF,TRBV27*01,None,TRBJ1-2*01,1
1514,CASNIGGTGLRGEQFF,TRBV19*03,None,TRBJ2-1*01,1
1515,CASNFRGTCANGYTF,TRBV27*01,None,TRBJ1-2*01,1
1516,CASKWDRFPVNSPLHF,TRBV7-8*03,None,TRBJ1-6*01,1
1517,CASIWQRFPGNSPLHF,TRBV7-8*03,None,TRBJ1-6*01,1
1518,CASIWDRFPVNSPLHF,TRBV7-8*03,None,TRBJ1-6*01,1
1519,CASGWYSFPVNSPLHF,TRBV7-8*03,None,TRBJ1-6*01,1
1520,CASGRGVSLEQYF,TRBV2*03,None,TRBJ2-7*01,1
1521,CASGQVTVYEQDF,TRBV2*02,None,TRBJ2-7*01,1
1522,CASGQRTSYEQYF,TRBV2*01,None,TRBJ2-7*01,1
1523,CASGQGTSYDQYF,TRBV2*02,None,TRBJ2-7*01,1
1524,CASGQGTYYEQYF,TRBV2*02,None,TRBJ2-7*01,1
1525,CASGQGTSYKEDF,TRBV2*02,None,TRBJ2-7*01,1
1526,CASGQGTSYGQYF,TRBV2*02,None,TRBJ2-7*01,1
1527,CASGQGTSYEQYF,TRBV3-1*01,None,TRBJ2-7*01,1
1528,CASGQGTSYEQYF,TRBV2*03,None,TRBJ2-7*01,1
1529,CASGQGTSYEQNF,TRBV2*02,None,TRBJ2-7*01,1
1530,CASGQGTSYEQHF,TRBV2*02,None,TRBJ2-7*01,1
1531,CASGQGTSYELYF,TRBV2*02,None,TRBJ2-7*01,1
1532,CASGQGTSYEKYF,TRBV2*02,None,TRBJ2-7*01,1
1533,CATGHGTPYEEYF,TRBV2*02,None,TRBJ2-7*01,1
1534,CATGHGTSSEQYF,TRBV2*02,None,TRBJ2-7*01,1
1535,CATGQGTYYEPYF,TRBV2*02,None,TRBJ2-7*01,1
1536,CATGQGTSFEKYF,TRBV2*02,None,TRBJ2-7*01,1
1537,CATGQGTSEEQYF,TRBV2*02,None,TRBJ2-7*01,1
1538,CATGQGTSDQQYF,TRBV2*02,None,TRBJ2-7*01,1
1539,CATGQGTSDEQYF,TRBV6-6*01,None,TRBJ2-7*01,1
1540,CATGQGTSDEQYF,TRBV13*02,None,TRBJ2-7*01,1
1541,CATGQGTSDEQNF,TRBV2*02,None,TRBJ2-7*01,1
1542,CATGQGTSDELYF,TRBV13*02,None,TRBJ2-7*01,1
1543,CATGQGTSDDQYF,TRBV2*03,None,TRBJ2-7*01,1
1544,CATGQGTSCLQYF,TRBV2*02,None,TRBJ2-7*01,1
1545,CATGQGTSCEQHF,TRBV2*02,None,TRBJ2-7*01,1
1546,CATGQGTSCAQYF,TRBV2*02,None,TRBJ2-7*01,1
1547,CATGQGTQYEQYF,TRBV2*02,None,TRBJ2-7*01,1
1548,CATGQGTPYQQYF,TRBV2*02,None,TRBJ2-7*01,1
1549,CATGQGTPYEQYF,TRBV7-3*05,None,TRBJ2-7*01,1
1550,CATGQGTPYEPYF,TRBV2*02,None,TRBJ2-7*01,1
1551,CATGQGTPYELYF,TRBV2*02,None,TRBJ2-7*01,1
1552,CATGQGTPYEKYF,TRBV2*02,None,TRBJ2-7*01,1
1553,CATGQGTPYEHCF,TRBV2*02,None,TRBJ2-7*01,1
1554,CATGQGTPYDQYF,TRBV2*02,None,TRBJ2-7*01,1
1555,CATGQGTPYDQYF,TRBV2*01,None,TRBJ2-7*01,1
1556,CATGQGTPYDLYF,TRBV2*02,None,TRBJ2-7*01,1
1557,CATGQGTPYAKYF,TRBV2*02,None,TRBJ2-7*01,1
1558,CATGQGTSFDQDF,TRBV2*02,None,TRBJ2-7*01,1
1559,CATGQGTSFEPYF,TRBV2*02,None,TRBJ2-7*01,1
1560,CATGQGTPSEQYF,TRBV2*02,None,TRBJ2-7*01,1
1561,CATGQGTSFEQFF,TRBV2*03,None,TRBJ2-7*01,1
1562,CATGQGTSSEQYF,TRBV2*03,None,TRBJ2-7*01,1
1563,CATGQGTSSEQSF,TRBV2*02,None,TRBJ2-7*01,1
1564,CATGQGTSSELYF,TRBV2*02,None,TRBJ2-7*01,1
1565,CATGQGTSSEHYF,TRBV2*02,None,TRBJ2-7*01,1
1566,CATGQGTSSAKYF,TRBV2*02,None,TRBJ2-7*01,1
1567,CATGQGTSNKQYF,TRBV2*02,None,TRBJ2-7*01,1
1568,CATGQGTSNKQSF,TRBV2*02,None,TRBJ2-7*01,1
1569,CATGQGTSNEQYF,TRBV2*03,None,TRBJ2-7*01,1
1570,CATGQGTSNEQYF,TRBV13*02,None,TRBJ2-7*01,1
1571,CATGQGTSNEQNF,TRBV2*02,None,TRBJ2-7*01,1
1572,CATGQGTSNDQYF,TRBV2*02,None,TRBJ2-7*01,1
1573,CATGQGTSHVQYF,TRBV2*03,None,TRBJ2-7*01,1
1574,CATGQGTSHERYF,TRBV2*02,None,TRBJ2-7*01,1
1575,CATGQGTSHEQYF,TRBV2*03,None,TRBJ2-7*01,1
1576,CATGQGTSHEQHF,TRBV2*02,None,TRBJ2-7*01,1
1577,CATGQGTSHEPYF,TRBV2*02,None,TRBJ2-7*01,1
1578,CATGQGTSHDQYF,TRBV2*02,None,TRBJ2-7*01,1
1579,CATGQGTSHDLYF,TRBV2*02,None,TRBJ2-7*01,1
1580,CATGQGTSGEQYF,TRBV2*02,None,TRBJ2-7*01,1
1581,CATGQGTSFEQYF,TRBV12-4*02,None,TRBJ2-7*01,1
1582,CATGQGTSFEQHF,TRBV2*02,None,TRBJ2-7*01,1
1583,CATGQGTPSEQYF,TRBV2*03,None,TRBJ2-7*01,1
1584,CATGQGTPNEQYF,TRBV2*02,None,TRBJ2-7*01,1
1585,CATGQGPWCKQYF,TRBV2*02,None,TRBJ2-7*01,1
1586,CATGQGTASEQYF,TRBV2*02,None,TRBJ2-7*01,1
1587,CATGQGTAHEQYF,TRBV2*02,None,TRBJ2-7*01,1
1588,CATGQGSYYEQYF,TRBV2*02,None,TRBJ2-7*01,1
1589,CATGQGSVYEQYF,TRBV2*02,None,TRBJ2-7*01,1
1590,CATGQGSTYEQYF,TRBV2*02,None,TRBJ2-7*01,1
1591,CATGQGSSYKQYF,TRBV2*02,None,TRBJ2-7*01,1
1592,CATGQGSSYEQYF,TRBV2*03,None,TRBJ2-7*01,1
1593,CATGQGSSYEQYF,TRBV2*02,None,TRBJ2-1*01,1
1594,CATGQGSSYEQYF,TRBV2*01,None,TRBJ2-7*01,1
1595,CATGQGSSYEQYF,TRBV13*02,None,TRBJ2-1*01,1
1596,CATGQGSSYEQCF,TRBV2*02,None,TRBJ2-7*01,1
1597,CATGQGSSYEPYF,TRBV2*02,None,TRBJ2-7*01,1
1598,CATGQGSSSEQYF,TRBV2*02,None,TRBJ2-7*01,1
1599,CATGQGSSNEQYF,TRBV2*02,None,TRBJ2-7*01,1
1600,CATGQGSSHEQFF,TRBV2*03,None,TRBJ1-1*01,1
1601,CATGQGSSFEQYF,TRBV2*02,None,TRBJ2-7*01,1
1602,CATGQGSPYGQYF,TRBV2*02,None,TRBJ2-7*01,1
1603,CATGQGSPYEQYF,TRBV2*02,None,TRBJ2-7*01,1
1604,CATGQGSPYDLYF,TRBV2*02,None,TRBJ2-7*01,1
1605,CATGQGSFYKQYF,TRBV2*02,None,TRBJ2-7*01,1
1606,CATGQGSAYEQYF,TRBV13*02,None,TRBJ2-7*01,1
1607,CATGQGRSYEQYF,TRBV2*02,None,TRBJ2-7*01,1
1608,CATGQGTANEKYF,TRBV2*02,None,TRBJ2-7*01,1
1609,CATGQGTAYDQYF,TRBV24-1*01,None,TRBJ2-7*01,1
1610,CATGQGTPFGQYF,TRBV2*02,None,TRBJ2-7*01,1
1611,CATGQGTAYEEYF,TRBV2*02,None,TRBJ2-7*01,1
1612,CATGQGTPDGQYF,TRBV2*02,None,TRBJ2-7*01,1
1613,CATGQGTLFEQYF,TRBV12-4*02,None,TRBJ2-7*01,1
1614,CATGQGTIYEQYF,TRBV2*02,None,TRBJ2-7*01,1
1615,CATGQGTIYEQYF,TRBV11-2*02,None,TRBJ2-7*01,1
1616,CATGQGTGYEQYF,TRBV2*02,None,TRBJ2-7*01,1
1617,CATGQGTFYVQYF,TRBV2*02,None,TRBJ2-7*01,1
1618,CATGQGTFYVHYF,TRBV2*02,None,TRBJ2-7*01,1
1619,CATGQGTFYEQYF,TRBV2*02,None,TRBJ2-6*01,1
1620,CATGQGTFYEQCF,TRBV2*02,None,TRBJ2-7*01,1
1621,CATGQGTFYEKYF,TRBV2*02,None,TRBJ2-7*01,1
1622,CATGQGTFYDLYF,TRBV2*02,None,TRBJ2-7*01,1
1623,CATGQGTFHEQYF,TRBV2*02,None,TRBJ2-7*01,1
1624,CATGQGTCYEQYF,TRBV6-9*01,None,TRBJ2-7*01,1
1625,CATGQGTCYEQYF,TRBV15*01,None,TRBJ2-7*01,1
1626,CATGQGTAYKQYF,TRBV2*02,None,TRBJ1-6*02,1
1627,CATGQGTAYEQYF,TRBV28*01,None,TRBJ2-7*01,1
1628,CATGQGTAYEQYF,TRBV2*02,None,TRBJ2-5*01,1
1629,CATGQGTAYEQYF,TRBV2*01,None,TRBJ2-7*01,1
1630,CATGQGTAYEQYF,TRBV15*02,None,TRBJ2-7*01,1
1631,CATGQGTAYEQDF,TRBV2*02,None,TRBJ2-7*01,1
1632,CATGQGTAYEKYF,TRBV2*02,None,TRBJ2-7*01,1
1633,CATGQGTSSEQYF,TRBV7-3*05,None,TRBJ2-7*01,1
1634,CATGQGTSSKQYF,TRBV2*02,None,TRBJ2-7*01,1
1635,CATGQGTSSVQYF,TRBV2*02,None,TRBJ1-6*01,1
1636,CATGQGTSYVHYF,TRBV2*02,None,TRBJ2-7*01,1
1637,CATGQGTSYQYF,TRBV2*02,None,TRBJ2-7*01,1
1638,CATGQGTSYQRYF,TRBV2*02,None,TRBJ2-7*01,1
1639,CATGQGTSYQQYF,TRBV6-4*02,None,TRBJ2-7*01,1
1640,CATGQGTSYQQYF,TRBV12-4*02,None,TRBJ2-7*01,1
1641,CATGQGTSYQQHF,TRBV2*02,None,TRBJ2-7*01,1
1642,CATGQGTSYQQDF,TRBV2*02,None,TRBJ2-7*01,1
1643,CATGQGTSYQPYF,TRBV2*02,None,TRBJ2-7*01,1
1644,CATGQGTSYQHYF,TRBV2*02,None,TRBJ2-7*01,1
1645,CATGQGTSYNQYF,TRBV2*02,None,TRBJ1-6*01,1
1646,CATGQGTSYMQYF,TRBV2*02,None,TRBJ2-7*01,1
1647,CATGQGTSYLLYF,TRBV2*02,None,TRBJ2-7*01,1
1648,CATGQGTSYLKYF,TRBV2*02,None,TRBJ2-7*01,1
1649,CATGQGTSYKRYF,TRBV2*02,None,TRBJ2-7*01,1
1650,CATGQGTSYKQYF,TRBV28*01,None,TRBJ2-7*01,1
1651,CATGQGTSYKQYF,TRBV2*02,None,TRBJ1-1*01,1
1652,CATGQGTSYKQHF,TRBV2*02,None,TRBJ2-7*01,1
1653,CATGQGTSYKQCF,TRBV2*02,None,TRBJ2-7*01,1
1654,CATGQGTSYKLYF,TRBV2*02,None,TRBJ2-7*01,1
1655,CATGQGTSYKHYF,TRBV2*02,None,TRBJ2-7*01,1
1656,CATGQGTSYHLYF,TRBV13*02,None,TRBJ2-7*01,1
1657,CATGQGTSYGRYF,TRBV2*02,None,TRBJ2-7*01,1
1658,CATGQGTSYRQYF,TRBV2*02,None,TRBJ2-7*01,1
1659,CATGQGTSYVLYF,TRBV2*02,None,TRBJ2-7*01,1
1660,CATGQGTSSVQYF,TRBV2*02,None,TRBJ2-7*01,1
1661,CATGQGTSYVNYF,TRBV2*02,None,TRBJ2-7*01,1
1662,CATGQGTYSEHYF,TRBV2*02,None,TRBJ2-7*01,1
1663,CATGQGTYNEQYF,TRBV2*02,None,TRBJ2-7*01,1
1664,CATGQGTTYPQYF,TRBV2*02,None,TRBJ2-7*01,1
1665,CATGQGTTYKQYF,TRBV2*02,None,TRBJ2-7*01,1
1666,CATGQGTTYETYF,TRBV2*02,None,TRBJ2-7*01,1
1667,CATGQGTTYEQYF,TRBV6-8*01,None,TRBJ2-7*01,1
1668,CATGQGTTYEQYF,TRBV12-4*02,None,TRBJ2-7*01,1
1669,CATGQGTTYEKYF,TRBV2*03,None,TRBJ2-7*01,1
1670,CATGQGTTYDQYF,TRBV2*03,None,TRBJ2-7*01,1
1671,CATGQGTTYDQSF,TRBV2*02,None,TRBJ2-7*01,1
1672,CATGQGTTSEQYF,TRBV2*02,None,TRBJ2-7*01,1
1673,CATGQGTTHEQYF,TRBV2*02,None,TRBJ2-7*01,1
1674,CATGQGTSYYQYF,TRBV2*03,None,TRBJ2-7*01,1
1675,CATGQGTSYWQYF,TRBV2*03,None,TRBJ2-7*01,1
1676,CATGQGTSYVQYF,TRBV9*01,None,TRBJ2-7*01,1
1677,CATGQGTSYVQYF,TRBV24-1*01,None,TRBJ2-7*01,1
1678,CATGQGTSYVQYF,TRBV2*02,None,TRBJ2-6*01,1
1679,CATGQGTSYVQSF,TRBV2*02,None,TRBJ2-7*01,1
1680,CATGQGTSYVQNF,TRBV2*02,None,TRBJ2-7*01,1
1681,CATGQGTSYVPYF,TRBV2*03,None,TRBJ2-7*01,1
1682,CATGQGTSYVPYF,TRBV2*02,None,TRBJ2-7*01,1
1683,CATGQGTSYGQYF,TRBV12-4*02,None,TRBJ2-7*01,1
1684,CATGQGTSYGQHF,TRBV13*02,None,TRBJ2-7*01,1
1685,CATGQGTSYETYF,TRBV13*02,None,TRBJ2-7*01,1
1686,CATGQGTSYEQYF,TRBV9*02,None,TRBJ2-7*01,1
1687,CATGQGTSYELYF,TRBV2*02,None,TRBJ2-6*01,1
1688,CATGQGTSYELYF,TRBV12-4*02,None,TRBJ2-7*01,1
1689,CATGQGTSYELHF,TRBV2*02,None,TRBJ2-7*01,1
1690,CATGQGTSYELDF,TRBV13*02,None,TRBJ2-7*01,1
1691,CATGQGTSYEKYF,TRBV2*03,None,TRBJ2-7*01,1
1692,CATGQGTSYEKSF,TRBV2*02,None,TRBJ2-7*01,1
1693,CATGQGTSYEKDF,TRBV2*02,None,TRBJ2-7*01,1
1694,CATGQGTSYEHYF,TRBV24-1*01,None,TRBJ2-7*01,1
1695,CAAGPGTSYAQYF,TRBV2*02,None,TRBJ2-7*01,1
1696,CATGQGTSYEHYF,TRBV12-4*02,None,TRBJ2-7*01,1
1697,CATGQGTSYEHNF,TRBV2*02,None,TRBJ2-7*01,1
1698,CATGQGTSYEHDF,TRBV13*02,None,TRBJ2-7*01,1
1699,CATGQGTSYEEYF,TRBV2*02,None,TRBJ1-1*01,1
1700,CATGQGTSYEEHF,TRBV2*02,None,TRBJ2-7*01,1
1701,CATGQGTSYEDHF,TRBV2*02,None,TRBJ2-7*01,1
1702,CATGQGTSYDQYF,TRBV12-4*02,None,TRBJ2-7*01,1
1703,CATGQGTSYDPYF,TRBV2*02,None,TRBJ2-7*01,1
1704,CATGQGTSYDLYF,TRBV13*02,None,TRBJ2-7*01,1
1705,CATGQGTSYDKYF,TRBV2*02,None,TRBJ2-7*01,1
1706,CATGQGTSYAQYF,TRBV2*03,None,TRBJ2-7*01,1
1707,CATGQGTSYAQYF,TRBV13*02,None,TRBJ2-7*01,1
1708,CATGQGTSYEPDF,TRBV2*02,None,TRBJ2-7*01,1
1709,CATGQGTSYEPFF,TRBV24-1*01,None,TRBJ2-7*01,1
1710,CATGQGTSYEPYF,TRBV13*02,None,TRBJ2-7*01,1
1711,CATGQGTSYEQYF,TRBV13*02,None,TRBJ2-5*01,1
1712,CATGQGTSYEQYF,TRBV9*01,None,TRBJ2-7*01,1
1713,CATGQGTSYEQYF,TRBV7-8*03,None,TRBJ2-7*01,1
1714,CATGQGTSYEQYF,TRBV6-4*02,None,TRBJ2-7*01,1
1715,CATGQGTSYEQYF,TRBV3-1*02,None,TRBJ2-7*01,1
1716,CATGQGTSYEQYF,TRBV3-1*01,None,TRBJ2-7*01,1
1717,CATGQGTSYEQYF,TRBV2*02,None,TRBJ2-6*01,1
1718,CATGQGTSYEQYF,TRBV2*02,None,TRBJ2-3*01,1
1719,CATGQGTSYEQYF,TRBV2*01,None,TRBJ1-6*02,1
1720,CATGQGTSYEQYF,TRBV16*03,None,TRBJ2-7*01,1
1721,CATGQGTSYEQYF,TRBV13*02,None,TRBJ1-6*02,1
1722,CATGQGTSYEPYF,TRBV2*03,None,TRBJ2-7*01,1
1723,CATGQGTSYEQYF,TRBV13*02,None,TRBJ1-6*01,1
1724,CATGQGTSYEQYF,TRBV13*01,None,TRBJ2-7*01,1
1725,CATGQGTSYEQSF,TRBV13*02,None,TRBJ2-7*01,1
1726,CATGQGTSYEQNF,TRBV13*02,None,TRBJ2-7*01,1
1727,CATGQGTSYEQKF,TRBV2*02,None,TRBJ2-7*01,1
1728,CATGQGTSYEQFF,TRBV2*02,None,TRBJ2-1*01,1
1729,CATGQGTSYEQDF,TRBV13*02,None,TRBJ2-7*01,1
1730,CATGQGTSYEQCF,TRBV2*03,None,TRBJ2-7*01,1
1731,CATGQGTSYEPYF,TRBV24-1*01,None,TRBJ2-7*01,1
1732,CATGQGPYYEQYF,TRBV2*02,None,TRBJ2-7*01,1
1733,CATGQGPSYVQYF,TRBV13*02,None,TRBJ2-7*01,1
1734,CATGHGTSSGQYF,TRBV2*02,None,TRBJ2-7*01,1
1735,CATGPGTYYEQYF,TRBV2*02,None,TRBJ2-7*01,1
1736,CATGPGTSYVHYF,TRBV2*02,None,TRBJ2-7*01,1
1737,CATGPGTSYQQYF,TRBV2*02,None,TRBJ2-7*01,1
1738,CATGPGTSYEQYF,TRBV2*03,None,TRBJ2-7*01,1
1739,CATGPGTSYEQYF,TRBV13*02,None,TRBJ2-7*01,1
1740,CATGPGTSYEQYF,TRBV12-3*01,None,TRBJ2-7*01,1
1741,CATGPGTSYELDF,TRBV12-4*02,None,TRBJ2-7*01,1
1742,CATGPGTSYEKYF,TRBV2*02,None,TRBJ2-7*01,1
1743,CATGPGTSYDQYF,TRBV2*02,None,TRBJ2-7*01,1
1744,CATGPGTSYAQSF,TRBV2*02,None,TRBJ2-7*01,1
1745,CATGPGTSNEQYF,TRBV2*02,None,TRBJ2-7*01,1
1746,CATGPGTPYEQYF,TRBV2*02,None,TRBJ2-7*01,1
1747,CATGPGPSYKQYF,TRBV2*02,None,TRBJ2-7*01,1
1748,CATGPGISYEQYF,TRBV24-1*01,None,TRBJ2-7*01,1
1749,CATGPGISYEQYF,TRBV2*02,None,TRBJ2-7*01,1
1750,CATGPGASYGHDF,TRBV2*02,None,TRBJ2-7*01,1
1751,CATGPGASYEQYF,TRBV2*02,None,TRBJ2-7*01,1
1752,CATGMWTSYEQYF,TRBV2*02,None,TRBJ2-7*01,1
1753,CATGMGTSYEQYF,TRBV13*02,None,TRBJ2-7*01,1
1754,CATGMGASYAQYF,TRBV2*02,None,TRBJ2-7*01,1
1755,CATGLVTSYEKYF,TRBV2*02,None,TRBJ2-7*01,1
1756,CATGLGTYYEQYF,TRBV2*02,None,TRBJ2-7*01,1
1757,CATGPGTSYVQYF,TRBV2*02,None,TRBJ2-7*01,1
1758,CATGPWTSYEQYF,TRBV2*02,None,TRBJ2-7*01,1
1759,CATGLGTSYGRYF,TRBV2*02,None,TRBJ2-7*01,1
1760,CATGQAASYEQYF,TRBV13*02,None,TRBJ2-7*01,1
1761,CATGQDTSYEQYF,TRBV2*03,None,TRBJ2-7*01,1
1762,CATGQDTSYEQYF,TRBV2*03,None,TRBJ1-6*01,1
1763,CATGQDTSYDQHF,TRBV2*02,None,TRBJ2-7*01,1
1764,CATGQDSAYEQYF,TRBV2*02,None,TRBJ2-7*01,1
1765,CATGQCTSYEQYF,TRBV2*02,None,TRBJ2-7*01,1
1766,CATGQCTSYEKYF,TRBV2*02,None,TRBJ2-7*01,1
1767,CATGQATTYEQYF,TRBV2*02,None,TRBJ2-7*01,1
1768,CATGQATSYVQHF,TRBV2*02,None,TRBJ2-7*01,1
1769,CATGQATSYQQYF,TRBV13*02,None,TRBJ2-7*01,1
1770,CATGQATSYKQYF,TRBV2*02,None,TRBJ2-7*01,1
1771,CATGQATSYHQYF,TRBV2*02,None,TRBJ2-7*01,1
1772,CATGQATSYGQYF,TRBV2*02,None,TRBJ2-7*01,1
1773,CATGQATSSDQYF,TRBV2*02,None,TRBJ2-7*01,1
1774,CATGQATSSAQYF,TRBV13*02,None,TRBJ2-7*01,1
1775,CATGQATSFQQYF,TRBV2*02,None,TRBJ2-7*01,1
1776,CATGQATPYQQYF,TRBV2*02,None,TRBJ2-7*01,1
1777,CATGQATNYEQYF,TRBV2*02,None,TRBJ2-7*01,1
1778,CATGQATFYEQYF,TRBV2*02,None,TRBJ2-7*01,1
1779,CATGQATAYEQYF,TRBV2*02,None,TRBJ2-7*01,1
1780,CATGQASSYELYF,TRBV2*02,None,TRBJ2-7*01,1
1781,CATGQAISYEQYF,TRBV2*02,None,TRBJ2-7*01,1
1782,CATGLGTTYDQYF,TRBV2*02,None,TRBJ2-7*01,1
1783,CATGLGTSYEQYF,TRBV2*02,None,TRBJ1-6*02,1
1784,CATGQGPSYQLYF,TRBV2*02,None,TRBJ2-7*01,1
1785,CATGKGTPYEQYF,TRBV2*02,None,TRBJ2-7*01,1
1786,CATGKGTPYEHHF,TRBV13*02,None,TRBJ1-6*02,1
1787,CATGKGTAYEQYF,TRBV6-6*05,None,TRBJ2-7*01,1
1788,CATGKGSSYEQYF,TRBV2*02,None,TRBJ2-7*01,1
1789,CATGKGSAYEQYF,TRBV2*02,None,TRBJ2-7*01,1
1790,CATGKGNSYEQYF,TRBV2*02,None,TRBJ2-7*01,1
1791,CATGKGISYEQYF,TRBV2*02,None,TRBJ2-7*01,1
1792,CATGKETSYEPYF,TRBV2*02,None,TRBJ2-7*01,1
1793,CATGHVTSYEQYF,TRBV2*02,None,TRBJ2-7*01,1
1794,CATGHVTSYEQYF,TRBV13*02,None,TRBJ2-7*01,1
1795,CATGHVSSYRQYF,TRBV15*02,None,TRBJ2-7*01,1
1796,CATGHRSSYEQYF,TRBV2*02,None,TRBJ2-7*01,1
1797,CATGHMTSYEQYF,TRBV2*02,None,TRBJ2-7*01,1
1798,CATGHGTTYVQYF,TRBV2*02,None,TRBJ2-7*01,1
1799,CATGHGTSYVQYF,TRBV13*02,None,TRBJ2-7*01,1
1800,CATGHGTSYEQYF,TRBV2*02,None,TRBJ1-1*01,1
1801,CATGHGTSYEQSF,TRBV2*02,None,TRBJ2-7*01,1
1802,CATGHGTSYEQHF,TRBV2*02,None,TRBJ2-7*01,1
1803,CATGHGTSYELYF,TRBV2*02,None,TRBJ2-7*01,1
1804,CATGHGTSYEHYF,TRBV2*03,None,TRBJ2-7*01,1
1805,CATGHGTSYEEYF,TRBV2*02,None,TRBJ2-7*01,1
1806,CATGHGTSYDHYF,TRBV2*02,None,TRBJ2-7*01,1
1807,CATGKGTPYEQYF,TRBV13*02,None,TRBJ2-7*01,1
1808,CATGKGTSSQQYF,TRBV2*02,None,TRBJ2-7*01,1
1809,CATGLGTSYEQHF,TRBV3-1*01,None,TRBJ2-7*01,1
1810,CATGKGTSYAQYF,TRBV2*02,None,TRBJ2-7*01,1
1811,CATGLGTSYEHNF,TRBV2*02,None,TRBJ2-7*01,1
1812,CATGLGTSYDQYF,TRBV2*02,None,TRBJ2-7*01,1
1813,CATGLGTSYDQYF,TRBV13*02,None,TRBJ2-7*01,1
1814,CATGLGTSYAQYF,TRBV2*02,None,TRBJ2-7*01,1
1815,CATGLGTSHEQYF,TRBV13*02,None,TRBJ2-3*01,1
1816,CATGLGTCYEHYF,TRBV2*02,None,TRBJ2-7*01,1
1817,CATGLGISYEQYF,TRBV2*02,None,TRBJ2-7*01,1
1818,CATGLGASDEQYF,TRBV2*02,None,TRBJ2-7*01,1
1819,CATGKVTTYEQYF,TRBV2*02,None,TRBJ2-7*01,1
1820,CATGKVTFYEQYF,TRBV6-8*01,None,TRBJ2-7*01,1
1821,CATGKRTYYEQYF,TRBV2*02,None,TRBJ2-7*01,1
1822,CATGKRTPYEKHF,TRBV2*03,None,TRBJ2-7*01,1
1823,CATGKGTYYEQYF,TRBV2*02,None,TRBJ2-7*01,1
1824,CATGKGTTYEQYF,TRBV2*02,None,TRBJ2-7*01,1
1825,CATGKGTSYHQYF,TRBV2*02,None,TRBJ2-7*01,1
1826,CATGKGTSYGQYF,TRBV2*02,None,TRBJ2-7*01,1
1827,CATGKGTSYETYF,TRBV2*02,None,TRBJ2-7*01,1
1828,CATGKGTSYEKYF,TRBV2*02,None,TRBJ2-7*01,1
1829,CATGKGTSYEHYF,TRBV12-4*02,None,TRBJ2-7*01,1
1830,CATGKGTSYDQYF,TRBV28*01,None,TRBJ2-7*01,1
1831,CATGKGTSYDKYF,TRBV2*02,None,TRBJ2-7*01,1
1832,CATGQEPCYEQYF,TRBV2*02,None,TRBJ2-7*01,1
1833,CATGQEPSYEQYF,TRBV2*03,None,TRBJ2-7*01,1
1834,CATGQEPSYVQYF,TRBV13*02,None,TRBJ2-7*01,1
1835,CATGQGNPYEQYF,TRBV2*02,None,TRBJ2-7*01,1
1836,CATGQGMSYEQYF,TRBV2*02,None,TRBJ2-7*01,1
1837,CATGQGMSYEHYF,TRBV2*02,None,TRBJ2-7*01,1
1838,CATGQGMSFEHYF,TRBV2*02,None,TRBJ2-7*01,1
1839,CATGQGMFYEQYF,TRBV2*02,None,TRBJ2-7*01,1
1840,CATGQGKSYEQYF,TRBV2*02,None,TRBJ2-7*01,1
1841,CATGQGKSNEQYF,TRBV2*02,None,TRBJ2-7*01,1
1842,CATGQGIYYEQYF,TRBV11-3*03,None,TRBJ2-7*01,1
1843,CATGQGISYYHYF,TRBV2*02,None,TRBJ2-7*01,1
1844,CATGQGISYQQYF,TRBV2*02,None,TRBJ2-7*01,1
1845,CATGQGISYKQYF,TRBV7-3*05,None,TRBJ2-7*01,1
1846,CATGQGISYKLYF,TRBV2*02,None,TRBJ2-7*01,1
1847,CATGQGISYGQYF,TRBV2*02,None,TRBJ2-7*01,1
1848,CATGQGISYEQYF,TRBV7-3*05,None,TRBJ2-7*01,1
1849,CATGQGISYEQYF,TRBV28*01,None,TRBJ2-7*01,1
1850,CATGQGISYEQYF,TRBV24-1*01,None,TRBJ2-7*01,1
1851,CATGQGISYELYF,TRBV2*02,None,TRBJ2-7*01,1
1852,CATGQGISYEKYF,TRBV2*02,None,TRBJ2-7*01,1
1853,CATGQGISYEHYF,TRBV2*02,None,TRBJ2-7*01,1
1854,CATGQGISYEEYF,TRBV2*02,None,TRBJ2-7*01,1
1855,CATGQGISSKQYF,TRBV2*02,None,TRBJ2-7*01,1
1856,CATGQGISCEQYF,TRBV2*02,None,TRBJ2-7*01,1
1857,CATGQGNCYEQYF,TRBV2*02,None,TRBJ2-7*01,1
1858,CATGQGNSFEQYF,TRBV2*02,None,TRBJ2-7*01,1
1859,CATGQESSYEQYF,TRBV2*02,None,TRBJ2-7*01,1
1860,CATGQGNSYAQYF,TRBV2*02,None,TRBJ2-7*01,1
1861,CATGQGPSYHQYF,TRBV2*02,None,TRBJ2-7*01,1
1862,CATGQGPSYEQYF,TRBV7-9*04,None,TRBJ1-6*02,1
1863,CATGQGPSYEQNF,TRBV2*02,None,TRBJ2-7*01,1
1864,CATGQGPSYEKYF,TRBV2*02,None,TRBJ2-7*01,1
1865,CATGQGPSYEEYF,TRBV2*02,None,TRBJ2-7*01,1
1866,CATGQGPSTEQYF,TRBV2*02,None,TRBJ2-7*01,1
1867,CATGQGPSSQQYF,TRBV2*02,None,TRBJ2-7*01,1
1868,CATGQGPSSEQYF,TRBV2*02,None,TRBJ2-7*01,1
1869,CATGQGPSNTQYF,TRBV2*02,None,TRBJ2-7*01,1
1870,CATGQGPSMEQYF,TRBV2*02,None,TRBJ2-7*01,1
1871,CATGQGPSHEQYF,TRBV2*02,None,TRBJ2-7*01,1
1872,CATGQGPPYEQYF,TRBV2*02,None,TRBJ2-7*01,1
1873,CATGQGPPYEKYF,TRBV13*02,None,TRBJ2-7*01,1
1874,CATGQGNYYEQYF,TRBV2*02,None,TRBJ2-7*01,1
1875,CATGQGNYYEKYF,TRBV2*02,None,TRBJ2-7*01,1
1876,CATGQGNTYEQYF,TRBV2*02,None,TRBJ2-7*01,1
1877,CATGQGNSYVQYF,TRBV2*02,None,TRBJ2-7*01,1
1878,CATGQGNSYVHYF,TRBV2*02,None,TRBJ2-7*01,1
1879,CATGQGNSYGEYF,TRBV2*02,None,TRBJ2-7*01,1
1880,CATGQGNSYEKYF,TRBV2*02,None,TRBJ2-7*01,1
1881,CATGQGNSYDLYF,TRBV13*02,None,TRBJ2-7*01,1
1882,CATGQGIPYEQYF,TRBV2*02,None,TRBJ2-7*01,1
1883,CATGQGICYEQYF,TRBV2*02,None,TRBJ2-7*01,1
1884,CATGQGHSYEQYF,TRBV2*02,None,TRBJ2-7*01,1
1885,CATGQGGSYEKYF,TRBV2*02,None,TRBJ2-7*01,1
1886,CATGQETTYEQYF,TRBV2*02,None,TRBJ2-7*01,1
1887,CATGQETTHEQYF,TRBV2*02,None,TRBJ2-7*01,1
1888,CATGQETSYMQYF,TRBV2*02,None,TRBJ2-7*01,1
1889,CATGQETSYLQYF,TRBV12-4*02,None,TRBJ2-7*01,1
1890,CATGQETSYGQYF,TRBV24-1*01,None,TRBJ2-7*01,1
1891,CATGQETSYGQYF,TRBV2*02,None,TRBJ2-7*01,1
1892,CATGQETSYGHYF,TRBV13*02,None,TRBJ2-7*01,1
1893,CATGQETSYERYF,TRBV2*02,None,TRBJ2-7*01,1
1894,CATGQETSYEQYF,TRBV28*01,None,TRBJ2-7*01,1
1895,CATGQETSYEQYF,TRBV24-1*01,None,TRBJ2-7*01,1
1896,CATGQETSYEQYF,TRBV2*02,None,TRBJ1-1*01,1
1897,CATGQETSYEQYF,TRBV2*01,None,TRBJ2-7*01,1
1898,CATGQETSYEQYF,TRBV12-4*02,None,TRBJ2-7*01,1
1899,CATGQETSYEQHF,TRBV2*02,None,TRBJ2-7*01,1
1900,CATGQETSYEQDF,TRBV13*02,None,TRBJ2-7*01,1
1901,CATGQETSYELYF,TRBV2*02,None,TRBJ2-7*01,1
1902,CATGQETSYEKYF,TRBV2*02,None,TRBJ2-7*01,1
1903,CATGQETSYEEYF,TRBV2*02,None,TRBJ2-7*01,1
1904,CATGQETSYAQYF,TRBV2*02,None,TRBJ2-7*01,1
1905,CATGQETSSVKYF,TRBV2*02,None,TRBJ2-7*01,1
1906,CATGQETFYEQYF,TRBV2*02,None,TRBJ2-7*01,1
1907,CATGQETYYEQYF,TRBV9*03,None,TRBJ2-7*01,1
1908,CATGQGAFYEQYF,TRBV2*02,None,TRBJ2-7*01,1
1909,CATGQGAPYEQYF,TRBV2*02,TRBD1*01,TRBJ2-7*01,1
1910,CATGQGASYEQNF,TRBV2*02,TRBD1*01,TRBJ2-7*01,1
1911,CATGQGFSYEHYF,TRBV2*02,None,TRBJ2-7*01,1
1912,CATGQGDAYEQYF,TRBV2*02,None,TRBJ2-7*01,1
1913,CATGQGCSCEQYF,TRBV13*02,None,TRBJ2-7*01,1
1914,CATGQGAYYEQYF,TRBV2*02,None,TRBJ2-7*01,1
1915,CATGQGASYVQYF,TRBV2*02,TRBD1*01,TRBJ2-7*01,1
1916,CATGQGASYKQYF,TRBV2*02,TRBD1*01,TRBJ2-7*01,1
1917,CATGQGASYERNF,TRBV2*02,None,TRBJ2-7*01,1
1918,CATGQGASYEQYF,TRBV2*03,TRBD1*01,TRBJ2-7*01,1
1919,CATGQGASYEQYF,TRBV13*02,None,TRBJ2-7*01,1
1920,CATGQGASYEQDF,TRBV2*02,TRBD1*01,TRBJ2-7*01,1
1921,CATGQGASSDQYF,TRBV2*02,None,TRBJ2-7*01,1
1922,CATGQGASYEQCF,TRBV2*02,TRBD1*01,TRBJ2-7*01,1
1923,CATGQGASYEPYF,TRBV2*02,None,TRBJ2-7*01,1
1924,CATGQGASYELYF,TRBV2*02,None,TRBJ2-7*01,1
1925,CATGQGASYEHYF,TRBV2*03,TRBD1*01,TRBJ2-7*01,1
1926,CATGQGASYEHYF,TRBV2*02,TRBD1*01,TRBJ2-7*01,1
1927,CATGQGASYDQYF,TRBV2*02,TRBD1*01,TRBJ2-7*01,1
1928,CATGQGASYDQYF,TRBV2*02,None,TRBJ2-7*01,1
1929,CATGQGASSGQYF,TRBV2*03,TRBD1*01,TRBJ2-7*01,1
1930,CATGQGASSEKYF,TRBV2*02,TRBD1*01,TRBJ2-7*01,1
1931,CATGQGTSYEHYF,TRBV2*02,None,TRBJ1-6*01,1
