,CDR3seq,V-region,D-region,J-region,Frequency
1,CASSFVTVSQPQHF,TRBV28*01,None,TRBJ1-5*01,99566
2,CSAISGRSLGWANVLTF,TRBV20-1*06,None,TRBJ2-6*01,32499
3,CSAISGRSLGWANVLTF,TRBV20-1*02,None,TRBJ2-6*01,32202
4,CSAISGRSLGWANVLTF,TRBV20-1*03,None,TRBJ2-6*01,32202
5,CSAISGRSLGWANVLTF,TRBV20-1*05,TRBD2*02,TRBJ2-6*01,274
6,CSAISGRSLGWANVLTF,TRBV20-1*04,TRBD2*02,TRBJ2-6*01,255
7,CSAISGRSLGWANVLTF,TRBV20-1*07,TRBD2*02,TRBJ2-6*01,229
8,CASSFVTVSQPQHF,TRBV6-6*03,None,TRBJ1-5*01,195
9,CAEILLFSGGYNKLIF,TRBV2*02,None,TRBJ1-6*01,193
10,CAEILLFSGGYNKLIF,TRBV2*02,None,TRBJ1-6*02,188
11,CASSFVTVSRPQHF,TRBV28*01,None,TRBJ1-5*01,187
12,CASSFVTVSQTQHF,TRBV28*01,None,TRBJ1-5*01,182
13,CASSFATVSQPQHF,TRBV28*01,None,TRBJ1-5*01,175
14,CAGSFVTVSQPQHF,TRBV28*01,None,TRBJ1-5*01,165
15,CVSSFVTVSQPQHF,TRBV28*01,None,TRBJ1-5*01,153
16,CSAISGRSPGWANVLTF,TRBV20-1*06,None,TRBJ2-6*01,143
17,CASSFITVSQPQHF,TRBV28*01,None,TRBJ1-5*01,140
18,CSAISGRSPGWANVLTF,TRBV20-1*03,None,TRBJ2-6*01,139
19,CASSFVAVSQPQHF,TRBV28*01,None,TRBJ1-5*01,136
20,CASSFVTVSQHQHF,TRBV28*01,None,TRBJ1-5*01,134
21,CASSLVTVSQPQHF,TRBV28*01,None,TRBJ1-5*01,134
22,CASSFVTVSQSQHF,TRBV28*01,None,TRBJ1-5*01,127
23,CASSFVTVSQLQHF,TRBV28*01,None,TRBJ1-5*01,126
24,CASSFVTVSQPQYF,TRBV28*01,None,TRBJ1-5*01,122
25,CSAISGRSPGWANVLTF,TRBV20-1*02,None,TRBJ2-6*01,120
26,CASSFVTVSQPRHF,TRBV28*01,None,TRBJ1-5*01,117
27,CASSFVTVSQPQNF,TRBV28*01,None,TRBJ1-5*01,116
28,CASSFVTVSQAQHF,TRBV28*01,None,TRBJ1-5*01,109
29,CARSFVTVSQPQHF,TRBV28*01,None,TRBJ1-5*01,109
30,CSSSFVTVSQPQHF,TRBV28*01,None,TRBJ1-5*01,107
31,CASSFVTVGQPQHF,TRBV28*01,None,TRBJ1-5*01,101
32,CASSFVTLSQPQHF,TRBV28*01,None,TRBJ1-5*01,100
33,CASSFSVGPTYEQYF,TRBV14*02,None,TRBJ2-7*01,94
34,CANSFVTVSQPQHF,TRBV28*01,None,TRBJ1-5*01,93
35,CASSFVTVSHPQHF,TRBV28*01,None,TRBJ1-5*01,91
36,CASGFVTVSQPQHF,TRBV28*01,None,TRBJ1-5*01,91
37,CASSFVTASQPQHF,TRBV28*01,None,TRBJ1-5*01,86
38,CASSFVTVSKPQHF,TRBV28*01,None,TRBJ1-5*01,85
39,CASSFVTVSQPKHF,TRBV28*01,None,TRBJ1-5*01,85
40,CSAISGRSLGWANVLTF,TRBV20-1*05,None,TRBJ2-6*01,84
41,CASSFVTVRQPQHF,TRBV28*01,None,TRBJ1-5*01,82
42,CSAISGRSLGWANVLTF,TRBV20-1*07,None,TRBJ2-6*01,82
43,CSAVSGRSLGWANVLTF,TRBV20-1*06,None,TRBJ2-6*01,80
44,CSAISGRSLGWANVPTF,TRBV20-1*03,None,TRBJ2-6*01,77
45,CTSSFVTVSQPQHF,TRBV28*01,None,TRBJ1-5*01,76
46,CASSFVTVSQPHHF,TRBV28*01,None,TRBJ1-5*01,76
47,CSAISGRSLGWANVLTF,TRBV20-1*04,None,TRBJ2-6*01,72
48,CSAISGGSLGWANVLTF,TRBV20-1*06,None,TRBJ2-6*01,71
49,CASSSVTVSQPQHF,TRBV28*01,None,TRBJ1-5*01,71
50,CSAISGGSLGWANVLTF,TRBV20-1*02,None,TRBJ2-6*01,69
51,CASSFVTVSQPQRF,TRBV28*01,None,TRBJ1-5*01,69
52,CSAISGRSLGWANVPTF,TRBV20-1*06,None,TRBJ2-6*01,68
53,CSAISGRSLGWANVLTF,TRBV20-1*01,None,TRBJ2-6*01,68
54,CSAISGRSLGWADVLTF,TRBV20-1*06,None,TRBJ2-6*01,66
55,CSAISGRSLGWANVPTF,TRBV20-1*02,None,TRBJ2-6*01,65
56,CSAISGRSLGWVNVLTF,TRBV20-1*06,None,TRBJ2-6*01,64
57,CSAISGGSLGWANVLTF,TRBV20-1*03,None,TRBJ2-6*01,63
58,CASSFVIVSQPQHF,TRBV28*01,None,TRBJ1-5*01,62
59,CSAVSGRSLGWANVLTF,TRBV20-1*02,None,TRBJ2-6*01,61
60,CGAISGRSLGWANVLTF,TRBV20-1*03,None,TRBJ2-6*01,61
61,CASRWDRFPVNSPLHF,TRBV7-8*03,None,TRBJ1-6*01,61
62,CASSFVTVSQPQHF,TRBV25-1*01,None,TRBJ1-5*01,60
63,CASRFVTVSQPQHF,TRBV28*01,None,TRBJ1-5*01,59
64,CASNFVTVSQPQHF,TRBV28*01,None,TRBJ1-5*01,59
65,CGAISGRSLGWANVLTF,TRBV20-1*02,None,TRBJ2-6*01,58
66,CGAISGRSLGWANVLTF,TRBV20-1*06,None,TRBJ2-6*01,58
67,CASSGMEGQGALYGYTF,TRBV28*01,TRBD1*01,TRBJ1-2*01,56
68,CDSSFVTVSQPQHF,TRBV28*01,None,TRBJ1-5*01,55
69,CAISFVTVSQPQHF,TRBV28*01,None,TRBJ1-5*01,55
70,CASSFVKVSQPQHF,TRBV28*01,None,TRBJ1-5*01,54
71,CSAISGRSLGWADVLTF,TRBV20-1*03,None,TRBJ2-6*01,53
72,CASSFVTVNQPQHF,TRBV28*01,None,TRBJ1-5*01,52
73,CSAVSGRSLGWANVLTF,TRBV20-1*03,None,TRBJ2-6*01,51
74,CSAISGRSLGWANVLAF,TRBV20-1*06,None,TRBJ2-6*01,50
75,CSAISGRSLGWADVLTF,TRBV20-1*02,None,TRBJ2-6*01,50
76,CASSFVTVSEPQHF,TRBV28*01,None,TRBJ1-5*01,49
77,CSAISRRSLGWANVLTF,TRBV20-1*06,None,TRBJ2-6*01,49
78,CSATSGRSLGWANVLTF,TRBV20-1*02,TRBD2*02,TRBJ2-6*01,49
79,CASSFVTISQPQHF,TRBV28*01,None,TRBJ1-5*01,49
80,CASSFFTVSQPQHF,TRBV28*01,None,TRBJ1-5*01,48
81,CSAIGGRSLGWANVLTF,TRBV20-1*03,None,TRBJ2-6*01,48
82,CSAISGRSLGWANVLAF,TRBV20-1*03,None,TRBJ2-6*01,48
83,CSAISGRSLGRANVLTF,TRBV20-1*06,None,TRBJ2-6*01,48
84,CSAIGGRSLGWANVLTF,TRBV20-1*02,None,TRBJ2-6*01,47
85,CSAISRRSLGWANVLTF,TRBV20-1*03,None,TRBJ2-6*01,47
86,CSAISGRSLGWVNVLTF,TRBV20-1*02,None,TRBJ2-6*01,46
87,CSAISGRSLGRANVLTF,TRBV20-1*03,None,TRBJ2-6*01,45
88,CSAISGRSLGRANVLTF,TRBV20-1*02,None,TRBJ2-6*01,45
89,CASSFLTVSQPQHF,TRBV28*01,None,TRBJ1-5*01,43
90,CSAISGRSLGWANVLAF,TRBV20-1*02,None,TRBJ2-6*01,42
91,CACSFVTVSQPQHF,TRBV28*01,None,TRBJ1-5*01,42
92,CSAVAGFSYEQYF,TRBV20-1*02,None,TRBJ2-7*01,40
93,CSAISRRSLGWANVLTF,TRBV20-1*02,None,TRBJ2-6*01,39
94,CPSSFVTVSQPQHF,TRBV28*01,None,TRBJ1-5*01,38
95,CSAIGGRSLGWANVLTF,TRBV20-1*06,None,TRBJ2-6*01,38
96,CSAVAGFSYEQYF,TRBV20-1*06,None,TRBJ2-7*01,38
97,CSAVAGFSYEQYF,TRBV20-1*03,None,TRBJ2-7*01,37
98,CSAISERSLGWANVLTF,TRBV20-1*03,None,TRBJ2-6*01,37
99,CSAINGRSLGWANVLTF,TRBV20-1*03,None,TRBJ2-6*01,37
100,CSAISGRSLGWVNVLTF,TRBV20-1*03,None,TRBJ2-6*01,36
101,CSAISGRSLGWAKVLTF,TRBV20-1*06,None,TRBJ2-6*01,36
102,CSATSGRSLGWANVLTF,TRBV20-1*03,TRBD2*02,TRBJ2-6*01,36
103,CSAISGRSLGWASVLTF,TRBV20-1*06,None,TRBJ2-6*01,35
104,CASSFVTVSQPPHF,TRBV28*01,None,TRBJ1-5*01,35
105,CASIFVTVSQPQHF,TRBV28*01,None,TRBJ1-5*01,35
106,CSAISGKSLGWANVLTF,TRBV20-1*03,None,TRBJ2-6*01,33
107,CSAISGRSLCWANVLTF,TRBV20-1*06,None,TRBJ2-6*01,33
108,CSAISGRSLCWANVLTF,TRBV20-1*02,None,TRBJ2-6*01,33
109,CSAISGRSLGWASVLTF,TRBV20-1*03,None,TRBJ2-6*01,33
110,CSATSGRSLGWANVLTF,TRBV20-1*06,TRBD2*02,TRBJ2-6*01,33
111,CSAISERSLGWANVLTF,TRBV20-1*06,None,TRBJ2-6*01,32
112,CSAISGRSLCWANVLTF,TRBV20-1*03,None,TRBJ2-6*01,32
113,CGSSFVTVSQPQHF,TRBV28*01,None,TRBJ1-5*01,32
114,CSAISGRSLDWANVLTF,TRBV20-1*06,None,TRBJ2-6*01,32
115,CASSFVTVSQPQHF,TRBV12-4*02,None,TRBJ1-5*01,32
116,CSAIRGRSLGWANVLTF,TRBV20-1*03,None,TRBJ2-6*01,32
117,CSAIRGRSLGWANVLTF,TRBV20-1*06,None,TRBJ2-6*01,31
118,CSAISGRSLGWDNVLTF,TRBV20-1*06,None,TRBJ2-6*01,31
119,CASSFVTVCQPQHF,TRBV28*01,None,TRBJ1-5*01,31
120,CASSYGAANTEAFF,TRBV6-6*03,None,TRBJ1-1*01,31
121,CASSVVTVSQPQHF,TRBV28*01,None,TRBJ1-5*01,31
122,CSAISGKSLGWANVLTF,TRBV20-1*06,None,TRBJ2-6*01,31
123,CSAISWRSLGWANVLTF,TRBV20-1*06,None,TRBJ2-6*01,30
124,CSAISGRSLGCANVLTF,TRBV20-1*02,None,TRBJ2-6*01,30
125,CSVISGRSLGWANVLTF,TRBV20-1*02,None,TRBJ2-6*01,29
126,CASSFVTVSLPQHF,TRBV28*01,None,TRBJ1-5*01,28
127,CSAISGKSLGWANVLTF,TRBV20-1*02,None,TRBJ2-6*01,28
128,CSAISGRSLGWDNVLTF,TRBV20-1*02,None,TRBJ2-6*01,28
129,CSAISGRSLGWDNVLTF,TRBV20-1*03,None,TRBJ2-6*01,27
130,CSAISGRSLSWANVLTF,TRBV20-1*06,None,TRBJ2-6*01,26
131,CSAINGRSLGWANVLTF,TRBV20-1*02,None,TRBJ2-6*01,26
132,CSAISGRSLGWAKVLTF,TRBV20-1*02,None,TRBJ2-6*01,26
133,CATSFVTVSQPQHF,TRBV28*01,None,TRBJ1-5*01,26
134,CSTISGRSLGWANVLTF,TRBV20-1*03,None,TRBJ2-6*01,25
135,CSTISGRSLGWANVLTF,TRBV20-1*02,None,TRBJ2-6*01,25
136,CSAISGRSLGCANVLTF,TRBV20-1*03,None,TRBJ2-6*01,25
137,CSAISVRSLGWANVLTF,TRBV20-1*02,None,TRBJ2-6*01,25
138,CASSFVTVSQPQQF,TRBV28*01,None,TRBJ1-5*01,25
139,CASSFDTVSQPQHF,TRBV28*01,None,TRBJ1-5*01,24
140,CSAISGRSLGWANVLSF,TRBV20-1*02,None,TRBJ2-6*01,24
141,CSAISGRSLDWANVLTF,TRBV20-1*03,None,TRBJ2-6*01,24
142,CSAISERSLGWANVLTF,TRBV20-1*02,None,TRBJ2-6*01,24
143,CSVISGRSLGWANVLTF,TRBV20-1*03,None,TRBJ2-6*01,24
144,CSAISGRSLSWANVLTF,TRBV20-1*03,None,TRBJ2-6*01,24
145,CSAISGRSLDWANVLTF,TRBV20-1*02,None,TRBJ2-6*01,23
146,CSVISGRSLGWANVLTF,TRBV20-1*06,None,TRBJ2-6*01,23
147,CSAIRGRSLGWANVLTF,TRBV20-1*02,None,TRBJ2-6*01,23
148,CSAISGRSLSWANVLTF,TRBV20-1*02,None,TRBJ2-6*01,23
149,CASSFVTVSQPLHF,TRBV28*01,None,TRBJ1-5*01,23
150,CASSFVTVSPPQHF,TRBV28*01,None,TRBJ1-5*01,23
151,CSAISVRSLGWANVLTF,TRBV20-1*06,None,TRBJ2-6*01,22
152,CSAISGRSLGWANVMTF,TRBV20-1*03,None,TRBJ2-6*01,22
153,CSAISGRFLGWANVLTF,TRBV20-1*02,None,TRBJ2-6*01,22
154,CSAISGRSLGWAKVLTF,TRBV20-1*03,None,TRBJ2-6*01,22
155,CSAISGRALGWANVLTF,TRBV20-1*02,None,TRBJ2-6*01,22
156,CSAISGRSLGWSNVLTF,TRBV20-1*03,None,TRBJ2-6*01,22
157,CASSFVTVIQPQHF,TRBV28*01,None,TRBJ1-5*01,21
158,CSAISWRSLGWANVLTF,TRBV20-1*02,None,TRBJ2-6*01,21
159,CSSISGRSLGWANVLTF,TRBV20-1*03,None,TRBJ2-6*01,21
160,CSAISGRSLGWANVMTF,TRBV20-1*02,None,TRBJ2-6*01,21
161,CSAISGRSLGWANVLNF,TRBV20-1*06,None,TRBJ2-6*01,21
162,CSAISGRSLGWSNVLTF,TRBV20-1*02,None,TRBJ2-6*01,21
163,CSAISVRSLGWANVLTF,TRBV20-1*03,None,TRBJ2-6*01,21
164,CSAISGRSLGWANILTF,TRBV20-1*03,None,TRBJ2-6*01,20
165,CSAISWRSLGWANVLTF,TRBV20-1*03,None,TRBJ2-6*01,20
166,CSAISGRSLGWANILTF,TRBV20-1*02,None,TRBJ2-6*01,20
167,CSAISGRSLGLANVLTF,TRBV20-1*06,None,TRBJ2-6*01,20
168,CSAISGRSLGWANVLSF,TRBV20-1*06,None,TRBJ2-6*01,20
169,CASSCVTVSQPQHF,TRBV28*01,None,TRBJ1-5*01,20
170,CSAISGRSLGWANILTF,TRBV20-1*06,None,TRBJ2-6*01,20
171,CSSISGRSLGWANVLTF,TRBV20-1*06,None,TRBJ2-6*01,19
172,CASSFVTVSQPEHF,TRBV28*01,None,TRBJ1-5*01,19
173,CSTISGRSLGWANVLTF,TRBV20-1*06,None,TRBJ2-6*01,19
174,CSAISGRSLGWASVLTF,TRBV20-1*02,None,TRBJ2-6*01,19
175,CSAISGRSLGWSNVLTF,TRBV20-1*06,None,TRBJ2-6*01,19
176,CASSFVTVSQPQHF,TRBV27*01,None,TRBJ1-5*01,19
177,CASSFVTVSQPQDF,TRBV28*01,None,TRBJ1-5*01,18
178,CSAISGRSLGCANVLTF,TRBV20-1*06,None,TRBJ2-6*01,18
179,CSAISGSSLGWANVLTF,TRBV20-1*06,None,TRBJ2-6*01,18
180,CASSFVRVSQPQHF,TRBV28*01,None,TRBJ1-5*01,18
181,CSAISGRFLGWANVLTF,TRBV20-1*06,None,TRBJ2-6*01,18
182,CSAIIGRSLGWANVLTF,TRBV20-1*06,None,TRBJ2-6*01,18
183,CASSFVTVTQPQHF,TRBV28*01,None,TRBJ1-5*01,18
184,CRAISGRSLGWANVLTF,TRBV20-1*02,None,TRBJ2-6*01,17
185,CSAISGRSLGWANVLNF,TRBV20-1*03,None,TRBJ2-6*01,17
186,CASSFVTVSQRQHF,TRBV28*01,None,TRBJ1-5*01,17
187,CNAISGRSLGWANVLTF,TRBV20-1*03,None,TRBJ2-6*01,16
188,CSAISGRSLGWANVLIF,TRBV20-1*03,None,TRBJ2-6*01,16
189,CASSFVPVSQPQHF,TRBV28*01,None,TRBJ1-5*01,16
190,CSAISGRFLGWANVLTF,TRBV20-1*03,None,TRBJ2-6*01,16
191,CSAISGSSLGWANVLTF,TRBV20-1*03,None,TRBJ2-6*01,16
192,CSAISGRSLGWPNVLTF,TRBV20-1*02,None,TRBJ2-6*01,16
193,CRAISGRSLGWANVLTF,TRBV20-1*06,None,TRBJ2-6*01,16
194,CSAISGRSLGLANVLTF,TRBV20-1*03,None,TRBJ2-6*01,16
195,CSAISGRSLVWANVLTF,TRBV20-1*02,None,TRBJ2-6*01,16
196,CASSFGTVSQPQHF,TRBV28*01,None,TRBJ1-5*01,15
197,CSAISGRSLGWANVLIF,TRBV20-1*02,None,TRBJ2-6*01,15
198,CSAISGRALGWANVLTF,TRBV20-1*06,None,TRBJ2-6*01,15
199,CSVETGSTDTQYF,TRBV29-1*02,None,TRBJ2-3*01,15
200,CRAISGRSLGWANVLTF,TRBV20-1*03,None,TRBJ2-6*01,15
201,CSAISGRSLGWANLLTF,TRBV20-1*06,None,TRBJ2-6*01,15
202,CSSISGRSLGWANVLTF,TRBV20-1*02,None,TRBJ2-6*01,15
203,CSAISGRSLGWANVQTF,TRBV20-1*02,None,TRBJ2-6*01,15
204,CSAISGRSLVWANVLTF,TRBV20-1*03,None,TRBJ2-6*01,14
205,CSAISGRSLGWANVLSF,TRBV20-1*03,None,TRBJ2-6*01,14
206,CASSFVSVSQPQHF,TRBV28*01,None,TRBJ1-5*01,14
207,CSAISGWSLGWANVLTF,TRBV20-1*02,None,TRBJ2-6*01,14
208,CNAISGRSLGWANVLTF,TRBV20-1*02,None,TRBJ2-6*01,14
209,CSAISGRSLGWANVLNF,TRBV20-1*02,None,TRBJ2-6*01,14
210,CSAISGRSLGWANDLTF,TRBV20-1*06,None,TRBJ2-6*01,14
211,CASSQDPEAVYGYTF,TRBV4-3*01,None,TRBJ1-2*01,14
212,CSAINGRSLGWANVLTF,TRBV20-1*06,None,TRBJ2-6*01,14
213,CSAISGRSLGWANVQTF,TRBV20-1*03,None,TRBJ2-6*01,13
214,CSAISGRSLGWANVLIF,TRBV20-1*06,None,TRBJ2-6*01,13
215,CASSFVTVSQPQLF,TRBV28*01,None,TRBJ1-5*01,13
216,CSAISGRSLGWANVQTF,TRBV20-1*06,None,TRBJ2-6*01,13
217,CSAISGRSLVWANVLTF,TRBV20-1*06,None,TRBJ2-6*01,12
218,CASSFVTVSQPQHF,TRBV7-9*04,None,TRBJ1-5*01,12
219,CASCFVTVSQPQHF,TRBV28*01,None,TRBJ1-5*01,12
220,CASSLGESGGEQYF,TRBV7-2*04,None,TRBJ2-7*01,12
221,CSAISGRYLGWANVLTF,TRBV20-1*02,None,TRBJ2-6*01,12
222,CASSIVTVSQPQHF,TRBV28*01,None,TRBJ1-5*01,12
223,CSAISGRSQGWANVLTF,TRBV20-1*03,None,TRBJ2-6*01,12
224,CSAISGMSLGWANVLTF,TRBV20-1*06,None,TRBJ2-6*01,12
225,CSAISGRSLGLANVLTF,TRBV20-1*02,None,TRBJ2-6*01,12
226,CSAISGRALGWANVLTF,TRBV20-1*03,None,TRBJ2-6*01,11
227,CSAISGRSRGWANVLTF,TRBV20-1*02,None,TRBJ2-6*01,11
228,CSAISGRSLGWPNVLTF,TRBV20-1*03,None,TRBJ2-6*01,11
229,CSAISGRYLGWANVLTF,TRBV20-1*06,None,TRBJ2-6*01,11
230,CSASSGRSLGWANVLTF,TRBV20-1*04,None,TRBJ2-6*01,11
231,CSAISGRTLGWANVLTF,TRBV20-1*03,None,TRBJ2-6*01,11
232,CNAISGRSLGWANVLTF,TRBV20-1*06,None,TRBJ2-6*01,11
233,CSAISGMSLGWANVLTF,TRBV20-1*03,None,TRBJ2-6*01,11
234,CSPISGRSLGWANVLTF,TRBV20-1*06,None,TRBJ2-6*01,11
235,CSAISGRSLGWANVMTF,TRBV20-1*06,None,TRBJ2-6*01,10
236,CSAISGRSLGWANLLTF,TRBV20-1*02,None,TRBJ2-6*01,10
237,CASSFVTVSQPQPF,TRBV28*01,None,TRBJ1-5*01,10
238,CSAISGSSLGWANVLTF,TRBV20-1*02,None,TRBJ2-6*01,10
239,CASSFVTVSQPQHF,TRBV12-4*01,None,TRBJ1-5*01,10
240,CSAISGRSLGWGNVLTF,TRBV20-1*06,None,TRBJ2-6*01,10
241,CASSFVTVSQPQHF,TRBV12-3*01,None,TRBJ1-5*01,10
242,CASTFVTVSQPQHF,TRBV28*01,None,TRBJ1-5*01,10
243,CASSLGASGSPYEQYF,TRBV7-9*04,None,TRBJ2-7*01,10
244,CSAISARSLGWANVLTF,TRBV20-1*03,None,TRBJ2-6*01,10
245,CSAISARSLGWANVLTF,TRBV20-1*02,None,TRBJ2-6*01,10
246,CSAISGRSLRWANVLTF,TRBV20-1*06,None,TRBJ2-6*01,9
247,CSASSGRSLGWANVLTF,TRBV20-1*04,TRBD2*02,TRBJ2-6*01,9
248,CSDISGRSLGWANVLTF,TRBV20-1*02,None,TRBJ2-6*01,9
249,CSAISGRSQGWANVLTF,TRBV20-1*06,None,TRBJ2-6*01,9
250,CASSEVSGQPQHF,TRBV6-6*03,None,TRBJ1-5*01,9
251,CSPISGRSLGWANVLTF,TRBV20-1*03,None,TRBJ2-6*01,9
252,CSAISGRSMGWANVLTF,TRBV20-1*02,None,TRBJ2-6*01,9
253,CSAISGRSLGWANDLTF,TRBV20-1*03,None,TRBJ2-6*01,9
254,CSAISGRSMGWANVLTF,TRBV20-1*03,None,TRBJ2-6*01,9
255,CSAISGRSLGWANFLTF,TRBV20-1*03,None,TRBJ2-6*01,8
256,CAEILLFSGGYNKLIF,TRBV2*03,None,TRBJ1-6*02,8
257,CSAISGRSLGWANVVTF,TRBV20-1*06,None,TRBJ2-6*01,8
258,CASRPTGHVYGYTF,TRBV27*01,None,TRBJ1-2*01,8
259,CSAISGTSLGWANVLTF,TRBV20-1*06,None,TRBJ2-6*01,8
260,CSAISGRSLGWAYVLTF,TRBV20-1*06,None,TRBJ2-6*01,8
261,CSPISGRSLGWANVLTF,TRBV20-1*02,None,TRBJ2-6*01,8
262,CSAISGRYLGWANVLTF,TRBV20-1*03,None,TRBJ2-6*01,8
263,CSAISGMSLGWANVLTF,TRBV20-1*02,None,TRBJ2-6*01,8
264,CSAISGRSLGWATVLTF,TRBV20-1*02,None,TRBJ2-6*01,8
265,CSAISGRSLGSANVLTF,TRBV20-1*06,None,TRBJ2-6*01,8
266,CSAISGRSLRWANVLTF,TRBV20-1*02,None,TRBJ2-6*01,8
267,CSAISGRTLGWANVLTF,TRBV20-1*06,None,TRBJ2-6*01,8
268,CSAIIGRSLGWANVLTF,TRBV20-1*02,None,TRBJ2-6*01,8
269,CSAISGRTLGWANVLTF,TRBV20-1*02,None,TRBJ2-6*01,8
270,CSAISGRSLGWGNVLTF,TRBV20-1*03,None,TRBJ2-6*01,8
271,CSAISGRSLGWANLLTF,TRBV20-1*03,None,TRBJ2-6*01,8
272,CSAISARSLGWANVLTF,TRBV20-1*06,None,TRBJ2-6*01,8
273,CSAISGRSLGWPNVLTF,TRBV20-1*06,None,TRBJ2-6*01,8
274,CSAISGRSMGWANVLTF,TRBV20-1*06,None,TRBJ2-6*01,8
275,CSAFSGRSLGWANVLTF,TRBV20-1*03,None,TRBJ2-6*01,7
276,CASSYHANTGELFF,TRBV6-5*01,None,TRBJ2-2*01,7
277,CSAIIGRSLGWANVLTF,TRBV20-1*03,None,TRBJ2-6*01,7
278,CSAISGRSQGWANVLTF,TRBV20-1*02,None,TRBJ2-6*01,7
279,CSAISGRSLAWANVLTF,TRBV20-1*03,None,TRBJ2-6*01,7
280,CSAISGRSLGWANGLTF,TRBV20-1*06,None,TRBJ2-6*01,7
281,CASSFVTESQPQHF,TRBV28*01,None,TRBJ1-5*01,7
282,CSAISGRSVGWANVLTF,TRBV20-1*03,None,TRBJ2-6*01,7
283,CSAICGRSLGWANVLTF,TRBV20-1*06,None,TRBJ2-6*01,7
284,CASSFVTVSQPKNF,TRBV28*01,None,TRBJ1-5*01,7
285,CASRQTQDAYAGELFF,TRBV6-6*03,None,TRBJ2-2*01,7
286,CSAISGRSLGWANFLTF,TRBV20-1*02,None,TRBJ2-6*01,7
287,CSAISGRSLGWANFLTF,TRBV20-1*06,None,TRBJ2-6*01,7
288,CASSYVTVSQPQHF,TRBV28*01,None,TRBJ1-5*01,7
289,CSAISGRSLGWAHVLTF,TRBV20-1*06,None,TRBJ2-6*01,7
290,CSAISGRSLGWANVRTF,TRBV20-1*02,None,TRBJ2-6*01,7
291,CAEILLFSGGYNKLIF,TRBV13*02,None,TRBJ1-6*02,7
292,CTAISGRSLGWANVLTF,TRBV20-1*02,None,TRBJ2-6*01,7
293,CSAFSGRSLGWANVLTF,TRBV20-1*06,None,TRBJ2-6*01,7
294,CSAISGRSLGSANVLTF,TRBV20-1*03,None,TRBJ2-6*01,7
295,CASSPPLHTPSYEQYF,TRBV18*01,None,TRBJ2-7*01,7
296,CASSLSGGLAADEQFF,TRBV4-3*02,TRBD2*02,TRBJ2-1*01,7
297,CSAISGRSLGWANDLTF,TRBV20-1*02,None,TRBJ2-6*01,6
298,CSAISGRSVGWANVLTF,TRBV20-1*06,None,TRBJ2-6*01,6
299,CSAISGRSLGWAIVLTF,TRBV20-1*06,None,TRBJ2-6*01,6
300,CSAISGRSLGWATVLTF,TRBV20-1*06,None,TRBJ2-6*01,6
301,CASSFVTGSQPQHF,TRBV28*01,None,TRBJ1-5*01,6
302,CASSFVTVSQPQHF,TRBV6-6*05,None,TRBJ1-5*01,6
303,CIAISGRSLGWANVLTF,TRBV20-1*03,None,TRBJ2-6*01,6
304,CASSLGASGSPYEQYF,TRBV11-3*03,None,TRBJ2-7*01,6
305,CSGISGRSLGWANVLTF,TRBV20-1*02,None,TRBJ2-6*01,6
306,CASSLGESGGEQYF,TRBV11-3*02,None,TRBJ2-7*01,6
307,CSAISGWSLGWANVLTF,TRBV20-1*06,None,TRBJ2-6*01,6
308,CSAISGRSLGWAYVLTF,TRBV20-1*03,None,TRBJ2-6*01,6
309,CSAICGRSLGWANVLTF,TRBV20-1*02,None,TRBJ2-6*01,6
310,CASSFVTVSQQQHF,TRBV28*01,None,TRBJ1-5*01,6
311,CASRQTQDAYAGELFF,TRBV6-6*05,None,TRBJ2-2*01,6
312,CASSYHANTGELFF,TRBV6-6*02,None,TRBJ2-2*01,6
313,CSDISGRSLGWANVLTF,TRBV20-1*06,None,TRBJ2-6*01,6
314,CIAISGRSLGWANVLTF,TRBV20-1*06,None,TRBJ2-6*01,6
315,CSAISGRSLGSANVLTF,TRBV20-1*02,None,TRBJ2-6*01,5
316,CSAISGTSLGWANVLTF,TRBV20-1*03,None,TRBJ2-6*01,5
317,CSANSGRSLGWANVLTF,TRBV20-1*02,None,TRBJ2-6*01,5
318,CASKPGTSVVDTQYF,TRBV12-4*02,TRBD2*02,TRBJ2-3*01,5
319,CASSFVTVRQPQNF,TRBV28*01,None,TRBJ1-5*01,5
320,CSAISGRSLGWANVLTF,TRBV20-1*06,TRBD2*02,TRBJ2-6*01,5
321,CSAISGRSLRWANVLTF,TRBV20-1*03,None,TRBJ2-6*01,5
322,CASGERGATETQYF,TRBV10-2*01,None,TRBJ2-5*01,5
323,CSALSGRSLGWANVLTF,TRBV20-1*03,None,TRBJ2-6*01,5
324,CSAISGRSRGWANVLTF,TRBV20-1*06,None,TRBJ2-6*01,5
325,CASKPGTSVVDTQYF,TRBV12-4*02,TRBD2*01,TRBJ2-3*01,5
326,CSGISGRSLGWANVLTF,TRBV20-1*06,None,TRBJ2-6*01,5
327,CASGGQNYGYTF,TRBV11-3*03,None,TRBJ1-2*01,5
328,CSAISGRSLGWAIVLTF,TRBV20-1*03,None,TRBJ2-6*01,5
329,CTAISGRSLGWANVLTF,TRBV20-1*03,None,TRBJ2-6*01,5
330,CAEILLFSGGYNKLIF,TRBV2*03,None,TRBJ1-6*01,5
331,CSAISGRSLGWANVVTF,TRBV20-1*03,None,TRBJ2-6*01,5
332,CSAISGRSLGWANVLTF,TRBV20-1*02,TRBD2*02,TRBJ2-6*01,5
333,CSAISGRSLGWATVLTF,TRBV20-1*03,None,TRBJ2-6*01,5
334,CSAISGRSLGWAHVLTF,TRBV20-1*02,None,TRBJ2-6*01,5
335,CASRFVTVSQPQNF,TRBV28*01,None,TRBJ1-5*01,5
336,CSAISGRSLGWANVLTF,TRBV20-1*03,TRBD2*02,TRBJ2-6*01,5
337,CSAISGRSLGWAYVLTF,TRBV20-1*02,None,TRBJ2-6*01,5
338,CSAISGRSLGWANGLTF,TRBV20-1*02,None,TRBJ2-6*01,4
339,CSVDEGRSNTEAFF,TRBV29-1*02,None,TRBJ1-1*01,4
340,CSAITGRSLGWANVLTF,TRBV20-1*06,None,TRBJ2-6*01,4
341,CSAISGRSLAWANVLTF,TRBV20-1*02,None,TRBJ2-6*01,4
342,CASSYHANTGELFF,TRBV6-2*01,None,TRBJ2-2*01,4
343,CSAFSGRSLGWANVLTF,TRBV20-1*02,None,TRBJ2-6*01,4
344,CSAISGRSLGWANVLPF,TRBV20-1*02,None,TRBJ2-6*01,4
345,CASGGQNYGYTF,TRBV7-9*04,None,TRBJ1-2*01,4
346,CSAISGRSLGWANVLPF,TRBV20-1*06,None,TRBJ2-6*01,4
347,CASSYHANTGELFF,TRBV6-6*01,None,TRBJ2-2*01,4
348,CASSYHANTGELFF,TRBV6-6*03,None,TRBJ2-2*01,4
349,CCAISGRSLGWANVLTF,TRBV20-1*03,None,TRBJ2-6*01,4
350,CSAISGRPLGWANVLTF,TRBV20-1*03,None,TRBJ2-6*01,4
351,CSAISGTSLGWANVLTF,TRBV20-1*02,None,TRBJ2-6*01,4
352,CSANSGRSLGWANVLTF,TRBV20-1*03,None,TRBJ2-6*01,4
353,CASSFVTVSQPQHF,TRBV11-1*01,None,TRBJ1-5*01,4
354,CSDISGRSLGWANVLTF,TRBV20-1*03,None,TRBJ2-6*01,4
355,CASSFVTVSQPQHF,TRBV6-7*01,None,TRBJ1-5*01,4
356,CASSLSGGLAADEQFF,TRBV4-3*04,TRBD2*01,TRBJ2-1*01,4
357,CASSLSGGLAADEQFF,TRBV4-3*03,TRBD2*02,TRBJ2-1*01,4
358,CASSFVTVSQLQNF,TRBV28*01,None,TRBJ1-5*01,4
359,CSAISGRSLGWANVVTF,TRBV20-1*02,None,TRBJ2-6*01,4
360,CASSFVTVSQPYHF,TRBV28*01,None,TRBJ1-5*01,4
361,CSANSGRSLGWANVLTF,TRBV20-1*06,None,TRBJ2-6*01,4
362,CASSFVTVSQDQHF,TRBV28*01,None,TRBJ1-5*01,4
363,CSAISGRSLGWANVRTF,TRBV20-1*06,None,TRBJ2-6*01,4
364,CASSFVTVSQPQHF,TRBV7-9*03,None,TRBJ1-5*01,4
365,CSAISGRSLGWANVRTF,TRBV20-1*03,None,TRBJ2-6*01,4
366,CSAMSGRSLGWANVLTF,TRBV20-1*06,None,TRBJ2-6*01,4
367,CASSFVTVSQPQHF,TRBV7-9*07,None,TRBJ1-5*01,4
368,CSAISGRSLGWGNVLTF,TRBV20-1*02,None,TRBJ2-6*01,4
369,CASSFVTVSQTKHF,TRBV28*01,None,TRBJ1-5*01,4
370,CSAISGRCLGWANVLTF,TRBV20-1*03,None,TRBJ2-6*01,4
371,CASSLQTDYNSPLHF,TRBV6-6*03,None,TRBJ1-6*02,4
372,CSALSGRSLGWANVLTF,TRBV20-1*02,None,TRBJ2-6*01,4
373,CASSQDPEAVYGYTF,TRBV4-3*02,None,TRBJ1-2*01,4
374,CSAISGRSLGGANVLTF,TRBV20-1*02,None,TRBJ2-6*01,4
375,CASSFVTVGQAQHF,TRBV28*01,None,TRBJ1-5*01,3
376,CAEILLISGGYNKLIF,TRBV2*02,None,TRBJ1-6*01,3
377,CASSLSGGLAADEQFF,TRBV4-3*04,TRBD2*02,TRBJ2-1*01,3
378,CASSITMTGPEQFF,TRBV27*01,None,TRBJ2-1*01,3
379,CASSFVTVSQPQYF,TRBV6-6*03,None,TRBJ1-5*01,3
380,CSAISGRSLGWTNVLTF,TRBV20-1*02,None,TRBJ2-6*01,3
381,CVSSFATVSQPQHF,TRBV28*01,None,TRBJ1-5*01,3
382,CAEILLFSGCYNKLIF,TRBV2*02,None,TRBJ1-6*02,3
383,CASSFVTVCQLQHF,TRBV28*01,None,TRBJ1-5*01,3
384,CSAISGRSLGWTNVLTF,TRBV20-1*06,None,TRBJ2-6*01,3
385,CASSFVTVSQVQHF,TRBV28*01,None,TRBJ1-5*01,3
386,CASSLRQGGNYEQYF,TRBV27*01,None,TRBJ2-7*01,3
387,CAEILLFSGCYNKLIF,TRBV2*02,None,TRBJ1-6*01,3
388,CASSLSGGLAADEQFF,TRBV4-3*03,TRBD2*01,TRBJ2-1*01,3
389,CASSFVTVSHTQHF,TRBV28*01,None,TRBJ1-5*01,3
390,CASSFVTVSQPQHF,TRBV7-9*01,None,TRBJ1-5*01,3
391,CASSFVTVSQAQYF,TRBV28*01,None,TRBJ1-5*01,3
392,CSAISGRCLGWANVLTF,TRBV20-1*06,None,TRBJ2-6*01,3
393,CASSFVTVSHPHHF,TRBV28*01,None,TRBJ1-5*01,3
394,CSAISGRSRGWANVLTF,TRBV20-1*03,None,TRBJ2-6*01,3
395,CASSQDPEAVYGYTF,TRBV4-3*04,None,TRBJ1-2*01,3
396,CSAISGRSVGWANVLTF,TRBV20-1*02,None,TRBJ2-6*01,3
397,CASSFVTVSEHQHF,TRBV28*01,None,TRBJ1-5*01,3
398,CSAISGRCLGWANVLTF,TRBV20-1*02,None,TRBJ2-6*01,3
399,CASSFVTVSQAQHF,TRBV6-6*03,None,TRBJ1-5*01,3
400,CASSFVTVSQAQNF,TRBV28*01,None,TRBJ1-5*01,3
401,CASSFVTVRQTQHF,TRBV28*01,None,TRBJ1-5*01,3
402,CSAIGGRSLGWANVLTF,TRBV20-1*04,None,TRBJ2-6*01,3
403,CASSLTGVEQFF,TRBV11-2*03,None,TRBJ2-1*01,3
404,CASSMDRPGVETQYF,TRBV19*03,None,TRBJ2-5*01,3
405,CARSFVTVRQPQHF,TRBV28*01,None,TRBJ1-5*01,3
406,CASSFVTVSQLHHF,TRBV28*01,None,TRBJ1-5*01,3
407,CASSFVTVNQPHHF,TRBV28*01,None,TRBJ1-5*01,3
408,CASSYGAANTEAFF,TRBV6-6*05,None,TRBJ1-1*01,3
409,CASSFVTVSQPHNF,TRBV28*01,None,TRBJ1-5*01,3
410,CAGSFVTVSQPQYF,TRBV28*01,None,TRBJ1-5*01,3
411,CAMSFVTVSQPQHF,TRBV28*01,None,TRBJ1-5*01,3
412,CASSFVTVSQPQHF,TRBV11-3*03,None,TRBJ1-5*01,3
413,CTSSFVTVSQPKHF,TRBV28*01,None,TRBJ1-5*01,3
414,CSAISGRSLAWANVLTF,TRBV20-1*06,None,TRBJ2-6*01,3
415,CSAICGRSLGWANVLTF,TRBV20-1*03,None,TRBJ2-6*01,3
416,CCAISGRSLGWANVLTF,TRBV20-1*02,None,TRBJ2-6*01,3
417,CSAISGRSLDWAKVLTF,TRBV20-1*06,None,TRBJ2-6*01,3
418,CASSFASVSQPQHF,TRBV28*01,None,TRBJ1-5*01,3
419,CASSFSVGPTYKQYF,TRBV14*02,None,TRBJ2-7*01,3
420,CSMETGSTDTQYF,TRBV29-1*02,None,TRBJ2-3*01,3
421,CSSSFDTVSQPQHF,TRBV28*01,None,TRBJ1-5*01,3
422,CSSRFVTVSQPQHF,TRBV28*01,None,TRBJ1-5*01,3
423,CCAISGRSLGWANVLTF,TRBV20-1*06,None,TRBJ2-6*01,3
424,CSAISGRSLGGANVLTF,TRBV20-1*06,None,TRBJ2-6*01,3
425,CIAISGRSLGWANVLTF,TRBV20-1*02,None,TRBJ2-6*01,3
426,CASSFVAVSQTQHF,TRBV28*01,None,TRBJ1-5*01,3
427,CTAISGRSLGWANVLTF,TRBV20-1*06,None,TRBJ2-6*01,2
428,CASSFVTVSQHQYF,TRBV28*01,None,TRBJ1-5*01,2
429,CASSLVTVSQAQHF,TRBV28*01,None,TRBJ1-5*01,2
430,CASSFLTVSQTQHF,TRBV28*01,None,TRBJ1-5*01,2
431,CASRFVTLSQPQHF,TRBV28*01,None,TRBJ1-5*01,2
432,CSAISGRSLSWVNVLTF,TRBV20-1*03,None,TRBJ2-6*01,2
433,CAISFVTVSQPQNF,TRBV28*01,None,TRBJ1-5*01,2
434,CASSFVTVSQLQHF,TRBV6-6*03,None,TRBJ1-5*01,2
435,CAISFVTVSQHQHF,TRBV28*01,None,TRBJ1-5*01,2
436,CASSLVTVSQTQHF,TRBV28*01,None,TRBJ1-5*01,2
437,CASSFITVSQTQHF,TRBV28*01,None,TRBJ1-5*01,2
438,CAISFVTVSQPHHF,TRBV28*01,None,TRBJ1-5*01,2
439,CSAISGRSLGWAHVLTF,TRBV20-1*03,None,TRBJ2-6*01,2
440,CSAISGRSLDWAKVLTF,TRBV20-1*03,None,TRBJ2-6*01,2
441,CASSFLTVSQHQHF,TRBV28*01,None,TRBJ1-5*01,2
442,CSAISGRSLGWAIVLTF,TRBV20-1*02,None,TRBJ2-6*01,2
443,CASCFVTVSKPQHF,TRBV28*01,None,TRBJ1-5*01,2
444,CGAISGRSLGWANVLTF,TRBV20-1*05,TRBD2*02,TRBJ2-6*01,2
445,CASSFVTVSQPQHF,TRBV11-2*02,None,TRBJ1-5*01,2
446,CSAISGRSLGWAKVLTF,TRBV20-1*04,TRBD2*02,TRBJ2-6*01,2
447,CASSFVTVSHAQHF,TRBV28*01,None,TRBJ1-5*01,2
448,CASSFVTVSHHQHF,TRBV28*01,None,TRBJ1-5*01,2
449,CARRFVTVSQPQHF,TRBV28*01,None,TRBJ1-5*01,2
450,CASSFVTVSHPKHF,TRBV28*01,None,TRBJ1-5*01,2
451,CSVISGRSLCCANVLTF,TRBV20-1*03,None,TRBJ2-6*01,2
452,CSAISGRSLGWANVPTF,TRBV20-1*05,TRBD2*02,TRBJ2-6*01,2
453,CASSFVTVSHRQHF,TRBV28*01,None,TRBJ1-5*01,2
454,CPSSFVTVSQPRHF,TRBV28*01,None,TRBJ1-5*01,2
455,CASSSVTVSQHQHF,TRBV28*01,None,TRBJ1-5*01,2
456,CSAISGRSPGWANVLTF,TRBV20-1*05,TRBD2*02,TRBJ2-6*01,2
457,CSVISRRSLGWANVLTF,TRBV20-1*02,None,TRBJ2-6*01,2
458,CASSFVTVSKPQNF,TRBV28*01,None,TRBJ1-5*01,2
459,CASSFVTVSKPQQF,TRBV28*01,None,TRBJ1-5*01,2
460,CASSFVTVSKPQYF,TRBV28*01,None,TRBJ1-5*01,2
461,CASSFVTVSKPRHF,TRBV28*01,None,TRBJ1-5*01,2
462,CASRCVTVSQPQHF,TRBV28*01,None,TRBJ1-5*01,2
463,CASSQDPEAVYGYTF,TRBV4-3*03,None,TRBJ1-2*01,2
464,CSALSGRSLGWANVLTF,TRBV20-1*06,None,TRBJ2-6*01,2
465,CSAISGRSMGWANVLTF,TRBV20-1*07,None,TRBJ2-6*01,2
466,CAGSFVTVSQTQHF,TRBV28*01,None,TRBJ1-5*01,2
467,CSAISGRSLGWASVPTF,TRBV20-1*02,None,TRBJ2-6*01,2
468,CSATSGRSLDWANVLTF,TRBV20-1*02,TRBD2*02,TRBJ2-6*01,2
469,CSAIRGRSLGWANVLTF,TRBV20-1*01,None,TRBJ2-6*01,2
470,CASSLSGGLAADEQFF,TRBV4-3*02,TRBD2*01,TRBJ2-1*01,2
471,CASSFVTVSQTLHF,TRBV28*01,None,TRBJ1-5*01,2
472,CSAISGRSLGWSNVLTF,TRBV20-1*07,None,TRBJ2-6*01,2
473,CASSFVTVSQTRHF,TRBV28*01,None,TRBJ1-5*01,2
474,CASSFVTVSRHQHF,TRBV28*01,None,TRBJ1-5*01,2
475,CSAISGRSLGGANVLTF,TRBV20-1*03,None,TRBJ2-6*01,2
476,CVSSFVTVRQPQHF,TRBV28*01,None,TRBJ1-5*01,2
477,CASSFVTVTQPQNF,TRBV28*01,None,TRBJ1-5*01,2
478,CVSSFVTVSQPQRF,TRBV28*01,None,TRBJ1-5*01,2
479,CVSSFVTVSQTQHF,TRBV28*01,None,TRBJ1-5*01,2
480,CSAISCRSLGWANVLTF,TRBV20-1*02,None,TRBJ2-6*01,2
481,CVVSSGGYNKLIF,TRBV20-1*03,None,TRBJ1-6*01,2
482,CASRYSSTGELFF,TRBV28*01,None,TRBJ2-2*01,2
483,CASRWYRFPVNSPLHF,TRBV7-8*03,None,TRBJ1-6*01,2
484,CASSIVTVSKPQHF,TRBV28*01,None,TRBJ1-5*01,2
485,CVVSSGGYNKLIF,TRBV20-1*03,None,TRBJ1-6*02,2
486,CASRWNRFPVNSPLHF,TRBV7-8*03,None,TRBJ1-6*01,2
487,CASSLGESGGEQYF,TRBV11-2*03,None,TRBJ2-7*01,2
488,CSGISGRSLGWANVLTF,TRBV20-1*03,None,TRBJ2-6*01,2
489,CASRWDRFAVNSPLRF,TRBV7-8*03,None,TRBJ1-6*01,2
490,CSAISGRSLGWTNDLTF,TRBV20-1*06,None,TRBJ2-6*01,2
491,CSAISGRSLGLANVLTF,TRBV20-1*04,None,TRBJ2-6*01,2
492,CVCSFVTVSQPQHF,TRBV28*01,None,TRBJ1-5*01,2
493,CSAITGRSLGWANVLTF,TRBV20-1*03,None,TRBJ2-6*01,2
494,CSAIRGRSLGWANVLTF,TRBV20-1*05,None,TRBJ2-6*01,2
495,CTSSFVTVSQPHHF,TRBV28*01,None,TRBJ1-5*01,2
496,CASRFVTVSQPTHF,TRBV28*01,None,TRBJ1-5*01,2
497,CASSLSVGPTYEQYF,TRBV14*02,None,TRBJ2-7*01,2
498,CASSFFTVSQPKHF,TRBV28*01,None,TRBJ1-5*01,2
499,CSAISGRSLFWANVLTF,TRBV20-1*03,None,TRBJ2-6*01,2
500,CSAISGRSLGLSNVLTF,TRBV20-1*03,None,TRBJ2-6*01,2
501,CASSFVTVSQPQSF,TRBV28*01,None,TRBJ1-5*01,2
502,CSAISGRSLGWTNVLTF,TRBV20-1*03,None,TRBJ2-6*01,2
503,CSAISGRSLGWVNVLTF,TRBV20-1*07,TRBD2*02,TRBJ2-6*01,2
504,CASSFATVSQPQYF,TRBV28*01,None,TRBJ1-5*01,2
505,CASSFATVSQPQNF,TRBV28*01,None,TRBJ1-5*01,2
506,CSMETGSTDTQYF,TRBV29-1*03,None,TRBJ2-3*01,2
507,CASSFVTVSQPTHF,TRBV28*01,None,TRBJ1-5*01,2
508,CASRVVTVSQPQHF,TRBV28*01,None,TRBJ1-5*01,2
509,CSAISGRSLGWVNALTF,TRBV20-1*06,None,TRBJ2-6*01,2
510,CSAISGRSLGCANVLTF,TRBV20-1*01,None,TRBJ2-6*01,2
511,CSAISGRSLGWANALTF,TRBV20-1*06,None,TRBJ2-6*01,2
512,CTAISGRSLGWANVLNF,TRBV20-1*06,None,TRBJ2-6*01,2
513,CASSFVRVSQPQYF,TRBV28*01,None,TRBJ1-5*01,2
514,CSSSSVTVSQPQHF,TRBV28*01,None,TRBJ1-5*01,2
515,CAVSFVTVSQPQHF,TRBV28*01,None,TRBJ1-5*01,2
516,CRAISGRSLGWANVLTF,TRBV20-1*07,None,TRBJ2-6*01,2
517,CASSYHANTGELFF,TRBV6-3*01,None,TRBJ2-2*01,2
518,CSAISGRSLCWANVLTF,TRBV20-1*04,TRBD2*02,TRBJ2-6*01,2
519,CASIFVTVSQAQHF,TRBV28*01,None,TRBJ1-5*01,2
520,CSAISGRSLGWANGLTF,TRBV20-1*03,None,TRBJ2-6*01,2
521,CSAISGRSLGCSNVLTF,TRBV20-1*03,None,TRBJ2-6*01,2
522,CSAISGRSLGWANVLTF,TRBV20-1*02,None,TRBJ2-7*01,2
523,CASSFVPVSQLQHF,TRBV28*01,None,TRBJ1-5*01,2
524,CASSYGAANTEAFF,TRBV6-6*02,None,TRBJ1-1*01,2
525,CASSFVTVNQPKHF,TRBV28*01,None,TRBJ1-5*01,2
526,CSAISGRPLGWANVLTF,TRBV20-1*06,None,TRBJ2-6*01,2
527,CASSFVTVNQPQNF,TRBV28*01,None,TRBJ1-5*01,2
528,CCSSFVTVSQPQHF,TRBV28*01,None,TRBJ1-5*01,2
529,CASSYHANTGELFF,TRBV6-6*04,None,TRBJ2-2*01,2
530,CARSFVTVSQHQHF,TRBV28*01,None,TRBJ1-5*01,2
531,CASSFVTVRQHQHF,TRBV28*01,None,TRBJ1-5*01,2
532,CSAISGRSLALANVLTF,TRBV20-1*06,None,TRBJ2-6*01,2
533,CASSFVTESQSQHF,TRBV28*01,None,TRBJ1-5*01,2
534,CSSSFVTLSQPQHF,TRBV28*01,None,TRBJ1-5*01,2
535,CATRFVTVSQPQHF,TRBV28*01,None,TRBJ1-5*01,2
536,CASSFVTLSKPQHF,TRBV28*01,None,TRBJ1-5*01,2
537,CASSFVTLSQPKHF,TRBV28*01,None,TRBJ1-5*01,2
538,CSAISGWSLGWANVLTF,TRBV20-1*03,None,TRBJ2-6*01,2
539,CASSFVTASQPQHF,TRBV6-6*03,None,TRBJ1-5*01,2
540,CARSFVTVSQPPHF,TRBV28*01,None,TRBJ1-5*01,2
541,CSAISGRSLGWANVLPF,TRBV20-1*03,None,TRBJ2-6*01,2
542,CASSFVTLTQPQHF,TRBV28*01,None,TRBJ1-5*01,2
543,CSSSFFTVSQPQHF,TRBV28*01,None,TRBJ1-5*01,2
544,CASSFVTVCHPQHF,TRBV28*01,None,TRBJ1-5*01,2
545,CASSFVTVGQHQHF,TRBV28*01,None,TRBJ1-5*01,2
546,CSSSFVTVSQPQNF,TRBV28*01,None,TRBJ1-5*01,2
547,CASSVVTVSQTQHF,TRBV28*01,None,TRBJ1-5*01,2
548,CDSSFVTVSQHQHF,TRBV28*01,None,TRBJ1-5*01,2
549,CASSFVTVSDPQHF,TRBV28*01,None,TRBJ1-5*01,2
550,CASSFVTVRQPKHF,TRBV28*01,None,TRBJ1-5*01,2
551,CSAIGGRSLDWANVLTF,TRBV20-1*03,None,TRBJ2-6*01,2
552,CSAISGRSLGWANVLSF,TRBV20-1*01,None,TRBJ2-7*01,1
553,CSAISGRSLGLANVQTF,TRBV20-1*02,None,TRBJ2-6*01,1
554,CSAISGRSLGCANVHTF,TRBV20-1*02,None,TRBJ2-6*01,1
555,CSAISGGSLGWANDLTF,TRBV20-1*03,None,TRBJ2-6*01,1
556,CSAISGRSLCWANVLTF,TRBV20-1*01,None,TRBJ2-6*01,1
557,CSAISGRSLGWANILTF,TRBV20-1*07,TRBD2*02,TRBJ2-6*01,1
558,CSAISGRSLCWANVLNF,TRBV20-1*07,TRBD2*02,TRBJ2-6*01,1
559,CSAISGRGLGSANGQTF,TRBV29-1*03,None,TRBJ2-6*01,1
560,CSAISGRPLGSANVLTF,TRBV20-1*06,None,TRBJ2-6*01,1
561,CSAISGRSLCWANVRSF,TRBV20-1*05,None,TRBJ2-6*01,1
562,CSAISGRSLGWANILTF,TRBV20-1*04,TRBD2*02,TRBJ2-6*01,1
563,CSAISGRSLGLANVLTF,TRBV20-1*04,TRBD2*02,TRBJ2-6*01,1
564,CSAISGRSLGWANVINF,TRBV20-1*06,None,TRBJ2-6*01,1
565,CSAISGRSLCWSKVLTF,TRBV20-1*06,None,TRBJ2-6*01,1
566,CSAISGRSLGWANDLNF,TRBV20-1*02,None,TRBJ2-6*01,1
567,CSAISGGSLGWANALTF,TRBV20-1*03,None,TRBJ2-6*01,1
568,CSAISGRSLCWANVLNF,TRBV20-1*06,None,TRBJ2-6*01,1
569,CSAISGRSLGWANVMTF,TRBV20-1*04,TRBD2*02,TRBJ2-6*01,1
570,CSAISGRSLGLANVQTF,TRBV20-1*03,None,TRBJ2-6*01,1
571,CSAISGRSLAGDYALTF,TRBV20-1*03,None,TRBJ2-6*01,1
572,CSAISGRSLGCAKLLTF,TRBV20-1*04,TRBD2*02,TRBJ2-6*01,1
573,CSAISGRSLGWANVMTF,TRBV20-1*04,None,TRBJ2-6*01,1
574,CSAISGRSLGWDNVLTF,TRBV20-1*07,TRBD2*02,TRBJ2-6*01,1
575,CSAISGRPPGWANVLTF,TRBV20-1*06,None,TRBJ2-6*01,1
576,CSAISGRSLGRANVLTF,TRBV20-1*06,TRBD2*02,TRBJ2-6*01,1
577,CSAISGRPVVWANVLTF,TRBV20-1*03,None,TRBJ2-6*01,1
578,CSAISGRSLGRANVLTF,TRBV20-1*04,None,TRBJ2-6*01,1
579,CSAISGMCMAWANVLTF,TRBV20-1*06,None,TRBJ2-6*01,1
580,CSAISGKSLRWANAVTF,TRBV20-1*07,None,TRBJ2-6*01,1
581,CSAISGRSLGWANVLSF,TRBV20-1*05,None,TRBJ2-6*01,1
582,CSAISGKSLGWDNVQTF,TRBV20-1*03,None,TRBJ2-6*01,1
583,CSAISGRSIGWDNILTF,TRBV20-1*06,None,TRBJ2-6*01,1
584,CSAISGKSLGWANVLTF,TRBV20-1*04,None,TRBJ2-6*01,1
585,CSAISGRSLGLSNVLTF,TRBV20-1*02,None,TRBJ2-6*01,1
586,CSAISGRSLGLSNLLTF,TRBV20-1*06,None,TRBJ2-6*01,1
587,CSAISGRFLSWDNVMTF,TRBV20-1*06,None,TRBJ2-6*01,1
588,CSAISGRSLGWANILTF,TRBV20-1*04,None,TRBJ2-6*01,1
589,CSAISGRSLGWANVLNF,TRBV20-1*05,TRBD2*02,TRBJ2-6*01,1
590,CSAISGRSLAWANVLPF,TRBV20-1*02,None,TRBJ2-6*01,1
591,CSAISGRSLGCANVLTF,TRBV20-1*07,TRBD2*02,TRBJ2-6*01,1
592,CSAISGRSLGWANVLIF,TRBV20-1*05,TRBD2*02,TRBJ2-6*01,1
593,CSAISGGSLAWANVLTF,TRBV20-1*02,None,TRBJ2-6*01,1
594,CSAISGRPLAWANVLTF,TRBV20-1*07,None,TRBJ2-6*01,1
595,CSAISGRSLGWANVLIF,TRBV20-1*07,TRBD2*02,TRBJ2-6*01,1
596,CSAISGRSLGWANDLMF,TRBV20-1*03,None,TRBJ2-6*01,1
597,CSAISGRSLAWANVLTF,TRBV20-1*05,TRBD2*02,TRBJ2-6*01,1
598,CSAISGRSLGWDNVLTF,TRBV20-1*04,TRBD2*02,TRBJ2-6*01,1
599,CSAISGRSLGCSNVLTF,TRBV20-1*06,None,TRBJ2-6*01,1
600,CSAISGRSLGWANAMTF,TRBV20-1*03,None,TRBJ2-6*01,1
601,CSAISGGSLEWANVLNF,TRBV20-1*03,None,TRBJ2-6*01,1
602,CSAISGRSLGWANATTF,TRBV20-1*03,None,TRBJ2-6*01,1
603,CSAISGRSLCCANGQTF,TRBV20-1*07,None,TRBJ2-6*01,1
604,CSAISGRSLGWANVLIF,TRBV20-1*01,None,TRBJ2-6*01,1
605,CSAISGRSLGWANVLFF,TRBV20-1*06,None,TRBJ2-6*01,1
606,CSAISERSLGWANVLTF,TRBV20-1*04,None,TRBJ2-6*01,1
607,CSAISGRSLGWDNVLTF,TRBV20-1*07,None,TRBJ2-6*01,1
608,CSAISGRSLCCANVLTF,TRBV20-1*07,None,TRBJ2-6*01,1
609,CSAISGRSLGWDNVLTF,TRBV20-1*01,None,TRBJ2-6*01,1
610,CSAISGRSLGWANVLNF,TRBV20-1*01,None,TRBJ2-6*01,1
611,CSAISGRSLGWAYVLNF,TRBV20-1*06,None,TRBJ2-6*01,1
612,CSAISGRSLGCPNLLTF,TRBV20-1*03,None,TRBJ2-6*01,1
613,CSAISGGSLGWANALTF,TRBV20-1*02,None,TRBJ2-6*01,1
614,CSAISGRSLGWANVPTF,TRBV20-1*01,None,TRBJ2-6*01,1
615,CSAISGRSLGLANDLTF,TRBV20-1*03,None,TRBJ2-6*01,1
616,CSAISGRSLGLAKVITF,TRBV20-1*07,None,TRBJ2-6*01,1
617,CSAISGRSLGWANVMTF,TRBV20-1*07,TRBD2*02,TRBJ2-6*01,1
618,CSAISGRSLCWAKVLNF,TRBV20-1*06,None,TRBJ2-6*01,1
619,CSAISGRSLGWANVLNF,TRBV20-1*05,None,TRBJ2-6*01,1
620,CSAISGRSLAWANVLPF,TRBV20-1*06,None,TRBJ2-6*01,1
621,CSAISGGSLGGANVLTF,TRBV20-1*06,None,TRBJ2-6*01,1
622,CSAISGRSLCWAKVLAF,TRBV20-1*06,None,TRBJ2-6*01,1
623,CSAISGRSLGWDKLLTF,TRBV20-1*06,None,TRBJ2-6*01,1
624,CSAISGRSLGWDNILTF,TRBV20-1*03,None,TRBJ2-6*01,1
625,CSAISGRSLGWDNILTF,TRBV20-1*06,None,TRBJ2-6*01,1
626,CSAISGRSLGWDNLLTF,TRBV20-1*05,TRBD2*02,TRBJ2-6*01,1
627,CSAISGRSLGFSNVLTF,TRBV20-1*06,None,TRBJ2-6*01,1
628,CSAISGRSLGEANVMTF,TRBV20-1*02,None,TRBJ2-6*01,1
629,CSAISGRSLGRANVLTF,TRBV20-1*07,TRBD2*02,TRBJ2-6*01,1
630,CSAISGRSLGRANVMTF,TRBV20-1*03,None,TRBJ2-6*01,1
631,CSAISGRSLGWAKVPTF,TRBV20-1*06,None,TRBJ2-6*01,1
632,CSAISGRPLGSANVLTF,TRBV20-1*03,None,TRBJ2-6*01,1
633,CSAISGRSLGWANVQTF,TRBV20-1*05,TRBD2*02,TRBJ2-6*01,1
634,CSAISGRSLGWAKLLTF,TRBV20-1*03,None,TRBJ2-6*01,1
635,CSAISGRCLGWANVLTF,TRBV20-1*07,TRBD2*02,TRBJ2-6*01,1
636,CSAISGRSLGWANVSTF,TRBV20-1*02,None,TRBJ2-6*01,1
637,CSAISGRCLIWVNVLTF,TRBV20-1*04,TRBD2*02,TRBJ2-6*01,1
638,CSAISGRSLGWANVSTF,TRBV20-1*03,None,TRBJ2-6*01,1
639,CSAISGRPLGWANVQNF,TRBV20-1*02,None,TRBJ2-6*01,1
640,CSAISGRPLGWTNVLSF,TRBV20-1*05,TRBD2*02,TRBJ2-6*01,1
641,CSAISGRSLGWANVRTF,TRBV20-1*04,None,TRBJ2-6*01,1
642,CSAISGRSLGWANFLTF,TRBV20-1*07,TRBD2*02,TRBJ2-6*01,1
643,CSAISGRSLGWANALNF,TRBV20-1*03,None,TRBJ2-6*01,1
644,CSAISGRSLCWANVMTF,TRBV20-1*03,None,TRBJ2-6*01,1
645,CSAISGRSLCWTNGLTF,TRBV20-1*03,None,TRBJ2-6*01,1
646,CSAISGRPLGGANVLTF,TRBV20-1*01,None,TRBJ2-6*01,1
647,CSAISGRSLGWANALTF,TRBV20-1*02,None,TRBJ2-6*01,1
648,CSAISGRPLGFANVPTF,TRBV20-1*06,None,TRBJ2-6*01,1
649,CSAISGRSLGWANFLTF,TRBV20-1*05,None,TRBJ2-6*01,1
650,CSAISGRSLGWAKVLTF,TRBV20-1*01,None,TRBJ2-6*01,1
651,CSAISGRSLGRDNVLYF,TRBV20-1*03,None,TRBJ2-6*01,1
652,CSAISGRCLGCDKVLTF,TRBV20-1*02,None,TRBJ2-6*01,1
653,CSAISGRSLCWANVQTF,TRBV20-1*03,None,TRBJ2-6*01,1
654,CSAISGRSLGWANELTF,TRBV20-1*02,None,TRBJ2-6*01,1
655,CSAISGRCLGWANVLTF,TRBV20-1*05,TRBD2*02,TRBJ2-6*01,1
656,CSAISGRSLGWAKVLTF,TRBV20-1*05,TRBD2*02,TRBJ2-6*01,1
657,CSAISGRPLGWANALTF,TRBV20-1*03,None,TRBJ2-6*01,1
658,CSAISGRSLCWANVMTF,TRBV20-1*06,None,TRBJ2-6*01,1
659,CSAISGRSLGWAKVLTF,TRBV20-1*04,None,TRBJ2-6*01,1
660,CSAISGRSLGWANVQTF,TRBV20-1*07,TRBD2*02,TRBJ2-6*01,1
661,CSAISGRSLDWAKVLTF,TRBV20-1*02,None,TRBJ2-6*01,1
662,CSAISGRSLCWVKVLTF,TRBV20-1*06,None,TRBJ2-6*01,1
663,CSAISGRSLCSAHVVSF,TRBV20-1*06,None,TRBJ2-6*01,1
664,CSAISGRSLCWVNVLNF,TRBV20-1*02,None,TRBJ2-6*01,1
665,CSAISGRPLGWANVLTF,TRBV20-1*02,None,TRBJ2-6*01,1
666,CSAISGRSLCWVNVLNF,TRBV20-1*05,TRBD2*02,TRBJ2-6*01,1
667,CSAISGRSLDRANVVTF,TRBV20-1*07,None,TRBJ2-6*01,1
668,CSAISGRSLGWANVRNF,TRBV20-1*02,None,TRBJ2-6*01,1
669,CSAISGRSLDWANVLTF,TRBV20-1*04,TRBD2*02,TRBJ2-6*01,1
670,CSAISGRSLGWAHVLHF,TRBV20-1*03,None,TRBJ2-6*01,1
671,CSAISGRSLGWANVVTF,TRBV20-1*07,TRBD2*02,TRBJ2-6*01,1
672,CSAISGRSLGWANVLTF,TRBV20-1*01,TRBD2*02,TRBJ2-6*01,1
673,CSAISGMYLRWANVLTF,TRBV20-1*06,None,TRBJ2-6*01,1
674,CSAISGRPLCWANVLYF,TRBV20-1*03,None,TRBJ2-6*01,1
675,CSAISGRSLDWANVRTF,TRBV20-1*02,None,TRBJ2-6*01,1
676,CSAISGMSLGWANVLSF,TRBV20-1*06,None,TRBJ2-6*01,1
677,CSAISGRFLGWANVLTF,TRBV20-1*05,None,TRBJ2-6*01,1
678,CSAISGRSLGWANALTF,TRBV20-1*03,None,TRBJ2-6*01,1
679,CSAISGRPPGWANVLTF,TRBV20-1*02,None,TRBJ2-6*01,1
680,CSAISGRSLDWANVRTF,TRBV20-1*06,None,TRBJ2-6*01,1
681,CSAISGRSLGWAQVLTF,TRBV20-1*06,None,TRBJ2-6*01,1
682,CSAISGRSLGVANVLTF,TRBV20-1*06,None,TRBJ2-6*01,1
683,CSAISGRSLFCANVLTF,TRBV20-1*03,None,TRBJ2-6*01,1
684,CSAISGRSLGSANVLTF,TRBV20-1*05,None,TRBJ2-6*01,1
685,CSAISGRSLFWANVLTF,TRBV20-1*02,None,TRBJ2-6*01,1
686,CSAISGRSLGSANVLSF,TRBV20-1*02,None,TRBJ2-6*01,1
687,CSAISGMSLGWANVLSF,TRBV20-1*03,None,TRBJ2-6*01,1
688,CSAISGRSLGRTNVLTF,TRBV20-1*06,None,TRBJ2-6*01,1
689,CSAISGRPLCWANDLTF,TRBV20-1*06,None,TRBJ2-6*01,1
690,CSAISGRSLDWANVPTF,TRBV20-1*06,None,TRBJ2-6*01,1
691,CSAISGRSLGWASVLTF,TRBV20-1*04,TRBD2*02,TRBJ2-6*01,1
692,CSAISGMYPGWANVLIF,TRBV20-1*03,None,TRBJ2-6*01,1
693,CSAISGRARGWDNVLTF,TRBV20-1*02,None,TRBJ2-6*01,1
694,CSAISGRALGWATVQTF,TRBV20-1*06,None,TRBJ2-6*01,1
695,CSAISGRSLGWANVPTF,TRBV20-1*07,TRBD2*02,TRBJ2-6*01,1
696,CSAISGRFLCWANVLAF,TRBV20-1*02,None,TRBJ2-6*01,1
697,CSAISGRALGWANVLTF,TRBV20-1*07,TRBD2*02,TRBJ2-6*01,1
698,CSAISGRSLDWANVLTF,TRBV20-1*05,TRBD2*02,TRBJ2-6*01,1
699,CSAISGRSLGWASDLTF,TRBV20-1*02,None,TRBJ2-6*01,1
700,CSAISGRALGWANVLTF,TRBV20-1*07,None,TRBJ2-6*01,1
701,CSAISGRALGWANVLNF,TRBV20-1*05,None,TRBJ2-6*01,1
702,CSAISGRSLGWANDVTF,TRBV20-1*03,None,TRBJ2-6*01,1
703,CSAISGRSLCWANVLTF,TRBV20-1*04,None,TRBJ2-6*01,1
704,CSAISGRALGWAKALTF,TRBV20-1*02,None,TRBJ2-6*01,1
705,CSAISGRSLDWANVPTF,TRBV20-1*02,None,TRBJ2-6*01,1
706,CSAISGRALGSVKVLTF,TRBV20-1*03,None,TRBJ2-6*01,1
707,CSAISGRALGLANVLTF,TRBV20-1*06,None,TRBJ2-6*01,1
708,CSAISGRSLGWANDLKF,TRBV20-1*06,None,TRBJ2-6*01,1
709,CAACIGTVSQHQHF,TRBV6-6*03,None,TRBJ1-5*01,1
710,CSAISGRSLGWDNVMNF,TRBV20-1*03,None,TRBJ2-6*01,1
711,CSPISGRSLVWDNVLTF,TRBV20-1*06,None,TRBJ2-6*01,1
712,CSSISGRSLGWANVLNF,TRBV20-1*05,TRBD2*02,TRBJ2-6*01,1
713,CSSISGRSLGWANDLTF,TRBV20-1*03,None,TRBJ2-6*01,1
714,CSSISGRSLGLVNVLTF,TRBV20-1*03,None,TRBJ2-6*01,1
715,CSSISGRSLGLANVLTF,TRBV20-1*02,None,TRBJ2-6*01,1
716,CSSISGRALGWANVLTF,TRBV20-1*05,None,TRBJ2-6*01,1
717,CSSISGMSLGWANVLSF,TRBV20-1*02,None,TRBJ2-6*01,1
718,CSSISGISLGWANVLTF,TRBV20-1*06,None,TRBJ2-6*01,1
719,CSSISGGSLGWANVLTF,TRBV20-1*02,None,TRBJ2-6*01,1
720,CSSISGGSLGWANVLTF,TRBV20-1*01,None,TRBJ2-6*01,1
721,CSSIRRRSRGWANVLTF,TRBV20-1*06,None,TRBJ2-6*01,1
722,CSSIRGRSLSCANVLTF,TRBV20-1*06,None,TRBJ2-6*01,1
723,CSSIFVTVSQPKNF,TRBV28*01,None,TRBJ1-5*01,1
724,CSSIFVSVSQPRHF,TRBV28*01,None,TRBJ1-5*01,1
725,CSSCFVTVSQPQHF,TRBV28*01,None,TRBJ1-5*01,1
726,CSRSFVTVSHPQHF,TRBV28*01,None,TRBJ1-5*01,1
727,CSRICGRSLRRANVLTF,TRBV20-1*02,None,TRBJ2-6*01,1
728,CSPVSGWSLGWANVLTF,TRBV20-1*04,None,TRBJ2-6*01,1
729,CSPTSGRSLVWANVLTF,TRBV20-1*05,TRBD2*02,TRBJ2-6*01,1
730,CSPSRGSYLGWANVLNF,TRBV20-1*04,None,TRBJ2-6*01,1
731,CSPLCGRFLGSANVLTF,TRBV20-1*03,None,TRBJ2-6*01,1
732,CSPITGRSLGWANVLTF,TRBV20-1*03,None,TRBJ2-6*01,1
733,CSSISGRSLGWANVLSF,TRBV20-1*03,None,TRBJ2-6*01,1
734,CSSISGRSLGWANVLTF,TRBV20-1*02,TRBD2*02,TRBJ2-6*01,1
735,CSSISGRSLGWANVLTF,TRBV20-1*05,None,TRBJ2-6*01,1
736,CSSSFGTVSQAQHF,TRBV28*01,None,TRBJ1-5*01,1
737,CSSSFVTVRQPQHF,TRBV12-4*01,None,TRBJ1-5*01,1
738,CSSSFVTVIQLQHF,TRBV28*01,None,TRBJ1-5*01,1
739,CSSSFVTVCQPQHF,TRBV28*01,None,TRBJ1-5*01,1
740,CSSSFVRVSQTQHF,TRBV28*01,None,TRBJ1-5*01,1
741,CSSSFVAVSQTQHF,TRBV28*01,None,TRBJ1-5*01,1
742,CSSSFVAVSQAQHF,TRBV28*01,None,TRBJ1-5*01,1
743,CSSSFVAVSEPKHF,TRBV28*01,None,TRBJ1-5*01,1
744,CSSSFLTVSQPQHF,TRBV28*01,None,TRBJ1-5*01,1
745,CSSSFITVSQPQHF,TRBV28*01,None,TRBJ1-5*01,1
746,CSSSCVTVSQAQHF,TRBV6-6*03,None,TRBJ1-5*01,1
747,CSSISGRSLGWDNVLNF,TRBV20-1*06,None,TRBJ2-6*01,1
748,CSSRFVKVRQPQHF,TRBV6-6*05,None,TRBJ1-5*01,1
749,CSSRFSVGPTYEQYF,TRBV14*02,None,TRBJ2-7*01,1
750,CSSNSGRSLGWANVLTF,TRBV20-1*03,None,TRBJ2-6*01,1
751,CSSISGSSLGWANVLAF,TRBV20-1*03,None,TRBJ2-6*01,1
752,CSSISGRTLGWANVLYF,TRBV20-1*02,None,TRBJ2-6*01,1
753,CSSISGRSWGWANVLTF,TRBV20-1*06,None,TRBJ2-6*01,1
754,CSSISGRSLVWANGLTF,TRBV20-1*06,None,TRBJ2-6*01,1
755,CSSISGRSLGWTNVMTF,TRBV20-1*02,None,TRBJ2-6*01,1
756,CSSISGRSLGWGNVLTF,TRBV20-1*03,None,TRBJ2-6*01,1
757,CSPISGRSPCWANVLTF,TRBV20-1*03,None,TRBJ2-6*01,1
758,CSPISGRSLGWTNVLTF,TRBV20-1*06,None,TRBJ2-6*01,1
759,CSATSGRSLGWANVLTF,TRBV20-1*07,TRBD2*02,TRBJ2-6*01,1
760,CSPISGRPLGWANVLTF,TRBV20-1*03,None,TRBJ2-6*01,1
761,CSDISGKSLGWDNVLTF,TRBV20-1*02,None,TRBJ2-6*01,1
762,CSAVVGFSYEQYF,TRBV20-1*02,None,TRBJ2-7*01,1
763,CSAVSRRSLGWANVLTF,TRBV20-1*06,None,TRBJ2-6*01,1
764,CSAVSGRSLGWANVLTF,TRBV20-1*01,None,TRBJ2-6*01,1
765,CSAVSGRSLGCANVLSF,TRBV20-1*02,None,TRBJ2-6*01,1
766,CSAVSGRSLALVTVLTF,TRBV20-1*03,None,TRBJ2-6*01,1
767,CSAVSGFSYEQYF,TRBV20-1*03,None,TRBJ2-7*01,1
768,CSAVPGFSYELYF,TRBV20-1*06,None,TRBJ2-7*01,1
769,CSAVMGFSYGQYF,TRBV20-1*03,None,TRBJ2-7*01,1
770,CSAVAVIFYVHHF,TRBV20-1*06,None,TRBJ2-7*01,1
771,CSAVAGSSYEQYF,TRBV20-1*03,None,TRBJ2-7*01,1
772,CSAVAGISYEQYF,TRBV20-1*03,None,TRBJ2-7*01,1
773,CSAVAGFSYERYF,TRBV20-1*02,None,TRBJ2-7*01,1
774,CSAVAGFSYEQYF,TRBV20-1*07,None,TRBJ2-7*01,1
775,CSAVAGFSYEQDF,TRBV20-1*03,None,TRBJ2-7*01,1
776,CSAVAGFSYEKYF,TRBV20-1*03,None,TRBJ2-7*01,1
777,CSAVAGFSYDQYF,TRBV20-1*02,None,TRBJ2-7*01,1
778,CSAVAGFPYEQYF,TRBV20-1*06,None,TRBJ2-7*01,1
779,CSAVAGFFYEQYF,TRBV20-1*02,None,TRBJ2-7*01,1
780,CSAVAGFCYEQYF,TRBV20-1*06,None,TRBJ2-7*01,1
781,CSAVAGFAYEQYF,TRBV20-1*06,None,TRBJ2-7*01,1
782,CSDISGRSLDWANVLTF,TRBV20-1*03,None,TRBJ2-6*01,1
783,CSDISGRSLGCANVVTF,TRBV20-1*06,None,TRBJ2-6*01,1
784,CSDISGRSLGWSNVLSF,TRBV20-1*03,None,TRBJ2-6*01,1
785,CSGISGSSLGWANVLTF,TRBV20-1*02,None,TRBJ2-6*01,1
786,CSPISGRCLGWANVLTF,TRBV20-1*02,None,TRBJ2-6*01,1
787,CSPISGRCLGWANELSF,TRBV20-1*06,None,TRBJ2-6*01,1
788,CSPIRVWSLGWANVLTF,TRBV30*01,None,TRBJ2-6*01,1
789,CSPIRGRYLGWANVLTF,TRBV20-1*02,None,TRBJ2-6*01,1
790,CSMETESTDTKYF,TRBV29-1*02,None,TRBJ2-3*01,1
791,CSISFVTVSQHQHF,TRBV28*01,None,TRBJ1-5*01,1
792,CSGVSGRSLGWANVLNF,TRBV20-1*01,None,TRBJ2-6*01,1
793,CSGSFVTVSQPQHF,TRBV28*01,None,TRBJ1-5*01,1
794,CSGISGSSLGWSNDLTF,TRBV20-1*06,None,TRBJ2-6*01,1
795,CSGISGRSLGWGNVLTF,TRBV20-1*03,None,TRBJ2-6*01,1
796,CSDISWRSLGWANVLTF,TRBV20-1*03,None,TRBJ2-6*01,1
797,CSGISGRSLGWANVLPF,TRBV20-1*02,None,TRBJ2-6*01,1
798,CSGISGRSLGWANGLTF,TRBV20-1*03,None,TRBJ2-6*01,1
799,CSGISGRSLGWAKVQTF,TRBV20-1*03,None,TRBJ2-6*01,1
800,CSGISGRSLEWSNVQTF,TRBV20-1*03,None,TRBJ2-6*01,1
801,CSGISGRFLGWANVLTF,TRBV20-1*04,None,TRBJ2-6*01,1
802,CSGIRGRSLGWANVLTF,TRBV20-1*02,None,TRBJ2-6*01,1
803,CSGIRGRSLGSSNGLTF,TRBV20-1*02,None,TRBJ2-6*01,1
804,CSEILLFSGGYNKLIF,TRBV2*02,None,TRBJ1-6*02,1
805,CSDMSGRALGWANVLTF,TRBV20-1*03,None,TRBJ2-6*01,1
806,CSSSFVTVRQPQHF,TRBV28*01,None,TRBJ1-5*01,1
807,CSSSFVTVSEPQHF,TRBV28*01,None,TRBJ1-5*01,1
808,CSSSFVTVSHPQHF,TRBV28*01,None,TRBJ1-5*01,1
809,CSSSFVTVSHTQHF,TRBV28*01,None,TRBJ1-5*01,1
810,CTSSFVTVSQLQHF,TRBV28*01,None,TRBJ1-5*01,1
811,CTSSFVTVSQAQNF,TRBV28*01,None,TRBJ1-5*01,1
812,CTSSFVTVSKPQHF,TRBV28*01,None,TRBJ1-5*01,1
813,CTSSFVTVNQPQHF,TRBV28*01,None,TRBJ1-5*01,1
814,CTSSFVTLSQPQHF,TRBV28*01,None,TRBJ1-5*01,1
815,CTSSFVTESQPQHF,TRBV28*01,None,TRBJ1-5*01,1
816,CTSSFVKVSQSKNF,TRBV28*01,None,TRBJ1-5*01,1
817,CTSSFVAVSQSQNF,TRBV28*01,None,TRBJ1-5*01,1
818,CTSSFLTVSQLQHF,TRBV28*01,None,TRBJ1-5*01,1
819,CTSSFFTVSQPQHF,TRBV28*01,None,TRBJ1-5*01,1
820,CTSSFATVSQPQHF,TRBV28*01,None,TRBJ1-5*01,1
821,CTSRWDRFPVNSPLHF,TRBV7-2*03,None,TRBJ1-6*01,1
822,CTSRFVTVSQPPHF,TRBV28*01,None,TRBJ1-5*01,1
823,CTSRFVTVSQAQHF,TRBV28*01,None,TRBJ1-5*01,1
824,CTSISGRSLGWANVLTF,TRBV20-1*02,None,TRBJ2-6*01,1
825,CTSIGGRSLGWANVLSF,TRBV20-1*02,None,TRBJ2-6*01,1
826,CTRSFVTVTELNHF,TRBV28*01,None,TRBJ1-5*01,1
827,CTRRWDRFPVDSPLHF,TRBV7-2*03,None,TRBJ1-6*01,1
828,CTISFVTVSQPQHF,TRBV28*01,None,TRBJ1-5*01,1
829,CTISFVTVSQAQHF,TRBV28*01,None,TRBJ1-5*01,1
830,CTISFVKVSQPQHF,TRBV28*01,None,TRBJ1-5*01,1
831,CTSSFVTVSQPQNF,TRBV28*01,None,TRBJ1-5*01,1
832,CTSSFVTVSQPRHF,TRBV28*01,None,TRBJ1-5*01,1
833,CTSSGMEGQGALYGYNF,TRBV28*01,TRBD1*01,TRBJ1-2*01,1
834,CVSRFVTVSHPQHF,TRBV28*01,None,TRBJ1-5*01,1
835,CVVSSGGYNKLIF,TRBV20-1*06,None,TRBJ1-6*01,1
836,CVSSVVTVSQAQHF,TRBV6-6*03,None,TRBJ1-5*01,1
837,CVSSFVTVTQPQHF,TRBV28*01,None,TRBJ1-5*01,1
838,CVSSFVTVSQPQHF,TRBV6-6*03,None,TRBJ1-5*01,1
839,CVSSFVTVSQPQDF,TRBV28*01,None,TRBJ1-5*01,1
840,CVSSFVTVSQHQHF,TRBV28*01,None,TRBJ1-5*01,1
841,CVSSFVTVSQAKHF,TRBV28*01,None,TRBJ1-5*01,1
842,CVSSFGTVSQAQHF,TRBV28*01,None,TRBJ1-5*01,1
843,CVSRLVTVSQPTNF,TRBV28*01,None,TRBJ1-5*01,1
844,CVSIFTAVTQPQHF,TRBV28*01,None,TRBJ1-5*01,1
845,CTSSLGESGGEQYF,TRBV7-2*03,None,TRBJ2-7*01,1
846,CVSICGVGPTYEQYF,TRBV5-8*02,None,TRBJ2-7*01,1
847,CVRSFVTVSQSQHF,TRBV28*01,None,TRBJ1-5*01,1
848,CVRSFVTISQPQHF,TRBV6-6*05,None,TRBJ1-5*01,1
849,CVEILLFSGGYNKLIF,TRBV2*02,None,TRBJ1-6*02,1
850,CTSSYVTVSQPQHF,TRBV28*01,None,TRBJ1-5*01,1
851,CTSSYGAANTEAFF,TRBV6-6*03,None,TRBJ1-1*01,1
852,CTSSVVTVSQAQHF,TRBV28*01,None,TRBJ1-5*01,1
853,CTSSLVTVSTPLYF,TRBV28*01,None,TRBJ1-5*01,1
854,CTSSLVTVSQPQHF,TRBV28*01,None,TRBJ1-5*01,1
855,CTEILLFSGDYNKLIF,TRBV2*02,None,TRBJ1-6*02,1
856,CTALSGRSLGWTNVLTF,TRBV20-1*06,None,TRBJ2-6*01,1
857,CTAISGRSLGWANVLTF,TRBV20-1*07,TRBD2*02,TRBJ2-6*01,1
858,CSSTFVTVSQHQYF,TRBV28*01,None,TRBJ1-5*01,1
859,CSTISGRSRGCANVLTF,TRBV20-1*03,None,TRBJ2-6*01,1
860,CSTISGRSLGWTNVLTF,TRBV20-1*06,TRBD2*02,TRBJ2-6*01,1
861,CSTISGRSLGWANVLTF,TRBV20-1*01,None,TRBJ2-6*01,1
862,CSTISGRSLGSENLFTF,TRBV20-1*05,TRBD2*02,TRBJ2-6*01,1
863,CSTISGRALGWAKVLTF,TRBV20-1*03,None,TRBJ2-6*01,1
864,CSTIGGKSLDWANVPTF,TRBV20-1*03,None,TRBJ2-6*01,1
865,CSTIAGRSVGGADVLTF,TRBV20-1*05,None,TRBJ2-6*01,1
866,CSSVSGRSMGWANVLTF,TRBV20-1*06,None,TRBJ2-6*01,1
867,CSSTIVTVTQPQHF,TRBV28*01,None,TRBJ1-5*01,1
868,CSSSYGAANTEAFF,TRBV6-6*03,None,TRBJ1-1*01,1
869,CSTLSGRSLVCLNLLTF,TRBV20-1*03,None,TRBJ2-6*01,1
870,CSSSVVRLCQPQYF,TRBV2*03,None,TRBJ1-5*01,1
871,CSSSFVTVSQPTSF,TRBV28*01,None,TRBJ1-5*01,1
872,CSSSFVTVSQPQPF,TRBV28*01,None,TRBJ1-5*01,1
873,CSSSFVTVSQPHHF,TRBV28*01,None,TRBJ1-5*01,1
874,CSSSFVTVSQLQHF,TRBV28*01,None,TRBJ1-5*01,1
875,CSSSFVTVSQLKHF,TRBV28*01,None,TRBJ1-5*01,1
876,CSSSFVTVSQHQHF,TRBV28*01,None,TRBJ1-5*01,1
877,CSSSFVTVSQAQHF,TRBV28*01,None,TRBJ1-5*01,1
878,CSSSFVTVSPPQHF,TRBV28*01,None,TRBJ1-5*01,1
879,CSTITGRSLGWANVLTF,TRBV20-1*03,None,TRBJ2-6*01,1
880,CSTSCGRSLGWANLLTF,TRBV30*01,None,TRBJ2-6*01,1
881,CTAISGRSLGWANALTF,TRBV20-1*07,TRBD2*02,TRBJ2-6*01,1
882,CSVISGRSQGWANVRTF,TRBV20-1*07,None,TRBJ2-6*01,1
883,CTAISGRSLGCANALTF,TRBV20-1*03,None,TRBJ2-6*01,1
884,CTAISGRSLCWDNVLTF,TRBV20-1*02,None,TRBJ2-6*01,1
885,CTAINGRSLGWVKVLTF,TRBV20-1*06,None,TRBJ2-6*01,1
886,CTAIIGRSLGCDNAVPF,TRBV20-1*02,None,TRBJ2-6*01,1
887,CTAICGRSLGWANVLTF,TRBV20-1*02,None,TRBJ2-6*01,1
888,CSVITGRSLGWANVLNF,TRBV20-1*01,None,TRBJ2-6*01,1
889,CSVISWRSLGWANVLTF,TRBV20-1*02,None,TRBJ2-6*01,1
890,CSVISRRSLGWAKVLTF,TRBV20-1*03,None,TRBJ2-6*01,1
891,CSVISGSSLGWANVLSF,TRBV20-1*02,None,TRBJ2-6*01,1
892,CSVISGRSLVWANVMTF,TRBV20-1*06,None,TRBJ2-6*01,1
893,CSTSFLTVSQPQHF,TRBV28*01,None,TRBJ1-5*01,1
894,CSVISGRSLSWANVMTF,TRBV20-1*06,None,TRBJ2-6*01,1
895,CSVISGRSLGCANVLNF,TRBV20-1*02,None,TRBJ2-6*01,1
896,CSVISGMSLGWANFLTF,TRBV20-1*03,None,TRBJ2-6*01,1
897,CSVIRGSSLGWANLLTF,TRBV20-1*03,None,TRBJ2-6*01,1
898,CSVGQSTVTEVFF,TRBV29-1*02,None,TRBJ1-1*01,1
899,CSVETGSTDTLYF,TRBV29-1*02,None,TRBJ2-3*01,1
900,CSVATGSTDTQYF,TRBV29-1*02,None,TRBJ2-3*01,1
901,CSTVAGFSYEQYF,TRBV20-1*03,None,TRBJ2-7*01,1
902,CSTSFVTVTQPQHF,TRBV28*01,None,TRBJ1-5*01,1
903,CSATSGRSLGWVNVLAF,TRBV20-1*06,TRBD2*02,TRBJ2-6*01,1
904,CSATSGRSLGWANVLTF,TRBV20-1*04,TRBD2*02,TRBJ2-6*01,1
905,CSAISGRSLGWDNVRTF,TRBV20-1*02,None,TRBJ2-6*01,1
906,CSAISGRSLVWVTVLTF,TRBV20-1*06,None,TRBJ2-6*01,1
907,CSAISGRSRGWANFLTF,TRBV20-1*06,None,TRBJ2-6*01,1
908,CSAISGRSRGWADVMTF,TRBV20-1*02,None,TRBJ2-6*01,1
909,CSAISGRSQGWANVQYF,TRBV20-1*02,None,TRBJ2-6*01,1
910,CSAISGRSQGWANVLYF,TRBV20-1*06,None,TRBJ2-6*01,1
911,CSAISGRSQGWANVLTF,TRBV20-1*07,TRBD2*02,TRBJ2-6*01,1
912,CSAISGRSQGLSNVLTF,TRBV20-1*06,None,TRBJ2-6*01,1
913,CSAISGRSQGCANVLTF,TRBV20-1*07,TRBD2*02,TRBJ2-6*01,1
914,CSAISGRSPPWANVLTF,TRBV20-1*03,None,TRBJ2-6*01,1
915,CSAISGRSPGWANVLTF,TRBV20-1*07,TRBD2*02,TRBJ2-6*01,1
916,CSAISGRSPGWANVLTF,TRBV20-1*04,TRBD2*02,TRBJ2-6*01,1
917,CSAISGRSPGWANVLTF,TRBV20-1*04,None,TRBJ2-6*01,1
918,CSAISGRSPGWANVLNF,TRBV20-1*03,None,TRBJ2-6*01,1
919,CSAISGRSPGWAKVLSF,TRBV20-1*03,None,TRBJ2-6*01,1
920,CSAISGRSPGSAKLLTF,TRBV20-1*02,None,TRBJ2-6*01,1
921,CSAISGRSMSWANVLSF,TRBV20-1*02,None,TRBJ2-6*01,1
922,CSAISGRSMGWFNVLTF,TRBV20-1*06,None,TRBJ2-6*01,1
923,CSAISGRSMGWANVLTF,TRBV20-1*05,TRBD2*02,TRBJ2-6*01,1
924,CSAISGRSMGWANVLTF,TRBV20-1*04,TRBD2*02,TRBJ2-6*01,1
925,CSAISGRSMDWAKILTF,TRBV20-1*07,None,TRBJ2-7*01,1
926,CSAISGRSMCWANVLTF,TRBV20-1*06,None,TRBJ2-6*01,1
927,CSAISGRSMCWANVLTF,TRBV20-1*02,None,TRBJ2-6*01,1
928,CSAISGRSVDWANVLTF,TRBV20-1*02,None,TRBJ2-6*01,1
929,CSAISGRSVGWANVLTF,TRBV20-1*07,TRBD2*02,TRBJ2-6*01,1
930,CSAISGRSVGWANVMNF,TRBV20-1*02,None,TRBJ2-6*01,1
931,CSAISGRTRGLANVLTF,TRBV20-1*05,TRBD2*02,TRBJ2-6*01,1
932,CSAISGSSLDWANVLTF,TRBV20-1*03,None,TRBJ2-6*01,1
933,CSAISGSSLCCANVLTF,TRBV20-1*03,None,TRBJ2-6*01,1
934,CSAISGSSLAWDSVLTF,TRBV20-1*05,None,TRBJ2-6*01,1
935,CSAISGRYLVWADVLTF,TRBV20-1*03,None,TRBJ2-6*01,1
936,CSAISGRYLSWANVLNF,TRBV20-1*03,None,TRBJ2-6*01,1
937,CSAISGRYLGWANVLTF,TRBV20-1*04,TRBD2*02,TRBJ2-6*01,1
938,CSAISGRYLGWANVLNF,TRBV20-1*04,TRBD2*02,TRBJ2-6*01,1
939,CSAISGRYLGWANVLNF,TRBV20-1*03,None,TRBJ2-6*01,1
940,CSAISGRYLGWANFQTF,TRBV20-1*02,None,TRBJ2-6*01,1
941,CSAISGRTLGWVNVLTF,TRBV20-1*02,None,TRBJ2-6*01,1
942,CSAISGRSVGWGNVLSF,TRBV20-1*04,None,TRBJ2-6*01,1
943,CSAISGRTLGWTNVTTF,TRBV20-1*02,None,TRBJ2-6*01,1
944,CSAISGRTLGWTNVMTF,TRBV20-1*02,None,TRBJ2-6*01,1
945,CSAISGRTLGWANALSF,TRBV20-1*06,None,TRBJ2-6*01,1
946,CSAISGRTLGWAKVLNF,TRBV20-1*05,TRBD2*02,TRBJ2-6*01,1
947,CSAISGRTLGWAHVLNF,TRBV20-1*05,TRBD2*02,TRBJ2-6*01,1
948,CSAISGRTLGVANVLTF,TRBV20-1*06,None,TRBJ2-6*01,1
949,CSAISGRTLCWANDLTF,TRBV20-1*06,None,TRBJ2-6*01,1
950,CSAISGRTLCRANVLTF,TRBV20-1*03,None,TRBJ2-6*01,1
951,CSAISGRSVRWANVLNF,TRBV20-1*03,None,TRBJ2-4*01,1
952,CSAISGRSMAGAKVLTF,TRBV20-1*02,None,TRBJ2-6*01,1
953,CSAISGRSLVWSNVLTF,TRBV20-1*06,None,TRBJ2-6*01,1
954,CSATNASSLGWANVLTF,TRBV20-1*02,None,TRBJ2-6*01,1
955,CSAISGRSLVWASVRTF,TRBV20-1*03,None,TRBJ2-6*01,1
956,CSAISGRSLLWSKVLTF,TRBV20-1*02,None,TRBJ2-6*01,1
957,CSAISGRSLLWPNVLTF,TRBV20-1*04,None,TRBJ2-6*01,1
958,CSAISGRSLHGANVLTF,TRBV20-1*05,None,TRBJ2-6*01,1
959,CSAISGRSLGWVNVLTF,TRBV20-1*05,TRBD2*02,TRBJ2-6*01,1
960,CSAISGRSLGWVNVLTF,TRBV20-1*01,None,TRBJ2-6*01,1
961,CSAISGRSLGWTNVMTF,TRBV20-1*03,None,TRBJ2-6*01,1
962,CSAISGRSLGWTKVMTF,TRBV20-1*06,None,TRBJ2-6*01,1
963,CSAISGRSLGWSNVQNF,TRBV20-1*02,None,TRBJ2-6*01,1
964,CSAISGRSLGWSNVLTF,TRBV20-1*04,TRBD2*02,TRBJ2-6*01,1
965,CSAISGRSLGWSNVLTF,TRBV20-1*01,None,TRBJ2-6*01,1
966,CSAISGRSLGWSNLPTF,TRBV20-1*03,None,TRBJ2-6*01,1
967,CSAISGRSLGWSNLLTF,TRBV20-1*04,TRBD2*02,TRBJ2-6*01,1
968,CSAISGRSLGWSNLLTF,TRBV20-1*02,None,TRBJ2-6*01,1
969,CSAISGRSLGWPKVLTF,TRBV20-1*03,None,TRBJ2-6*01,1
970,CSAISGRSLGWNNDLIF,TRBV20-1*04,TRBD2*02,TRBJ2-6*01,1
971,CSAISGRSLGWLKVLTF,TRBV20-1*03,None,TRBJ2-6*01,1
972,CSAISGRSLGWGNVLTF,TRBV20-1*07,TRBD2*02,TRBJ2-6*01,1
973,CSAISGRSLGWGNVLTF,TRBV20-1*05,TRBD2*02,TRBJ2-6*01,1
974,CSAISGRSLGWGNVLTF,TRBV20-1*05,None,TRBJ2-6*01,1
975,CSAISGRSLGWGNVLSF,TRBV20-1*03,None,TRBJ2-6*01,1
976,CSAISGRSLGWEKVMNF,TRBV20-1*02,None,TRBJ2-6*01,1
977,CSAISGRSLPWANILTF,TRBV20-1*03,None,TRBJ2-6*01,1
978,CSAISGRSLRCAKVLTF,TRBV20-1*06,None,TRBJ2-6*01,1
979,CSAISGRSLRCANVQTF,TRBV20-1*03,None,TRBJ2-6*01,1
980,CSAISGRSLSWVNVLTF,TRBV20-1*02,None,TRBJ2-6*01,1
981,CSAISGRSLVWANVLTF,TRBV20-1*07,TRBD2*02,TRBJ2-6*01,1
982,CSAISGRSLVWANVLTF,TRBV20-1*05,TRBD2*02,TRBJ2-6*01,1
983,CSAISGRSLVWANVLTF,TRBV20-1*05,None,TRBJ2-6*01,1
984,CSAISGRSLVWANVLTF,TRBV20-1*01,None,TRBJ2-6*01,1
985,CSAISGRSLVWANGLTF,TRBV20-1*03,None,TRBJ2-4*01,1
986,CSAISGRSLVWAKVMTF,TRBV20-1*06,None,TRBJ2-6*01,1
987,CSAISGRSLVLANVLTF,TRBV20-1*07,None,TRBJ2-6*01,1
988,CSAISGRSLVLANVLTF,TRBV20-1*02,None,TRBJ2-6*01,1
989,CSAISGRSLVCVNLLTF,TRBV20-1*06,None,TRBJ2-6*01,1
990,CSAISGRSLSWANVLTF,TRBV20-1*05,TRBD2*02,TRBJ2-6*01,1
991,CSAISGRSLRLANVLTF,TRBV20-1*05,None,TRBJ2-6*01,1
992,CSAISGRSLSWANVLTF,TRBV20-1*04,TRBD2*02,TRBJ2-6*01,1
993,CSAISGRSLSWANVLTF,TRBV20-1*03,None,TRBJ2-5*01,1
994,CSAISGRSLSWANVLRF,TRBV20-1*02,None,TRBJ2-6*01,1
995,CSAISGRSLSWANILTF,TRBV20-1*03,None,TRBJ2-6*01,1
996,CSAISGRSLSWAKLLTF,TRBV20-1*03,None,TRBJ2-6*01,1
997,CSAISGRSLSCVNVLTF,TRBV20-1*02,None,TRBJ2-6*01,1
998,CSAISGRSLSCAKVLTF,TRBV20-1*03,None,TRBJ2-6*01,1
999,CSAISGRSLRWANVLTF,TRBV20-1*07,TRBD2*02,TRBJ2-6*01,1
1000,CSAISGRSLRWANVLTF,TRBV20-1*01,None,TRBJ2-6*01,1
1001,CSAISGSSLGLANVLTF,TRBV20-1*02,None,TRBJ2-6*01,1
1002,CSAISGSSLGLANVLYF,TRBV20-1*03,None,TRBJ2-6*01,1
1003,CSAISGSSLGRANVLTF,TRBV20-1*01,None,TRBJ2-6*01,1
1004,CSAISGSSLGWAKVTSF,TRBV20-1*02,None,TRBJ2-6*01,1
1005,CSALSGRALGWANAQYF,TRBV20-1*05,None,TRBJ2-6*01,1
1006,CSALNGRSLGWYNVLTF,TRBV20-1*02,None,TRBJ2-6*01,1
1007,CSALIGWSPGWANVLSF,TRBV20-1*03,None,TRBJ2-6*01,1
1008,CSAIVGRSLGWAKVLTF,TRBV20-1*02,None,TRBJ2-6*01,1
1009,CSAITGTSLCWVNVLTF,TRBV20-1*02,None,TRBJ2-6*01,1
1010,CSAITGRSMGWANDLTF,TRBV20-1*05,None,TRBJ2-6*01,1
1011,CSAITGRSLGWANVLTF,TRBV20-1*02,None,TRBJ2-6*01,1
1012,CSAITGRSLDWAKVLTF,TRBV20-1*02,None,TRBJ2-6*01,1
1013,CSAISWWSLGWANVLTF,TRBV20-1*07,None,TRBJ2-6*01,1
1014,CSAISWSSLGLANVLTF,TRBV20-1*04,None,TRBJ2-6*01,1
1015,CSAISWRSLGWVKVLTF,TRBV20-1*06,None,TRBJ2-6*01,1
1016,CSAISWRSLGWANVQTF,TRBV20-1*04,None,TRBJ2-6*01,1
1017,CSAISWRSLGWANVLTF,TRBV20-1*07,None,TRBJ2-6*01,1
1018,CSAISWRSLGWANVLTF,TRBV20-1*05,None,TRBJ2-6*01,1
1019,CSAISWRSLGWANVLTF,TRBV20-1*04,None,TRBJ2-6*01,1
1020,CSAISWRSLGWANVLNF,TRBV20-1*02,None,TRBJ2-6*01,1
1021,CSAISWRSLGWANALTF,TRBV20-1*07,None,TRBJ2-6*01,1
1022,CSAISWRSLGWANALTF,TRBV20-1*06,None,TRBJ2-6*01,1
1023,CSAISWRSLGWAKVLTF,TRBV20-1*03,None,TRBJ2-6*01,1
1024,CSAISWRSLGWAKVLNF,TRBV20-1*02,None,TRBJ2-6*01,1
1025,CSAISWRSLGRANVLTF,TRBV20-1*06,None,TRBJ2-6*01,1
1026,CSALSGRSLAWANVLTF,TRBV20-1*06,None,TRBJ2-6*01,1
1027,CSALSGRSLCCINVLTF,TRBV20-1*02,None,TRBJ2-6*01,1
1028,CSALSGRSLGCPNVLTF,TRBV20-1*03,None,TRBJ2-6*01,1
1029,CSAMSGRSWGCANVLTF,TRBV20-1*03,None,TRBJ2-6*01,1
1030,CSASSWSSQGWANVLSF,TRBV20-1*04,None,TRBJ2-6*01,1
1031,CSASSGRSLGWPNVLTF,TRBV20-1*04,TRBD2*02,TRBJ2-6*01,1
1032,CSASSGRSLGGATVLTF,TRBV20-1*04,None,TRBJ2-6*01,1
1033,CSASSGRSLARANVLTF,TRBV20-1*04,TRBD2*02,TRBJ2-6*01,1
1034,CSASSGRSFGWANVLTF,TRBV20-1*04,None,TRBJ2-6*01,1
1035,CSASNGRSLGWANDVTF,TRBV20-1*04,None,TRBJ2-6*01,1
1036,CSASGRSLGWANVLTF,TRBV20-1*02,TRBD2*02,TRBJ2-6*01,1
1037,CSAQHRSGYHNDQFF,TRBV20-1*06,None,TRBJ2-1*01,1
1038,CSANSRMSLGWANVLTF,TRBV20-1*06,None,TRBJ2-6*01,1
1039,CSAMSGRSRGWANILTF,TRBV20-1*03,None,TRBJ2-6*01,1
1040,CSALSGRSLGWAKVLTF,TRBV20-1*02,None,TRBJ2-6*01,1
1041,CSAMSGRSLGWANVLYF,TRBV20-1*06,None,TRBJ2-6*01,1
1042,CSAMSGRSLGWANVLTF,TRBV20-1*03,None,TRBJ2-6*01,1
1043,CSAMSGRSLGWANVLTF,TRBV20-1*02,None,TRBJ2-6*01,1
1044,CSAMSGRSLCWANVLTF,TRBV20-1*06,None,TRBJ2-6*01,1
1045,CSALSWRSQGWAKVLTF,TRBV20-1*02,None,TRBJ2-6*01,1
1046,CSALSRRSLAWANVLTF,TRBV20-1*03,None,TRBJ2-6*01,1
1047,CSALSGSSLGWANVLTF,TRBV20-1*06,None,TRBJ2-6*01,1
1048,CSALSGRSLVWAKVLTF,TRBV20-1*02,None,TRBJ2-6*01,1
1049,CSALSGRSLGWANALNF,TRBV20-1*03,None,TRBJ2-6*01,1
1050,CSAISWRFLGWANVRTF,TRBV20-1*03,None,TRBJ2-6*01,1
1051,CSAISWRFLGWANVLPF,TRBV20-1*03,None,TRBJ2-6*01,1
1052,CSAISWRALGWANVLTF,TRBV20-1*02,None,TRBJ2-6*01,1
1053,CSAISGTSLGWANVRTF,TRBV20-1*03,None,TRBJ2-6*01,1
1054,CSAISRRALGLANILTF,TRBV20-1*03,None,TRBJ2-6*01,1
1055,CSAISRMSLGWSNVLTF,TRBV20-1*02,None,TRBJ2-6*01,1
1056,CSAISRGSLGWANVLTF,TRBV20-1*06,None,TRBJ2-6*01,1
1057,CSAISLRSLGWANVLTF,TRBV20-1*04,None,TRBJ2-6*01,1
1058,CSAISGWYLVWANVLTF,TRBV20-1*02,None,TRBJ2-6*01,1
1059,CSAISGWSLGWANVLTF,TRBV20-1*01,None,TRBJ2-6*01,1
1060,CSAISGWSLAWANDLTF,TRBV20-1*02,None,TRBJ2-6*01,1
1061,CSAISGVALGWGNVLNF,TRBV20-1*07,None,TRBJ2-6*01,1
1062,CSAISGTSLGWSNVQTF,TRBV20-1*03,None,TRBJ2-6*01,1
1063,CSAISGTSLGWANVPTF,TRBV20-1*06,None,TRBJ2-6*01,1
1064,CSAISRRGLGWAKVLTF,TRBV20-1*02,None,TRBJ2-6*01,1
1065,CSAISGTSLGWANVPTF,TRBV20-1*03,None,TRBJ2-6*01,1
1066,CSAISGTSLGWANVLNF,TRBV20-1*06,None,TRBJ2-6*01,1
1067,CSAISGSYLGWANVLTF,TRBV20-1*02,None,TRBJ2-6*01,1
1068,CSAISGSSLGWSNVLTF,TRBV20-1*06,None,TRBJ2-6*01,1
1069,CSAISGSSLGWANVQSF,TRBV20-1*03,None,TRBJ2-6*01,1
1070,CSAISGSSLGWANVLTF,TRBV20-1*05,None,TRBJ2-6*01,1
1071,CSAISGSSLGWANVLTF,TRBV20-1*02,None,TRBJ2-7*01,1
1072,CSAISGSSLGWANDLTF,TRBV20-1*03,None,TRBJ2-6*01,1
1073,CSAISGSSLGWANDLTF,TRBV20-1*02,None,TRBJ2-6*01,1
1074,CSAISRRCLGWDNVLTF,TRBV20-1*06,None,TRBJ2-6*01,1
1075,CSAISRRSLGLAKVLTF,TRBV20-1*05,None,TRBJ2-6*01,1
1076,CSAISWMSLGWANALTF,TRBV20-1*06,None,TRBJ2-6*01,1
1077,CSAISRWSLGWANVLTF,TRBV20-1*06,None,TRBJ2-6*01,1
1078,CSAISWKSLGLANVLTF,TRBV20-1*07,None,TRBJ2-7*01,1
1079,CSAISVRSMGCANVLTF,TRBV20-1*02,None,TRBJ2-6*01,1
1080,CSAISVRSLGWANVLTF,TRBV20-1*04,None,TRBJ2-6*01,1
1081,CSAISVRPLGWANVLTF,TRBV20-1*07,None,TRBJ2-6*01,1
1082,CSAISVRPLGWANVLTF,TRBV20-1*03,None,TRBJ2-6*01,1
1083,CSAISVRPLGWANVLTF,TRBV20-1*02,None,TRBJ2-6*01,1
1084,CSAISVKSLGWANVLTF,TRBV20-1*03,None,TRBJ2-6*01,1
1085,CSAISSRSLGWAKVLTF,TRBV20-1*02,None,TRBJ2-6*01,1
1086,CSAISSRCLAWGHVLTF,TRBV20-1*02,None,TRBJ2-6*01,1
1087,CSAISRTSLGLANVLTF,TRBV20-1*04,None,TRBJ2-6*01,1
1088,CSAISRRSLGWANALTF,TRBV20-1*02,None,TRBJ2-6*01,1
1089,CSAISRSSMCCDNVQTF,TRBV20-1*02,None,TRBJ2-6*01,1
1090,CSAISRSSLGGAKVLTF,TRBV20-1*02,None,TRBJ2-6*01,1
1091,CSAISRRSVSWSNVLTF,TRBV20-1*06,None,TRBJ2-6*01,1
1092,CSAISRRSLSWTNVPTF,TRBV20-1*03,None,TRBJ2-6*01,1
1093,CSAISRRSLRWVNLLTF,TRBV20-1*06,None,TRBJ2-6*01,1
1094,CSAISRRSLGWANVPTF,TRBV20-1*03,None,TRBJ2-6*01,1
1095,CSAISRRSLGWANVLTF,TRBV20-1*01,None,TRBJ2-6*01,1
1096,CSAISRRSLGWANVLSF,TRBV20-1*06,None,TRBJ2-6*01,1
1097,CSAISRRSLGWANVLPF,TRBV20-1*02,None,TRBJ2-6*01,1
1098,CSAISGRSPGWAKVLSF,TRBV20-1*07,TRBD2*02,TRBJ2-6*01,1
1099,CPSSFITILPHQHF,TRBV28*01,None,TRBJ1-5*01,1
1100,CSAISERSLCWDNVLTF,TRBV20-1*06,None,TRBJ2-6*01,1
1101,CASSFSVGPTYEQCF,TRBV14*02,None,TRBJ2-7*01,1
1102,CASSFVAVSQAQHF,TRBV28*01,None,TRBJ1-5*01,1
1103,CASSFVAVSHPQHF,TRBV28*01,None,TRBJ1-5*01,1
1104,CASSFVAVSGPQHF,TRBV28*01,None,TRBJ1-5*01,1
1105,CASSFVAVRQTQHF,TRBV25-1*01,None,TRBJ1-5*01,1
1106,CASSFVAVNQPQHF,TRBV28*01,None,TRBJ1-5*01,1
1107,CASSFVALSQPQHF,TRBV28*01,None,TRBJ1-5*01,1
1108,CASSFVAASQLQHF,TRBV28*01,None,TRBJ1-5*01,1
1109,CASSFSVGSTNEQYF,TRBV14*02,None,TRBJ2-7*01,1
1110,CASSFSVGPTYEQYF,TRBV2*02,None,TRBJ2-7*01,1
1111,CASSFSVGPTYEQYF,TRBV10-2*01,None,TRBJ2-7*01,1
1112,CASSFSVGPTYAQYF,TRBV14*02,None,TRBJ2-7*01,1
1113,CASSFVAVSQPKHF,TRBV28*01,None,TRBJ1-5*01,1
1114,CASSFSVGPSYEQYF,TRBV5-8*01,None,TRBJ2-7*01,1
1115,CASSFSSGPTYEQYF,TRBV14*02,None,TRBJ2-7*01,1
1116,CASSFSMGPTYEQYF,TRBV14*02,None,TRBJ2-7*01,1
1117,CASSFSLGLTYEQYF,TRBV14*02,None,TRBJ2-7*01,1
1118,CASSFQTVSQPQHF,TRBV28*01,None,TRBJ1-5*01,1
1119,CASSFMTVSQPNHF,TRBV28*01,None,TRBJ1-5*01,1
1120,CASSFLTVSQPLHF,TRBV28*01,None,TRBJ1-5*01,1
1121,CASSFLTVSQLQHF,TRBV28*01,None,TRBJ1-5*01,1
1122,CASSFLTVSQAQHF,TRBV28*01,None,TRBJ1-5*01,1
1123,CASSFLTVSEPQHF,TRBV28*01,None,TRBJ1-5*01,1
1124,CASSFVAVSQLQHF,TRBV28*01,None,TRBJ1-5*01,1
1125,CASSFVAVSQPQHF,TRBV11-3*03,None,TRBJ1-5*01,1
1126,CASSFITVSQPKHF,TRBV28*01,None,TRBJ1-5*01,1
1127,CASSFVIVSQLQHF,TRBV28*01,None,TRBJ1-5*01,1
1128,CASSFVKVSQPQYF,TRBV28*01,None,TRBJ1-5*01,1
1129,CASSFVKVSQPQHF,TRBV7-9*03,None,TRBJ1-5*01,1
1130,CASSFVKVSQLQHF,TRBV28*01,None,TRBJ1-5*01,1
1131,CASSFVKVSQLHHF,TRBV28*01,None,TRBJ1-5*01,1
1132,CASSFVKVSQHQHF,TRBV28*01,None,TRBJ1-5*01,1
1133,CASSFVKVRQPPHF,TRBV28*01,None,TRBJ1-5*01,1
1134,CASSFVKLSQPQRF,TRBV28*01,None,TRBJ1-5*01,1
1135,CASSFVIVSRPQHF,TRBV28*01,None,TRBJ1-5*01,1
1136,CASSFVIVSQPPHF,TRBV28*01,None,TRBJ1-5*01,1
1137,CASSFVIVSQPLHF,TRBV28*01,None,TRBJ1-5*01,1
1138,CASSFVIVSQHQHF,TRBV28*01,None,TRBJ1-5*01,1
1139,CASSFVAVSQPQHF,TRBV6-6*03,None,TRBJ1-5*01,1
1140,CASSFVIVSKTQHF,TRBV28*01,None,TRBJ1-5*01,1
1141,CASSFVIVSHPQHF,TRBV28*01,None,TRBJ1-5*01,1
1142,CASSFVIVSEPQHF,TRBV28*01,None,TRBJ1-5*01,1
1143,CASSFVIVGQPQHF,TRBV28*01,None,TRBJ1-5*01,1
1144,CASSFVILSQHQHF,TRBV28*01,None,TRBJ1-5*01,1
1145,CASSFVGVSQPQHF,TRBV28*01,None,TRBJ1-5*01,1
1146,CASSFVEVSQPKHF,TRBV25-1*01,None,TRBJ1-5*01,1
1147,CASSFVAVSQSQYF,TRBV28*01,None,TRBJ1-5*01,1
1148,CASSFVAVSQPRHF,TRBV28*01,None,TRBJ1-5*01,1
1149,CASSFVAVSQPQHF,TRBV7-9*07,None,TRBJ1-5*01,1
1150,CASSFITVSRPQHF,TRBV28*01,None,TRBJ1-5*01,1
1151,CASSFITVSQPHHF,TRBV28*01,None,TRBJ1-5*01,1
1152,CASSFVTVSEPQNF,TRBV28*01,None,TRBJ1-5*01,1
1153,CASSFATVSHHQHF,TRBV28*01,None,TRBJ1-5*01,1
1154,CASSFERFSHPQHF,TRBV12-4*02,None,TRBJ1-5*01,1
1155,CASSFDTVSQPQNF,TRBV28*01,None,TRBJ1-5*01,1
1156,CASSFDTVSQPQLF,TRBV28*01,None,TRBJ1-5*01,1
1157,CASSFDTVSQPQHF,TRBV6-6*03,None,TRBJ1-5*01,1
1158,CASSFAVVLSYEQYF,TRBV14*02,None,TRBJ2-7*01,1
1159,CASSFATVSQPQHF,TRBV6-6*03,None,TRBJ1-5*01,1
1160,CASSFATVSQPKHF,TRBV28*01,None,TRBJ1-5*01,1
1161,CASSFATVSQPHHF,TRBV28*01,None,TRBJ1-5*01,1
1162,CASSFATVSQLQHF,TRBV28*01,None,TRBJ1-5*01,1
1163,CASSFATVSQHQHF,TRBV28*01,None,TRBJ1-5*01,1
1164,CASSFATVIQPHHF,TRBV28*01,None,TRBJ1-5*01,1
1165,CASSFFTVIKPYHF,TRBV28*01,None,TRBJ1-5*01,1
1166,CASSFATESQPQHF,TRBV28*01,None,TRBJ1-5*01,1
1167,CASSFARLSQPQHF,TRBV28*01,None,TRBJ1-5*01,1
1168,CASSFAAVSQPQRF,TRBV28*01,None,TRBJ1-5*01,1
1169,CASSEVSSQPQHF,TRBV6-1*01,None,TRBJ1-5*01,1
1170,CASSEVSGQPRHF,TRBV18*01,None,TRBJ1-5*01,1
1171,CASSEVSGQPQHF,TRBV6-1*01,None,TRBJ1-5*01,1
1172,CASSEVSGQAKHF,TRBV6-6*03,None,TRBJ1-5*01,1
1173,CASSEMSGQPQHF,TRBV6-6*03,None,TRBJ1-5*01,1
1174,CASSCVTVSQTQHF,TRBV28*01,None,TRBJ1-5*01,1
1175,CASSCVTVSQTLHF,TRBV28*01,None,TRBJ1-5*01,1
1176,CASSFFTISHSLHF,TRBV28*01,None,TRBJ1-5*01,1
1177,CASSFFTVIQPLHF,TRBV28*01,None,TRBJ1-5*01,1
1178,CASSFITVSQLYHF,TRBV28*01,None,TRBJ1-5*01,1
1179,CASSFGTVSQPQYF,TRBV28*01,None,TRBJ1-5*01,1
1180,CASSFITVSQLQHF,TRBV28*01,None,TRBJ1-5*01,1
1181,CASSFITVSHTQHF,TRBV28*01,None,TRBJ1-5*01,1
1182,CASSFITVIYPQQF,TRBV28*01,None,TRBJ1-5*01,1
1183,CASSFITVGQPQHF,TRBV28*01,None,TRBJ1-5*01,1
1184,CASSFISVSQPQHF,TRBV28*01,None,TRBJ1-5*01,1
1185,CASSFIKESQPQHF,TRBV28*01,None,TRBJ1-5*01,1
1186,CASSFIILSQPQHF,TRBV28*01,None,TRBJ1-5*01,1
1187,CASSFIAVQEPQYF,TRBV6-6*03,None,TRBJ1-5*01,1
1188,CASSFHTVSQQLFF,TRBV28*01,None,TRBJ2-2*01,1
1189,CASSFGTVSQTQHF,TRBV28*01,None,TRBJ1-5*01,1
1190,CASSFGTVSQHQHF,TRBV28*01,None,TRBJ1-5*01,1
1191,CASSFFTVNQPQNF,TRBV28*01,None,TRBJ1-5*01,1
1192,CASSFGTVRQPQHF,TRBV28*01,None,TRBJ1-5*01,1
1193,CASSFGTVRQHQHF,TRBV28*01,None,TRBJ1-5*01,1
1194,CASSFGTVRKLQHF,TRBV28*01,None,TRBJ1-5*01,1
1195,CASSFGTLSQPQHF,TRBV28*01,None,TRBJ1-5*01,1
1196,CASSFFTVSQTQHF,TRBV28*01,None,TRBJ1-5*01,1
1197,CASSFFTVSQPQYF,TRBV28*01,None,TRBJ1-5*01,1
1198,CASSFFTVSQPQHF,TRBV6-6*03,None,TRBJ1-5*01,1
1199,CASSFFTVSKPQHF,TRBV28*01,None,TRBJ1-5*01,1
1200,CASSFFTVSHPQHF,TRBV28*01,None,TRBJ1-5*01,1
1201,CASSFFTVSHAQHF,TRBV28*01,None,TRBJ1-5*01,1
1202,CASSFVPVIQLYHF,TRBV28*01,None,TRBJ1-5*01,1
1203,CASSFVPVSHPQHF,TRBV28*01,None,TRBJ1-5*01,1
1204,CASSFVPVSKPQHF,TRBV28*01,None,TRBJ1-5*01,1
1205,CASSFVTVIKLQHF,TRBV28*01,None,TRBJ1-5*01,1
1206,CASSFVTVIQPRNF,TRBV28*01,None,TRBJ1-5*01,1
1207,CASSFVTVIQPQYF,TRBV28*01,None,TRBJ1-5*01,1
1208,CASSFVTVIQPQNF,TRBV25-1*01,None,TRBJ1-5*01,1
1209,CASSFVTVIQPQHF,TRBV12-4*02,None,TRBJ1-5*01,1
1210,CASSFVTVIQPPRF,TRBV28*01,None,TRBJ1-5*01,1
1211,CASSFVTVIQPLHF,TRBV28*01,None,TRBJ1-5*01,1
1212,CASSFVTVIQPHHF,TRBV28*01,None,TRBJ1-5*01,1
1213,CASSFVTVIQLQQF,TRBV28*01,None,TRBJ1-5*01,1
1214,CASSFVTVIQLQHF,TRBV28*01,None,TRBJ1-5*01,1
1215,CASSFVTVIKPQHF,TRBV28*01,None,TRBJ1-5*01,1
1216,CASSFVTVIHPQRF,TRBV5-7*01,None,TRBJ1-5*01,1
1217,CASSFVTVNEPQHF,TRBV28*01,None,TRBJ1-5*01,1
1218,CASSFVTVGQTQHF,TRBV28*01,None,TRBJ1-5*01,1
1219,CASSFVTVGQQQHF,TRBV28*01,None,TRBJ1-5*01,1
1220,CASSFVTVGQPQHF,TRBV6-6*03,None,TRBJ1-5*01,1
1221,CASSFVTVGQPQDF,TRBV28*01,None,TRBJ1-5*01,1
1222,CASSFVTVGQPKDF,TRBV28*01,None,TRBJ1-5*01,1
1223,CASSFVTVGQHQYF,TRBV28*01,None,TRBJ1-5*01,1
1224,CASSFVTVGKPQHF,TRBV28*01,None,TRBJ1-5*01,1
1225,CASSFVTVFQTQNF,TRBV28*01,None,TRBJ1-5*01,1
1226,CASSFVTVFQPQHF,TRBV28*01,None,TRBJ1-5*01,1
1227,CASSFVTVFQLHHF,TRBV28*01,None,TRBJ1-5*01,1
1228,CASSFVTVIQTQHF,TRBV28*01,None,TRBJ1-5*01,1
1229,CASSFVTVNLPQHF,TRBV28*01,None,TRBJ1-5*01,1
1230,CASSFVPVSQAQHF,TRBV6-6*03,None,TRBJ1-5*01,1
1231,CASSFVTVRQLQHF,TRBV28*01,None,TRBJ1-5*01,1
1232,CASSFVTVSEPKHF,TRBV28*01,None,TRBJ1-5*01,1
1233,CASSFVTVSEAQHF,TRBV28*01,None,TRBJ1-5*01,1
1234,CASSFVTVSATQHF,TRBV28*01,None,TRBJ1-5*01,1
1235,CASSFVTVRQPQQF,TRBV28*01,None,TRBJ1-5*01,1
1236,CASSFVTVRQPQHF,TRBV6-6*03,None,TRBJ1-5*01,1
1237,CASSFVTVRQPQHF,TRBV11-1*01,None,TRBJ1-5*01,1
1238,CASSFVTVRQPPNF,TRBV28*01,None,TRBJ1-5*01,1
1239,CASSFVTVRQPKHF,TRBV12-3*01,None,TRBJ1-5*01,1
1240,CASSFVTVRQPHHF,TRBV28*01,None,TRBJ1-5*01,1
1241,CASSFVTVRQLQNF,TRBV28*01,None,TRBJ1-5*01,1
1242,CASSFVTVRQAQYF,TRBV28*01,None,TRBJ1-5*01,1
1243,CASSFVTVNQAQHF,TRBV28*01,None,TRBJ1-5*01,1
1244,CASSFVTVRQAQNF,TRBV28*01,None,TRBJ1-5*01,1
1245,CASSFVTVRQAQHF,TRBV28*01,None,TRBJ1-5*01,1
1246,CASSFVTVRLSPDF,TRBV28*01,None,TRBJ1-5*01,1
1247,CASSFVTVRKAQNF,TRBV28*01,None,TRBJ1-5*01,1
1248,CASSFVTVRHPQHF,TRBV28*01,None,TRBJ1-5*01,1
1249,CASSFVTVRHEQHF,TRBV28*01,None,TRBJ1-5*01,1
1250,CASSFVTVREAQKF,TRBV28*01,None,TRBJ1-5*01,1
1251,CASSFVTVNQAQYF,TRBV28*01,None,TRBJ1-5*01,1
1252,CASSFVTVNQAQPF,TRBV28*01,None,TRBJ1-5*01,1
1253,CASSFVTVNQAQHF,TRBV6-6*03,None,TRBJ1-5*01,1
1254,CASSFVTVDQHQHF,TRBV11-1*01,None,TRBJ1-5*01,1
1255,CASSFVTVCQPHHF,TRBV28*01,None,TRBJ1-5*01,1
1256,CASSFVTSSQPQHF,TRBV28*01,None,TRBJ1-5*01,1
1257,CASSFVRVTQHQHF,TRBV28*01,None,TRBJ1-5*01,1
1258,CASSFVTASQTQHF,TRBV28*01,None,TRBJ1-5*01,1
1259,CASSFVTASQPQYF,TRBV28*01,None,TRBJ1-5*01,1
1260,CASSFVTASQPKHF,TRBV28*01,None,TRBJ1-5*01,1
1261,CASSFVTASQLQHF,TRBV28*01,None,TRBJ1-5*01,1
1262,CASSFVTASEPQHF,TRBV28*01,None,TRBJ1-5*01,1
1263,CASSFVSVSQPRFF,TRBV28*01,None,TRBJ1-5*01,1
1264,CASSFVSVSQPQHF,TRBV7-9*04,None,TRBJ1-5*01,1
1265,CASSFVSVRKPQHF,TRBV28*01,None,TRBJ1-5*01,1
1266,CASSFVSLSQPRSF,TRBV28*01,None,TRBJ1-5*01,1
1267,CASSFVSISQIQNF,TRBV28*01,None,TRBJ1-5*01,1
1268,CASSFVRVSYPQHF,TRBV6-6*03,None,TRBJ1-5*01,1
1269,CASSFVTQSQPQHF,TRBV28*01,None,TRBJ1-5*01,1
1270,CASSFVRVSQPRHF,TRBV28*01,None,TRBJ1-5*01,1
1271,CASSFVRVSQPQQF,TRBV28*01,None,TRBJ1-5*01,1
1272,CASSFVRVSQPQHF,TRBV7-9*02,None,TRBJ1-5*01,1
1273,CASSFVRVSQAQHF,TRBV28*01,None,TRBJ1-5*01,1
1274,CASSFVRVSQAEHF,TRBV28*01,None,TRBJ1-5*01,1
1275,CASSFVRVRQPPNF,TRBV28*01,None,TRBJ1-5*01,1
1276,CASSFVPVSQPQKF,TRBV28*01,None,TRBJ1-5*01,1
1277,CASSFVPVSQPHHF,TRBV28*01,None,TRBJ1-5*01,1
1278,CASSFVPVSQLLHF,TRBV28*01,None,TRBJ1-5*01,1
1279,CASSFVPVSQHQHF,TRBV28*01,None,TRBJ1-5*01,1
1280,CASSFVTEGQPQHF,TRBV28*01,None,TRBJ1-5*01,1
1281,CASSFVTESQPQQF,TRBV28*01,None,TRBJ1-5*01,1
1282,CASSFVTFSQPLHF,TRBV28*01,None,TRBJ1-5*01,1
1283,CASSFVTFSQPQHF,TRBV28*01,None,TRBJ1-5*01,1
1284,CASSFVTLSQYQHF,TRBV28*01,None,TRBJ1-5*01,1
1285,CASSFVTLSQTQHF,TRBV28*01,None,TRBJ1-5*01,1
1286,CASSFVTLSQTQDF,TRBV28*01,None,TRBJ1-5*01,1
1287,CASSFVTLSQPQYF,TRBV28*01,None,TRBJ1-5*01,1
1288,CASSFVTLSQPQNF,TRBV28*01,None,TRBJ1-5*01,1
1289,CASSFVTLSQPQHF,TRBV6-6*03,None,TRBJ1-5*01,1
1290,CASSFVTLSQPPHF,TRBV28*01,None,TRBJ1-5*01,1
1291,CASSFVTLSQPHYF,TRBV28*01,None,TRBJ1-5*01,1
1292,CASSFVTLSQPHHF,TRBV28*01,None,TRBJ1-5*01,1
1293,CASSFVTLSQLHHF,TRBV28*01,None,TRBJ1-5*01,1
1294,CASSFVTLSQAKHF,TRBV28*01,None,TRBJ1-5*01,1
1295,CASSFVTLSKTTNF,TRBV28*01,None,TRBJ1-5*01,1
1296,CASSFVTLSHPQHF,TRBV28*01,None,TRBJ1-5*01,1
1297,CASSFVTLGQPQHF,TRBV28*01,None,TRBJ1-5*01,1
1298,CASSFVTISRPQHF,TRBV28*01,None,TRBJ1-5*01,1
1299,CASSFVTISQPSHF,TRBV28*01,None,TRBJ1-5*01,1
1300,CASSFVTISQPHHF,TRBV28*01,None,TRBJ1-5*01,1
1301,CASSFVTISQHQHF,TRBV28*01,None,TRBJ1-5*01,1
1302,CASSFVTISQAQHF,TRBV28*01,None,TRBJ1-5*01,1
1303,CASSFVTIISPQHF,TRBV6-7*01,None,TRBJ1-5*01,1
1304,CASSFVTIGQPQHF,TRBV28*01,None,TRBJ1-5*01,1
1305,CASSCVTVSQPQQF,TRBV28*01,None,TRBJ1-5*01,1
1306,CASSCVTVSQPLRF,TRBV28*01,None,TRBJ1-5*01,1
1307,CASSCVTVSEPQHF,TRBV28*01,None,TRBJ1-5*01,1
1308,CAISFVTVSQRQHF,TRBV28*01,None,TRBJ1-5*01,1
1309,CAMSFVTVSPIQDF,TRBV28*01,None,TRBJ1-5*01,1
1310,CAMSFVTVSAPQHF,TRBV28*01,None,TRBJ1-5*01,1
1311,CAMIFVTVRQPRNF,TRBV28*01,None,TRBJ1-5*01,1
1312,CALSARNSGGSYIPIF,TRBV6-9*01,None,TRBJ2-4*01,1
1313,CAITQEPEAVYGYPF,TRBV4-3*04,None,TRBJ1-2*01,1
1314,CAISYGAANTKAFF,TRBV10-3*02,None,TRBJ1-1*01,1
1315,CAISPGADDRDQTF,TRBV25-1*01,None,TRBJ2-6*01,1
1316,CAISLVTVSQPQDF,TRBV28*01,None,TRBJ1-5*01,1
1317,CAISFVTVSQTQHF,TRBV28*01,None,TRBJ1-5*01,1
1318,CAISFVTVSQSQHF,TRBV28*01,None,TRBJ1-5*01,1
1319,CAISFVTVSQPEHF,TRBV28*01,None,TRBJ1-5*01,1
1320,CAMSFVTVSQPQQF,TRBV28*01,None,TRBJ1-5*01,1
1321,CAISFVTVSQLQHF,TRBV28*01,None,TRBJ1-5*01,1
1322,CAISFVTVSQHQQF,TRBV28*01,None,TRBJ1-5*01,1
1323,CAISFVTVSQAQHF,TRBV28*01,None,TRBJ1-5*01,1
1324,CAISFVTVSKHQHF,TRBV28*01,None,TRBJ1-5*01,1
1325,CAISFVTVRQPQHF,TRBV28*01,None,TRBJ1-5*01,1
1326,CAISFVTLSRPQHF,TRBV28*01,None,TRBJ1-5*01,1
1327,CAISFVTISQPQHF,TRBV28*01,None,TRBJ1-5*01,1
1328,CAISFVKVSQPQHF,TRBV15*01,None,TRBJ1-5*01,1
1329,CAISFFTVSQPQHF,TRBV28*01,None,TRBJ1-5*01,1
1330,CAISFATVSQPQHF,TRBV28*01,None,TRBJ1-5*01,1
1331,CAMSFVTVSQPKHF,TRBV28*01,None,TRBJ1-5*01,1
1332,CANRFLTVRQPQHF,TRBV28*01,None,TRBJ1-5*01,1
1333,CARSFVTVCQPQHF,TRBV28*01,None,TRBJ1-5*01,1
1334,CARRWDRFPVYSPLHF,TRBV7-8*03,None,TRBJ1-6*01,1
1335,CARSFVPVGQPQHF,TRBV28*01,None,TRBJ1-5*01,1
1336,CARSFVIVTKPLHF,TRBV28*01,None,TRBJ1-5*01,1
1337,CARSFLTVSQTRHF,TRBV28*01,None,TRBJ1-5*01,1
1338,CARSFLTVKHPYHF,TRBV28*01,None,TRBJ1-5*01,1
1339,CARSFLTLTYPLHF,TRBV28*01,None,TRBJ1-5*01,1
1340,CARSFFTVSQPQHF,TRBV6-6*03,None,TRBJ1-5*01,1
1341,CARSFFTVSQPQHF,TRBV28*01,None,TRBJ1-5*01,1
1342,CARSFFTVSQHQHF,TRBV28*01,None,TRBJ1-5*01,1
1343,CARSFFTVSHPKHF,TRBV28*01,None,TRBJ1-5*01,1
1344,CARSFATVSQPQHF,TRBV28*01,None,TRBJ1-5*01,1
1345,CARRWDRFPVTSPLHF,TRBV7-8*03,None,TRBJ1-6*01,1
1346,CANSFITVSQPQHF,TRBV6-6*03,None,TRBJ1-5*01,1
1347,CARRFVTVSQQQNF,TRBV28*01,None,TRBJ1-5*01,1
1348,CARRFVTVSQPQNF,TRBV28*01,None,TRBJ1-5*01,1
1349,CARRFVTVCALQHF,TRBV28*01,None,TRBJ1-5*01,1
1350,CARMFVTVSQPQHF,TRBV28*01,None,TRBJ1-5*01,1
1351,CARIFVKLSQPQHF,TRBV28*01,None,TRBJ1-5*01,1
1352,CARGFFTLSQPRHF,TRBV28*01,None,TRBJ1-5*01,1
1353,CAPSFVTVSQPQHF,TRBV28*01,None,TRBJ1-5*01,1
1354,CANSFVTVSQPQSF,TRBV28*01,None,TRBJ1-5*01,1
1355,CANSFVTVSQPEHF,TRBV28*01,None,TRBJ1-5*01,1
1356,CANSFVLLSQPQLF,TRBV28*01,None,TRBJ1-5*01,1
1357,CAIRFVTVSQVQHF,TRBV28*01,None,TRBJ1-5*01,1
1358,CAIRFVTVSQPQHF,TRBV28*01,None,TRBJ1-5*01,1
1359,CAHRFVTVSQPQHF,TRBV28*01,None,TRBJ1-5*01,1
1360,CACSYGAANTEAFF,TRBV6-6*03,None,TRBJ1-1*01,1
1361,CAEILLFSGGYNKLIF,TRBV6-6*03,None,TRBJ1-6*02,1
1362,CAEILLFSGGYNKLIF,TRBV16*03,None,TRBJ1-6*01,1
1363,CAEILLFSGGYNKLIF,TRBV13*02,None,TRBJ1-6*01,1
1364,CAEILLFSGGYNKLIF,TRBV12-4*02,None,TRBJ1-6*01,1
1365,CAEILFFSGGYNKLIF,TRBV2*02,None,TRBJ1-6*02,1
1366,CAEILFFSGGYNKLIF,TRBV2*02,None,TRBJ1-6*01,1
1367,CAEIFLFSGGNNQLIF,TRBV2*02,None,TRBJ1-6*02,1
1368,CAEFLLFSGGYNKLIF,TRBV2*02,None,TRBJ1-6*01,1
1369,CADILLVSGGYNKLIF,TRBV2*02,None,TRBJ1-6*01,1
1370,CADILLFYGGYNKLIF,TRBV2*02,None,TRBJ1-6*02,1
1371,CACSFVTVSQRQHF,TRBV28*01,None,TRBJ1-5*01,1
1372,CAGSFVTVSQPRHF,TRBV28*01,None,TRBJ1-5*01,1
1373,CACSFVTVSQQQHF,TRBV28*01,None,TRBJ1-5*01,1
1374,CACSFVTVSQPQEF,TRBV28*01,None,TRBJ1-5*01,1
1375,CACSFVTVRQPKHF,TRBV28*01,None,TRBJ1-5*01,1
1376,CACSFFTVSQPQHF,TRBV28*01,None,TRBJ1-5*01,1
1377,CAASFVTVSQPQHF,TRBV28*01,None,TRBJ1-5*01,1
1378,CAASATGNQFYF,TRBV3-1*02,None,TRBJ1-6*02,1
1379,CAASATGNQFYF,TRBV3-1*02,None,TRBJ1-6*01,1
1380,CAASATGNHIYF,TRBV3-1*02,None,TRBJ1-6*01,1
1381,CAASATGKQFYF,TRBV3-1*02,None,TRBJ2-1*01,1
1382,CAASAIGNPFYF,TRBV3-1*02,None,TRBJ2-1*01,1
1383,CAEILLFSGGYNKLIF,TRBV9*03,None,TRBJ1-6*02,1
1384,CAEILLFSGGYNKMIF,TRBV2*02,None,TRBJ1-6*01,1
1385,CAEILLFSGGYNKPIF,TRBV2*02,None,TRBJ1-6*01,1
1386,CAEILLFSGGYNKPIF,TRBV2*02,None,TRBJ1-6*02,1
1387,CAGSFVTVSQPQLF,TRBV28*01,None,TRBJ1-5*01,1
1388,CAGSFVTVSQPKHF,TRBV28*01,None,TRBJ1-5*01,1
1389,CAGSFVTVSQHEHF,TRBV28*01,None,TRBJ1-5*01,1
1390,CAGSFVTVSQAQHF,TRBV28*01,None,TRBJ1-5*01,1
1391,CAGSFVTVSPPQHF,TRBV28*01,None,TRBJ1-5*01,1
1392,CAGSFVTVSKPQHF,TRBV28*01,None,TRBJ1-5*01,1
1393,CAGSFVTVSHPQHF,TRBV28*01,None,TRBJ1-5*01,1
1394,CAGSFVTASQPQHF,TRBV28*01,None,TRBJ1-5*01,1
1395,CAGSFVKVSQPQHF,TRBV28*01,None,TRBJ1-5*01,1
1396,CAGSFNTVSQPQHF,TRBV28*01,None,TRBJ1-6*01,1
1397,CAGSFITVSQPQHF,TRBV28*01,None,TRBJ1-5*01,1
1398,CAGSFATVSQPQHF,TRBV28*01,None,TRBJ1-5*01,1
1399,CAGRFVTVSEPQHF,TRBV28*01,None,TRBJ1-5*01,1
1400,CAFMKPITLSLVF,TRBV9*03,None,TRBJ1-6*01,1
1401,CAEVLLFTGGYNKLMF,TRBV2*02,None,TRBJ1-6*01,1
1402,CAETLLFSGGYNKLIF,TRBV2*02,None,TRBJ1-6*02,1
1403,CAEMLLFSGGYNKLIF,TRBV2*02,None,TRBJ1-6*01,1
1404,CAELLLFSGGYNKLIF,TRBV2*02,None,TRBJ1-6*01,1
1405,CAEILLSSGGYNKLIF,TRBV2*02,None,TRBJ1-6*01,1
1406,CAEILLLSGGYNKLVF,TRBV2*03,None,TRBJ1-6*01,1
1407,CAEILLFSGGYNRLIF,TRBV2*02,None,TRBJ1-6*02,1
1408,CARSFVRVSQPQHF,TRBV28*01,None,TRBJ1-5*01,1
1409,CARSFVTVGQPQHF,TRBV28*01,None,TRBJ1-5*01,1
1410,CASSCVKVSQPQHF,TRBV28*01,None,TRBJ1-5*01,1
1411,CASRFLTVGQHENF,TRBV28*01,None,TRBJ1-5*01,1
1412,CASRFVTVSQHQHF,TRBV28*01,None,TRBJ1-5*01,1
1413,CASRFVTVSKPQHF,TRBV28*01,None,TRBJ1-5*01,1
1414,CASRFVTVSHIQHF,TRBV28*01,None,TRBJ1-5*01,1
1415,CASRFVTVNQPQHF,TRBV28*01,None,TRBJ1-5*01,1
1416,CASRFVTVIQAQHF,TRBV28*01,None,TRBJ1-5*01,1
1417,CASRFVTISQPQHF,TRBV28*01,None,TRBJ1-5*01,1
1418,CASRFVSVSQPQHF,TRBV28*01,None,TRBJ1-5*01,1
1419,CASRFVKVSQPQHF,TRBV28*01,None,TRBJ1-5*01,1
1420,CASRFVEVSQLQNF,TRBV28*01,None,TRBJ1-5*01,1
1421,CASRFVAVSQPQNF,TRBV28*01,None,TRBJ1-5*01,1
1422,CASRFGTVSQTLHF,TRBV28*01,None,TRBJ1-5*01,1
1423,CASRFVTVSQPEHF,TRBV7-9*04,None,TRBJ1-5*01,1
1424,CASRFFTVSQTQHF,TRBV28*01,None,TRBJ1-5*01,1
1425,CASRFATVSQPQHF,TRBV28*01,None,TRBJ1-5*01,1
1426,CASRFATVRQAHNF,TRBV28*01,None,TRBJ1-5*01,1
1427,CASRCVTVRQPQHF,TRBV28*01,None,TRBJ1-5*01,1
1428,CASNLVTVSQPQHF,TRBV28*01,None,TRBJ1-5*01,1
1429,CASNFVTVSQTQNF,TRBV28*01,None,TRBJ1-5*01,1
1430,CASNFVPVSQPQRF,TRBV6-6*05,None,TRBJ1-5*01,1
1431,CASNFVGVSQPQYF,TRBV6-6*03,None,TRBJ1-5*01,1
1432,CASMSVTLSQPRHF,TRBV28*01,None,TRBJ1-5*01,1
1433,CASKPGTSVVDTQYF,TRBV12-4*02,None,TRBJ2-3*01,1
1434,CASRFVTVSQPEHF,TRBV28*01,None,TRBJ1-5*01,1
1435,CASRFVTVSQPLHF,TRBV28*01,None,TRBJ1-5*01,1
1436,CARSFVTVNEPQHF,TRBV28*01,None,TRBJ1-5*01,1
1437,CASRWDRFAVNSTLHF,TRBV7-8*03,None,TRBJ1-6*01,1
1438,CASSCGAVSQPQHF,TRBV28*01,None,TRBJ1-5*01,1
1439,CASSCDTLSQQQHF,TRBV28*01,None,TRBJ1-5*01,1
1440,CASRWDRIPVNSPLHF,TRBV7-8*03,None,TRBJ1-6*01,1
1441,CASRWDRFPVNSPVHF,TRBV7-8*03,None,TRBJ1-6*01,1
1442,CASRWDRFPVNSPLHF,TRBV7-2*04,None,TRBJ1-6*01,1
1443,CASRWDRFPVNSPLHF,TRBV7-1*01,None,TRBJ1-6*01,1
1444,CASRWDRFPVNSLLHF,TRBV7-8*03,None,TRBJ1-6*01,1
1445,CASRWDRFPVNSHLHF,TRBV7-8*03,None,TRBJ1-6*01,1
1446,CASRWDRFPVNPPLHF,TRBV7-8*03,None,TRBJ1-6*01,1
1447,CASRWDRFPVISPLHF,TRBV7-8*03,None,TRBJ1-6*01,1
1448,CASRWDRFAVNSHLHF,TRBV7-8*03,None,TRBJ1-6*01,1
1449,CASRFVTVSQPPHF,TRBV28*01,None,TRBJ1-5*01,1
1450,CASRWDPFPVNSPLHF,TRBV5-5*02,None,TRBJ1-6*01,1
1451,CASRVLTVSEPHHF,TRBV28*01,None,TRBJ1-5*01,1
1452,CASRSVTVSQPHNF,TRBV28*01,None,TRBJ1-5*01,1
1453,CASRQDPEAVYGYTF,TRBV4-3*04,None,TRBJ1-2*01,1
1454,CASRMDRPGVETQYF,TRBV19*03,None,TRBJ2-5*01,1
1455,CASRLVTVSQVKNF,TRBV28*01,None,TRBJ1-5*01,1
1456,CASRLSGGLAADEQFF,TRBV4-3*04,TRBD2*02,TRBJ2-1*01,1
1457,CASRKTQDAYAGELFF,TRBV6-6*03,None,TRBJ2-2*01,1
1458,CASRFVTVSQTQDF,TRBV28*01,None,TRBJ1-5*01,1
1459,CASRFVTVSQPRNF,TRBV28*01,None,TRBJ1-5*01,1
1460,CASIWDRFPVNSPLHF,TRBV7-8*03,None,TRBJ1-6*01,1
1461,CASILVTVSQPQHF,TRBV28*01,None,TRBJ1-5*01,1
1462,CASIFVTVSQTQHF,TRBV28*01,None,TRBJ1-5*01,1
1463,CARSFVTVSQPQHF,TRBV30*01,None,TRBJ1-5*01,1
1464,CARSFVTVSTPKHF,TRBV28*01,None,TRBJ1-5*01,1
1465,CARSFVTVSRPQHF,TRBV28*01,None,TRBJ1-5*01,1
1466,CARSFVTVSQTQHF,TRBV28*01,None,TRBJ1-5*01,1
1467,CARSFVTVSQRQHF,TRBV28*01,None,TRBJ1-5*01,1
1468,CARSFVTVSQPRNF,TRBV28*01,None,TRBJ1-5*01,1
1469,CARSFVTVSQPRHF,TRBV28*01,None,TRBJ1-5*01,1
1470,CARSFVTVSQPQRF,TRBV28*01,None,TRBJ1-5*01,1
1471,CARSFVTVSQPQNF,TRBV28*01,None,TRBJ1-5*01,1
1472,CARSFVTVSQPQHF,TRBV7-9*07,None,TRBJ1-5*01,1
1473,CARSFVTVSQPQHF,TRBV6-6*05,None,TRBJ1-5*01,1
1474,CARSFVTVSQPQDF,TRBV28*01,None,TRBJ1-5*01,1
1475,CASIFVTVSQPRHF,TRBV28*01,None,TRBJ1-5*01,1
1476,CARSFVTVSQPLHF,TRBV28*01,None,TRBJ1-5*01,1
1477,CARSFVTVSQAQHF,TRBV28*01,None,TRBJ1-5*01,1
1478,CARSFVTVSPPFHF,TRBV28*01,None,TRBJ1-5*01,1
1479,CARSFVTVSKPQHF,TRBV28*01,None,TRBJ1-5*01,1
1480,CARSFVTVSKPHHF,TRBV28*01,None,TRBJ1-5*01,1
1481,CARSFVTVSHPQHF,TRBV28*01,None,TRBJ1-5*01,1
1482,CARSFVTVSEPQHF,TRBV28*01,None,TRBJ1-5*01,1
1483,CARSFVTVSEPKHF,TRBV28*01,None,TRBJ1-5*01,1
1484,CARSFVTVRQPQQF,TRBV11-1*01,None,TRBJ1-5*01,1
1485,CARSFVTVRQPQNF,TRBV28*01,None,TRBJ1-5*01,1
1486,CARSIVTVSQPQHF,TRBV28*01,None,TRBJ1-5*01,1
1487,CARSLAVTIIFYHHYF,TRBV5-1*02,None,TRBJ2-7*01,1
1488,CARSLYTDYNSPINF,TRBV6-9*01,None,TRBJ1-6*02,1
1489,CARSMDRQEVETQYF,TRBV19*03,None,TRBJ2-5*01,1
1490,CASIFVTVSHPQHF,TRBV28*01,None,TRBJ1-5*01,1
1491,CASIFVTVRQPKHF,TRBV28*01,None,TRBJ1-5*01,1
1492,CASIFVTVIQPQHF,TRBV28*01,None,TRBJ1-5*01,1
1493,CASIFVTLGQPQHF,TRBV28*01,None,TRBJ1-5*01,1
1494,CASHFVTVSQPKHF,TRBV28*01,None,TRBJ1-5*01,1
1495,CASGYTTSSYNEQFF,TRBV27*01,None,TRBJ2-1*01,1
1496,CASGLVTVSQPQYF,TRBV19*03,None,TRBJ1-5*01,1
1497,CASGLLTVSQPQHF,TRBV28*01,None,TRBJ1-5*01,1
1498,CASGFVTVSQTQHF,TRBV28*01,None,TRBJ1-5*01,1
1499,CASGFVTVSQHQHF,TRBV28*01,None,TRBJ1-5*01,1
1500,CASGFVTVSQAQNF,TRBV28*01,None,TRBJ1-5*01,1
1501,CASGFVTVGQPQHF,TRBV28*01,None,TRBJ1-5*01,1
1502,CASGFVKVSQAQHF,TRBV28*01,None,TRBJ1-5*01,1
1503,CASGERGATETQYF,TRBV10-2*01,None,TRBJ2-7*01,1
1504,CASGERGATETQYF,TRBV10-2*01,None,TRBJ2-3*01,1
1505,CASFVTVSQPQHF,TRBV28*01,None,TRBJ1-5*01,1
1506,CASCLVTVSQPPHF,TRBV28*01,None,TRBJ1-5*01,1
1507,CASCGMEGQGALYGYTF,TRBV28*01,TRBD1*01,TRBJ1-2*01,1
1508,CASCFVTVSHPQHF,TRBV28*01,None,TRBJ1-5*01,1
1509,CASCFVTVSEPQHF,TRBV28*01,None,TRBJ1-5*01,1
1510,CASCFVTVRQRQHF,TRBV28*01,None,TRBJ1-5*01,1
1511,CASSFVTVSEPQHF,TRBV6-6*03,None,TRBJ1-5*01,1
1512,CASSFVTVSEPQYF,TRBV28*01,None,TRBJ1-5*01,1
1513,CSAISCRSLGWANVLTF,TRBV20-1*05,None,TRBJ2-6*01,1
1514,CGSSFVTVSQPQHF,TRBV6-6*03,None,TRBJ1-5*01,1
1515,CIAISGRSLSCAKVLTF,TRBV20-1*02,None,TRBJ2-6*01,1
1516,CIAISGRSLGWANVLTF,TRBV20-1*07,TRBD2*02,TRBJ2-6*01,1
1517,CIAISGRSLGWANVLTF,TRBV20-1*05,TRBD2*02,TRBJ2-6*01,1
1518,CIAISGRSLGCANVLTF,TRBV20-1*02,None,TRBJ2-6*01,1
1519,CIAISGRALGWANVLTF,TRBV20-1*07,None,TRBJ2-6*01,1
1520,CIAISGMSLGWANVLTF,TRBV20-1*06,None,TRBJ2-6*01,1
1521,CIAISGMSLGWANVLTF,TRBV20-1*03,None,TRBJ2-6*01,1
1522,CGSTVARVCHQQHF,TRBV25-1*01,None,TRBJ1-5*01,1
1523,CGSSVVTVSQPQHF,TRBV28*01,None,TRBJ1-5*01,1
1524,CGSSFVTVTQPQHF,TRBV28*01,None,TRBJ1-5*01,1
1525,CGSSFVTVSQPPHF,TRBV28*01,None,TRBJ1-5*01,1
1526,CIAISGRSLVWANLLTF,TRBV20-1*06,None,TRBJ2-6*01,1
1527,CGSSFVTVSQLQHF,TRBV28*01,None,TRBJ1-5*01,1
1528,CGSSFVTVSQAQHF,TRBV28*01,None,TRBJ1-5*01,1
1529,CGSSFVTVSNDQHF,TRBV28*01,None,TRBJ2-1*01,1
1530,CGSSFVTVSKPQHF,TRBV28*01,None,TRBJ1-5*01,1
1531,CGSSFVTVSHPQYF,TRBV28*01,None,TRBJ1-5*01,1
1532,CGSSFVTVSESQHF,TRBV28*01,None,TRBJ1-5*01,1
1533,CGSSFVTVSEPQHF,TRBV28*01,None,TRBJ1-5*01,1
1534,CGSSFVTVRQPQHF,TRBV28*01,None,TRBJ1-5*01,1
1535,CGSSFVTVGQPQHF,TRBV28*01,None,TRBJ1-5*01,1
1536,CGSSFVTVCQPQHF,TRBV6-6*03,None,TRBJ1-5*01,1
1537,CIAISGRSLSCANVLTF,TRBV20-1*03,None,TRBJ2-6*01,1
1538,CIAISGRSVGWANVLTF,TRBV20-1*06,None,TRBJ2-6*01,1
1539,CGSSFLTVSQPQHF,TRBV28*01,None,TRBJ1-5*01,1
1540,CNAISARSLGWANVLSF,TRBV20-1*06,None,TRBJ2-6*01,1
1541,CPMSFVRVSQPQHF,TRBV28*01,None,TRBJ1-5*01,1
1542,CPISFSVRPTYEQYF,TRBV14*02,None,TRBJ2-7*01,1
1543,CPAISGSSLGWANVLTF,TRBV20-1*02,None,TRBJ2-6*01,1
1544,CNPISARTLGWANVLTF,TRBV20-1*06,None,TRBJ2-6*01,1
1545,CNAMSVRSLGWANDQTF,TRBV20-1*02,None,TRBJ2-6*01,1
1546,CNAISRRAPGWDKVLTF,TRBV20-1*03,None,TRBJ2-6*01,1
1547,CNAISGRTPGWANVLNF,TRBV20-1*03,None,TRBJ2-6*01,1
1548,CNAISGRSLGWANVLTF,TRBV20-1*04,TRBD2*02,TRBJ2-6*01,1
1549,CNAISGRSLGWANVLMF,TRBV20-1*01,None,TRBJ2-6*01,1
1550,CNAISGRSLCWAKVLTF,TRBV20-1*04,None,TRBJ2-6*01,1
1551,CNAIRGRSLGSANGLTF,TRBV20-1*03,None,TRBJ2-7*01,1
1552,CIAISGRYLGWANVLTF,TRBV20-1*04,None,TRBJ2-6*01,1
1553,CLSSIVTVSQHPHF,TRBV28*01,None,TRBJ1-6*01,1
1554,CLSSFVTVSQPQHF,TRBV28*01,None,TRBJ1-5*01,1
1555,CLSSFVTVSQAQHF,TRBV28*01,None,TRBJ1-5*01,1
1556,CLAISGRSVGWANVLTF,TRBV20-1*06,TRBD2*02,TRBJ2-6*01,1
1557,CIVISGRSVGWANVLTF,TRBV20-1*06,None,TRBJ2-6*01,1
1558,CISISGRSLGWANVLNF,TRBV20-1*06,None,TRBJ2-6*01,1
1559,CISISGMSLGWANVLTF,TRBV20-1*03,None,TRBJ2-6*01,1
1560,CIPISGRTMGWANVLTF,TRBV20-1*02,None,TRBJ2-6*01,1
1561,CIPISGRSLGWANDLTF,TRBV20-1*06,None,TRBJ2-6*01,1
1562,CIDISGRSLCWANVLTF,TRBV20-1*01,None,TRBJ2-6*01,1
1563,CGSSFVTVCQAQHF,TRBV28*01,None,TRBJ1-5*01,1
1564,CGSSCVTVRQPQHF,TRBV28*01,None,TRBJ1-5*01,1
1565,CASSFVTVSEPRHF,TRBV28*01,None,TRBJ1-5*01,1
1566,CCAISGRSLDWANVLTF,TRBV20-1*07,None,TRBJ2-6*01,1
1567,CDSSFVILSPPHHF,TRBV28*01,None,TRBJ1-5*01,1
1568,CDSSFVAVSQPQHF,TRBV28*01,None,TRBJ1-5*01,1
1569,CDSSFLTVSQPQHF,TRBV28*01,None,TRBJ1-5*01,1
1570,CDSSCVTVSQTQHF,TRBV28*01,None,TRBJ1-5*01,1
1571,CDSRFVTVNQPLHF,TRBV28*01,None,TRBJ1-5*01,1
1572,CCTSFVTVSQPQHF,TRBV28*01,None,TRBJ1-5*01,1
1573,CCAVAGFSYEQYF,TRBV20-1*02,None,TRBJ2-7*01,1
1574,CCAISRKYLDWANVLTF,TRBV20-1*01,None,TRBJ2-6*01,1
1575,CCAISGRSLGWANARTF,TRBV20-1*07,TRBD2*02,TRBJ2-6*01,1
1576,CCAISGRSLGWANALTF,TRBV20-1*03,None,TRBJ2-6*01,1
1577,CCAIRGRALGWANVLTF,TRBV20-1*06,None,TRBJ2-6*01,1
1578,CDSSFVTVNQHQHF,TRBV28*01,None,TRBJ1-5*01,1
1579,CCAIIGMSLSCANVLTF,TRBV20-1*05,None,TRBJ2-6*01,1
1580,CAWSGDYRNEQFF,TRBV30*04,None,TRBJ2-1*01,1
1581,CAVSFVTLSQPQHF,TRBV28*01,None,TRBJ1-5*01,1
1582,CAVILLLPGGYNKLIF,TRBV2*02,None,TRBJ1-6*01,1
1583,CAVILLFSGGYNKLIF,TRBV2*02,None,TRBJ1-6*01,1
1584,CAVILLFSGGYNKLIF,TRBV13*02,None,TRBJ1-6*02,1
1585,CATSYLANFGELLF,TRBV6-3*01,None,TRBJ2-2*01,1
1586,CATSFVTVSQPQHF,TRBV15*02,None,TRBJ1-5*01,1
1587,CATSFVTVSQLQHF,TRBV28*01,None,TRBJ1-5*01,1
1588,CATSFVTVSQHQHF,TRBV28*01,None,TRBJ1-5*01,1
1589,CDSSFVTVGHAQHF,TRBV28*01,None,TRBJ1-5*01,1
1590,CDSSFVTVSETQHF,TRBV28*01,None,TRBJ1-5*01,1
1591,CGSRWVRFPVNSPLHF,TRBV7-8*03,None,TRBJ1-6*01,1
1592,CGAISGRSLGWANVLTF,TRBV20-1*04,TRBD2*02,TRBJ2-6*01,1
1593,CGSRFVTVSQPQHF,TRBV28*01,None,TRBJ1-5*01,1
1594,CGSRFVTVSKRHHF,TRBV28*01,None,TRBJ1-5*01,1
1595,CGSPWHRFPVNSPLHF,TRBV7-1*01,None,TRBJ1-6*01,1
1596,CGSIFVTVSQPQHF,TRBV28*01,None,TRBJ1-5*01,1
1597,CGSIFVAVSKPQHF,TRBV28*01,None,TRBJ1-5*01,1
1598,CGRSFVPVTQPQHF,TRBV28*01,None,TRBJ1-5*01,1
1599,CGRRFVTVSQPLHF,TRBV6-6*03,None,TRBJ1-5*01,1
1600,CGISYHANTGELFF,TRBV10-3*02,None,TRBJ2-2*01,1
1601,CGAISGRSLGWANVLTF,TRBV20-1*07,None,TRBJ2-6*01,1
1602,CGAISGRSLGWANVLTF,TRBV20-1*05,None,TRBJ2-6*01,1
1603,CGAISGRPLGWANVLTF,TRBV20-1*06,None,TRBJ2-6*01,1
1604,CDSSFVTVSKHQHF,TRBV28*01,None,TRBJ1-5*01,1
1605,CGAISGRPLGWANVLTF,TRBV20-1*02,None,TRBJ2-6*01,1
1606,CGAISGRFLGWANVLTF,TRBV20-1*02,None,TRBJ2-6*01,1
1607,CGAISERSMGWANVLTF,TRBV20-1*06,None,TRBJ2-6*01,1
1608,CEASFVTVSQPQHF,TRBV28*01,None,TRBJ1-5*01,1
1609,CDSSRVTVSQPQHF,TRBV6-6*04,None,TRBJ1-5*01,1
1610,CDSSFVTVSTPHHF,TRBV28*01,None,TRBJ1-5*01,1
1611,CDSSFVTVSQPQRF,TRBV28*01,None,TRBJ1-5*01,1
1612,CDSSFVTVSQNLHF,TRBV28*01,None,TRBJ2-4*01,1
1613,CDSSFVTVSQAQHF,TRBV28*01,None,TRBJ1-5*01,1
1614,CDSSFVTVSKPQHF,TRBV28*01,None,TRBJ1-5*01,1
1615,CPRSFITVSQPQHF,TRBV28*01,None,TRBJ1-5*01,1
1616,CPRSFVTVSQPQHF,TRBV28*01,None,TRBJ1-5*01,1
1617,CAAILLFSGGYNKLIF,TRBV2*02,None,TRBJ1-6*02,1
1618,CSAINGRSLGRANVLTF,TRBV20-1*02,None,TRBJ2-6*01,1
1619,CSAIRGRPLGWAKVLTF,TRBV20-1*06,None,TRBJ2-6*01,1
1620,CSAIRGRCLGWTNALTF,TRBV20-1*06,None,TRBJ2-6*01,1
1621,CSAIRGKSLGGTNVLTF,TRBV20-1*07,None,TRBJ2-6*01,1
1622,CSAINGSSLGWAYVLTF,TRBV20-1*02,None,TRBJ2-6*01,1
1623,CSAINGSSLGWANVLAF,TRBV20-1*02,None,TRBJ2-6*01,1
1624,CSAINGRSLSWAKVLTF,TRBV20-1*06,None,TRBJ2-6*01,1
1625,CSAINGRSLGWDNIPTF,TRBV20-1*06,None,TRBJ2-6*01,1
1626,CSAINGRSLGWANVLTF,TRBV20-1*04,None,TRBJ2-6*01,1
1627,CSAINGRSLGWAKVLTF,TRBV20-1*02,None,TRBJ2-6*01,1
1628,CSAINGRSLGSANVLTF,TRBV20-1*06,None,TRBJ2-6*01,1
1629,CSAIIGWSMGWANVLTF,TRBV20-1*06,None,TRBJ2-6*01,1
1630,CSAIRGRSLCWANVLTF,TRBV20-1*02,None,TRBJ2-6*01,1
1631,CSAIIGTSLSWAHVLFF,TRBV20-1*02,None,TRBJ2-6*01,1
1632,CSAIIGSSLGWANVLTF,TRBV20-1*04,None,TRBJ2-6*01,1
1633,CSAIIGSSLGWANVLTF,TRBV20-1*02,None,TRBJ2-6*01,1
1634,CSAIIARSLGGGNVLTF,TRBV20-1*03,None,TRBJ2-6*01,1
1635,CSAIGWRFLGWANVLAF,TRBV20-1*02,None,TRBJ2-6*01,1
1636,CSAIGGTSPGWANVLTF,TRBV20-1*02,None,TRBJ2-6*01,1
1637,CSAIGGSSLGWANVLTF,TRBV20-1*02,None,TRBJ2-6*01,1
1638,CSAIGGSSIGCANVLTF,TRBV20-1*04,None,TRBJ2-6*01,1
1639,CSAIGGRSPGWANVRTF,TRBV20-1*03,None,TRBJ2-6*01,1
1640,CSAIGGRSMCWANVLTF,TRBV20-1*03,None,TRBJ2-6*01,1
1641,CSAIRGRSLAWANVLTF,TRBV20-1*02,None,TRBJ2-6*01,1
1642,CSAIRGRSLCWGNVLTF,TRBV20-1*03,None,TRBJ2-6*01,1
1643,CPSSFSVGPTYEQYF,TRBV14*02,None,TRBJ2-7*01,1
1644,CSAIRGRVLGWAKVLTF,TRBV20-1*06,None,TRBJ2-6*01,1
1645,CSAISCRPLGWANVLTF,TRBV20-1*03,None,TRBJ2-6*01,1
1646,CSAISARSLVWANVLTF,TRBV20-1*06,None,TRBJ2-6*01,1
1647,CSAISARSLGWLNVQTF,TRBV20-1*01,None,TRBJ2-6*01,1
1648,CSAISARSLAWANVLNF,TRBV20-1*02,None,TRBJ2-6*01,1
1649,CSAIRWRSLRWANVLTF,TRBV20-1*02,None,TRBJ2-6*01,1
1650,CSAIRWRSLGWANVLTF,TRBV20-1*06,None,TRBJ2-6*01,1
1651,CSAIRRRSLPWANVLTF,TRBV20-1*07,None,TRBJ2-6*01,1
1652,CSAIRRRSLGWDNVLTF,TRBV20-1*05,None,TRBJ2-6*01,1
1653,CSAIRGWSLGWANDVTF,TRBV20-1*06,None,TRBJ2-6*01,1
1654,CSAIRGSSLGWANVLTF,TRBV20-1*06,None,TRBJ2-6*01,1
1655,CSAIRGRSLYWANVPTF,TRBV20-1*03,None,TRBJ2-6*01,1
1656,CSAIRGRSLGCANFLTF,TRBV20-1*03,None,TRBJ2-6*01,1
1657,CSAIRGRSLVWANDLTF,TRBV20-1*02,None,TRBJ2-6*01,1
1658,CSAIRGRSLGWDNVLIF,TRBV20-1*03,None,TRBJ2-6*01,1
1659,CSAIRGRSLGWDKVLTF,TRBV20-1*06,None,TRBJ2-6*01,1
1660,CSAIRGRSLGWANVRTF,TRBV20-1*03,None,TRBJ2-6*01,1
1661,CSAIRGRSLGWANVLTF,TRBV20-1*07,None,TRBJ2-6*01,1
1662,CSAIRGRSLGWANVETF,TRBV20-1*06,None,TRBJ2-6*01,1
1663,CSAIRGRSLGWAKVLTF,TRBV20-1*06,None,TRBJ2-6*01,1
1664,CSAIRGRSLGWAHVLTF,TRBV20-1*02,None,TRBJ2-6*01,1
1665,CSAIRGRSLGGVNVLTF,TRBV20-1*06,None,TRBJ2-6*01,1
1666,CSAIRGRSLGCPNLLTF,TRBV20-1*02,None,TRBJ2-6*01,1
1667,CSAIGGRSLGWPNVLTF,TRBV20-1*05,None,TRBJ2-6*01,1
1668,CSAIGGRSLGWPNVLTF,TRBV20-1*03,None,TRBJ2-6*01,1
1669,CSAIGGRSLGWANVLTF,TRBV20-1*07,None,TRBJ2-6*01,1
1670,CRAISGRSLCWANVLTF,TRBV20-1*03,None,TRBJ2-6*01,1
1671,CRAISGRSLVWDNVLTF,TRBV20-1*06,None,TRBJ2-6*01,1
1672,CRAISGRSLVCANVLTF,TRBV20-1*03,None,TRBJ2-6*01,1
1673,CRAISGRSLRWLNLLTF,TRBV20-1*06,None,TRBJ2-6*01,1
1674,CRAISGRSLGWTNVLNF,TRBV20-1*04,None,TRBJ2-6*01,1
1675,CRAISGRSLGWSKVLTF,TRBV20-1*03,None,TRBJ2-6*01,1
1676,CRAISGRSLGWDNVLTF,TRBV20-1*06,None,TRBJ2-6*01,1
1677,CRAISGRSLGWANVLTF,TRBV20-1*07,TRBD2*02,TRBJ2-6*01,1
1678,CRAISGRSLGLANVLTF,TRBV20-1*06,None,TRBJ2-6*01,1
1679,CRAISGRSLGGTNVLTF,TRBV20-1*02,None,TRBJ2-6*01,1
1680,CRAISGRSLGCAKVLTF,TRBV20-1*02,None,TRBJ2-6*01,1
1681,CRAINGRSLGWANVRAF,TRBV20-1*06,None,TRBJ2-6*01,1
1682,CSAIGGRSLGWANDLTF,TRBV20-1*02,None,TRBJ2-6*01,1
1683,CPTSFVTVSQPQHF,TRBV28*01,None,TRBJ1-5*01,1
1684,CPSSIVTVSQAQHF,TRBV28*01,None,TRBJ1-5*01,1
1685,CPSSFVTVSQPQNF,TRBV28*01,None,TRBJ1-5*01,1
1686,CPSSFVTVSQLQHF,TRBV28*01,None,TRBJ1-5*01,1
1687,CPSSFVTVSQAQSF,TRBV28*01,None,TRBJ1-5*01,1
1688,CPSSFVTVSQAQHF,TRBV28*01,None,TRBJ1-5*01,1
1689,CPSSFVTVRQPQHF,TRBV28*01,None,TRBJ1-5*01,1
1690,CPSSFVTVIQPQHF,TRBV28*01,None,TRBJ1-5*01,1
1691,CPSSFVSVSQHQHF,TRBV15*01,None,TRBJ1-5*01,1
1692,CPSSFTTFSANYGFTF,TRBV12-3*01,None,TRBJ1-2*01,1
1693,CRAISGRTLGWANVQTF,TRBV20-1*02,None,TRBJ2-6*01,1
1694,CRAISRWSLGWANVQSF,TRBV20-1*04,None,TRBJ2-6*01,1
1695,CRAISWRSLGWANVLTF,TRBV20-1*03,None,TRBJ2-6*01,1
1696,CRALIGRSLGWANVLTF,TRBV20-1*03,None,TRBJ2-6*01,1
1697,CSAIGGRSLGWAKVLPF,TRBV20-1*03,None,TRBJ2-6*01,1
1698,CSAIGGRSLDWANVLTF,TRBV20-1*06,None,TRBJ2-6*01,1
1699,CSAIGGRSLCWGNVLTF,TRBV20-1*06,None,TRBJ2-6*01,1
1700,CSAIGGRCLGWDNDLSF,TRBV20-1*03,None,TRBJ2-6*01,1
1701,CSAIGGMSLGWANVLTF,TRBV20-1*06,None,TRBJ2-6*01,1
1702,CSAICGWSLGWANVLTF,TRBV20-1*02,None,TRBJ2-6*01,1
1703,CSAICGRSMGWGNVLTF,TRBV20-1*05,None,TRBJ2-6*01,1
1704,CSAICGRSLRWSNVLTF,TRBV20-1*06,None,TRBJ2-6*01,1
1705,CSAICGRSLGWPNVLTF,TRBV20-1*02,None,TRBJ2-6*01,1
1706,CSAICGRSLGWAKVLTF,TRBV20-1*06,None,TRBJ2-6*01,1
1707,CSAICGRSLGWAKVLTF,TRBV20-1*05,None,TRBJ2-6*01,1
1708,CSAICGRSLGWADVLTF,TRBV20-1*02,None,TRBJ2-6*01,1
1709,CSAIAGCSYDLYF,TRBV20-1*06,None,TRBJ2-7*01,1
1710,CSAFSGRSPFWANVLTF,TRBV20-1*02,None,TRBJ2-6*01,1
1711,CSAFSGRSLGVANVLTF,TRBV20-1*02,None,TRBJ2-6*01,1
1712,CSAFSGRSLGRANVLSF,TRBV20-1*06,None,TRBJ2-6*01,1
1713,CSAFSGRSLCWAKVLTF,TRBV20-1*06,None,TRBJ2-6*01,1
1714,CSAFSARSLGWSKVLTF,TRBV20-1*06,None,TRBJ2-6*01,1
1715,CSAFAGFSYELYF,TRBV20-1*02,None,TRBJ2-7*01,1
1716,CSAEEGISYELYF,TRBV20-1*02,None,TRBJ2-2*01,1
1717,CRVISGRSLGWANVLTF,TRBV20-1*06,None,TRBJ2-6*01,1
1718,CATSFVTVSKPQHF,TRBV28*01,None,TRBJ1-5*01,1
1719,CATSFVTVSEPQHF,TRBV28*01,None,TRBJ1-5*01,1
1720,CATSFVAVSQPQHF,TRBV28*01,None,TRBJ1-5*01,1
1721,CASSFVTVSQPQHF,TRBV5-6*01,None,TRBJ1-5*01,1
1722,CASSFVTVSQPQQF,TRBV6-6*03,None,TRBJ1-5*01,1
1723,CASSFVTVSQPQHF,TRBV7-9*02,None,TRBJ1-5*01,1
1724,CASSFVTVSQPQHF,TRBV7-7*02,None,TRBJ1-5*01,1
1725,CASSFVTVSQPQHF,TRBV7-6*02,None,TRBJ1-5*01,1
1726,CASSFVTVSQPQHF,TRBV7-4*01,None,TRBJ1-5*01,1
1727,CASSFVTVSQPQHF,TRBV7-3*01,None,TRBJ1-5*01,1
1728,CASSFVTVSQPQHF,TRBV7-2*02,None,TRBJ1-5*01,1
1729,CASSFVTVSQPQHF,TRBV6-6*04,None,TRBJ1-5*01,1
1730,CASSFVTVSQPQHF,TRBV5-8*01,None,TRBJ1-5*01,1
1731,CASSFVTVSQPQHF,TRBV5-7*01,None,TRBJ1-5*01,1
1732,CASSFVTVSQPQHF,TRBV5-4*01,None,TRBJ1-5*01,1
1733,CASSFVTVSQPQTF,TRBV28*01,None,TRBJ1-5*01,1
1734,CASSFVTVSQPQHF,TRBV28*01,None,TRBJ1-6*01,1
1735,CASSFVTVSQPQHF,TRBV2*02,None,TRBJ1-5*01,1
1736,CASSFVTVSQPQHF,TRBV11-3*02,None,TRBJ1-5*01,1
1737,CASSFVTVSQPQGF,TRBV28*01,None,TRBJ1-5*01,1
1738,CASSFVTVSQPPRF,TRBV28*01,None,TRBJ1-5*01,1
1739,CASSFVTVSQPPNF,TRBV28*01,None,TRBJ1-5*01,1
1740,CASSFVTVSQPPHF,TRBV12-4*01,None,TRBJ1-5*01,1
1741,CASSFVTVSQPMHF,TRBV28*01,None,TRBJ1-5*01,1
1742,CASSFVTVSQPLPF,TRBV28*01,None,TRBJ1-5*01,1
1743,CASSFVTVSQPKSF,TRBV28*01,None,TRBJ1-5*01,1
1744,CASSFVTVSQPQRF,TRBV25-1*01,None,TRBJ1-5*01,1
1745,CASSFVTVSQPQYF,TRBV25-1*01,None,TRBJ1-5*01,1
1746,CASSGDTVSQPQHF,TRBV28*01,None,TRBJ1-5*01,1
1747,CASSFVTVSQTQHF,TRBV6-6*03,None,TRBJ1-5*01,1
1748,CASSFVTVTQPHHF,TRBV28*01,None,TRBJ1-5*01,1
1749,CASSFVTVSTSQHF,TRBV28*01,None,TRBJ1-5*01,1
1750,CASSFVTVSRTQHF,TRBV28*01,None,TRBJ1-5*01,1
1751,CASSFVTVSRSQHF,TRBV28*01,None,TRBJ1-5*01,1
1752,CASSFVTVSRPQRF,TRBV28*01,None,TRBJ1-5*01,1
1753,CASSFVTVSRPQLF,TRBV28*01,None,TRBJ1-5*01,1
1754,CASSFVTVSRPKHF,TRBV28*01,None,TRBJ1-5*01,1
1755,CASSFVTVSRLQNF,TRBV28*01,None,TRBJ1-5*01,1
1756,CASSFVTVSQTQNF,TRBV28*01,None,TRBJ1-5*01,1
1757,CASSFVTVSQTQIF,TRBV28*01,None,TRBJ1-5*01,1
1758,CASSFVTVSQTLFF,TRBV19*02,None,TRBJ1-5*01,1
1759,CASSFVTVSQPRNF,TRBV28*01,None,TRBJ1-5*01,1
1760,CASSFVTVSQTKNF,TRBV28*01,None,TRBJ1-5*01,1
1761,CASSFVTVSQSQIF,TRBV28*01,None,TRBJ1-5*01,1
1762,CASSFVTVSQSKNF,TRBV28*01,None,TRBJ1-5*01,1
1763,CASSFVTVSQSKHF,TRBV28*01,None,TRBJ1-5*01,1
1764,CASSFVTVSQQQYF,TRBV28*01,None,TRBJ1-5*01,1
1765,CASSFVTVSQQQHF,TRBV7-7*02,None,TRBJ1-5*01,1
1766,CASSFVTVSQQHHF,TRBV28*01,None,TRBJ1-5*01,1
1767,CASSFVTVSQPTNF,TRBV28*01,None,TRBJ1-5*01,1
1768,CASSFVTVSQPRSF,TRBV28*01,None,TRBJ1-5*01,1
1769,CASSFVTVSQPRRF,TRBV28*01,None,TRBJ1-5*01,1
1770,CASSFVTVSQPKPF,TRBV28*01,None,TRBJ1-5*01,1
1771,CASSFVTVSQPHLF,TRBV28*01,None,TRBJ1-5*01,1
1772,CASSFVTVSQNQSF,TRBV28*01,None,TRBJ1-5*01,1
1773,CASSFVTVSKPKHF,TRBV28*01,None,TRBJ1-5*01,1
1774,CASSFVTVSLPQHF,TRBV25-1*01,None,TRBJ1-5*01,1
1775,CASSFVTVSLPKYF,TRBV28*01,None,TRBJ1-5*01,1
1776,CASSFVTVSLLQHF,TRBV28*01,None,TRBJ1-5*01,1
1777,CASSFVTVSKPQHF,TRBV6-6*03,None,TRBJ1-5*01,1
1778,CASSFVTVSKPQHF,TRBV25-1*01,None,TRBJ1-5*01,1
1779,CASSFVTVSKPPNF,TRBV28*01,None,TRBJ1-5*01,1
1780,CASSFVTVSKPPHF,TRBV28*01,None,TRBJ1-5*01,1
1781,CASSFVTVSKPPHF,TRBV25-1*01,None,TRBJ1-5*01,1
1782,CASSFVTVSKPLHF,TRBV28*01,None,TRBJ1-5*01,1
1783,CASSFVTVSKPKQF,TRBV28*01,None,TRBJ1-5*01,1
1784,CASSFVTVSHSQQF,TRBV28*01,None,TRBJ1-5*01,1
1785,CASSFVTVSQNQHF,TRBV28*01,None,TRBJ1-5*01,1
1786,CASSFVTVSHSQHF,TRBV28*01,None,TRBJ1-5*01,1
1787,CASSFVTVSHPQRF,TRBV28*01,None,TRBJ1-5*01,1
1788,CASSFVTVSHPQHF,TRBV25-1*01,None,TRBJ1-5*01,1
1789,CASSFVTVSHPQHF,TRBV12-4*02,None,TRBJ1-5*01,1
1790,CASSFVTVSHPQHF,TRBV12-4*01,None,TRBJ1-5*01,1
1791,CASSFVTVSHPQDF,TRBV28*01,None,TRBJ1-5*01,1
1792,CASSFVTVSHPLHF,TRBV25-1*01,None,TRBJ1-5*01,1
1793,CASSFVTVSHHQNF,TRBV28*01,None,TRBJ1-5*01,1
1794,CASSFVTVSETQHF,TRBV28*01,None,TRBJ1-5*01,1
1795,CASSFVTVSETKHF,TRBV28*01,None,TRBJ1-5*01,1
1796,CASSFVTVSLTKHF,TRBV28*01,None,TRBJ1-5*01,1
1797,CASSFVTVSPAQHF,TRBV28*01,None,TRBJ1-5*01,1
1798,CASSFVTVSPEQHF,TRBV28*01,None,TRBJ1-5*01,1
1799,CASSFVTVSQAHHF,TRBV28*01,None,TRBJ1-5*01,1
1800,CASSFVTVSQLYHF,TRBV28*01,None,TRBJ1-5*01,1
1801,CASSFVTVSQHRHF,TRBV28*01,None,TRBJ1-5*01,1
1802,CASSFVTVSQHQYF,TRBV7-9*04,None,TRBJ1-5*01,1
1803,CASSFVTVSQHQNF,TRBV28*01,None,TRBJ1-5*01,1
1804,CASSFVTVSQHQHF,TRBV6-6*03,None,TRBJ1-5*01,1
1805,CASSFVTVSQHLHF,TRBV28*01,None,TRBJ1-5*01,1
1806,CASSFVTVSQHKHF,TRBV28*01,None,TRBJ1-5*01,1
1807,CASSFVTVSQHENF,TRBV28*01,None,TRBJ1-5*01,1
1808,CASSFVTVSQHEHF,TRBV28*01,None,TRBJ1-5*01,1
1809,CASSFVTVSQGQYF,TRBV28*01,None,TRBJ1-5*01,1
1810,CASSFVTVSQFQHF,TRBV28*01,None,TRBJ1-5*01,1
1811,CASSFVTVSQDQYF,TRBV28*01,None,TRBJ1-5*01,1
1812,CASSFVTVSQDQHF,TRBV19*01,None,TRBJ1-5*01,1
1813,CASSFVTVSQDLHF,TRBV28*01,None,TRBJ1-5*01,1
1814,CASSFVTVSQCQHF,TRBV28*01,None,TRBJ1-5*01,1
1815,CASSFVTVSQARYF,TRBV28*01,None,TRBJ1-5*01,1
1816,CASSFVTVSQAQYF,TRBV6-6*03,None,TRBJ1-5*01,1
1817,CASSFVTVSQAQRF,TRBV28*01,None,TRBJ1-5*01,1
1818,CASSFVTVSQAQDF,TRBV28*01,None,TRBJ1-5*01,1
1819,CASSFVTVSQAPHF,TRBV28*01,None,TRBJ1-5*01,1
1820,CASSFVTVSQAKNF,TRBV28*01,None,TRBJ1-5*01,1
1821,CASSFVTVTQPQYF,TRBV28*01,None,TRBJ1-5*01,1
1822,CASSGMEGQGAIYGYTF,TRBV28*01,TRBD1*01,TRBJ1-2*01,1
1823,CATSFATVSEPQHF,TRBV28*01,None,TRBJ1-5*01,1
1824,CASSVVTVCQPQHF,TRBV28*01,None,TRBJ1-5*01,1
1825,CASSYHANAGEQFF,TRBV6-5*01,None,TRBJ2-2*01,1
1826,CASSYGAENTEAFF,TRBV6-6*03,None,TRBJ1-1*01,1
1827,CASSYGAANTEAFF,TRBV6-6*01,None,TRBJ1-1*01,1
1828,CASSYGAANTEAFF,TRBV6-5*01,None,TRBJ1-1*01,1
1829,CASSYGAANTEAFF,TRBV11-2*03,None,TRBJ1-1*01,1
1830,CASSYDAISGELFF,TRBV6-6*02,None,TRBJ2-2*01,1
1831,CASSVVTVSQPQYF,TRBV28*01,None,TRBJ1-5*01,1
1832,CASSVVTVSQPQHF,TRBV6-6*03,None,TRBJ1-5*01,1
1833,CASSVVTVSQAQHF,TRBV28*01,None,TRBJ1-5*01,1
1834,CASSVVTVSQAHHF,TRBV28*01,None,TRBJ1-5*01,1
1835,CASSVVTLTQHQHF,TRBV28*01,None,TRBJ1-5*01,1
1836,CASSYHANTGELFF,TRBV6-6*05,None,TRBJ2-2*01,1
1837,CASSVVRVSQPQHF,TRBV28*01,None,TRBJ1-5*01,1
1838,CASSVVRVSQAHHF,TRBV28*01,None,TRBJ1-5*01,1
1839,CASSVVPASQPQHF,TRBV28*01,None,TRBJ1-5*01,1
1840,CASSVLTVSQAQHF,TRBV28*01,None,TRBJ1-5*01,1
1841,CASSVGTVSQPQHF,TRBV28*01,None,TRBJ1-5*01,1
1842,CASSSVTVSQPQHF,TRBV7-1*01,None,TRBJ1-5*01,1
1843,CASSSVTVSQPQHF,TRBV6-6*03,None,TRBJ1-5*01,1
1844,CASSSVTVSQPEHF,TRBV19*02,None,TRBJ1-5*01,1
1845,CASSSVTVSQLQHF,TRBV28*01,None,TRBJ1-5*01,1
1846,CASSSVTVSQHQHF,TRBV6-6*05,None,TRBJ1-5*01,1
1847,CASSYHANTDELFF,TRBV6-5*01,None,TRBJ2-2*01,1
1848,CASSYHANTGELVF,TRBV6-6*03,None,TRBJ2-2*01,1
1849,CASSGMEGQGALYGYTF,TRBV28*01,None,TRBJ1-2*01,1
1850,CASTFVAVSPAQHF,TRBV28*01,None,TRBJ1-5*01,1
1851,CATRFVTVSQHQHF,TRBV15*02,None,TRBJ1-5*01,1
1852,CATCFVTVTQPQHF,TRBV6-6*05,None,TRBJ1-5*01,1
1853,CASTLVESGDELYF,TRBV11-3*02,None,TRBJ2-7*01,1
1854,CASTLRQGGNYEQYF,TRBV27*01,None,TRBJ2-7*01,1
1855,CASTLRESVGEQFF,TRBV5-6*01,None,TRBJ2-7*01,1
1856,CASTFVTVSRPQHF,TRBV28*01,None,TRBJ1-5*01,1
1857,CASTFVTVSQLKNF,TRBV28*01,None,TRBJ1-5*01,1
1858,CASTFVTVSLPRHF,TRBV28*01,None,TRBJ1-5*01,1
1859,CASTFVTVSHPQHF,TRBV28*01,None,TRBJ1-5*01,1
1860,CASTFVTVSEPQHF,TRBV28*01,None,TRBJ1-5*01,1
1861,CASTFLTVSLPQHF,TRBV28*01,None,TRBJ1-5*01,1
1862,CASSYHANTGGLFF,TRBV6-6*02,None,TRBJ2-2*01,1
1863,CASTFFTVSQPQHF,TRBV28*01,None,TRBJ1-5*01,1
1864,CASTFFTVSQPKHF,TRBV15*02,None,TRBJ1-5*01,1
1865,CASTCVTVSQPQHF,TRBV28*01,None,TRBJ1-5*01,1
1866,CASSYVTVSQPQNF,TRBV28*01,None,TRBJ1-5*01,1
1867,CASSYPTHTEDQYF,TRBV28*01,None,TRBJ2-2*01,1
1868,CASSYLTVSQPQHF,TRBV28*01,None,TRBJ1-5*01,1
1869,CASSYHPYTGELYF,TRBV6-6*02,None,TRBJ2-2*01,1
1870,CASSYHATTGELFF,TRBV6-6*03,None,TRBJ2-2*01,1
1871,CASSYHASTGELFF,TRBV6-5*01,None,TRBJ2-2*01,1
1872,CASSYHANTWELFF,TRBV6-6*05,None,TRBJ2-2*01,1
1873,CASSQEPESVYGYTF,TRBV4-1*01,None,TRBJ1-2*01,1
1874,CASSQDPGAVYGYTF,TRBV4-3*01,None,TRBJ1-2*01,1
1875,CASSQDPEVVYGYTF,TRBV4-3*02,None,TRBJ1-2*01,1
1876,CASSLGASGSSYEQYF,TRBV7-9*03,None,TRBJ2-7*01,1
1877,CASSLSGRVEKLFF,TRBV12-4*02,None,TRBJ1-4*01,1
1878,CASSLNTLAVYGYTF,TRBV4-3*02,None,TRBJ1-2*01,1
1879,CASSLITVSQPQHF,TRBV28*01,None,TRBJ1-5*01,1
1880,CASSLGTVSQPQHF,TRBV28*01,None,TRBJ1-5*01,1
1881,CASSLGSSGSPYVQYF,TRBV11-1*01,None,TRBJ2-7*01,1
1882,CASSLGSSGSPYEQYF,TRBV7-9*04,None,TRBJ2-7*01,1
1883,CASSLGESSGEQYF,TRBV11-3*02,None,TRBJ2-7*01,1
1884,CASSLGESGGEQYF,TRBV7-4*01,None,TRBJ2-7*01,1
1885,CASSLGESGGEQYF,TRBV18*01,None,TRBJ2-7*01,1
1886,CASSLGASGYPYEQYF,TRBV7-9*04,None,TRBJ2-7*01,1
1887,CASSLGASGSPYEQYF,TRBV7-9*03,None,TRBJ2-7*01,1
1888,CASSQDPEAVYGYTF,TRBV4-1*02,None,TRBJ1-2*01,1
1889,CASSLGASGSPYEQYF,TRBV7-9*02,None,TRBJ2-7*01,1
1890,CASSLGASGSPYEQYF,TRBV11-2*03,None,TRBJ2-7*01,1
1891,CASSLGASGGEQYF,TRBV11-3*02,None,TRBJ2-7*01,1
1892,CASSLFTVSQPQHF,TRBV28*01,None,TRBJ1-5*01,1
1893,CASSIVTVSQPQYF,TRBV28*01,None,TRBJ1-5*01,1
1894,CASSIITVSQAQHF,TRBV7-9*07,None,TRBJ1-5*01,1
1895,CASSGVEGQGPFKLYTF,TRBV28*01,None,TRBJ1-2*01,1
1896,CASSGMQGQETRYGYTF,TRBV11-3*02,None,TRBJ1-2*01,1
1897,CASSGMEGQVALYGNTF,TRBV28*01,None,TRBJ1-2*01,1
1898,CASSGMEGQGVLYGYTF,TRBV28*01,TRBD1*01,TRBJ1-2*01,1
1899,CASSLSVGATYGYYF,TRBV14*02,None,TRBJ2-7*01,1
1900,CASSLTGEEQFF,TRBV7-8*02,None,TRBJ2-1*01,1
1901,CASSLTGVEQFF,TRBV11-3*02,None,TRBJ2-1*01,1
1902,CASSLTGVEQFF,TRBV7-3*05,None,TRBJ2-1*01,1
1903,CASSQDPEAVYGYNF,TRBV4-3*04,None,TRBJ1-2*01,1
1904,CASSQAPEAVYGYNF,TRBV4-1*02,None,TRBJ1-2*01,1
1905,CASSPVTATQPQHF,TRBV28*01,None,TRBJ1-5*01,1
1906,CASSPVAVSQPQYF,TRBV28*01,None,TRBJ1-5*01,1
1907,CASSPSYNEQFF,TRBV2*02,None,TRBJ2-1*01,1
1908,CASSPPLHTPTYEQYF,TRBV18*01,None,TRBJ2-7*01,1
1909,CASSLVTVSRPQHF,TRBV28*01,None,TRBJ1-5*01,1
1910,CASSLVTVSQTQNF,TRBV28*01,None,TRBJ1-5*01,1
1911,CASSLVTVSQPQNF,TRBV28*01,None,TRBJ1-5*01,1
1912,CASSLVTVSQPQHF,TRBV12-4*02,None,TRBJ1-5*01,1
1913,CASSLVTVSQPPHF,TRBV28*01,None,TRBJ1-5*01,1
1914,CASSLVTVSQPHHF,TRBV28*01,None,TRBJ1-5*01,1
1915,CASSLVTVSQHQHF,TRBV28*01,None,TRBJ1-5*01,1
1916,CASSLVTVSQGQHF,TRBV28*01,None,TRBJ1-5*01,1
1917,CASSLVTVSPPQHF,TRBV28*01,None,TRBJ1-5*01,1
1918,CASSLVTVSKPQHF,TRBV28*01,None,TRBJ1-5*01,1
1919,CASSLVTVSEPQHF,TRBV28*01,None,TRBJ1-5*01,1
1920,CASSLVTVIQPQHF,TRBV28*01,None,TRBJ1-5*01,1
1921,CASSLVTVGQPQHF,TRBV28*01,None,TRBJ1-5*01,1
1922,CASSLVTISQHQHF,TRBV28*01,None,TRBJ1-5*01,1
1923,CASSLVRVSHPQYF,TRBV28*01,None,TRBJ1-5*01,1
1924,CVYSFVTVSQPQHF,TRBV28*01,None,TRBJ1-5*01,1
