,CDR3seq,V-region,D-region,J-region,Frequency
1,CSVETGSTDTQYF,TRBV29-1*02,None,TRBJ2-3*01,67599
2,CSAVAGFSYEQYF,TRBV20-1*03,None,TRBJ2-7*01,33045
3,CSAVAGFSYEQYF,TRBV20-1*06,None,TRBJ2-7*01,32975
4,CSAVAGFSYEQYF,TRBV20-1*02,None,TRBJ2-7*01,32323
5,CSMETGSTDTQYF,TRBV29-1*03,None,TRBJ2-3*01,8923
6,CSMETGSTDTQYF,TRBV29-1*02,None,TRBJ2-3*01,8832
7,CSVETGSTDTQYF,TRBV29-1*01,None,TRBJ2-3*01,222
8,CSVEAGSTDTQYF,TRBV29-1*02,None,TRBJ2-3*01,194
9,CSAETGSTDTQYF,TRBV29-1*03,None,TRBJ2-3*01,151
10,CSVETGSTDTQYF,TRBV29-1*02,None,TRBJ2-7*01,150
11,CGVETGSTDTQYF,TRBV29-1*02,None,TRBJ2-3*01,144
12,CSVETGGTDTQYF,TRBV29-1*02,None,TRBJ2-3*01,133
13,CSVETGRTDTQYF,TRBV29-1*02,None,TRBJ2-3*01,130
14,CSAVAGFSCEQYF,TRBV20-1*06,None,TRBJ2-7*01,129
15,CSVGTGSTDTQYF,TRBV29-1*02,None,TRBJ2-3*01,129
16,CSAVAGFSCEQYF,TRBV20-1*02,None,TRBJ2-7*01,128
17,CSAVAGFSCEQYF,TRBV20-1*03,None,TRBJ2-7*01,126
18,CSVETGSTDTKYF,TRBV29-1*02,None,TRBJ2-3*01,95
19,CSAVAGLSYEQYF,TRBV20-1*02,None,TRBJ2-7*01,93
20,CSAVAGFSYEQYF,TRBV20-1*06,None,TRBJ2-3*01,90
21,CSAVAGLSYEQYF,TRBV20-1*06,None,TRBJ2-7*01,87
22,CSAVAGFSYERYF,TRBV20-1*02,None,TRBJ2-7*01,87
23,CSAVAGFSYEQYF,TRBV20-1*02,None,TRBJ2-3*01,84
24,CSAVAGLSYEQYF,TRBV20-1*03,None,TRBJ2-7*01,83
25,CSAVAGSSYEQYF,TRBV20-1*06,None,TRBJ2-7*01,82
26,CSVETGNTDTQYF,TRBV29-1*02,None,TRBJ2-3*01,81
27,CSAVAGFSYEQYF,TRBV20-1*03,None,TRBJ2-3*01,78
28,CSAVAGSSYEQYF,TRBV20-1*03,None,TRBJ2-7*01,78
29,CSAVAGFSYERYF,TRBV20-1*06,None,TRBJ2-7*01,75
30,CSAVAGSSYEQYF,TRBV20-1*02,None,TRBJ2-7*01,75
31,CSVETGSIDTQYF,TRBV29-1*02,None,TRBJ2-3*01,74
32,CSVETGSTDTRYF,TRBV29-1*02,None,TRBJ2-3*01,74
33,CSVETGSADTQYF,TRBV29-1*02,None,TRBJ2-3*01,74
34,CSVETGSTGTQYF,TRBV29-1*02,None,TRBJ2-3*01,72
35,CSAVAGFSYGQYF,TRBV20-1*06,None,TRBJ2-7*01,72
36,CSAVAGFSYGQYF,TRBV20-1*03,None,TRBJ2-7*01,71
37,CSAVAGFSYERYF,TRBV20-1*03,None,TRBJ2-7*01,69
38,CSAVAGFSYEQYF,TRBV20-1*07,None,TRBJ2-7*01,68
39,CSAVAGFSYEQYF,TRBV20-1*04,None,TRBJ2-7*01,66
40,CSVETGSTDAQYF,TRBV29-1*02,None,TRBJ2-3*01,64
41,CSVETGSTDTLYF,TRBV29-1*02,None,TRBJ2-3*01,61
42,CSVETRSTDTQYF,TRBV29-1*02,None,TRBJ2-3*01,60
43,CSAVAGFSYEQYF,TRBV20-1*01,None,TRBJ2-7*01,56
44,CSAVAGFSYGQYF,TRBV20-1*02,None,TRBJ2-7*01,56
45,CSAVAGFSYEQYF,TRBV20-1*05,None,TRBJ2-7*01,56
46,CSVETGSKDTQYF,TRBV29-1*02,None,TRBJ2-3*01,53
47,CSVETGSTDTPYF,TRBV29-1*02,None,TRBJ2-3*01,53
48,CGAVAGFSYEQYF,TRBV20-1*06,None,TRBJ2-7*01,52
49,CASSGSNTNIQYF,TRBV19*03,None,TRBJ2-4*01,52
50,CSVETGITDTQYF,TRBV29-1*02,None,TRBJ2-3*01,51
51,CSVETESTDTQYF,TRBV29-1*02,None,TRBJ2-3*01,49
52,CSAVVGFSYEQYF,TRBV20-1*03,None,TRBJ2-7*01,49
53,CSVETGSTDTQYF,TRBV20-1*03,None,TRBJ2-3*01,48
54,CGAVAGFSYEQYF,TRBV20-1*03,None,TRBJ2-7*01,47
55,CSVKTGSTDTQYF,TRBV29-1*02,None,TRBJ2-3*01,46
56,CSVETGSTDMQYF,TRBV29-1*02,None,TRBJ2-3*01,46
57,CSAVAGFSHEQYF,TRBV20-1*02,None,TRBJ2-7*01,45
58,CSAVAGFSYEQHF,TRBV20-1*02,None,TRBJ2-7*01,44
59,CSAVAGFSYEPYF,TRBV20-1*06,None,TRBJ2-7*01,43
60,CSAVAGFSYELYF,TRBV20-1*03,None,TRBJ2-7*01,43
61,CSAVAGFSYEQHF,TRBV20-1*03,None,TRBJ2-7*01,43
62,CSVETGSTNTQYF,TRBV29-1*02,None,TRBJ2-3*01,43
63,CSVDTGSTDTQYF,TRBV29-1*02,None,TRBJ2-3*01,42
64,CRVETGSTDTQYF,TRBV29-1*03,None,TRBJ2-3*01,42
65,CSAVAGFSYEPYF,TRBV20-1*03,None,TRBJ2-7*01,40
66,CSVEIGSTDTQYF,TRBV29-1*02,None,TRBJ2-3*01,40
67,CSAVAGVSYEQYF,TRBV20-1*06,None,TRBJ2-7*01,40
68,CSAVAGFSYELYF,TRBV20-1*06,None,TRBJ2-7*01,40
69,CSVETGSTDTQYF,TRBV20-1*06,None,TRBJ2-3*01,39
70,CSAAAGFSYEQYF,TRBV20-1*03,None,TRBJ2-7*01,39
71,CRVETGSTDTQYF,TRBV29-1*02,None,TRBJ2-3*01,38
72,CSAVAGFSYEQCF,TRBV20-1*02,None,TRBJ2-7*01,37
73,CSVETGSTDTQHF,TRBV29-1*02,None,TRBJ2-3*01,37
74,CSVETGSTDTQYF,TRBV20-1*02,None,TRBJ2-3*01,37
75,CSAVAGFSYEQCF,TRBV20-1*06,None,TRBJ2-7*01,37
76,CSAVAGVSYEQYF,TRBV20-1*03,None,TRBJ2-7*01,36
77,CSAVARFSYEQYF,TRBV20-1*06,None,TRBJ2-7*01,36
78,CSAVAGFSYEQHF,TRBV20-1*06,None,TRBJ2-7*01,36
79,CIVETGSTDTQYF,TRBV29-1*03,None,TRBJ2-3*01,35
80,CSAVAGFSYKQYF,TRBV20-1*06,None,TRBJ2-7*01,35
81,CSAAAGFSYEQYF,TRBV20-1*02,None,TRBJ2-7*01,35
82,CSAVAGFSYEKYF,TRBV20-1*06,None,TRBJ2-7*01,35
83,CSVESGSTDTQYF,TRBV29-1*02,None,TRBJ2-3*01,35
84,CSAVAGFSHEQYF,TRBV20-1*03,None,TRBJ2-7*01,34
85,CASSFSVGPTYEQYF,TRBV14*02,None,TRBJ2-7*01,34
86,CSAVEGFSYEQYF,TRBV20-1*02,None,TRBJ2-7*01,34
87,CSAVARFSYEQYF,TRBV20-1*03,None,TRBJ2-7*01,34
88,CSVETGSTDKQYF,TRBV29-1*02,None,TRBJ2-3*01,33
89,CSAVVGFSYEQYF,TRBV20-1*06,None,TRBJ2-7*01,33
90,CGAVAGFSYEQYF,TRBV20-1*02,None,TRBJ2-7*01,33
91,CSAVAGFSYELYF,TRBV20-1*02,None,TRBJ2-7*01,33
92,CSAVAGFSYEQCF,TRBV20-1*03,None,TRBJ2-7*01,33
93,CSAAAGFSYEQYF,TRBV20-1*06,None,TRBJ2-7*01,33
94,CSAVAGVSYEQYF,TRBV20-1*02,None,TRBJ2-7*01,33
95,CSAVAGFFYEQYF,TRBV20-1*03,None,TRBJ2-7*01,32
96,CSAVVGFSYEQYF,TRBV20-1*02,None,TRBJ2-7*01,32
97,CSAVARFSYEQYF,TRBV20-1*02,None,TRBJ2-7*01,32
98,CSVETGSTDTHYF,TRBV29-1*02,None,TRBJ2-3*01,32
99,CSVETGTTDTQYF,TRBV29-1*02,None,TRBJ2-3*01,32
100,CSVETGCTDTQYF,TRBV29-1*02,None,TRBJ2-3*01,32
101,CSAVAEFSYEQYF,TRBV20-1*02,None,TRBJ2-7*01,31
102,CSVVAGFSYEQYF,TRBV20-1*02,None,TRBJ2-7*01,31
103,CSVETGSTDTEYF,TRBV29-1*02,None,TRBJ2-3*01,31
104,CSVETGSSDTQYF,TRBV29-1*02,None,TRBJ2-3*01,30
105,CSAVAGFFYEQYF,TRBV20-1*02,None,TRBJ2-7*01,30
106,CSAVAGFSHEQYF,TRBV20-1*06,None,TRBJ2-7*01,30
107,CSVVTGSTDTQYF,TRBV29-1*02,None,TRBJ2-3*01,30
108,CSAVTGFSYEQYF,TRBV20-1*03,None,TRBJ2-7*01,30
109,CSAVAGFFYEQYF,TRBV20-1*06,None,TRBJ2-7*01,30
110,CSAVAGFSYEKYF,TRBV20-1*02,None,TRBJ2-7*01,29
111,CSVETGSTYTQYF,TRBV29-1*02,None,TRBJ2-3*01,29
112,CSVVAGFSYEQYF,TRBV20-1*06,None,TRBJ2-7*01,29
113,CSAVAGFSYEPYF,TRBV20-1*02,None,TRBJ2-7*01,29
114,CSAVAGFTYEQYF,TRBV20-1*02,None,TRBJ2-7*01,28
115,CIVETGSTDTQYF,TRBV29-1*02,None,TRBJ2-3*01,28
116,CSLETGSTDTQYF,TRBV29-1*03,None,TRBJ2-3*01,28
117,CSAVAGFSYEQYF,TRBV29-1*03,None,TRBJ2-7*01,28
118,CSAVAGFSYDQYF,TRBV20-1*02,None,TRBJ2-7*01,28
119,CSAVAEFSYEQYF,TRBV20-1*06,None,TRBJ2-7*01,27
120,CSAVAGFSYKQYF,TRBV20-1*03,None,TRBJ2-7*01,27
121,CNVETGSTDTQYF,TRBV29-1*02,None,TRBJ2-3*01,27
122,CSVETGSTDTQYF,TRBV29-1*03,None,TRBJ2-3*01,27
123,CSAVAWFSYEQYF,TRBV20-1*02,None,TRBJ2-7*01,27
124,CSAVAGFSYKQYF,TRBV20-1*02,None,TRBJ2-7*01,26
125,CSAVAGFSYVQYF,TRBV20-1*03,None,TRBJ2-7*01,26
126,CSAVAGFSYDQYF,TRBV20-1*03,None,TRBJ2-7*01,25
127,CSVETWSTDTQYF,TRBV29-1*02,None,TRBJ2-3*01,25
128,CSAVAGFSYQQYF,TRBV20-1*06,None,TRBJ2-7*01,25
129,CASRWDRFPVNSPLHF,TRBV7-8*03,None,TRBJ1-6*01,25
130,CSMETRSTDTQYF,TRBV29-1*02,None,TRBJ2-3*01,25
131,CSAVAGFSYVQYF,TRBV20-1*02,None,TRBJ2-7*01,25
132,CSAVAGFTYEQYF,TRBV20-1*06,None,TRBJ2-7*01,25
133,CSMGTGSTDTQYF,TRBV29-1*03,None,TRBJ2-3*01,25
134,CSMGTGSTDTQYF,TRBV29-1*02,None,TRBJ2-3*01,25
135,CSLETGSTDTQYF,TRBV29-1*02,None,TRBJ2-3*01,25
136,CSMETRSTDTQYF,TRBV29-1*03,None,TRBJ2-3*01,24
137,CSVETGSTATQYF,TRBV29-1*02,None,TRBJ2-3*01,24
138,CSSVAGFSYEQYF,TRBV20-1*06,None,TRBJ2-7*01,24
139,CSAVEGFSYEQYF,TRBV20-1*06,None,TRBJ2-7*01,24
140,CSVVAGFSYEQYF,TRBV20-1*03,None,TRBJ2-7*01,24
141,CNVETGSTDTQYF,TRBV29-1*03,None,TRBJ2-3*01,24
142,CSVETGSTETQYF,TRBV29-1*02,None,TRBJ2-3*01,24
143,CSVETGSTDTQCF,TRBV29-1*02,None,TRBJ2-3*01,23
144,CSMETGSTDTQYF,TRBV29-1*02,None,TRBJ2-7*01,23
145,CSVETVSTDTQYF,TRBV29-1*02,None,TRBJ2-3*01,23
146,CNAVAGFSYEQYF,TRBV20-1*06,None,TRBJ2-7*01,23
147,CSVEPGSTDTQYF,TRBV29-1*02,None,TRBJ2-3*01,23
148,CSAVAGFSYQQYF,TRBV20-1*02,None,TRBJ2-7*01,23
149,CSAVAGFYYEQYF,TRBV20-1*03,None,TRBJ2-7*01,23
150,CSMETGRTDTQYF,TRBV29-1*03,None,TRBJ2-3*01,22
151,CASSFVTVSQPQHF,TRBV28*01,None,TRBJ1-5*01,22
152,CASSYGAANTEAFF,TRBV6-6*03,None,TRBJ1-1*01,22
153,CSAVTGFSYEQYF,TRBV20-1*06,None,TRBJ2-7*01,22
154,CSVPSGGVSGANVLTF,TRBV29-1*02,None,TRBJ2-6*01,22
155,CSAVTGFSYEQYF,TRBV20-1*02,None,TRBJ2-7*01,22
156,CSMETGSTDTQYF,TRBV29-1*01,None,TRBJ2-3*01,22
157,CRAVAGFSYEQYF,TRBV20-1*03,None,TRBJ2-7*01,21
158,CRAVAGFSYEQYF,TRBV20-1*02,None,TRBJ2-7*01,21
159,CSVENGSTDTQYF,TRBV29-1*02,None,TRBJ2-3*01,21
160,CSAVAGFSYDQYF,TRBV20-1*06,None,TRBJ2-7*01,21
161,CSAVAWFSYEQYF,TRBV20-1*03,None,TRBJ2-7*01,21
162,CSTETGSTDTQYF,TRBV29-1*02,None,TRBJ2-3*01,21
163,CSIETGSTDTQYF,TRBV29-1*02,None,TRBJ2-3*01,20
164,CSVETGSTDTQNF,TRBV29-1*02,None,TRBJ2-3*01,20
165,CSTVAGFSYEQYF,TRBV20-1*02,None,TRBJ2-7*01,20
166,CSAIAGFSYEQYF,TRBV20-1*02,None,TRBJ2-7*01,19
167,CSAVAGFSYEQYF,TRBV29-1*02,None,TRBJ2-7*01,19
168,CSMETGGTDTQYF,TRBV29-1*03,None,TRBJ2-3*01,19
169,CSAVAVFSYEQYF,TRBV20-1*02,None,TRBJ2-7*01,19
170,CSAVAGFTYEQYF,TRBV20-1*03,None,TRBJ2-7*01,19
171,CRAVAGFSYEQYF,TRBV20-1*06,None,TRBJ2-7*01,19
172,CSALAGFSYEQYF,TRBV20-1*03,None,TRBJ2-7*01,19
173,CSAVEGFSYEQYF,TRBV20-1*03,None,TRBJ2-7*01,19
174,CSVATGSTDTQYF,TRBV29-1*02,None,TRBJ2-3*01,19
175,CSTVAGFSYEQYF,TRBV20-1*06,None,TRBJ2-7*01,19
176,CSAVAEFSYEQYF,TRBV20-1*03,None,TRBJ2-7*01,19
177,CSMETGSTGTQYF,TRBV29-1*02,None,TRBJ2-3*01,18
178,CSVETGSTDPQYF,TRBV29-1*02,None,TRBJ2-3*01,18
179,CSAVAGFSYQQYF,TRBV20-1*03,None,TRBJ2-7*01,18
180,CSAVAGFSYVQYF,TRBV20-1*06,None,TRBJ2-7*01,17
181,CSAVAGFSSEQYF,TRBV20-1*06,None,TRBJ2-7*01,17
182,CSAVAVFSYEQYF,TRBV20-1*03,None,TRBJ2-7*01,17
183,CASSPSGRGSNEQFF,TRBV7-9*04,None,TRBJ2-1*01,17
184,CSAVAGFYYEQYF,TRBV20-1*06,None,TRBJ2-7*01,17
185,CSAVSGFSYEQYF,TRBV20-1*03,None,TRBJ2-7*01,17
186,CSMEAGSTDTQYF,TRBV29-1*02,None,TRBJ2-3*01,17
187,CSSVAGFSYEQYF,TRBV20-1*02,None,TRBJ2-7*01,17
188,CSTVAGFSYEQYF,TRBV20-1*03,None,TRBJ2-7*01,17
189,CSAVAGFSYEKYF,TRBV20-1*03,None,TRBJ2-7*01,17
190,CSAVAGFYYEQYF,TRBV20-1*02,None,TRBJ2-7*01,16
191,CSMETGRTDTQYF,TRBV29-1*02,None,TRBJ2-3*01,16
192,CSVETGSTHTQYF,TRBV29-1*02,None,TRBJ2-3*01,16
193,CSAIAGFSYEQYF,TRBV20-1*03,None,TRBJ2-7*01,16
194,CSSVAGFSYEQYF,TRBV20-1*03,None,TRBJ2-7*01,16
195,CSMETGSADTQYF,TRBV29-1*02,None,TRBJ2-3*01,15
196,CNAVAGFSYEQYF,TRBV20-1*02,None,TRBJ2-7*01,15
197,CSVQTGSTDTQYF,TRBV29-1*02,None,TRBJ2-3*01,15
198,CSMETGSTDTRYF,TRBV29-1*03,None,TRBJ2-3*01,15
199,CSVETGSPDTQYF,TRBV29-1*02,None,TRBJ2-3*01,15
200,CTVETGSTDTQYF,TRBV29-1*03,None,TRBJ2-3*01,15
201,CSAVAGFSYEHYF,TRBV20-1*02,None,TRBJ2-7*01,15
202,CIMETGSTDTQYF,TRBV29-1*03,None,TRBJ2-3*01,15
203,CGMETGSTDTQYF,TRBV29-1*02,None,TRBJ2-3*01,14
204,CSAVAGFSYEHYF,TRBV20-1*06,None,TRBJ2-7*01,14
205,CSMETGSTGTQYF,TRBV29-1*03,None,TRBJ2-3*01,14
206,CSMETGSTDAQYF,TRBV29-1*02,None,TRBJ2-3*01,14
207,CCVETGSTDTQYF,TRBV29-1*02,None,TRBJ2-3*01,14
208,CSAVAGFCYEQYF,TRBV20-1*06,None,TRBJ2-7*01,14
209,CSVETGSTDSQYF,TRBV29-1*02,None,TRBJ2-3*01,14
210,CSALAGFSYEQYF,TRBV20-1*06,None,TRBJ2-7*01,14
211,CSAIAGFSYEQYF,TRBV20-1*06,None,TRBJ2-7*01,14
212,CSAVAGFCYEQYF,TRBV20-1*02,None,TRBJ2-7*01,13
213,CSMETGSIDTQYF,TRBV29-1*03,None,TRBJ2-3*01,13
214,CSMDTGSTDTQYF,TRBV29-1*03,None,TRBJ2-3*01,13
215,CSMETGGTDTQYF,TRBV29-1*02,None,TRBJ2-3*01,13
216,CSAVAGFAYEQYF,TRBV20-1*03,None,TRBJ2-7*01,13
217,CSMETGSTDTLYF,TRBV29-1*02,None,TRBJ2-3*01,13
218,CSMETGSTDTKYF,TRBV29-1*03,None,TRBJ2-3*01,13
219,CSALMAGQAFF,TRBV20-1*03,None,TRBJ1-1*01,13
220,CNAVAGFSYEQYF,TRBV20-1*03,None,TRBJ2-7*01,13
221,CSAVAGISYEQYF,TRBV20-1*06,None,TRBJ2-7*01,13
222,CIMETGSTDTQYF,TRBV29-1*02,None,TRBJ2-3*01,13
223,CSVETGSTVTQYF,TRBV29-1*02,None,TRBJ2-3*01,13
224,CSVETGSRDTQYF,TRBV29-1*02,None,TRBJ2-3*01,12
225,CSMETGSTDTKYF,TRBV29-1*02,None,TRBJ2-3*01,12
226,CSAGAGFSYEQYF,TRBV20-1*03,None,TRBJ2-7*01,12
227,CSAVAGFSYAQYF,TRBV20-1*06,None,TRBJ2-7*01,12
228,CSALAGFSYEQYF,TRBV20-1*02,None,TRBJ2-7*01,12
229,CSAVAWFSYEQYF,TRBV20-1*06,None,TRBJ2-7*01,12
230,CSMETGSTDTRYF,TRBV29-1*02,None,TRBJ2-3*01,12
231,CSAVAGFSYEQNF,TRBV20-1*02,None,TRBJ2-7*01,12
232,CSMEAGSTDTQYF,TRBV29-1*03,None,TRBJ2-3*01,12
233,CGMETGSTDTQYF,TRBV29-1*03,None,TRBJ2-3*01,12
234,CASSPSGRGSNEQFF,TRBV11-3*03,None,TRBJ2-1*01,12
235,CSMETGNTDTQYF,TRBV29-1*02,None,TRBJ2-3*01,11
236,CSMETGITDTQYF,TRBV29-1*03,None,TRBJ2-3*01,11
237,CSMETGSTDTQYF,TRBV20-1*06,None,TRBJ2-3*01,11
238,CSTETGSTDTQYF,TRBV29-1*03,None,TRBJ2-3*01,11
239,CSAVAGCSYEQYF,TRBV20-1*02,None,TRBJ2-7*01,11
240,CSAVGGFSYEQYF,TRBV20-1*06,None,TRBJ2-7*01,11
241,CSAVAGYSYEQYF,TRBV20-1*02,None,TRBJ2-7*01,11
242,CIAVAGFSYEQYF,TRBV20-1*03,None,TRBJ2-7*01,11
243,CSAVAGFSYEHYF,TRBV20-1*03,None,TRBJ2-7*01,11
244,CSAVAGCSYEQYF,TRBV20-1*06,None,TRBJ2-7*01,11
245,CSAVSGFSYEQYF,TRBV20-1*02,None,TRBJ2-7*01,11
246,CSMETGSTDTHYF,TRBV29-1*03,None,TRBJ2-3*01,11
247,CSAVAAFSYEQYF,TRBV20-1*02,None,TRBJ2-7*01,11
248,CSAVAGFSYAQYF,TRBV20-1*02,None,TRBJ2-7*01,10
249,CSMKTGSTDTQYF,TRBV29-1*03,None,TRBJ2-3*01,10
250,CSAVAVFSYEQYF,TRBV20-1*06,None,TRBJ2-7*01,10
251,CSDVAGFSYEQYF,TRBV20-1*03,None,TRBJ2-7*01,10
252,CIAVAGFSYEQYF,TRBV20-1*06,None,TRBJ2-7*01,9
253,CSMETGSTDAQYF,TRBV29-1*03,None,TRBJ2-3*01,9
254,CSAVAGCSYEQYF,TRBV20-1*03,None,TRBJ2-7*01,9
255,CASRPTGHVYGYTF,TRBV27*01,None,TRBJ1-2*01,9
256,CRMETGSTDTQYF,TRBV29-1*03,None,TRBJ2-3*01,9
257,CSMVTGSTDTQYF,TRBV29-1*03,None,TRBJ2-3*01,9
258,CSAVAGFSDEQYF,TRBV20-1*03,None,TRBJ2-7*01,9
259,CSAVGGFSYEQYF,TRBV20-1*03,None,TRBJ2-7*01,9
260,CSAVAGISYEQYF,TRBV20-1*02,None,TRBJ2-7*01,9
261,CSMETGSTDTLYF,TRBV29-1*03,None,TRBJ2-3*01,9
262,CSAVAGFSYAQYF,TRBV20-1*03,None,TRBJ2-7*01,9
263,CSAVAGFSYEEYF,TRBV20-1*03,None,TRBJ2-7*01,9
264,CASSLGESGGEQYF,TRBV7-2*04,None,TRBJ2-7*01,9
265,CSAVAGYSYEQYF,TRBV20-1*03,None,TRBJ2-7*01,9
266,CSMETGSADTQYF,TRBV29-1*03,None,TRBJ2-3*01,9
267,CSAVAGFSNEQYF,TRBV20-1*02,None,TRBJ2-7*01,8
268,CTMETGSTDTQYF,TRBV29-1*02,None,TRBJ2-3*01,8
269,CSEETGSTDTQYF,TRBV29-1*03,None,TRBJ2-3*01,8
270,CRMETGSTDTQYF,TRBV29-1*02,None,TRBJ2-3*01,8
271,CSVETGSTDTQSF,TRBV29-1*02,None,TRBJ2-3*01,8
272,CSAISGRSLGWANVLTF,TRBV20-1*03,None,TRBJ2-6*01,8
273,CSMETGSTDTQCF,TRBV29-1*03,None,TRBJ2-3*01,8
274,CCAVAGFSYEQYF,TRBV20-1*06,None,TRBJ2-7*01,8
275,CSAVAGFSSEQYF,TRBV20-1*03,None,TRBJ2-7*01,7
276,CSMETGSTDTQYF,TRBV29-1*03,None,TRBJ2-7*01,7
277,CASSEEHSPLHF,TRBV2*03,None,TRBJ1-6*01,7
278,CSMETGSTDTPYF,TRBV29-1*03,None,TRBJ2-3*01,7
279,CSIETGSTDTQYF,TRBV29-1*03,None,TRBJ2-3*01,7
280,CSMVTGSTDTQYF,TRBV29-1*02,None,TRBJ2-3*01,7
281,CSAVAGFCYEQYF,TRBV20-1*03,None,TRBJ2-7*01,7
282,CSMETGSTETQYF,TRBV29-1*03,None,TRBJ2-3*01,7
283,CIAVAGFSYEQYF,TRBV20-1*02,None,TRBJ2-7*01,7
284,CSAVAGFAYEQYF,TRBV20-1*06,None,TRBJ2-7*01,7
285,CSGVAGFSYEQYF,TRBV20-1*02,None,TRBJ2-7*01,7
286,CSGVAGFSYEQYF,TRBV20-1*03,None,TRBJ2-7*01,7
287,CSPVAGFSYEQYF,TRBV20-1*02,None,TRBJ2-7*01,7
288,CSAVAGFSSEQYF,TRBV20-1*02,None,TRBJ2-7*01,7
289,CSPVAGFSYEQYF,TRBV20-1*06,None,TRBJ2-7*01,7
290,CSPVAGFSYEQYF,TRBV20-1*03,None,TRBJ2-7*01,7
291,CTMETGSTDTQYF,TRBV29-1*03,None,TRBJ2-3*01,7
292,CSAVAGFSFEQYF,TRBV20-1*02,None,TRBJ2-7*01,7
293,CASSLTGVEQFF,TRBV11-3*02,None,TRBJ2-1*01,7
294,CSAGAGFSYEQYF,TRBV20-1*06,None,TRBJ2-7*01,7
295,CSAEAGFSYEQYF,TRBV20-1*02,None,TRBJ2-7*01,7
296,CSAVAGFSFEQYF,TRBV20-1*03,None,TRBJ2-7*01,7
297,CSMETESTDTQYF,TRBV29-1*02,None,TRBJ2-3*01,7
298,CSGETGSTDTQYF,TRBV29-1*02,None,TRBJ2-3*01,7
299,CSVETGSTDRQYF,TRBV29-1*02,None,TRBJ2-3*01,7
300,CSAVAGFSFEQYF,TRBV20-1*06,None,TRBJ2-7*01,7
301,CSMETGSTDMQYF,TRBV29-1*02,None,TRBJ2-3*01,6
302,CSGETGSTDTQYF,TRBV29-1*03,None,TRBJ2-3*01,6
303,CSVETASTDTQYF,TRBV29-1*02,None,TRBJ2-3*01,6
304,CSMETGSTDMQYF,TRBV29-1*03,None,TRBJ2-3*01,6
305,CSMETGSTDTQNF,TRBV29-1*02,None,TRBJ2-3*01,6
306,CSAVAAFSYEQYF,TRBV20-1*03,None,TRBJ2-7*01,6
307,CSMETGSTDTQYF,TRBV20-1*02,None,TRBJ2-3*01,6
308,CSAVSGFSYEQYF,TRBV20-1*06,None,TRBJ2-7*01,6
309,CSAVAGFSNEQYF,TRBV20-1*03,None,TRBJ2-7*01,6
310,CSDVAGFSYEQYF,TRBV20-1*06,None,TRBJ2-7*01,6
311,CTVETGSTDTQYF,TRBV29-1*02,None,TRBJ2-3*01,6
312,CSMEIGSTDTQYF,TRBV29-1*03,None,TRBJ2-3*01,6
313,CSAVAGFSYEQNF,TRBV20-1*03,None,TRBJ2-7*01,6
314,CSMKTGSTDTQYF,TRBV29-1*02,None,TRBJ2-3*01,6
315,CSAVAGISYEQYF,TRBV20-1*03,None,TRBJ2-7*01,6
316,CSMETGSKDTQYF,TRBV29-1*03,None,TRBJ2-3*01,6
317,CSRETGSTDTQYF,TRBV29-1*03,None,TRBJ2-3*01,6
318,CNMETGSTDTQYF,TRBV29-1*03,None,TRBJ2-3*01,6
319,CSAVAGFSYEQNF,TRBV20-1*06,None,TRBJ2-7*01,6
320,CSMETGSIDTQYF,TRBV29-1*02,None,TRBJ2-3*01,6
321,CSAVAGYSYEQYF,TRBV20-1*06,None,TRBJ2-7*01,6
322,CSMETGITDTQYF,TRBV29-1*02,None,TRBJ2-3*01,6
323,CASSLGESGGEQYF,TRBV11-3*02,None,TRBJ2-7*01,6
324,CSMETGNTDTQYF,TRBV29-1*03,None,TRBJ2-3*01,5
325,CSAVAGFSDEQYF,TRBV20-1*02,None,TRBJ2-7*01,5
326,CSMETGSTDTQHF,TRBV29-1*03,None,TRBJ2-3*01,5
327,CSDVAGFSYEQYF,TRBV20-1*02,None,TRBJ2-7*01,5
328,CCAVAGFSYEQYF,TRBV20-1*03,None,TRBJ2-7*01,5
329,CSMETGSTDKQYF,TRBV29-1*02,None,TRBJ2-3*01,5
330,CASSLGESGGEQYF,TRBV11-2*03,None,TRBJ2-7*01,5
331,CSMETGSTDRQYF,TRBV29-1*02,None,TRBJ2-3*01,5
332,CSAISGRSLGWANVLTF,TRBV20-1*02,None,TRBJ2-6*01,5
333,CASSLQTDYNSPLHF,TRBV6-6*03,None,TRBJ1-6*02,5
334,CSAVAAFSYEQYF,TRBV20-1*06,None,TRBJ2-7*01,5
335,CSAQHRSGDHNEQFF,TRBV20-1*06,None,TRBJ2-1*01,5
336,CSMETGSRDTQYF,TRBV29-1*02,None,TRBJ2-3*01,5
337,CASGERGATETQYF,TRBV10-2*01,None,TRBJ2-5*01,5
338,CSAVAGFSDEQYF,TRBV20-1*06,None,TRBJ2-7*01,5
339,CSAGAGFSYEQYF,TRBV20-1*02,None,TRBJ2-7*01,5
340,CTAVAGFSYEQYF,TRBV20-1*03,None,TRBJ2-7*01,5
341,CSMEIGSTDTQYF,TRBV29-1*02,None,TRBJ2-3*01,5
342,CSMETGSTNTQYF,TRBV29-1*02,None,TRBJ2-3*01,5
343,CSMETGSTDTQYF,TRBV20-1*03,None,TRBJ2-3*01,5
344,CSAVAGFSNEQYF,TRBV20-1*06,None,TRBJ2-7*01,5
345,CSAEAGFSYEQYF,TRBV20-1*06,None,TRBJ2-7*01,4
346,CASSLTGVEQFF,TRBV11-2*03,None,TRBJ2-1*01,4
347,CTAVAGFSYEQYF,TRBV20-1*06,None,TRBJ2-7*01,4
348,CSEETGSTDTQYF,TRBV29-1*02,None,TRBJ2-3*01,4
349,CSMETGSTDRQYF,TRBV29-1*03,None,TRBJ2-3*01,4
350,CSAVAGFAYEQYF,TRBV20-1*02,None,TRBJ2-7*01,4
351,CASSLIDEQFF,TRBV28*01,None,TRBJ2-1*01,4
352,CASSLPGTRYEQFF,TRBV5-1*02,None,TRBJ2-1*01,4
353,CSAVPGFSYEQYF,TRBV20-1*02,None,TRBJ2-7*01,4
354,CSMETGSKDTQYF,TRBV29-1*02,None,TRBJ2-3*01,4
355,CCAVAGFSYEQYF,TRBV20-1*02,None,TRBJ2-7*01,4
356,CSMETGSTATQYF,TRBV29-1*03,None,TRBJ2-3*01,4
357,CSVEVGRVNEQFF,TRBV29-1*02,None,TRBJ2-1*01,4
358,CNMETGSTDTQYF,TRBV29-1*02,None,TRBJ2-3*01,4
359,CASSPSYNEQFF,TRBV2*02,None,TRBJ2-1*01,4
360,CRVETGSTDTLYF,TRBV29-1*02,None,TRBJ2-3*01,4
361,CSAVAGFSYEEYF,TRBV20-1*02,None,TRBJ2-7*01,4
362,CSMETGSPDTQYF,TRBV29-1*02,None,TRBJ2-3*01,4
363,CSMETGSTETQYF,TRBV29-1*02,None,TRBJ2-3*01,4
364,CSALMAGQAFF,TRBV20-1*06,None,TRBJ1-1*01,4
365,CSMETGSTDTQHF,TRBV29-1*02,None,TRBJ2-3*01,4
366,CSMETGSSDTQYF,TRBV29-1*03,None,TRBJ2-3*01,4
367,CSMETGTTDTQYF,TRBV29-1*02,None,TRBJ2-3*01,4
368,CSMETGTTDTQYF,TRBV29-1*03,None,TRBJ2-3*01,4
369,CSAVAGFSYEQDF,TRBV20-1*03,None,TRBJ2-7*01,4
370,CSAVAGFSYEQFF,TRBV20-1*06,None,TRBJ2-7*01,4
371,CSAEAGFSYEQYF,TRBV20-1*03,None,TRBJ2-7*01,4
372,CSVDEGRSNTEAFF,TRBV29-1*02,None,TRBJ1-1*01,4
373,CSAVAGFPYEQYF,TRBV20-1*02,None,TRBJ2-7*01,4
374,CSVETGRTDTQNF,TRBV29-1*02,None,TRBJ2-3*01,4
375,CSVETGSTDTQDF,TRBV29-1*02,None,TRBJ2-3*01,4
376,CSMETWSTDTQYF,TRBV29-1*02,None,TRBJ2-3*01,4
377,CSAVAGFSYDPYF,TRBV20-1*02,None,TRBJ2-7*01,3
378,CSMETGSPDTQYF,TRBV29-1*03,None,TRBJ2-3*01,3
379,CSMETGSTATQYF,TRBV29-1*02,None,TRBJ2-3*01,3
380,CSMETGSTDTPYF,TRBV29-1*02,None,TRBJ2-3*01,3
381,CSAQHRSGDHNEQFF,TRBV20-1*03,None,TRBJ2-1*01,3
382,CSMETGSTDTQNF,TRBV29-1*03,None,TRBJ2-3*01,3
383,CSMETGSTYTQYF,TRBV29-1*02,None,TRBJ2-3*01,3
384,CSMETGSTVTQYF,TRBV29-1*02,None,TRBJ2-3*01,3
385,CSAVAGGSYEQYF,TRBV20-1*03,TRBD2*01,TRBJ2-7*01,3
386,CSAVAGFSYEEYF,TRBV20-1*06,None,TRBJ2-7*01,3
387,CSMETGSTNTQYF,TRBV29-1*03,None,TRBJ2-3*01,3
388,CSMESGSTDTQYF,TRBV29-1*02,None,TRBJ2-3*01,3
389,CSMETGSTDTHYF,TRBV29-1*02,None,TRBJ2-3*01,3
390,CSAVAGFSYEQFF,TRBV20-1*03,None,TRBJ2-7*01,3
391,CSAVPGFSYEQYF,TRBV20-1*03,None,TRBJ2-7*01,3
392,CSMESGSTDTQYF,TRBV29-1*03,None,TRBJ2-3*01,3
393,CSAVAGCSYELYF,TRBV20-1*06,None,TRBJ2-7*01,3
394,CSMETESTDTQYF,TRBV29-1*03,None,TRBJ2-3*01,3
395,CSMENGSTDTQYF,TRBV29-1*03,None,TRBJ2-3*01,3
396,CSALMAGQAFF,TRBV20-1*02,None,TRBJ1-1*01,3
397,CSAVGGFSYEQYF,TRBV20-1*02,None,TRBJ2-7*01,3
398,CSAVAGFAYELYF,TRBV20-1*06,None,TRBJ2-7*01,3
399,CSAVAGLSYEPYF,TRBV20-1*03,None,TRBJ2-7*01,3
400,CSMETGSTDTQCF,TRBV29-1*02,None,TRBJ2-3*01,3
401,CSMETGSTDKQYF,TRBV29-1*03,None,TRBJ2-3*01,3
402,CSMDTGSTDTQYF,TRBV29-1*02,None,TRBJ2-3*01,3
403,CSVDTGRTDTQYF,TRBV29-1*02,None,TRBJ2-3*01,3
404,CSAVAGFYYEKYF,TRBV20-1*03,None,TRBJ2-7*01,3
405,CSMETGSTDTEYF,TRBV29-1*02,None,TRBJ2-3*01,3
406,CSGVAGFSYEQYF,TRBV20-1*06,None,TRBJ2-7*01,3
407,CSVETGRTDTQYF,TRBV29-1*01,None,TRBJ2-3*01,3
408,CSAISGRSLGWANVLTF,TRBV20-1*06,None,TRBJ2-6*01,3
409,CSVETGSTDTQYF,TRBV29-1*02,None,TRBJ2-4*01,3
410,CSVETGRTDTLYF,TRBV29-1*02,None,TRBJ2-3*01,3
411,CASSEEHSPLHF,TRBV2*02,None,TRBJ1-6*01,3
412,CSAGAGFSYELYF,TRBV20-1*03,None,TRBJ2-7*01,3
413,CTAVAGFSYEQYF,TRBV20-1*02,None,TRBJ2-7*01,3
414,CSVETGRKDTQYF,TRBV29-1*02,None,TRBJ2-3*01,3
415,CSVETWRTDTQYF,TRBV29-1*02,None,TRBJ2-3*01,3
416,CASKPGTSVVDTQYF,TRBV12-4*02,TRBD2*01,TRBJ2-3*01,3
417,CRVETGSTDTKYF,TRBV29-1*02,None,TRBJ2-3*01,3
418,CASKPGTSVVDTQYF,TRBV12-4*02,TRBD2*02,TRBJ2-3*01,3
419,CSVETGRTDTKYF,TRBV29-1*02,None,TRBJ2-3*01,3
420,CSVETGSKDKQYF,TRBV29-1*02,None,TRBJ2-3*01,3
421,CSAVAGSSYEQYF,TRBV20-1*07,None,TRBJ2-7*01,2
422,CTAVAGLSYEQYF,TRBV20-1*06,None,TRBJ2-7*01,2
423,CSAVAGFSYERYF,TRBV20-1*07,None,TRBJ2-7*01,2
424,CSAVAGFPYEQYF,TRBV20-1*03,None,TRBJ2-7*01,2
425,CSMEPGSTDTQYF,TRBV29-1*02,None,TRBJ2-3*01,2
426,CSVKTGSTDTQYF,TRBV29-1*02,None,TRBJ2-7*01,2
427,CSAVAGSSYEQYF,TRBV20-1*06,None,TRBJ2-3*01,2
428,CSVKTRSTDTQYF,TRBV29-1*02,None,TRBJ2-3*01,2
429,CSMQTGSTDTQYF,TRBV29-1*03,None,TRBJ2-3*01,2
430,CSAVAGFSYETYF,TRBV20-1*02,None,TRBJ2-7*01,2
431,CSAVAGSSYEPYF,TRBV20-1*06,None,TRBJ2-7*01,2
432,CSRETGSTDTQYF,TRBV29-1*02,None,TRBJ2-3*01,2
433,CSAGARFSYEQYF,TRBV20-1*06,None,TRBJ2-7*01,2
434,CSVETGRPDTKYF,TRBV29-1*02,None,TRBJ2-3*01,2
435,CSAVAGSSYEPYF,TRBV20-1*02,None,TRBJ2-7*01,2
436,CSAVAGFSYKLYF,TRBV20-1*02,None,TRBJ2-7*01,2
437,CSMETGSTDTQFF,TRBV29-1*02,None,TRBJ2-3*01,2
438,CSVEAGSTDKQYF,TRBV29-1*01,None,TRBJ2-3*01,2
439,CASRWDRFPVNSPLHF,TRBV7-9*04,None,TRBJ1-6*01,2
440,CSVGTGSTDTQYF,TRBV29-1*01,None,TRBJ2-3*01,2
441,CSVEAGSTDTKYF,TRBV29-1*02,None,TRBJ2-3*01,2
442,CSAVAGSPYEQYF,TRBV20-1*03,None,TRBJ2-7*01,2
443,CSVETGRADTQYF,TRBV29-1*02,None,TRBJ2-3*01,2
444,CSVEAGSTYTQYF,TRBV29-1*02,None,TRBJ2-3*01,2
445,CSAVAGSSYEQYF,TRBV20-1*04,None,TRBJ2-7*01,2
446,CSVETGSTDTTYF,TRBV29-1*02,None,TRBJ2-3*01,2
447,CSAVAGVSYELYF,TRBV20-1*02,None,TRBJ2-7*01,2
448,CSAVAGFSYEQYF,TRBV20-1*02,None,TRBJ1-1*01,2
449,CSSVAGFSYERYF,TRBV20-1*03,None,TRBJ2-7*01,2
450,CSAVARFTYEQYF,TRBV20-1*03,None,TRBJ2-7*01,2
451,CSMETGSRDTQYF,TRBV29-1*03,None,TRBJ2-3*01,2
452,CSMETGSSDTQYF,TRBV29-1*02,None,TRBJ2-3*01,2
453,CSAVARSSYEQYF,TRBV20-1*02,None,TRBJ2-7*01,2
454,CSAVAGFSYEAYF,TRBV20-1*06,None,TRBJ2-7*01,2
455,CRVATGSTDTQYF,TRBV29-1*02,None,TRBJ2-3*01,2
456,CCAVAGFSYERYF,TRBV20-1*02,None,TRBJ2-7*01,2
457,CRAVAWFSYEQYF,TRBV20-1*06,None,TRBJ2-7*01,2
458,CSAVAGFSYEQSF,TRBV20-1*02,None,TRBJ2-7*01,2
459,CRVGTGSTDTQYF,TRBV29-1*02,None,TRBJ2-3*01,2
460,CSVETGSKDTQYF,TRBV29-1*02,None,TRBJ2-5*01,2
461,CSAVAGFSSEQYF,TRBV20-1*04,None,TRBJ2-7*01,2
462,CSSVAGFSYEKNF,TRBV20-1*02,None,TRBJ2-7*01,2
463,CSAVAGFSDEQYF,TRBV20-1*07,None,TRBJ2-7*01,2
464,CCMETGSTDTQYF,TRBV29-1*02,None,TRBJ2-3*01,2
465,CRALAGFSYEQYF,TRBV20-1*03,None,TRBJ2-7*01,2
466,CSVETGSIATQYF,TRBV29-1*02,None,TRBJ2-3*01,2
467,CSVETGSTDTQYF,TRBV29-1*02,None,TRBJ2-5*01,2
468,CSAVAGFSYEQYF,TRBV20-1*06,None,TRBJ1-1*01,2
469,CSVETGSADTQYF,TRBV29-1*02,None,TRBJ2-7*01,2
470,CSAVEGFSHEQYF,TRBV20-1*02,None,TRBJ2-7*01,2
471,CSMETGCTDTQYF,TRBV29-1*03,None,TRBJ2-3*01,2
472,CSAVAGVSYELYF,TRBV20-1*06,None,TRBJ2-7*01,2
473,CSVETGSTDTSYF,TRBV29-1*02,None,TRBJ2-3*01,2
474,CSVYTGSTDTQYF,TRBV29-1*02,None,TRBJ2-3*01,2
475,CSAETGSADTQYF,TRBV29-1*03,None,TRBJ2-3*01,2
476,CSMETGSTDTQYF,TRBV29-1*02,None,TRBJ2-5*01,2
477,CSMATGSTDTQYF,TRBV29-1*03,None,TRBJ2-3*01,2
478,CSAVAGFSYELYF,TRBV20-1*01,None,TRBJ2-7*01,2
479,CSAVAGFTYERYF,TRBV20-1*03,None,TRBJ2-7*01,2
480,CIVETGSTDTQNF,TRBV29-1*03,None,TRBJ2-3*01,2
481,CSAVAGLSYEPYF,TRBV20-1*02,None,TRBJ2-7*01,2
482,CIVDTGSTDTQYF,TRBV29-1*03,None,TRBJ2-3*01,2
483,CSAVAEFTYEQYF,TRBV20-1*06,None,TRBJ2-7*01,2
484,CSVEPGSKDTQYF,TRBV29-1*02,None,TRBJ2-3*01,2
485,CSAVAGFSYVYYF,TRBV20-1*06,None,TRBJ2-7*01,2
486,CSLETGSTDTPYF,TRBV29-1*02,None,TRBJ2-3*01,2
487,CSVETWSTDTQYF,TRBV29-1*01,None,TRBJ2-3*01,2
488,CSVETESTDTQYF,TRBV29-1*01,None,TRBJ2-3*01,2
489,CSAVAGLSYEHYF,TRBV20-1*06,None,TRBJ2-7*01,2
490,CSVETGIIDTQYF,TRBV29-1*02,None,TRBJ2-3*01,2
491,CSVESESTDTQYF,TRBV29-1*02,None,TRBJ2-3*01,2
492,CSAVAEFSYEKYF,TRBV20-1*03,None,TRBJ2-7*01,2
493,CSAVAEFSYEKYF,TRBV20-1*02,None,TRBJ2-7*01,2
494,CIVETGSTDTLYF,TRBV29-1*02,None,TRBJ2-3*01,2
495,CIVETGSIDTQYF,TRBV29-1*03,None,TRBJ2-3*01,2
496,CSVESGSIDTQYF,TRBV29-1*02,None,TRBJ2-3*01,2
497,CSMETGSTHTQYF,TRBV29-1*03,None,TRBJ2-3*01,2
498,CSVEIGSTDTLYF,TRBV29-1*02,None,TRBJ2-3*01,2
499,CSVESGSTDTQYF,TRBV29-1*01,None,TRBJ2-3*01,2
500,CSGETGRTDTQYF,TRBV29-1*02,None,TRBJ2-3*01,2
501,CSVETGGTDTQYF,TRBV29-1*01,None,TRBJ2-3*01,2
502,CSVETRSTGTQYF,TRBV29-1*02,None,TRBJ2-3*01,2
503,CSAVAGFYYAQYF,TRBV20-1*06,None,TRBJ2-7*01,2
504,CSAVAAFSYAQYF,TRBV20-1*02,None,TRBJ2-7*01,2
505,CSMETWSTDTQYF,TRBV29-1*03,None,TRBJ2-3*01,2
506,CSVEPGRTDTQYF,TRBV29-1*02,None,TRBJ2-3*01,2
507,CASGGQNYGYTF,TRBV7-9*04,None,TRBJ1-2*01,2
508,CSAVAGLSYEQYF,TRBV20-1*07,None,TRBJ2-7*01,2
509,CSAVVGFSHEQYF,TRBV20-1*02,None,TRBJ2-7*01,2
510,CSMETVSTDTQYF,TRBV29-1*02,None,TRBJ2-3*01,2
511,CSVETVRTDTQYF,TRBV29-1*02,None,TRBJ2-3*01,2
512,CASGERGATETQYF,TRBV10-2*01,None,TRBJ2-7*01,2
513,CGVETGSTDTQYF,TRBV29-1*03,None,TRBJ2-3*01,2
514,CSMETVSTDTQYF,TRBV29-1*03,None,TRBJ2-3*01,2
515,CSEETRSTDTQYF,TRBV29-1*02,None,TRBJ2-3*01,2
516,CSMETGSTDKQNF,TRBV29-1*02,None,TRBJ2-3*01,1
517,CSVPSRGVSGANVLTF,TRBV29-1*02,None,TRBJ2-6*01,1
518,CSVQTGGTDTQYF,TRBV29-1*02,None,TRBJ2-3*01,1
519,CSMETRSTDTQNF,TRBV29-1*02,None,TRBJ2-3*01,1
520,CSVETVSTDTLYF,TRBV29-1*02,None,TRBJ2-3*01,1
521,CSMETGSSDTLYF,TRBV29-1*02,None,TRBJ2-3*01,1
522,CSMETGSTDMKYF,TRBV29-1*03,None,TRBJ2-3*01,1
523,CSVPSGGVSVVKLFTF,TRBV29-1*02,None,TRBJ2-6*01,1
524,CSVQTGRTDTQYF,TRBV29-1*02,None,TRBJ2-3*01,1
525,CSMETGSTDSQYF,TRBV29-1*03,None,TRBJ2-3*01,1
526,CSVQAGSTHTQYF,TRBV29-1*02,None,TRBJ2-3*01,1
527,CSMETGSRATQYF,TRBV29-1*03,None,TRBJ2-3*01,1
528,CSVQTGRTHTQYF,TRBV29-1*02,None,TRBJ2-3*01,1
529,CSVQTGSTDTEYF,TRBV29-1*02,None,TRBJ2-3*01,1
530,CSVPSGGASGANVLTF,TRBV29-1*02,None,TRBJ2-6*01,1
531,CSMETGSTDTEYF,TRBV29-1*03,None,TRBJ2-3*01,1
532,CSMETGSPDKQYF,TRBV29-1*03,None,TRBJ2-3*01,1
533,CSVPCGGVSGANVLTF,TRBV29-1*02,None,TRBJ2-6*01,1
534,CSMETGSTDSQYF,TRBV29-1*02,None,TRBJ2-3*01,1
535,CSVPSGGVSGAKVITF,TRBV29-1*02,None,TRBJ2-6*01,1
536,CSVPSGGVSGANALTF,TRBV29-1*02,None,TRBJ2-6*01,1
537,CSMETGSTATKYF,TRBV29-1*02,None,TRBJ2-3*01,1
538,CSVETVSTDRQYF,TRBV29-1*02,None,TRBJ2-3*01,1
539,CSVQAGSKDTQYF,TRBV29-1*02,None,TRBJ2-3*01,1
540,CSVQPGSEDTQYF,TRBV29-1*02,None,TRBJ2-3*01,1
541,CSMETGSTDMQYF,TRBV29-1*03,None,TRBJ2-7*01,1
542,CSVQPGSTDTMYF,TRBV29-1*02,None,TRBJ2-3*01,1
543,CSVQSSSIDTQYF,TRBV29-1*02,None,TRBJ2-3*01,1
544,CSMETRSTATQYF,TRBV29-1*03,None,TRBJ2-3*01,1
545,CSVPSGGVSGANVLPF,TRBV29-1*02,None,TRBJ2-6*01,1
546,CSMETGSTDPQYF,TRBV29-1*02,None,TRBJ2-3*01,1
547,CSMETGSTDPQYF,TRBV29-1*03,None,TRBJ2-3*01,1
548,CSMETGTADPQYF,TRBV29-1*02,None,TRBJ2-3*01,1
549,CSMETRSTDTHYF,TRBV29-1*03,None,TRBJ2-3*01,1
550,CSMETGSTYTQYF,TRBV29-1*03,None,TRBJ2-3*01,1
551,CSVPSGWAPWGKILTF,TRBV29-1*01,None,TRBJ2-6*01,1
552,CSVPSGGVSGSKVLTF,TRBV29-1*02,None,TRBJ2-6*01,1
553,CSVETVSTDTKYF,TRBV29-1*02,None,TRBJ2-3*01,1
554,CSVGTESTDTQYF,TRBV29-1*02,None,TRBJ2-3*01,1
555,CSMETGSTYTQYF,TRBV20-1*03,None,TRBJ2-3*01,1
556,CSVEYGSTDTKYF,TRBV29-1*02,None,TRBJ2-3*01,1
557,CSVGTGSTDTQYF,TRBV29-1*02,None,TRBJ2-7*01,1
558,CSMETGSTDTQDF,TRBV29-1*03,None,TRBJ2-3*01,1
559,CSVGAGSTDTQYF,TRBV29-1*02,None,TRBJ2-3*01,1
560,CSMETGSTDTQFF,TRBV29-1*03,None,TRBJ2-3*01,1
561,CSVGTGSTDTQYF,TRBV29-1*02,None,TRBJ2-4*01,1
562,CSMETGSTDTYYF,TRBV29-1*03,None,TRBJ2-3*01,1
563,CSVGMGSTDTQYF,TRBV29-1*02,None,TRBJ2-3*01,1
564,CSVGPGSTDTQYF,TRBV29-1*02,None,TRBJ2-3*01,1
565,CSMETGSTDTQHF,TRBV29-1*02,None,TRBJ2-7*01,1
566,CSVGTGSTDTLYF,TRBV29-1*02,None,TRBJ2-3*01,1
567,CSVGTAGVDTQHF,TRBV29-1*02,None,TRBJ2-4*01,1
568,CSVGTGSTDMQYF,TRBV29-1*02,None,TRBJ2-3*01,1
569,CSMETGSTDTQYF,TRBV29-1*03,None,TRBJ2-5*01,1
570,CSMETGSTDTQYF,TRBV10-1*02,None,TRBJ2-3*01,1
571,CSVGTGSSDTQYF,TRBV29-1*02,None,TRBJ2-3*01,1
572,CSVGTGSMDTQYF,TRBV29-1*02,None,TRBJ2-3*01,1
573,CSVGTGSADTQYF,TRBV29-1*02,None,TRBJ2-3*01,1
574,CSVGTGRTYTQYF,TRBV29-1*02,None,TRBJ2-3*01,1
575,CSVGTGRTDTQYF,TRBV29-1*02,None,TRBJ2-3*01,1
576,CSMETGSTDTQYF,TRBV29-1*02,None,TRBJ2-4*01,1
577,CSVGTARGQPQHF,TRBV29-1*02,None,TRBJ1-5*01,1
578,CSMETGSKNTQYF,TRBV29-1*03,None,TRBJ2-3*01,1
579,CSMETGSTEMQYF,TRBV29-1*03,None,TRBJ2-3*01,1
580,CSMETGSTVTQYF,TRBV29-1*03,None,TRBJ2-3*01,1
581,CSVEVGRVNKQFF,TRBV29-1*02,None,TRBJ2-1*01,1
582,CSVETWITETRYF,TRBV29-1*02,None,TRBJ2-3*01,1
583,CSMETGSTVTQNF,TRBV29-1*03,None,TRBJ2-3*01,1
584,CSVNTVMTDTAYF,TRBV29-1*01,None,TRBJ1-1*01,1
585,CSVNTASTDTQYF,TRBV29-1*02,None,TRBJ2-3*01,1
586,CSMETGSTTTQYF,TRBV29-1*02,None,TRBJ2-3*01,1
587,CSVETWRKDTQYF,TRBV29-1*02,None,TRBJ2-3*01,1
588,CSVLAGITDTQYF,TRBV29-1*02,None,TRBJ2-3*01,1
589,CSMETGSTHTQYF,TRBV20-1*02,None,TRBJ2-3*01,1
590,CSMETGSTDTKYF,TRBV29-1*01,None,TRBJ2-3*01,1
591,CSVLAGFSNEQNF,TRBV20-1*04,None,TRBJ2-7*01,1
592,CSMETGSTDTLYF,TRBV29-1*01,None,TRBJ2-3*01,1
593,CSVKTGSTDTQNF,TRBV29-1*02,None,TRBJ2-3*01,1
594,CSVETWSRDTQYF,TRBV29-1*02,None,TRBJ2-3*01,1
595,CSVKTGSLDTQYF,TRBV29-1*03,None,TRBJ2-3*01,1
596,CSVETWSTDAQYF,TRBV29-1*02,None,TRBJ2-3*01,1
597,CSVEVGRVNEQYF,TRBV29-1*02,None,TRBJ2-1*01,1
598,CSVKTGRTDTQYF,TRBV29-1*02,None,TRBJ2-3*01,1
599,CSVKTGRADTQYF,TRBV29-1*02,None,TRBJ2-3*01,1
600,CSVKAGSTDTQYF,TRBV29-1*02,None,TRBJ2-3*01,1
601,CSVGTSGGQPQHF,TRBV29-1*02,None,TRBJ1-5*01,1
602,CSMETGSTDTQCF,TRBV29-1*01,None,TRBJ2-3*01,1
603,CSVGTRSTDTQYF,TRBV29-1*02,None,TRBJ2-3*01,1
604,CSVVAGFSYQQYF,TRBV20-1*02,None,TRBJ2-7*01,1
605,CSVQTGSTDTLYF,TRBV29-1*02,None,TRBJ2-3*01,1
606,CTMETGSTYTQYF,TRBV29-1*03,None,TRBJ2-3*01,1
607,CSMATVSTDTQYF,TRBV29-1*02,None,TRBJ2-3*01,1
608,CSMATGSTDTQYF,TRBV29-1*02,None,TRBJ2-3*01,1
609,CSMATGSADTLYF,TRBV29-1*03,None,TRBJ2-3*01,1
610,CSMATGRPETEHF,TRBV29-1*03,None,TRBJ2-3*01,1
611,CSLGAGSTDTQYF,TRBV29-1*03,None,TRBJ2-3*01,1
612,CTMESGSIDKQYF,TRBV29-1*02,None,TRBJ2-3*01,1
613,CSLETRSTDTQYF,TRBV29-1*03,None,TRBJ2-3*01,1
614,CSMDTGGTDTQYF,TRBV29-1*03,None,TRBJ2-3*01,1
615,CTSVAGFSYEKYF,TRBV20-1*06,None,TRBJ2-7*01,1
616,CSLETGSTGSQYF,TRBV29-1*03,None,TRBJ1-2*01,1
617,CSLETGSTETQNF,TRBV29-1*03,None,TRBJ2-7*01,1
618,CSLETGSTDTRYF,TRBV29-1*03,None,TRBJ2-3*01,1
619,CTSVAGSSYEHYF,TRBV20-1*02,None,TRBJ2-7*01,1
620,CTVEHWSPDTQYF,TRBV10-1*01,None,TRBJ2-3*01,1
621,CSMDTGCTDTQYF,TRBV29-1*02,None,TRBJ2-3*01,1
622,CSMDTGSRDTQYF,TRBV29-1*02,None,TRBJ2-3*01,1
623,CTVETAGTDSYNF,TRBV29-1*03,None,TRBJ2-3*01,1
624,CTIETGNTDTQYF,TRBV29-1*03,None,TRBJ2-3*01,1
625,CSMEIGSPDTQYF,TRBV29-1*03,None,TRBJ2-3*01,1
626,CSMEIGRTDTQYF,TRBV29-1*03,None,TRBJ2-3*01,1
627,CSMEARSTDTQYF,TRBV29-1*03,None,TRBJ2-3*01,1
628,CSMEARSTDTQSF,TRBV29-1*02,None,TRBJ2-3*01,1
629,CTAVPGFSYEQYF,TRBV20-1*03,None,TRBJ2-7*01,1
630,CTAVSGFSSEQYF,TRBV20-1*06,None,TRBJ2-7*01,1
631,CTLETGSTDTQYF,TRBV29-1*03,None,TRBJ2-3*01,1
632,CSMDTGSTDMQYF,TRBV29-1*02,None,TRBJ2-3*01,1
633,CSMDTWSTDTQYF,TRBV29-1*02,None,TRBJ2-3*01,1
634,CSMDTGYTVTQYF,TRBV29-1*02,None,TRBJ2-3*01,1
635,CSMDTGTIDTQYF,TRBV29-1*03,None,TRBJ2-3*01,1
636,CTMDTGSPDTQYF,TRBV29-1*02,None,TRBJ2-3*01,1
637,CTMDTGSTDTQYF,TRBV29-1*02,None,TRBJ2-3*01,1
638,CSMDTGSTDTQYF,TRBV29-1*01,None,TRBJ2-3*01,1
639,CSLETGSTDTQYF,TRBV29-1*01,None,TRBJ2-3*01,1
640,CTVETGITATLYF,TRBV29-1*03,None,TRBJ2-3*01,1
641,CSVQTVSTDTQYF,TRBV29-1*02,None,TRBJ2-3*01,1
642,CVETGSTDTQYF,TRBV29-1*03,None,TRBJ2-3*01,1
643,CTVETGSTDTQYF,TRBV29-1*01,None,TRBJ2-3*01,1
644,CSIETGSIDTQNF,TRBV29-1*02,None,TRBJ2-3*01,1
645,CSIETGRTDTQYF,TRBV29-1*02,None,TRBJ2-3*01,1
646,CSIETGGTDTQYF,TRBV29-1*02,None,TRBJ2-3*01,1
647,CSIEQATGTTDYF,TRBV29-1*02,None,TRBJ1-1*01,1
648,CSIDTGTTDTLSF,TRBV29-1*02,None,TRBJ2-3*01,1
649,CSIDTGSTETQYF,TRBV29-1*02,None,TRBJ2-3*01,1
650,CSIETGSTDKQYF,TRBV29-1*02,None,TRBJ2-3*01,1
651,CSGVTGSTDTQYF,TRBV29-1*03,None,TRBJ2-3*01,1
652,CSGVARFSYEQYF,TRBV20-1*03,None,TRBJ2-7*01,1
653,CSGVAGYSYEQYF,TRBV20-1*03,None,TRBJ2-7*01,1
654,CVSVAGFSYEQYF,TRBV20-1*03,None,TRBJ2-7*01,1
655,CSGVAGVSYEQNF,TRBV20-1*02,None,TRBJ2-7*01,1
656,CSGVAGLSYEQYF,TRBV20-1*07,None,TRBJ2-7*01,1
657,CTVETGSSDTQYF,TRBV29-1*03,None,TRBJ2-3*01,1
658,CSIETGSTDTKYF,TRBV29-1*03,None,TRBJ2-3*01,1
659,CTVETGRSDTLYF,TRBV29-1*02,None,TRBJ2-3*01,1
660,CSLDTGSTDTQYF,TRBV29-1*03,None,TRBJ2-3*01,1
661,CSLETGSTDTKYF,TRBV29-1*03,None,TRBJ2-3*01,1
662,CSLETGSTDKQYF,TRBV29-1*02,None,TRBJ2-3*01,1
663,CSLETGRTETEYF,TRBV29-1*03,None,TRBJ2-3*01,1
664,CSLETESADTQYF,TRBV29-1*02,None,TRBJ2-3*01,1
665,CSLESRSTDTQYF,TRBV29-1*02,None,TRBJ2-3*01,1
666,CSLEIGSTDTQYF,TRBV29-1*02,None,TRBJ2-3*01,1
667,CSLDTGSTDKQYF,TRBV29-1*02,None,TRBJ2-3*01,1
668,CTVETGSSDAQYF,TRBV29-1*03,None,TRBJ2-3*01,1
669,CTVETGSPDTQYF,TRBV29-1*03,None,TRBJ2-3*01,1
670,CSKETVRTDTQYF,TRBV29-1*03,None,TRBJ2-3*01,1
671,CSIETRSTDTQYF,TRBV29-1*02,None,TRBJ2-3*01,1
672,CSIETGSTYTQYF,TRBV29-1*01,None,TRBJ2-3*01,1
673,CSIETGSTDTRYF,TRBV29-1*02,None,TRBJ2-3*01,1
674,CTVETGSRDTRYF,TRBV29-1*02,None,TRBJ2-3*01,1
675,CSMEIGSTDTQYF,TRBV29-1*01,None,TRBJ2-3*01,1
676,CTAVERISCEQYF,TRBV20-1*02,None,TRBJ1-6*02,1
677,CTAVAWFTYEQYF,TRBV20-1*02,None,TRBJ2-7*01,1
678,CSMETGRTDTQYF,TRBV29-1*02,None,TRBJ2-7*01,1
679,CSVVAGFSYERYF,TRBV20-1*03,None,TRBJ2-7*01,1
680,CSMETGRTETQYF,TRBV29-1*03,None,TRBJ2-3*01,1
681,CSMETGRTETQYF,TRBV29-1*02,None,TRBJ2-3*01,1
682,CSVETVSADTQYF,TRBV29-1*02,None,TRBJ2-3*01,1
683,CSMETGRTDTRYF,TRBV29-1*02,None,TRBJ2-3*01,1
684,CSVVAGFYYERYF,TRBV20-1*06,None,TRBJ2-7*01,1
685,CSVVAGLSYEQYF,TRBV20-1*02,None,TRBJ2-7*01,1
686,CSMETGRTNTQYF,TRBV29-1*02,None,TRBJ2-3*01,1
687,CSMETGRTDTLYF,TRBV29-1*02,None,TRBJ2-3*01,1
688,CSMETGRTDTKYF,TRBV29-1*03,None,TRBJ2-3*01,1
689,CSMETGRPDTQYF,TRBV29-1*03,None,TRBJ2-3*01,1
690,CSMETGRKDTQYF,TRBV29-1*01,None,TRBJ2-3*01,1
691,CSMETGRIDTQYF,TRBV29-1*02,None,TRBJ2-3*01,1
692,CSMETGPTDTQYF,TRBV29-1*01,None,TRBJ2-3*01,1
693,CSVVAGFSYERYF,TRBV20-1*02,None,TRBJ2-7*01,1
694,CSMETGRTNTQYF,TRBV29-1*03,None,TRBJ2-3*01,1
695,CTAVARFSYEQYF,TRBV20-1*02,None,TRBJ2-7*01,1
696,CSVVAGFSYELYF,TRBV20-1*02,None,TRBJ2-7*01,1
697,CSVSTGSTDTLYF,TRBV29-1*02,None,TRBJ2-3*01,1
698,CSVVAGFCYEQYF,TRBV20-1*02,None,TRBJ2-7*01,1
699,CSMETGSKDTQYF,TRBV29-1*02,None,TRBJ1-1*01,1
700,CSVVAGFFHEQYF,TRBV20-1*02,None,TRBJ2-7*01,1
701,CSMETGSKDAQYF,TRBV29-1*02,None,TRBJ2-3*01,1
702,CSVVAGFSYEKYF,TRBV20-1*03,None,TRBJ2-7*01,1
703,CSMETGSIDTQSF,TRBV29-1*03,None,TRBJ2-3*01,1
704,CSMETGSADKQYF,TRBV29-1*03,None,TRBJ2-3*01,1
705,CSMETGSAVTQYF,TRBV29-1*02,None,TRBJ2-3*01,1
706,CSVVAGFSYELYF,TRBV20-1*03,None,TRBJ2-7*01,1
707,CSVVAGFSYERCF,TRBV20-1*03,None,TRBJ2-7*01,1
708,CSMETGSADTQYF,TRBV29-1*01,None,TRBJ2-3*01,1
709,CSMETGSADTQCF,TRBV29-1*02,None,TRBJ2-3*01,1
710,CSMETGSADTPYF,TRBV29-1*03,None,TRBJ2-3*01,1
711,CSVVAGSCYEQYF,TRBV20-1*06,None,TRBJ2-7*01,1
712,CSVVAGYSYEQYF,TRBV20-1*06,None,TRBJ2-7*01,1
713,CSVVAWFSYEQYF,TRBV20-1*02,None,TRBJ2-7*01,1
714,CTAVAGFSYELYF,TRBV20-1*02,None,TRBJ2-7*01,1
715,CSMETERTDTQYF,TRBV29-1*02,None,TRBJ2-3*01,1
716,CSMETASTDTQYF,TRBV29-1*02,None,TRBJ2-4*01,1
717,CSMETASTDTQYF,TRBV29-1*02,None,TRBJ2-3*01,1
718,CSMETASTDTKYF,TRBV29-1*02,None,TRBJ2-3*01,1
719,CSMETASRDTQYF,TRBV29-1*03,None,TRBJ2-3*01,1
720,CSMETACTDTQYF,TRBV29-1*03,None,TRBJ2-3*01,1
721,CTAVAGFSYVQYF,TRBV20-1*03,None,TRBJ1-2*01,1
722,CSVVAWFTYEQYF,TRBV20-1*03,None,TRBJ2-7*01,1
723,CSMEPGSTDTKYF,TRBV29-1*03,None,TRBJ2-3*01,1
724,CSMEPGRTDTQYF,TRBV29-1*03,None,TRBJ2-3*01,1
725,CTAVAGSSYEQYF,TRBV20-1*02,None,TRBJ2-7*01,1
726,CSMENGSTDTQYF,TRBV29-1*02,None,TRBJ2-3*01,1
727,CSMENGSTDTKYF,TRBV29-1*02,None,TRBJ2-3*01,1
728,CTAVARFSYDQYF,TRBV20-1*03,None,TRBJ1-2*01,1
729,CTAVAGFSYEHNF,TRBV20-1*06,None,TRBJ2-7*01,1
730,CTAVAGFSSEPYF,TRBV20-1*02,None,TRBJ2-7*01,1
731,CSMETGCPDTQYF,TRBV29-1*03,None,TRBJ2-3*01,1
732,CTAIAGFSYEPYF,TRBV20-1*04,None,TRBJ2-7*01,1
733,CSMETGCTATQYF,TRBV29-1*03,None,TRBJ2-3*01,1
734,CSVWTGITDTQYF,TRBV29-1*02,None,TRBJ2-7*01,1
735,CSMETGCTDTQYF,TRBV29-1*02,None,TRBJ2-3*01,1
736,CSVVTGSTYTQYF,TRBV29-1*02,None,TRBJ2-3*01,1
737,CSVVTGSTDTQNF,TRBV29-1*02,None,TRBJ2-7*01,1
738,CSMETGGTDTRYF,TRBV29-1*02,None,TRBJ2-3*01,1
739,CSMETGITDMQYF,TRBV29-1*03,None,TRBJ2-3*01,1
740,CSMETGITDTQCF,TRBV29-1*03,None,TRBJ2-3*01,1
741,CSVVTGGTDTQYF,TRBV29-1*02,None,TRBJ2-3*01,1
742,CSVVTGCTDTQYF,TRBV29-1*02,None,TRBJ2-3*01,1
743,CSMETGITYTLYF,TRBV29-1*03,None,TRBJ2-3*01,1
744,CSMETGNRETQYF,TRBV29-1*03,None,TRBJ2-3*01,1
745,CSVVEGFSYEQYF,TRBV20-1*02,None,TRBJ2-7*01,1
746,CSVETVSSDTHYF,TRBV29-1*02,None,TRBJ2-3*01,1
747,CSVETGCTYTQYF,TRBV29-1*02,None,TRBJ2-3*01,1
748,CSMETSSTDTQYF,TRBV29-1*02,None,TRBJ2-3*01,1
749,CSVDTGGTDTQYF,TRBV29-1*02,None,TRBJ2-3*01,1
750,CSVDTGSKDTQYF,TRBV29-1*02,None,TRBJ2-3*01,1
751,CSVDTGSADTQYF,TRBV29-1*02,None,TRBJ2-3*01,1
752,CSVETGRTDPLYF,TRBV29-1*02,None,TRBJ2-3*01,1
753,CSVDTGRTDTHYF,TRBV29-1*02,None,TRBJ2-3*01,1
754,CSVDTGNTDTHCF,TRBV29-1*02,None,TRBJ2-3*01,1
755,CSVDTGITDTQYF,TRBV29-1*02,None,TRBJ2-3*01,1
756,CSVDTGCTDTQYF,TRBV29-1*02,None,TRBJ2-3*01,1
757,CSVEAGSTDTLYF,TRBV29-1*02,None,TRBJ2-3*01,1
758,CSVDTGCADTQYF,TRBV29-1*02,None,TRBJ2-3*01,1
759,CSVDNWSTDTQYF,TRBV29-1*02,None,TRBJ2-3*01,1
760,CSVETGRTDRQYF,TRBV29-1*02,None,TRBJ2-3*01,1
761,CSVDAGRTDTQYF,TRBV29-1*02,None,TRBJ2-3*01,1
762,CSVETGRTDTEYF,TRBV29-1*02,None,TRBJ2-3*01,1
763,CSVATVSTDTEYF,TRBV29-1*02,None,TRBJ2-3*01,1
764,CSVDTGSPDTQYF,TRBV29-1*02,None,TRBJ2-3*01,1
765,CSVDTGSTDAQNF,TRBV29-1*02,None,TRBJ2-3*01,1
766,CSVDTGSTDLQYF,TRBV29-1*02,None,TRBJ2-3*01,1
767,CSVDTGSTDTQFF,TRBV29-1*02,None,TRBJ2-3*01,1
768,CSGVAGLSYEQYF,TRBV20-1*06,None,TRBJ2-7*01,1
769,CSVDTRSTDTQYF,TRBV29-1*02,None,TRBJ2-3*01,1
770,CSVETGRRDTQYF,TRBV29-1*02,None,TRBJ2-3*01,1
771,CSVDTVSTDTQYF,TRBV29-1*02,None,TRBJ2-3*01,1
772,CSVDTWSTDTQYF,TRBV29-1*02,None,TRBJ2-3*01,1
773,CSVEAGCTYTQYF,TRBV29-1*02,None,TRBJ2-3*01,1
774,CSVEAGGRDTQYF,TRBV29-1*02,None,TRBJ2-3*01,1
775,CSVEAGGTDTQYF,TRBV29-1*02,None,TRBJ2-3*01,1
776,CSVEAGRTDTQYF,TRBV29-1*02,None,TRBJ2-3*01,1
777,CSVEAGSADTQYF,TRBV29-1*02,None,TRBJ2-3*01,1
778,CSVEAGSSDTQYF,TRBV29-1*02,None,TRBJ2-3*01,1
779,CSVEAGSTDKQYF,TRBV29-1*02,None,TRBJ2-3*01,1
780,CSVETGRKDTQYF,TRBV29-1*01,None,TRBJ2-3*01,1
781,CSVATRSTDTQYF,TRBV29-1*02,None,TRBJ2-3*01,1
782,CSVETGRTDTQYF,TRBV20-1*02,None,TRBJ2-3*01,1
783,CSVETGRTDTTYF,TRBV29-1*02,None,TRBJ2-3*01,1
784,CSTVAGFSYVQYF,TRBV20-1*06,None,TRBJ2-6*01,1
785,CSVETGSKETQYF,TRBV29-1*02,None,TRBJ2-3*01,1
786,CSTLMTGQAFF,TRBV20-1*06,None,TRBJ1-1*01,1
787,CSTLMTVQAYF,TRBV20-1*01,None,TRBJ1-1*01,1
788,CSTVAGFCYAQYF,TRBV20-1*02,None,TRBJ2-7*01,1
789,CSTVAGFPYEQYF,TRBV20-1*03,None,TRBJ2-7*01,1
790,CSTVAGFSCEQYF,TRBV20-1*06,None,TRBJ2-7*01,1
791,CSTVAGFSYEKNF,TRBV20-1*02,None,TRBJ2-7*01,1
792,CSTVAGFSYEPLF,TRBV20-1*03,None,TRBJ2-7*01,1
793,CSVETGSKDTQNF,TRBV29-1*02,None,TRBJ2-4*01,1
794,CSTVAGFSYEQYF,TRBV20-1*07,None,TRBJ2-7*01,1
795,CSVETGSKDTQNF,TRBV29-1*02,None,TRBJ2-3*01,1
796,CSVETGSKDTPYF,TRBV29-1*02,None,TRBJ2-3*01,1
797,CSVETGSKDTLFF,TRBV29-1*02,None,TRBJ2-3*01,1
798,CSTVAGFSYERYF,TRBV20-1*03,None,TRBJ2-7*01,1
799,CSTVAGFTYEQYF,TRBV20-1*02,None,TRBJ2-7*01,1
800,CSVATGTTDTKYF,TRBV29-1*02,None,TRBJ2-3*01,1
801,CSTVAGFTYEQYF,TRBV20-1*06,None,TRBJ2-7*01,1
802,CSTVASISYKQYF,TRBV20-1*06,None,TRBJ2-7*01,1
803,CSTVAWFSYEQYF,TRBV20-1*06,None,TRBJ2-7*01,1
804,CSVETGSKDTKYF,TRBV29-1*02,None,TRBJ2-3*01,1
805,CSVETGSGDTQYF,TRBV29-1*02,None,TRBJ2-3*01,1
806,CSTVEGLAYEQYF,TRBV20-1*06,None,TRBJ2-7*01,1
807,CSVATGSTDMQYF,TRBV29-1*02,None,TRBJ2-3*01,1
808,CSVETGSADTQYF,TRBV29-1*01,None,TRBJ2-3*01,1
809,CSVATGSTDPLYF,TRBV29-1*02,None,TRBJ2-3*01,1
810,CSVETGSADTQNF,TRBV29-1*02,None,TRBJ2-7*01,1
811,CSVATGSTDTQYF,TRBV29-1*02,None,TRBJ2-7*01,1
812,CSVETGSADKQYF,TRBV29-1*02,None,TRBJ2-3*01,1
813,CSVETGRTNTQYF,TRBV29-1*02,None,TRBJ2-3*01,1
814,CSVATGSTETYYF,TRBV29-1*02,None,TRBJ2-3*01,1
815,CSVETGREDTQYF,TRBV29-1*02,None,TRBJ2-3*01,1
816,CSVEAGSTDTPYF,TRBV29-1*02,None,TRBJ2-3*01,1
817,CSVETVRTDTPYF,TRBV29-1*02,None,TRBJ2-3*01,1
818,CSVESGSVDTQYF,TRBV29-1*02,None,TRBJ2-3*01,1
819,CSVETASTDTKYF,TRBV29-1*02,None,TRBJ2-3*01,1
820,CSVETASTDILYF,TRBV29-1*02,None,TRBJ2-3*01,1
821,CSVETASTAMQYF,TRBV29-1*02,None,TRBJ2-3*01,1
822,CSVETASTAMLYF,TRBV29-1*02,None,TRBJ2-3*01,1
823,CSVETAGRDTQYF,TRBV29-1*02,None,TRBJ2-3*01,1
824,CSVESVSTDTQYF,TRBV29-1*02,None,TRBJ2-3*01,1
825,CSVESGSTDTQYF,TRBV29-1*01,None,TRBJ2-4*01,1
826,CSVEAGSTDTQYF,TRBV29-1*01,None,TRBJ2-3*01,1
827,CSVETGGTDTQYF,TRBV29-1*02,None,TRBJ2-7*01,1
828,CSVETGGTDTRNF,TRBV29-1*02,None,TRBJ2-3*01,1
829,CSVESGSTDTLYF,TRBV29-1*02,None,TRBJ2-3*01,1
830,CSVETGGTEPQYF,TRBV29-1*02,None,TRBJ2-3*01,1
831,CSVESGSSDTQYF,TRBV29-1*02,None,TRBJ2-3*01,1
832,CSVESGRTDTQYF,TRBV29-1*02,None,TRBJ2-3*01,1
833,CSVETGGTDTQHF,TRBV29-1*02,None,TRBJ2-4*01,1
834,CSVETASTDTQYF,TRBV29-1*02,None,TRBJ2-7*01,1
835,CSVETESKDTQYF,TRBV29-1*02,None,TRBJ2-3*01,1
836,CSVETESTDTHYF,TRBV29-1*02,None,TRBJ2-3*01,1
837,CSVETESTDTKYF,TRBV29-1*02,None,TRBJ2-3*01,1
838,CSVETESTDTPYF,TRBV29-1*02,None,TRBJ2-3*01,1
839,CSVETGGTDTLYF,TRBV29-1*02,None,TRBJ2-3*01,1
840,CSVETGGTDTKYF,TRBV29-1*01,None,TRBJ2-3*01,1
841,CSVETGGTDRQYF,TRBV29-1*02,None,TRBJ2-3*01,1
842,CSVETGCADTRYF,TRBV29-1*02,None,TRBJ2-3*01,1
843,CSVETGCTDTKYF,TRBV29-1*02,None,TRBJ2-3*01,1
844,CSVETGCTDTQHF,TRBV29-1*02,None,TRBJ2-3*01,1
845,CSVETGGTDPQYF,TRBV29-1*02,None,TRBJ2-3*01,1
846,CSVETGGRDTQYF,TRBV29-1*02,None,TRBJ2-3*01,1
847,CSVETGGKDTQYF,TRBV29-1*02,None,TRBJ2-3*01,1
848,CSVETGGADTQYF,TRBV29-1*02,None,TRBJ2-3*01,1
849,CSVETGCTDTQYF,TRBV29-1*02,None,TRBJ2-7*01,1
850,CSVESGKTDTQYF,TRBV29-1*02,None,TRBJ2-5*01,1
851,CSVESGCTDTQYF,TRBV29-1*01,None,TRBJ2-3*01,1
852,CSVESESTDTPYF,TRBV29-1*02,None,TRBJ2-3*01,1
853,CSVEIGSTDTQYF,TRBV20-1*03,None,TRBJ2-3*01,1
854,CSVETGRADPQYF,TRBV29-1*02,None,TRBJ2-4*01,1
855,CSVEAGSTDTRYF,TRBV29-1*02,None,TRBJ2-3*01,1
856,CSVETGNTDTQYF,TRBV29-1*01,None,TRBJ2-3*01,1
857,CSVETGNTDTEYF,TRBV29-1*02,None,TRBJ2-3*01,1
858,CSVEAGSTDTTYF,TRBV29-1*02,None,TRBJ2-3*01,1
859,CSVETGNPDTQYF,TRBV29-1*02,None,TRBJ2-3*01,1
860,CSVEAGSTETQEF,TRBV29-1*02,None,TRBJ2-3*01,1
861,CSVECGSTDTQYF,TRBV29-1*02,None,TRBJ2-3*01,1
862,CSVEHGSKDTQYF,TRBV29-1*01,None,TRBJ2-3*01,1
863,CSVEIGRTHTQYF,TRBV29-1*02,None,TRBJ2-3*01,1
864,CSVETGNKDTQYF,TRBV29-1*02,None,TRBJ2-3*01,1
865,CSVEIGSTDTPYF,TRBV29-1*02,None,TRBJ2-3*01,1
866,CSVETGITDTRYF,TRBV29-1*02,None,TRBJ2-3*01,1
867,CSVETGITDTQYF,TRBV29-1*01,None,TRBJ2-3*01,1
868,CSVEMGSTDTQYF,TRBV29-1*02,None,TRBJ2-7*01,1
869,CSVETGISATLYF,TRBV29-1*02,None,TRBJ2-3*01,1
870,CSVETGITDTLYF,TRBV29-1*01,None,TRBJ2-3*01,1
871,CSVENGSTDKQYF,TRBV29-1*02,None,TRBJ2-3*01,1
872,CSVENGSTDTKYF,TRBV29-1*02,None,TRBJ2-3*01,1
873,CSVENGSTDTQNF,TRBV29-1*01,None,TRBJ2-3*01,1
874,CSVETGITDTLCF,TRBV29-1*01,None,TRBJ2-3*01,1
875,CSVEPGGTDTQYF,TRBV29-1*02,None,TRBJ2-3*01,1
876,CSVEPGRSDTQYF,TRBV29-1*02,None,TRBJ2-3*01,1
877,CSVEPGRTDKQYF,TRBV29-1*02,None,TRBJ2-3*01,1
878,CSVEPGRTVTKYF,TRBV29-1*02,None,TRBJ2-3*01,1
879,CSVEPGSTDKQYF,TRBV29-1*02,None,TRBJ2-3*01,1
880,CSVETGITATQYF,TRBV29-1*02,None,TRBJ2-3*01,1
881,CSVEPGSTDPKYF,TRBV29-1*02,None,TRBJ2-3*01,1
882,CSVETGISDKQYF,TRBV29-1*02,None,TRBJ2-7*01,1
883,CSVEPGSTDTQYF,TRBV29-1*01,None,TRBJ2-3*01,1
884,CSVETGSMDTQYF,TRBV29-1*02,None,TRBJ2-3*01,1
885,CSTGAWISCDEYF,TRBV20-1*03,None,TRBJ2-7*01,1
886,CSVETGSPDPQYF,TRBV29-1*02,None,TRBJ2-3*01,1
887,CSPVAGSSYEQYF,TRBV20-1*03,None,TRBJ2-7*01,1
888,CSPVAVFSYELYF,TRBV20-1*02,None,TRBJ2-7*01,1
889,CSVETGSTNTHYF,TRBV29-1*02,None,TRBJ2-3*01,1
890,CSVETGSTNTKYF,TRBV29-1*02,None,TRBJ2-3*01,1
891,CSPVAGVSYEQYF,TRBV20-1*06,None,TRBJ2-7*01,1
892,CSVETGSTVSQYF,TRBV29-1*02,None,TRBJ2-3*01,1
893,CSPVAGVSYELYF,TRBV20-1*03,None,TRBJ2-7*01,1
894,CSPVAGLSYELYF,TRBV20-1*02,None,TRBJ2-7*01,1
895,CSVETGSPDTEYF,TRBV29-1*02,None,TRBJ2-3*01,1
896,CSPVAGLSYDQYF,TRBV20-1*02,None,TRBJ2-7*01,1
897,CSVETGSTVTRYF,TRBV29-1*02,None,TRBJ2-3*01,1
898,CSVETGSTYRQYF,TRBV29-1*02,None,TRBJ2-3*01,1
899,CSVETGSTYTQYF,TRBV29-1*01,None,TRBJ2-3*01,1
900,CSPVAGISYEQYF,TRBV20-1*02,None,TRBJ2-7*01,1
901,CSPVAGFSYQQYF,TRBV20-1*02,None,TRBJ2-7*01,1
902,CSPVGGFSYEQYF,TRBV20-1*03,None,TRBJ2-7*01,1
903,CSQETRNTDTQYF,TRBV29-1*02,None,TRBJ2-3*01,1
904,CSREPGSTDTQYF,TRBV29-1*03,None,TRBJ2-3*01,1
905,CSRETGSPDTQYF,TRBV29-1*02,None,TRBJ2-3*01,1
906,CSVETGSTITQYF,TRBV29-1*01,None,TRBJ2-3*01,1
907,CSRETGSTDKQYF,TRBV29-1*03,None,TRBJ2-3*01,1
908,CSRETGSTDTEYF,TRBV29-1*02,None,TRBJ2-3*01,1
909,CSVETGSTHTQYF,TRBV29-1*02,None,TRBJ2-5*01,1
910,CSVETGSTGTRYF,TRBV29-1*02,None,TRBJ2-3*01,1
911,CSVETGSTGSQYF,TRBV29-1*02,None,TRBJ2-3*01,1
912,CSSEAGFTYEQYF,TRBV20-1*03,None,TRBJ2-7*01,1
913,CSSFMAGKVFF,TRBV20-1*03,None,TRBJ1-1*01,1
914,CSSGAGNSYEQYF,TRBV20-1*01,None,TRBJ2-7*01,1
915,CSSIAVLSYEQYF,TRBV20-1*02,None,TRBJ2-7*01,1
916,CSSLAGFSYEQYF,TRBV20-1*02,None,TRBJ2-7*01,1
917,CSVETGSTETRYF,TRBV29-1*02,None,TRBJ2-3*01,1
918,CSSLAGFSYEQYF,TRBV20-1*03,None,TRBJ2-7*01,1
919,CSVETGSVDTLYF,TRBV29-1*02,None,TRBJ2-3*01,1
920,CSVETGTTDRQYF,TRBV29-1*02,None,TRBJ2-3*01,1
921,CSVETGTTGTQYF,TRBV29-1*02,None,TRBJ2-3*01,1
922,CSVETRSTDMQYF,TRBV29-1*02,None,TRBJ2-3*01,1
923,CSVETSSGDTQYF,TRBV29-1*02,None,TRBJ2-3*01,1
924,CSMETWNTETQYF,TRBV29-1*03,None,TRBJ2-3*01,1
925,CSMETWRTDTQYF,TRBV29-1*02,None,TRBJ2-3*01,1
926,CSMETWSKDTQYF,TRBV29-1*02,None,TRBJ2-3*01,1
927,CSVETSGADTQHF,TRBV29-1*02,None,TRBJ2-3*01,1
928,CSMETWSKHTQYF,TRBV29-1*03,None,TRBJ2-3*01,1
929,CSVETRVTDTQYF,TRBV29-1*02,None,TRBJ2-3*01,1
930,CSVETRSTDTRYF,TRBV29-1*02,None,TRBJ2-3*01,1
931,CSMGTGSKDTQYF,TRBV29-1*03,None,TRBJ2-3*01,1
932,CSVETRSTDTQYF,TRBV20-1*03,None,TRBJ2-3*01,1
933,CSMGTGSTDTQYF,TRBV29-1*01,None,TRBJ2-3*01,1
934,CSVETRSTDTQNF,TRBV29-1*02,None,TRBJ2-3*01,1
935,CSVETRSTDTKYF,TRBV29-1*02,None,TRBJ2-3*01,1
936,CSMKSGSTDEQYF,TRBV29-1*01,None,TRBJ2-3*01,1
937,CSVETRSEDTQYF,TRBV29-1*02,None,TRBJ2-3*01,1
938,CSPVAGFSYEQYF,TRBV20-1*02,None,TRBJ2-3*01,1
939,CSVETRRTVTHYF,TRBV29-1*02,None,TRBJ2-3*01,1
940,CSMQAGSTDTQYF,TRBV29-1*02,None,TRBJ2-3*01,1
941,CSMQTGSADAQYF,TRBV29-1*02,None,TRBJ2-3*01,1
942,CSMQTGSTDTQYF,TRBV29-1*02,None,TRBJ2-3*01,1
943,CSVETGCTGTQYF,TRBV29-1*02,None,TRBJ2-3*01,1
944,CSMQTWSTDKQYF,TRBV29-1*03,None,TRBJ2-3*01,1
945,CSVETRITDTQYF,TRBV29-1*02,None,TRBJ2-3*01,1
946,CSVETPSTDTQYF,TRBV29-1*02,None,TRBJ2-3*01,1
947,CSVETLRGDKQYF,TRBV29-1*02,None,TRBJ2-3*01,1
948,CSVETKSTDTQYF,TRBV29-1*02,None,TRBJ2-3*01,1
949,CSNETGSTDTQYF,TRBV29-1*02,None,TRBJ2-3*01,1
950,CSPVAGFSCEQYF,TRBV20-1*02,None,TRBJ2-7*01,1
951,CSPVAGFSDEQYF,TRBV20-1*03,None,TRBJ2-7*01,1
952,CSPVAGFSYEPYF,TRBV20-1*06,None,TRBJ2-7*01,1
953,CSSSGSNTNSQYF,TRBV19*03,None,TRBJ2-4*01,1
954,CSVETGSTETQYF,TRBV29-1*03,None,TRBJ2-3*01,1
955,CSVETGSTETHYF,TRBV29-1*02,None,TRBJ2-3*01,1
956,CSSVAWFYYDKYF,TRBV20-1*03,None,TRBJ1-6*02,1
957,CSVETGSTATLYF,TRBV29-1*02,None,TRBJ2-3*01,1
958,CSVETGSTAMFYF,TRBV29-1*02,None,TRBJ2-3*01,1
959,CSSVAGFSYERYF,TRBV20-1*02,None,TRBJ2-7*01,1
960,CSVETGSTAKQYF,TRBV29-1*02,None,TRBJ2-3*01,1
961,CSSVAGFSYERYF,TRBV20-1*06,None,TRBJ2-7*01,1
962,CSVETGSSVMLYF,TRBV29-1*02,None,TRBJ2-3*01,1
963,CSVETGSSDTYYF,TRBV29-1*02,None,TRBJ2-3*01,1
964,CSSVAGSSYEQYF,TRBV20-1*02,None,TRBJ2-7*01,1
965,CSVETGSSDTQYF,TRBV29-1*02,None,TRBJ2-7*01,1
966,CSSVAGSSYEQYF,TRBV20-1*06,None,TRBJ2-7*01,1
967,CSVETGSSDTPYF,TRBV29-1*02,None,TRBJ2-3*01,1
968,CSVETGSSDTLYF,TRBV29-1*02,None,TRBJ2-3*01,1
969,CSSVAGYSYEQYF,TRBV20-1*03,None,TRBJ2-7*01,1
970,CSSVARFSYEQYF,TRBV20-1*06,None,TRBJ2-7*01,1
971,CSSVSGSSYEQYF,TRBV20-1*02,None,TRBJ2-7*01,1
972,CSVETGSTDAKYF,TRBV29-1*02,None,TRBJ2-3*01,1
973,CSVETGSSDTHYF,TRBV29-1*02,None,TRBJ2-3*01,1
974,CSTETESTDTQYF,TRBV29-1*03,None,TRBJ2-3*01,1
975,CSVETGSSDPQYF,TRBV29-1*02,None,TRBJ2-3*01,1
976,CSVETGSRGTQYF,TRBV29-1*02,None,TRBJ2-3*01,1
977,CSTETGGTDTQYF,TRBV29-1*03,None,TRBJ2-3*01,1
978,CSVETGSRETQYF,TRBV29-1*02,None,TRBJ2-3*01,1
979,CSVETGSRDTQYF,TRBV29-1*02,None,TRBJ1-6*02,1
980,CSVETGSPVTQYF,TRBV29-1*02,None,TRBJ2-3*01,1
981,CSTETGSTDMQYF,TRBV29-1*03,None,TRBJ2-3*01,1
982,CSVETGSPDTQYF,TRBV29-1*03,None,TRBJ2-3*01,1
983,CSVETGSPDTQYF,TRBV29-1*01,None,TRBJ2-3*01,1
984,CSTETGSTDTKYF,TRBV29-1*02,None,TRBJ2-3*01,1
985,CSVETGSPDTLYF,TRBV29-1*02,None,TRBJ2-3*01,1
986,CSVETGSPDTHYF,TRBV29-1*02,None,TRBJ2-3*01,1
987,CSSVAGFSYEQYF,TRBV20-1*07,None,TRBJ2-7*01,1
988,CSVETGSTDEQYF,TRBV29-1*02,None,TRBJ2-3*01,1
989,CSSSITMTGPEQFF,TRBV27*01,None,TRBJ2-7*01,1
990,CSSVAGFSYEPYF,TRBV20-1*06,None,TRBJ2-7*01,1
991,CSSVAGFCYEQYF,TRBV20-1*03,None,TRBJ2-3*01,1
992,CSVETGSTEKQYF,TRBV29-1*02,None,TRBJ2-3*01,1
993,CSSVAGFSYAQYF,TRBV20-1*02,None,TRBJ2-7*01,1
994,CSVETGSTDVQYF,TRBV29-1*02,None,TRBJ2-3*01,1
995,CSSVAGFSYDPYF,TRBV20-1*03,None,TRBJ2-7*01,1
996,CSVETGSTDTRDF,TRBV29-1*02,None,TRBJ2-3*01,1
997,CSSVAGFSYDQYF,TRBV20-1*02,None,TRBJ2-7*01,1
998,CSSVAGFSYDRYF,TRBV20-1*03,None,TRBJ2-7*01,1
999,CSVETGSTDTQYF,TRBV29-1*02,None,TRBJ1-1*01,1
1000,CSSVAGFSYEHYF,TRBV20-1*06,None,TRBJ2-7*01,1
1001,CSVETGSTDTQYF,TRBV29-1*01,None,TRBJ2-7*01,1
1002,CSVETGSTDTQNF,TRBV29-1*01,None,TRBJ2-3*01,1
1003,CSVETGSTDTQFF,TRBV29-1*02,None,TRBJ2-3*01,1
1004,CSSVAGFSYEPYF,TRBV20-1*02,None,TRBJ2-7*01,1
1005,CSSVAGFSYEQNF,TRBV20-1*03,None,TRBJ2-7*01,1
1006,CSVETGSTDIQYF,TRBV29-1*02,None,TRBJ2-3*01,1
1007,CSSVAGFSYEQYF,TRBV20-1*01,None,TRBJ2-7*01,1
1008,CSVETGSTDTQCF,TRBV20-1*06,None,TRBJ2-3*01,1
1009,CSVETGSTDTLYF,TRBV29-1*01,None,TRBJ2-3*01,1
1010,CSVETGSTDTKNF,TRBV29-1*02,None,TRBJ2-3*01,1
1011,CSVETGSTDTHSF,TRBV29-1*02,None,TRBJ2-3*01,1
1012,CSVETGSTDSQSF,TRBV29-1*02,None,TRBJ2-3*01,1
1013,CSVETGSTDPQYF,TRBV29-1*01,None,TRBJ2-3*01,1
1014,CSVETGSTDNQYF,TRBV29-1*02,None,TRBJ2-3*01,1
1015,CSVETGSTDMQYF,TRBV29-1*02,None,TRBJ2-7*01,1
1016,CSVETGSTDMQYF,TRBV20-1*03,None,TRBJ2-3*01,1
1017,CSSVAGFSYEQYF,TRBV20-1*04,None,TRBJ2-7*01,1
1018,CSVETGSTDMQNF,TRBV29-1*02,None,TRBJ2-3*01,1
1019,CSSVAGFSYEQYF,TRBV20-1*05,None,TRBJ2-7*01,1
1020,CSVETGSTDMHYF,TRBV29-1*02,None,TRBJ2-3*01,1
1021,CAGSEEQSPLHF,TRBV2*03,None,TRBJ1-6*01,1
1022,CSAVARSSYEQYF,TRBV20-1*06,None,TRBJ2-7*01,1
1023,CSGVAGFSYEQYF,TRBV20-1*06,None,TRBJ2-3*01,1
1024,CRVETRSATLHYF,TRBV29-1*02,None,TRBJ2-3*01,1
1025,CRVETGSTDTRYF,TRBV29-1*03,None,TRBJ2-3*01,1
1026,CRVETGSTDTRYF,TRBV29-1*02,None,TRBJ2-3*01,1
1027,CRVETGSTDTQYF,TRBV29-1*02,None,TRBJ2-6*01,1
1028,CRVETGSTDTQYF,TRBV29-1*02,None,TRBJ1-1*01,1
1029,CRVETGSTDTQNF,TRBV29-1*02,None,TRBJ2-3*01,1
1030,CRVETGSTDTQNF,TRBV29-1*01,None,TRBJ2-3*01,1
1031,CRVETGSTDPQYF,TRBV29-1*03,None,TRBJ2-3*01,1
1032,CRVETGSTATQYF,TRBV29-1*02,None,TRBJ2-3*01,1
1033,CRVETGSTATLYF,TRBV29-1*03,None,TRBJ2-3*01,1
1034,CRVETGSRDTRYF,TRBV29-1*02,None,TRBJ2-3*01,1
1035,CRVETGSKDTQYF,TRBV29-1*02,None,TRBJ2-3*01,1
1036,CRVETGRTDTQYF,TRBV29-1*03,None,TRBJ2-3*01,1
1037,CRVETGRTDTQYF,TRBV29-1*02,None,TRBJ2-3*01,1
1038,CRVETGNKDTQYF,TRBV29-1*03,None,TRBJ2-3*01,1
1039,CRVETGNKDTQYF,TRBV29-1*01,None,TRBJ2-3*01,1
1040,CRVETGITDTQYF,TRBV29-1*02,None,TRBJ2-3*01,1
1041,CRVETGITDTKYF,TRBV29-1*02,None,TRBJ2-3*01,1
1042,CRVETGFTDTEYF,TRBV29-1*02,None,TRBJ2-3*01,1
1043,CRVETASTDTQYF,TRBV29-1*02,None,TRBJ2-3*01,1
1044,CRVETGSTETQYF,TRBV29-1*02,None,TRBJ2-3*01,1
1045,CRVETVSPDTQYF,TRBV29-1*02,None,TRBJ2-3*01,1
1046,CRVESGSTDTQYF,TRBV29-1*02,None,TRBJ2-3*01,1
1047,CRVETVSTDTQYF,TRBV29-1*02,None,TRBJ2-3*01,1
1048,CSAETGSPDTQYF,TRBV29-1*03,None,TRBJ2-3*01,1
1049,CSAETGNTDTQYF,TRBV29-1*03,None,TRBJ2-3*01,1
1050,CSAESGDTDTQYF,TRBV29-1*03,None,TRBJ2-3*01,1
1051,CSAEPVFSYELYF,TRBV20-1*03,None,TRBJ2-7*01,1
1052,CSAEPGYYNEQYF,TRBV20-1*02,None,TRBJ2-7*01,1
1053,CSAEAGSTDTQYF,TRBV29-1*03,None,TRBJ2-3*01,1
1054,CSAEAGFSYERYF,TRBV20-1*03,None,TRBJ2-7*01,1
1055,CSADTGSTDTQYF,TRBV29-1*03,None,TRBJ2-3*01,1
1056,CSAAAGISYEQYF,TRBV20-1*02,None,TRBJ2-7*01,1
1057,CSAAAGISFEKYF,TRBV20-1*06,None,TRBJ2-7*01,1
1058,CSAAAGFSYERYF,TRBV20-1*03,None,TRBJ2-7*01,1
1059,CSAAAGFSYEQYF,TRBV20-1*05,None,TRBJ2-7*01,1
1060,CSAAAGFPYEQYF,TRBV20-1*02,None,TRBJ2-7*01,1
1061,CRVWTGSTDTQYF,TRBV29-1*02,None,TRBJ2-3*01,1
1062,CRVVTGSTDTQYF,TRBV29-1*02,None,TRBJ2-3*01,1
1063,CRVQTGSTDTQYF,TRBV29-1*02,None,TRBJ2-3*01,1
1064,CRVPSGGVSGANVLTF,TRBV20-1*06,None,TRBJ2-6*01,1
1065,CRVKSGSTDTQHF,TRBV29-1*02,None,TRBJ2-3*01,1
1066,CRVGTGSIDTQYF,TRBV29-1*02,None,TRBJ2-3*01,1
1067,CRVESWSTDTRYF,TRBV29-1*03,None,TRBJ2-3*01,1
1068,CRVENGSTDTKYF,TRBV29-1*03,None,TRBJ2-3*01,1
1069,CSAVAGCSYEQYF,TRBV20-1*01,None,TRBJ2-7*01,1
1070,CRAVAWFSYEQYF,TRBV20-1*02,None,TRBJ2-7*01,1
1071,CRAVAVFSYEQYF,TRBV20-1*05,None,TRBJ2-7*01,1
1072,CRAVARFSYQLYF,TRBV20-1*06,None,TRBJ2-7*01,1
1073,CRAVAGVSYEQYF,TRBV20-1*03,None,TRBJ2-7*01,1
1074,CRAVAGLSYEQYF,TRBV20-1*03,None,TRBJ2-7*01,1
1075,CRAVAGLSYEQYF,TRBV20-1*02,None,TRBJ2-7*01,1
1076,CRAVAGIGYEQYF,TRBV20-1*06,None,TRBJ2-7*01,1
1077,CRAVAGFYYERYF,TRBV20-1*03,None,TRBJ2-7*01,1
1078,CRAVAGFSYGQYF,TRBV20-1*05,None,TRBJ2-7*01,1
1079,CRAVAGFSYEQYF,TRBV29-1*02,None,TRBJ2-7*01,1
1080,CRAVAGFSYEQYF,TRBV20-1*01,None,TRBJ2-7*01,1
1081,CRAVAGFAYEQYF,TRBV20-1*03,None,TRBJ2-7*01,1
1082,CRAVAGCSYEQYF,TRBV20-1*06,None,TRBJ2-7*01,1
1083,CRAVAGCSYEKYF,TRBV20-1*02,None,TRBJ1-1*01,1
1084,CRAIAGFSYEQYF,TRBV20-1*03,None,TRBJ2-7*01,1
1085,CRAGSRFCYEQYF,TRBV20-1*06,None,TRBJ2-7*01,1
1086,CRAGAGFSYEQYF,TRBV20-1*02,None,TRBJ2-7*01,1
1087,CRAGAGCANELYF,TRBV20-1*03,None,TRBJ2-7*01,1
1088,CRAETGSTETQYF,TRBV20-1*02,None,TRBJ2-3*01,1
1089,CRAAAGFSYERYF,TRBV20-1*06,None,TRBJ2-7*01,1
1090,CRAVAWCSYEQYF,TRBV20-1*06,None,TRBJ2-7*01,1
1091,CRAVEGFPYERYF,TRBV20-1*03,None,TRBJ2-7*01,1
1092,CRVEIGSTDTQYF,TRBV29-1*03,None,TRBJ2-3*01,1
1093,CRAVPGVSYEQYF,TRBV20-1*03,None,TRBJ2-7*01,1
1094,CRVDTGSTDTRYF,TRBV29-1*02,None,TRBJ2-3*01,1
1095,CRVDTGITDTQYF,TRBV29-1*03,None,TRBJ2-3*01,1
1096,CRVDTGCTDTQYF,TRBV29-1*02,None,TRBJ2-3*01,1
1097,CRVDAGSIDTQYF,TRBV29-1*02,None,TRBJ2-3*01,1
1098,CRTVAGFSYEQYF,TRBV20-1*03,None,TRBJ2-7*01,1
1099,CRSVAEFSYEQYF,TRBV20-1*03,None,TRBJ2-7*01,1
1100,CRPVAGVSYEQYF,TRBV20-1*03,None,TRBJ1-2*01,1
1101,CRMETVSTVTQYF,TRBV29-1*03,None,TRBJ2-3*01,1
1102,CRMETRSTDSQYF,TRBV29-1*03,None,TRBJ2-3*01,1
1103,CRMETGSTDTQYF,TRBV20-1*06,None,TRBJ2-3*01,1
1104,CRMETGSTDTKYF,TRBV29-1*02,None,TRBJ2-3*01,1
1105,CRMETGSTDTHYF,TRBV29-1*03,None,TRBJ2-3*01,1
1106,CRMETGSTDMQYF,TRBV29-1*02,None,TRBJ2-3*01,1
1107,CRMENWSTDTQYF,TRBV29-1*03,None,TRBJ2-3*01,1
1108,CRMEAGRIDTKYF,TRBV29-1*03,None,TRBJ2-3*01,1
1109,CRMDTGIRDQLYF,TRBV29-1*03,None,TRBJ2-3*01,1
1110,CRDETGSTVTQYF,TRBV29-1*03,None,TRBJ2-3*01,1
1111,CRAWMAGQAYF,TRBV20-1*03,None,TRBJ1-1*01,1
1112,CRAVVVVSYELYF,TRBV20-1*03,None,TRBJ2-7*01,1
1113,CSAETGSTDPQYF,TRBV29-1*03,None,TRBJ2-3*01,1
1114,CSAETGSTDTKYF,TRBV29-1*03,None,TRBJ2-3*01,1
1115,CSAETGSTYTQYF,TRBV29-1*03,None,TRBJ2-3*01,1
1116,CSAVAAFYYGQYF,TRBV20-1*06,None,TRBJ2-7*01,1
1117,CSAVAAFSYEQYF,TRBV20-1*02,None,TRBJ2-5*01,1
1118,CSAVAAFSYEHYF,TRBV20-1*07,None,TRBJ2-7*01,1
1119,CSAVAAFSYEHYF,TRBV20-1*03,None,TRBJ2-7*01,1
1120,CSAVAAFSYDQYF,TRBV20-1*06,None,TRBJ2-7*01,1
1121,CSAVAAFSYDQYF,TRBV20-1*02,None,TRBJ2-7*01,1
1122,CSAVAAFSNEQYF,TRBV20-1*03,None,TRBJ2-7*01,1
1123,CSAVAAFSDEQYF,TRBV20-1*03,None,TRBJ2-7*01,1
1124,CSAVAAFSCEQYF,TRBV20-1*02,None,TRBJ2-7*01,1
1125,CSAVAAFNNEPFF,TRBV20-1*02,None,TRBJ2-7*01,1
1126,CSAVAACSYEQYF,TRBV20-1*03,None,TRBJ2-7*01,1
1127,CSASDWQGSYNHHFF,TRBV20-1*03,None,TRBJ2-1*01,1
1128,CSASDWQGSYNEQCF,TRBV20-1*04,None,TRBJ2-1*01,1
1129,CSASDGPGFYNEQFF,TRBV20-1*06,None,TRBJ2-7*01,1
1130,CSASAGFSYDQYF,TRBV20-1*06,None,TRBJ2-7*01,1
1131,CSAQHRSWYDKEQFF,TRBV20-1*06,None,TRBJ2-1*01,1
1132,CSAQHRSGDHYAQFF,TRBV20-1*06,None,TRBJ2-1*01,1
1133,CSAQHRSGDHNEQFF,TRBV20-1*05,None,TRBJ2-5*01,1
1134,CSAQHRSGDHNEQFF,TRBV20-1*02,None,TRBJ2-1*01,1
1135,CSAPAGFYYEQYF,TRBV20-1*02,None,TRBJ2-7*01,1
1136,CSAVAAFSYEQYF,TRBV20-1*05,None,TRBJ2-7*01,1
1137,CSAVAALSYEQYF,TRBV20-1*02,None,TRBJ2-7*01,1
1138,CSAETRSTDTQYF,TRBV29-1*03,None,TRBJ2-3*01,1
1139,CSAVAASSYEQYF,TRBV20-1*06,None,TRBJ2-7*01,1
1140,CSAVAGCSYEPYF,TRBV20-1*02,None,TRBJ2-7*01,1
1141,CSAVAGCSSEQYF,TRBV20-1*03,None,TRBJ2-7*01,1
1142,CSAVAGCSCEQYF,TRBV20-1*06,None,TRBJ2-7*01,1
1143,CSAVAGCPYVHNF,TRBV20-1*03,None,TRBJ2-7*01,1
1144,CSAVAGCAYEQYF,TRBV20-1*03,None,TRBJ2-7*01,1
1145,CSAVAGCAYDQYF,TRBV20-1*06,None,TRBJ2-3*01,1
1146,CSAVAGASYEQYF,TRBV20-1*06,None,TRBJ2-7*01,1
1147,CSAVAESSYEQYF,TRBV20-1*06,None,TRBJ2-7*01,1
1148,CSAVAESSYEQYF,TRBV20-1*02,None,TRBJ2-7*01,1
1149,CSAVAEFYYEQYF,TRBV20-1*06,None,TRBJ2-7*01,1
1150,CSAVAEFSYGQYF,TRBV20-1*03,None,TRBJ2-7*01,1
1151,CSAVAEFSYERYF,TRBV20-1*02,None,TRBJ2-7*01,1
1152,CSAVAEFSYEQYF,TRBV20-1*05,None,TRBJ2-7*01,1
1153,CSAVAEFSYEQYF,TRBV20-1*03,None,TRBJ2-3*01,1
1154,CSAVAEFSYEQYF,TRBV20-1*01,None,TRBJ2-7*01,1
1155,CSAVAEFSYEQHF,TRBV20-1*02,None,TRBJ2-7*01,1
1156,CSAVAEFSYEPYF,TRBV20-1*02,None,TRBJ2-7*01,1
1157,CSAVACFSYEQYF,TRBV20-1*06,None,TRBJ2-7*01,1
1158,CSAVAAVSYEQYF,TRBV20-1*02,None,TRBJ2-7*01,1
1159,CSAMAGFYYEQYF,TRBV20-1*02,None,TRBJ2-7*01,1
1160,CSALSGRSLGWSNVLTF,TRBV20-1*02,None,TRBJ2-6*01,1
1161,CSALMASQAFF,TRBV20-1*06,None,TRBJ1-1*01,1
1162,CSALMAGKAFF,TRBV20-1*03,None,TRBJ1-1*01,1
1163,CSAISGRSLGLANVLTF,TRBV20-1*06,None,TRBJ2-6*01,1
1164,CSAINGRSLGCANVLPF,TRBV20-1*06,None,TRBJ2-6*01,1
1165,CSAIGGFSHEQYF,TRBV20-1*05,None,TRBJ2-7*01,1
1166,CSAIAWFSYERYF,TRBV20-1*03,None,TRBJ2-7*01,1
1167,CSAIAGFSYEQYF,TRBV20-1*07,None,TRBJ2-7*01,1
1168,CSAIAGFSYEHYF,TRBV20-1*03,None,TRBJ2-7*01,1
1169,CSAIAGFSYAQYF,TRBV20-1*03,None,TRBJ2-7*01,1
1170,CSAHHRSGDHNEQFF,TRBV20-1*02,None,TRBJ2-1*01,1
1171,CSAGQVTGTEEYF,TRBV29-1*03,None,TRBJ1-1*01,1
1172,CSAGPGYSYEQYF,TRBV20-1*03,None,TRBJ2-7*01,1
1173,CSAGGGFSYEQYF,TRBV20-1*03,None,TRBJ2-7*01,1
1174,CSAGEGFSYEQYF,TRBV20-1*02,None,TRBJ2-7*01,1
1175,CSAGEGCSYEQDF,TRBV20-1*01,None,TRBJ2-7*01,1
1176,CSAGAGLSYEQYF,TRBV20-1*03,None,TRBJ2-7*01,1
1177,CSAGAGISYEQFF,TRBV20-1*03,None,TRBJ2-7*01,1
1178,CSAGAGFSYELYF,TRBV20-1*02,None,TRBJ2-7*01,1
1179,CSAGAGFSYDQYF,TRBV20-1*04,None,TRBJ2-7*01,1
1180,CSAGAGFSSEQYF,TRBV20-1*02,None,TRBJ2-7*01,1
1181,CSAGAGFCYEQYF,TRBV20-1*06,None,TRBJ2-7*01,1
1182,CSAISGRSLGWANVLNF,TRBV20-1*03,None,TRBJ2-6*01,1
1183,CSAISGRSLGWANVMTF,TRBV20-1*02,None,TRBJ2-6*01,1
1184,CSAISGRSLGWPNVLTF,TRBV20-1*06,None,TRBJ2-6*01,1
1185,CSALAGFSYEQYF,TRBV20-1*07,None,TRBJ2-7*01,1
1186,CSALMADQSFF,TRBV20-1*06,None,TRBJ1-1*01,1
1187,CSALGGFSYERYF,TRBV20-1*03,None,TRBJ2-7*01,1
1188,CSALARVSYEQYF,TRBV20-1*06,None,TRBJ2-7*01,1
1189,CSALAGVSYEQYF,TRBV20-1*03,None,TRBJ2-7*01,1
1190,CSALAGVSYEPHF,TRBV20-1*02,None,TRBJ2-7*01,1
1191,CSALAGLSYEQYF,TRBV20-1*06,None,TRBJ2-7*01,1
1192,CSALAGFTYEQYF,TRBV20-1*02,None,TRBJ2-7*01,1
1193,CSALAGFSYERYF,TRBV20-1*05,None,TRBJ2-7*01,1
1194,CSALAGFSYEQYF,TRBV20-1*06,None,TRBJ2-3*01,1
1195,CSAKTGSTDTQYF,TRBV29-1*03,None,TRBJ1-1*01,1
1196,CSALAGFSYEQYF,TRBV20-1*05,None,TRBJ2-7*01,1
1197,CSALAGFSYEQYF,TRBV20-1*04,None,TRBJ2-7*01,1
1198,CSALAGFSYELYF,TRBV20-1*03,None,TRBJ2-7*01,1
1199,CSALAGFSYEKYF,TRBV20-1*02,None,TRBJ2-7*01,1
1200,CSALAGFSYAQYF,TRBV20-1*03,None,TRBJ2-7*01,1
1201,CSALAGFSSEKYF,TRBV20-1*03,None,TRBJ2-7*01,1
1202,CSALAGFSCEQYF,TRBV20-1*02,None,TRBJ2-7*01,1
1203,CSALAGFLYEQYF,TRBV20-1*02,None,TRBJ2-3*01,1
1204,CPVETGSTDTQYF,TRBV29-1*02,None,TRBJ2-3*01,1
1205,CPVETGSTDTLYF,TRBV29-1*03,None,TRBJ2-3*01,1
1206,CPSSLPGTRYEQFF,TRBV5-1*02,None,TRBJ2-1*01,1
1207,CASSPSGRRSNEQFF,TRBV11-3*03,None,TRBJ2-1*01,1
1208,CASSPSGRGSNEKFF,TRBV11-3*03,None,TRBJ2-1*01,1
1209,CASSLVASGSPYEQYF,TRBV7-9*03,None,TRBJ2-7*01,1
1210,CASSLTRGETQYF,TRBV11-2*03,None,TRBJ2-5*01,1
1211,CASSLTRGEPQYF,TRBV11-3*02,None,TRBJ2-5*01,1
1212,CASSLTGTRYEQFF,TRBV5-1*02,None,TRBJ2-1*01,1
1213,CASSLTGTRYEQFF,TRBV5-1*01,None,TRBJ2-1*01,1
1214,CASSLIYEQFF,TRBV28*01,None,TRBJ2-1*01,1
1215,CASSLGGSGGEQYF,TRBV11-2*03,None,TRBJ2-7*01,1
1216,CASSLGGPSYNEQFF,TRBV5-5*01,None,TRBJ2-5*01,1
1217,CASSLGESGGEQYF,TRBV14*02,None,TRBJ2-7*01,1
1218,CASSLGEAGGEQYF,TRBV11-2*03,None,TRBJ2-7*01,1
1219,CASSLESRGYTF,TRBV5-7*01,None,TRBJ1-2*01,1
1220,CASSITMTGPEQFF,TRBV27*01,None,TRBJ2-1*01,1
1221,CASSGSNTSMQYF,TRBV19*03,None,TRBJ2-4*01,1
1222,CASSGSNTNTQYF,TRBV19*03,None,TRBJ2-4*01,1
1223,CASSGSNTNIQYF,TRBV19*03,None,TRBJ2-7*01,1
1224,CASSGSNTNIQYF,TRBV19*03,None,TRBJ2-1*01,1
1225,CASSGSNTNILYF,TRBV19*03,None,TRBJ2-4*01,1
1226,CASSGSNRKIQYF,TRBV19*03,None,TRBJ2-4*01,1
1227,CASSPSGRGSNEQFF,TRBV7-9*03,None,TRBJ2-1*01,1
1228,CASSPSVRGSNEQFF,TRBV11-3*03,None,TRBJ2-1*01,1
1229,CCVETGSSDTQYF,TRBV29-1*02,None,TRBJ2-3*01,1
1230,CASSPSWRGSNEQFF,TRBV7-9*04,None,TRBJ2-1*01,1
1231,CCKETGGTDTQYF,TRBV29-1*01,None,TRBJ2-3*01,1
1232,CCGKTGSTDTQYF,TRBV29-1*02,None,TRBJ2-3*01,1
1233,CCAVSGLSYEQYF,TRBV20-1*02,None,TRBJ2-7*01,1
1234,CCAVSGFSYEQYF,TRBV20-1*03,None,TRBJ2-7*01,1
1235,CCAVPGLSYELYF,TRBV20-1*02,None,TRBJ2-7*01,1
1236,CCAVEGFSYGQYF,TRBV20-1*02,None,TRBJ2-7*01,1
1237,CCAVAGSSYETYF,TRBV20-1*02,None,TRBJ2-7*01,1
1238,CCAVAGFSYEQYF,TRBV20-1*07,None,TRBJ2-7*01,1
1239,CCAVAGFSYELYF,TRBV20-1*03,None,TRBJ2-7*01,1
1240,CCALMAGQAFF,TRBV20-1*06,None,TRBJ1-1*01,1
1241,CAWVVDYRNEQFF,TRBV30*05,None,TRBJ2-1*01,1
1242,CATSDEHSPLHF,TRBV2*02,None,TRBJ1-6*01,1
1243,CATRWDRFTVNSPLHF,TRBV7-8*03,None,TRBJ1-6*02,1
1244,CASTPGAAERTKYF,TRBV25-1*01,None,TRBJ2-7*01,1
1245,CASTFSIGPSDLQYF,TRBV18*01,None,TRBJ2-7*01,1
1246,CASSYGAANTEAFF,TRBV6-2*01,None,TRBJ1-1*01,1
1247,CASSYDANTGKLFF,TRBV6-6*03,None,TRBJ2-2*01,1
1248,CASSQSGSGSNQQSF,TRBV4-2*01,None,TRBJ2-1*01,1
1249,CASSPYGRGSNEQFF,TRBV11-3*03,None,TRBJ2-1*01,1
1250,CASSGSNANIQYF,TRBV19*03,None,TRBJ2-4*01,1
1251,CASSGRNTNIRYF,TRBV19*03,None,TRBJ2-4*01,1
1252,CASSGRNTNIQYF,TRBV19*03,None,TRBJ2-4*01,1
1253,CASSGMEGQGVLYGYTF,TRBV28*01,TRBD1*01,TRBJ1-2*01,1
1254,CASRWDRFPVISLFHF,TRBV7-8*03,None,TRBJ1-6*01,1
1255,CASRWDRFPVESPLHF,TRBV7-8*03,None,TRBJ1-6*01,1
1256,CASRWDRFAVNSPLHF,TRBV7-8*03,None,TRBJ1-6*01,1
1257,CASRWARFSVKSLLHF,TRBV7-3*04,None,TRBJ1-6*01,1
1258,CASRRDRFPVNSPLHF,TRBV7-8*03,None,TRBJ1-6*01,1
1259,CASRQTGHVYLYKF,TRBV4-3*02,None,TRBJ1-2*01,1
1260,CASRPTGHVYGYTF,TRBV14*02,None,TRBJ1-2*01,1
1261,CASRLARFSANSPLLF,TRBV7-8*03,None,TRBJ1-6*01,1
1262,CASREEHSPLHF,TRBV2*02,None,TRBJ1-6*01,1
1263,CASNLRVGPVDTQYF,TRBV12-4*02,None,TRBJ2-7*01,1
1264,CASNLRATWGYGYTF,TRBV27*01,None,TRBJ1-2*01,1
1265,CASKPGTSVVDTQYF,TRBV12-4*01,TRBD2*02,TRBJ2-3*01,1
1266,CASKPGTSVVDTPYF,TRBV12-4*02,TRBD2*02,TRBJ2-3*01,1
1267,CASIWDRFRVNSPFPF,TRBV5-7*01,None,TRBJ1-6*01,1
1268,CASGHVAANTEALF,TRBV6-6*05,None,TRBJ1-1*01,1
1269,CASGGQNYGYTF,TRBV11-3*03,None,TRBJ1-2*01,1
1270,CASGGHYYGYPF,TRBV11-3*03,None,TRBJ1-2*01,1
1271,CASGGHNYGFPF,TRBV7-9*04,None,TRBJ1-2*01,1
1272,CASGERRATETQYF,TRBV10-2*01,None,TRBJ2-5*01,1
1273,CASRWDRFPVNSPHHF,TRBV7-8*03,None,TRBJ1-6*01,1
1274,CASRWDRFPVNSPLCF,TRBV7-3*05,None,TRBJ1-6*01,1
1275,CASRWDRFPVNSPLHF,TRBV7-8*03,None,TRBJ1-1*01,1
1276,CASSEQDEPLHF,TRBV2*01,None,TRBJ1-6*01,1
1277,CASSGMEGQGALYGYTF,TRBV28*01,TRBD1*01,TRBJ1-2*01,1
1278,CASSGCNGEIQYF,TRBV19*03,None,TRBJ2-4*01,1
1279,CASSFVTVSQPQQF,TRBV28*01,None,TRBJ1-5*01,1
1280,CASSFVTVSQPQNF,TRBV28*01,None,TRBJ1-5*01,1
1281,CASSFVTVSHPQHF,TRBV28*01,None,TRBJ1-5*01,1
1282,CASSFSVGPTYGQYF,TRBV14*02,None,TRBJ2-7*01,1
1283,CASSFSVGPTYEQYF,TRBV14*02,None,TRBJ2-3*01,1
1284,CASSFSVGPTYDQYF,TRBV14*02,None,TRBJ2-7*01,1
1285,CASSARNTYEQYF,TRBV19*03,None,TRBJ2-4*01,1
1286,CASRWDRFPVNSTLHF,TRBV7-8*03,None,TRBJ1-6*01,1
1287,CASRYSSTGELFF,TRBV28*01,None,TRBJ2-2*01,1
1288,CASRYHAITVELFF,TRBV13*02,None,TRBJ2-2*01,1
1289,CASRYGAANTEAFF,TRBV6-6*03,None,TRBJ1-1*01,1
1290,CASRWYRFPVNSPIHF,TRBV7-8*03,None,TRBJ1-6*01,1
1291,CASRWERFPVNSPLYF,TRBV7-3*05,None,TRBJ1-6*01,1
1292,CASRWEDCPVNSPLYF,TRBV11-3*03,None,TRBJ1-6*01,1
1293,CASRWDRVPVNSPLHF,TRBV7-8*03,None,TRBJ1-6*01,1
1294,CASRWDRLRVNSPLHF,TRBV11-3*01,None,TRBJ1-6*01,1
1295,CCVETGRTDTQYF,TRBV29-1*02,None,TRBJ2-3*01,1
1296,CCVETGSTDTHYF,TRBV29-1*02,None,TRBJ2-3*01,1
1297,CNVETGSTNTQYF,TRBV29-1*03,None,TRBJ2-3*01,1
1298,CKAVAGFSYEQYF,TRBV20-1*02,None,TRBJ2-7*01,1
1299,CIVETWSTDTQYF,TRBV29-1*02,None,TRBJ2-3*01,1
1300,CIVETVSTDTQYF,TRBV29-1*02,None,TRBJ2-3*01,1
1301,CIVETRSTDTQYF,TRBV29-1*02,None,TRBJ2-3*01,1
1302,CIVETGSTETQYF,TRBV29-1*03,None,TRBJ2-7*01,1
1303,CIVETGSTDTQYF,TRBV20-1*05,None,TRBJ2-3*01,1
1304,CIVETGSTDTPYF,TRBV29-1*03,None,TRBJ2-3*01,1
1305,CIVETGSTDTHYF,TRBV29-1*02,None,TRBJ2-3*01,1
1306,CIVETGSIDTQFF,TRBV29-1*02,None,TRBJ2-3*01,1
1307,CIVETGRTDTQYF,TRBV29-1*02,None,TRBJ2-3*01,1
1308,CIVETGGTDTQYF,TRBV29-1*03,None,TRBJ2-3*01,1
1309,CIVESGSTDTQYF,TRBV29-1*03,None,TRBJ2-3*01,1
1310,CIVESGSTDTQYF,TRBV29-1*01,None,TRBJ2-3*01,1
1311,CIVEAGSTDTQYF,TRBV10-1*02,None,TRBJ2-3*01,1
1312,CIVATGSTDTLYF,TRBV29-1*03,None,TRBJ2-3*01,1
1313,CIMGTGSTDTQYF,TRBV29-1*03,None,TRBJ2-3*01,1
1314,CIMETGSTDTQCF,TRBV29-1*03,None,TRBJ2-3*01,1
1315,CIMETGSTDTLYF,TRBV29-1*01,None,TRBJ2-3*01,1
1316,CIMETGSTDSQYF,TRBV29-1*02,None,TRBJ2-3*01,1
1317,CIMETGRTDTQYF,TRBV29-1*03,None,TRBJ2-3*01,1
1318,CIWSAGSTGQAYF,TRBV29-1*02,None,TRBJ2-3*01,1
1319,CKMDTGSTDTLYF,TRBV29-1*03,None,TRBJ2-3*01,1
1320,CCVETGSTDTPYF,TRBV29-1*02,None,TRBJ2-3*01,1
1321,CNAETGSTDTQYF,TRBV29-1*03,None,TRBJ2-3*01,1
1322,CNVETGSTGTQYF,TRBV29-1*02,None,TRBJ2-3*01,1
1323,CNVETGSTATQYF,TRBV29-1*03,None,TRBJ2-3*01,1
1324,CNVETGSADTQYF,TRBV29-1*03,None,TRBJ2-3*01,1
1325,CNSIAGFSYEQYF,TRBV20-1*02,None,TRBJ2-7*01,1
1326,CNMETGSIDTQYF,TRBV29-1*03,None,TRBJ2-3*01,1
1327,CNLETGTTDTQYF,TRBV29-1*01,None,TRBJ2-3*01,1
1328,CNKETGSTDTQYF,TRBV29-1*02,None,TRBJ2-3*01,1
1329,CNGGTGSTDTQYF,TRBV29-1*03,None,TRBJ2-3*01,1
1330,CNEETGSTDAQYF,TRBV29-1*03,None,TRBJ2-3*01,1
1331,CNAVAGSSYEQYF,TRBV20-1*06,None,TRBJ2-7*01,1
1332,CNAVAGSSYEQYF,TRBV20-1*02,None,TRBJ2-7*01,1
1333,CNAVAGFSYERYF,TRBV20-1*03,None,TRBJ2-7*01,1
1334,CNAVAGFSYEQYF,TRBV20-1*03,None,TRBJ2-1*01,1
1335,CNAVAGFSYEHYF,TRBV20-1*06,None,TRBJ2-7*01,1
1336,CNAVAGFSYDQYF,TRBV20-1*02,None,TRBJ2-7*01,1
1337,CNAVAGFCDELYF,TRBV20-1*02,None,TRBJ2-7*01,1
1338,CNAMGGFYYELHF,TRBV20-1*03,None,TRBJ1-6*02,1
1339,CNAISGRSLDWANVLTF,TRBV20-1*01,None,TRBJ2-6*01,1
1340,CNAIAGVSYEPYF,TRBV20-1*06,None,TRBJ2-7*01,1
1341,CIMETGITDTQYF,TRBV29-1*03,None,TRBJ2-3*01,1
1342,CIMETGGTDRQYF,TRBV29-1*02,None,TRBJ2-3*01,1
1343,CIMDTGSTDTQYF,TRBV29-1*03,None,TRBJ2-3*01,1
1344,CILETGSTDTQYF,TRBV29-1*03,None,TRBJ2-3*01,1
1345,CGGVAGFSYEQYF,TRBV20-1*03,None,TRBJ2-7*01,1
1346,CGGKTGSRDEQYF,TRBV29-1*02,None,TRBJ2-3*01,1
1347,CGDEAGISYEQYF,TRBV20-1*02,None,TRBJ2-7*01,1
1348,CGAVSRSSYEQYF,TRBV20-1*03,None,TRBJ2-7*01,1
1349,CGAVARNSYEQYF,TRBV20-1*02,None,TRBJ2-7*01,1
1350,CGAVARFSYEQYF,TRBV20-1*03,None,TRBJ2-7*01,1
1351,CGAVAGSSYEQYF,TRBV20-1*02,None,TRBJ2-7*01,1
1352,CGAVAGFSCEQYF,TRBV20-1*06,None,TRBJ2-7*01,1
1353,CGAVAEFSYEQYF,TRBV20-1*03,None,TRBJ2-7*01,1
1354,CGALMAGQAFF,TRBV20-1*03,None,TRBJ1-1*01,1
1355,CGAGAGFSYEQYF,TRBV20-1*03,None,TRBJ2-7*01,1
1356,CGAETGSTDTQYF,TRBV29-1*03,None,TRBJ2-3*01,1
1357,CGAAAGFSYEQYF,TRBV20-1*03,None,TRBJ2-7*01,1
1358,CDVKTGTTDTQYF,TRBV29-1*03,None,TRBJ2-3*01,1
1359,CDVETGSTDTQYF,TRBV29-1*03,None,TRBJ2-3*01,1
1360,CCVVAGFSYERYF,TRBV20-1*06,None,TRBJ2-7*01,1
1361,CCVGTGSTDTQYF,TRBV29-1*02,None,TRBJ2-3*01,1
1362,CCVETGSTYTQYF,TRBV29-1*02,None,TRBJ2-3*01,1
1363,CCVETGSTDTQYF,TRBV29-1*03,None,TRBJ2-3*01,1
1364,CGSRWDRFGVNSPLHF,TRBV7-8*03,None,TRBJ1-6*01,1
1365,CGSRWDRFPVNSPLHF,TRBV7-8*03,None,TRBJ1-6*01,1
1366,CGSRWHRVPVNSPLHF,TRBV11-3*02,None,TRBJ1-6*01,1
1367,CIAISGRSLCWANVLPF,TRBV20-1*04,TRBD2*02,TRBJ2-6*01,1
1368,CILETGSTDTQNF,TRBV29-1*02,None,TRBJ2-3*01,1
1369,CIIETGSTDMQYF,TRBV29-1*02,None,TRBJ2-3*01,1
1370,CIGETGSTDTQYF,TRBV29-1*02,None,TRBJ2-3*01,1
1371,CIAVGGFSYEQYF,TRBV20-1*03,None,TRBJ2-7*01,1
1372,CIAVAGLSYEQYF,TRBV20-1*02,None,TRBJ2-7*01,1
1373,CIAVAGFYYEQYF,TRBV20-1*06,None,TRBJ2-7*01,1
1374,CIAVAGFTYEQYF,TRBV20-1*06,None,TRBJ2-7*01,1
1375,CIAVAGFSYERYF,TRBV20-1*06,None,TRBJ2-7*01,1
1376,CHVETGSTDTQYF,TRBV29-1*03,None,TRBJ2-3*01,1
1377,CGVEIGSTDTQYF,TRBV29-1*02,None,TRBJ2-3*01,1
1378,CHVETGSTDTQYF,TRBV29-1*02,None,TRBJ2-3*01,1
1379,CHAVAGVSYEQYF,TRBV20-1*03,None,TRBJ2-7*01,1
1380,CGVVTGSTDTKYF,TRBV29-1*02,None,TRBJ2-3*01,1
1381,CGVVAGFSYEQYF,TRBV20-1*03,None,TRBJ2-7*01,1
1382,CGVRSGSRDTQYF,TRBV29-1*02,None,TRBJ2-3*01,1
1383,CGVHTGSRDTQYF,TRBV29-1*02,None,TRBJ2-3*01,1
1384,CGVETGSTDTHYF,TRBV29-1*02,None,TRBJ2-3*01,1
1385,CGVESGSTDTQYF,TRBV29-1*02,None,TRBJ2-3*01,1
1386,CSAVAGCSYEQNF,TRBV20-1*03,None,TRBJ2-7*01,1
1387,CSAVAGCSYEQYF,TRBV20-1*05,None,TRBJ2-7*01,1
1388,CSGVAGFSYEQYF,TRBV20-1*05,None,TRBJ2-7*01,1
1389,CSAVARFSYLLYF,TRBV20-1*06,None,TRBJ2-7*01,1
1390,CSAVARFSYEQYF,TRBV20-1*04,None,TRBJ2-7*01,1
1391,CSAVARFSYEQYF,TRBV20-1*01,None,TRBJ2-7*01,1
1392,CSAVARFSYEQHF,TRBV20-1*02,None,TRBJ2-7*01,1
1393,CSAVARFSYEQCF,TRBV20-1*02,None,TRBJ2-7*01,1
1394,CSAVARFSYDLSF,TRBV20-1*06,None,TRBJ2-7*01,1
1395,CSAVARFSNEQYF,TRBV20-1*02,None,TRBJ2-7*01,1
1396,CSAVARFSCEQYF,TRBV20-1*06,None,TRBJ2-7*01,1
1397,CSAVARFFYERYF,TRBV20-1*02,None,TRBJ2-7*01,1
1398,CSAVARFFYEQYF,TRBV20-1*02,None,TRBJ2-7*01,1
1399,CSAVARFAYEQYF,TRBV20-1*03,None,TRBJ2-7*01,1
1400,CSAVARFAYEPYF,TRBV20-1*02,None,TRBJ2-7*01,1
1401,CSAVARCTYKQYF,TRBV20-1*02,None,TRBJ2-7*01,1
1402,CSAVALFSYEQYF,TRBV20-1*03,None,TRBJ2-7*01,1
1403,CSAVAKFSYEQYF,TRBV20-1*06,None,TRBJ2-7*01,1
1404,CSAVAKFSYEQYF,TRBV20-1*02,None,TRBJ2-7*01,1
1405,CSAVAGYYYGQYF,TRBV20-1*06,None,TRBJ2-7*01,1
1406,CSAVAGYYYEQYF,TRBV20-1*06,None,TRBJ2-7*01,1
1407,CSAVAGYYYDTYF,TRBV20-1*03,None,TRBJ2-7*01,1
1408,CSAVAGYTYEQYF,TRBV20-1*03,None,TRBJ2-7*01,1
1409,CSAVARFSYGQYF,TRBV20-1*03,None,TRBJ2-7*01,1
1410,CSAVARISYEQYF,TRBV20-1*02,None,TRBJ2-7*01,1
1411,CSAVAGYSYEQNF,TRBV20-1*06,None,TRBJ2-7*01,1
1412,CSAVARLAYEQYF,TRBV20-1*06,None,TRBJ2-7*01,1
1413,CSAVAWFSYEKYF,TRBV20-1*03,None,TRBJ2-7*01,1
1414,CSAVAWFSYEHYF,TRBV20-1*02,None,TRBJ2-7*01,1
1415,CSAVAWFSFDQYF,TRBV29-1*03,None,TRBJ2-7*01,1
1416,CSAVAWFCYEQYF,TRBV20-1*03,None,TRBJ2-7*01,1
1417,CSAVAWFCYEQYF,TRBV20-1*02,None,TRBJ2-7*01,1
1418,CSAVAVVSYEQYF,TRBV20-1*03,None,TRBJ2-7*01,1
1419,CSAVAVFSYVQYF,TRBV20-1*03,None,TRBJ2-7*01,1
1420,CSAVAVFSYKQYF,TRBV20-1*06,None,TRBJ2-7*01,1
1421,CSAVAVFSYEQYF,TRBV20-1*05,None,TRBJ2-7*01,1
1422,CSAVAVFSYEQYF,TRBV20-1*04,None,TRBJ2-7*01,1
1423,CSAVAVFSYDQYF,TRBV20-1*03,None,TRBJ2-7*01,1
1424,CSAVAVFSCEQYF,TRBV20-1*02,None,TRBJ2-7*01,1
1425,CSAVARYSYEQYF,TRBV20-1*01,None,TRBJ2-7*01,1
1426,CSAVARVSYEPYF,TRBV20-1*02,None,TRBJ2-7*01,1
1427,CSAVARVFYEQYF,TRBV20-1*03,None,TRBJ2-7*01,1
1428,CAISFVTVSQPQHF,TRBV28*01,None,TRBJ1-5*01,1
1429,CSAVARSSYEKYF,TRBV20-1*03,None,TRBJ2-7*01,1
1430,CSAVARSSYEKYF,TRBV20-1*02,None,TRBJ2-7*01,1
1431,CSAVARLSYAQYF,TRBV20-1*03,None,TRBJ2-7*01,1
1432,CSAVAGYSYEQYF,TRBV20-1*04,None,TRBJ1-6*02,1
1433,CSAVAGYSYEKYF,TRBV20-1*06,None,TRBJ2-7*01,1
1434,CSAVAGCSYGQYF,TRBV20-1*06,None,TRBJ2-7*01,1
1435,CSAVAGSSYEHYF,TRBV20-1*06,None,TRBJ2-7*01,1
1436,CSAVAGSSYDQYF,TRBV29-1*02,None,TRBJ2-7*01,1
1437,CSAVAGSSYDQYF,TRBV20-1*06,None,TRBJ2-7*01,1
1438,CSAVAGSSYAQYF,TRBV20-1*03,None,TRBJ2-7*01,1
1439,CSAVAGSSSEKYF,TRBV20-1*06,None,TRBJ2-7*01,1
1440,CSAVAGSSDEQYF,TRBV20-1*06,None,TRBJ2-7*01,1
1441,CSAVAGSSDEQYF,TRBV20-1*03,None,TRBJ2-7*01,1
1442,CSAVAGSSCERYF,TRBV20-1*03,None,TRBJ2-7*01,1
1443,CSAVAGSAYERYF,TRBV20-1*06,None,TRBJ2-7*01,1
1444,CSAVAGSAYEQYF,TRBV20-1*02,None,TRBJ2-7*01,1
1445,CSAVAGSAQEQYF,TRBV20-1*06,None,TRBJ2-7*01,1
1446,CSAVAGPSYEQYF,TRBV20-1*06,None,TRBJ2-7*01,1
1447,CSAVAGPFYEQYF,TRBV20-1*03,None,TRBJ2-7*01,1
1448,CSAVAGMSYEQYF,TRBV20-1*02,None,TRBJ2-7*01,1
1449,CSAVAGLYYEQYF,TRBV20-1*03,None,TRBJ2-7*01,1
1450,CSAVAGLYYEPYF,TRBV20-1*06,None,TRBJ2-7*01,1
1451,CSAVAGLTYEQYF,TRBV20-1*04,None,TRBJ2-7*01,1
1452,CSAVAGLSYVHYF,TRBV20-1*06,None,TRBJ2-7*01,1
1453,CSAVAGLSYQQYF,TRBV20-1*02,None,TRBJ2-7*01,1
1454,CSAVAGLSYKQYF,TRBV20-1*06,None,TRBJ2-7*01,1
1455,CSAVAGSSYEHYF,TRBV20-1*02,None,TRBJ2-7*01,1
1456,CSAVAGSSYEQYF,TRBV20-1*02,None,TRBJ2-3*01,1
1457,CSAVAGYSYAQYF,TRBV20-1*03,None,TRBJ2-7*01,1
1458,CSAVAGSSYEQYF,TRBV20-1*03,None,TRBJ2-3*01,1
1459,CSAVAGYSDEQYF,TRBV20-1*02,None,TRBJ2-7*01,1
1460,CSAVAGWSYEPYF,TRBV20-1*06,None,TRBJ2-7*01,1
1461,CSAVAGVYYERYF,TRBV20-1*06,None,TRBJ2-7*01,1
1462,CSAVAGVSYVQYF,TRBV20-1*02,None,TRBJ2-7*01,1
1463,CSAVAGVSYQQYF,TRBV20-1*03,None,TRBJ2-7*01,1
1464,CSAVAGVSYKQYF,TRBV20-1*06,None,TRBJ2-7*01,1
1465,CSAVAGVSYGQYF,TRBV20-1*06,None,TRBJ2-7*01,1
1466,CSAVAGVSYGQYF,TRBV20-1*02,None,TRBJ2-7*01,1
1467,CSAVAGVSYERYF,TRBV20-1*02,None,TRBJ2-7*01,1
1468,CSAVAGVSYEQYF,TRBV20-1*07,None,TRBJ2-7*01,1
1469,CSAVAGVSYEQYF,TRBV20-1*05,None,TRBJ2-7*01,1
1470,CSAVAGVSYELYF,TRBV20-1*03,None,TRBJ2-7*01,1
1471,CSAVAGVFYEQYF,TRBV20-1*06,None,TRBJ2-7*01,1
1472,CSAVAGVAYEQYF,TRBV20-1*02,None,TRBJ2-7*01,1
1473,CSAVAGSTYEQYF,TRBV20-1*06,None,TRBJ2-7*01,1
1474,CSAVAGSSYVQYF,TRBV20-1*03,None,TRBJ2-7*01,1
1475,CSAVAGSSYGQYF,TRBV20-1*03,None,TRBJ2-7*01,1
1476,CSAVAGSSYERYF,TRBV20-1*03,None,TRBJ2-7*01,1
1477,CSAVAGSSYEQYF,TRBV20-1*05,None,TRBJ2-7*01,1
1478,CSAVAWFSYEKYF,TRBV20-1*06,None,TRBJ2-7*01,1
1479,CSAVAWFSYEPYF,TRBV20-1*06,None,TRBJ2-7*01,1
1480,CSAVAWFSYEQYF,TRBV20-1*04,None,TRBJ2-7*01,1
1481,CSAVVRVCYEQYF,TRBV20-1*06,None,TRBJ1-2*01,1
1482,CSAVVGVSYEQYF,TRBV20-1*07,None,TRBJ2-7*01,1
1483,CSAVVGVSYEQYF,TRBV20-1*03,None,TRBJ2-7*01,1
1484,CSAVVGSSYEQYF,TRBV20-1*02,None,TRBJ2-7*01,1
1485,CSAVVGFSYELYF,TRBV20-1*06,None,TRBJ2-7*01,1
1486,CSAVVGFSYAQYF,TRBV20-1*06,None,TRBJ2-7*01,1
1487,CSAVVGFSSEQYF,TRBV20-1*03,None,TRBJ2-7*01,1
1488,CSAVVGFSHEQYF,TRBV20-1*06,None,TRBJ2-7*01,1
1489,CSAVTGFSYGLYF,TRBV20-1*07,None,TRBJ2-7*01,1
1490,CSAVTGFSYERYF,TRBV20-1*03,None,TRBJ2-7*01,1
1491,CSAVTGFSYEQYF,TRBV20-1*06,None,TRBJ2-3*01,1
1492,CSAVTGFSYELYF,TRBV20-1*03,None,TRBJ2-7*01,1
1493,CSAVTGFSYEKYF,TRBV20-1*02,None,TRBJ2-7*01,1
1494,CSAVTGFSYAQYF,TRBV20-1*06,None,TRBJ2-7*01,1
1495,CSAVTGFPYEQYF,TRBV20-1*06,None,TRBJ2-7*01,1
1496,CSAVTGFPYEQYF,TRBV20-1*02,None,TRBJ2-7*01,1
1497,CSAVTGFCYEQYF,TRBV20-1*02,None,TRBJ2-7*01,1
1498,CSAVTGCSYEQYF,TRBV20-1*02,None,TRBJ2-7*01,1
1499,CSAVTGCSYEPYF,TRBV20-1*03,None,TRBJ2-7*01,1
1500,CSAVTEFSYEQYF,TRBV20-1*02,None,TRBJ2-7*01,1
1501,CSAVVRFCYEQYF,TRBV20-1*06,None,TRBJ2-7*01,1
1502,CSCVAGFSYEQYF,TRBV20-1*02,None,TRBJ2-7*01,1
1503,CSAVAWFSYERYF,TRBV20-1*03,None,TRBJ2-7*01,1
1504,CSDVAGFSYELYF,TRBV20-1*02,None,TRBJ2-7*01,1
1505,CSGVAGFSYDQYF,TRBV20-1*03,None,TRBJ2-7*01,1
1506,CSGVAGFCYEQYF,TRBV20-1*05,None,TRBJ2-7*01,1
1507,CSGTTGSTDTQNF,TRBV29-1*03,None,TRBJ2-3*01,1
1508,CSGGAGFSYEQYF,TRBV20-1*06,None,TRBJ2-7*01,1
1509,CSGETGSTDSQYF,TRBV29-1*03,None,TRBJ2-3*01,1
1510,CSGETGSTDGQYF,TRBV29-1*03,None,TRBJ2-4*01,1
1511,CSGETGRTDTQYF,TRBV29-1*03,None,TRBJ2-7*01,1
1512,CSEKTGSTDTPYF,TRBV29-1*03,None,TRBJ2-3*01,1
1513,CSEGTGSTVTQYF,TRBV29-1*02,None,TRBJ2-3*01,1
1514,CSEETGSKDAPYF,TRBV29-1*03,None,TRBJ2-3*01,1
1515,CSEETGSIDTQYF,TRBV29-1*03,None,TRBJ2-3*01,1
1516,CSEENGSTDTQNF,TRBV29-1*03,None,TRBJ1-6*01,1
1517,CSEEAGSTDTQYF,TRBV29-1*03,None,TRBJ2-3*01,1
1518,CSDVVGFPYEQYF,TRBV20-1*03,None,TRBJ2-7*01,1
1519,CSDVAGSSYEQYF,TRBV20-1*06,None,TRBJ2-7*01,1
1520,CSDVAGLSYDKYF,TRBV20-1*06,None,TRBJ2-7*01,1
1521,CSDVAGFYYEQYF,TRBV20-1*02,None,TRBJ2-7*01,1
1522,CSDVAGFSYELYF,TRBV20-1*06,None,TRBJ2-7*01,1
1523,CSDVAGFSYELYF,TRBV20-1*03,None,TRBJ2-7*01,1
1524,CSAVSWFSYEQYF,TRBV20-1*03,None,TRBJ2-7*01,1
1525,CSAVSVFFSQQYF,TRBV20-1*02,None,TRBJ2-7*01,1
1526,CSAVSGVFYAQYF,TRBV20-1*02,None,TRBJ2-7*01,1
1527,CSAVSGLSYEQYF,TRBV20-1*03,None,TRBJ2-7*01,1
1528,CSAVEGVSYEPYF,TRBV20-1*06,None,TRBJ2-7*01,1
1529,CSAVEGSSYEQYF,TRBV20-1*06,None,TRBJ2-7*01,1
1530,CSAVEGLSYEQYF,TRBV20-1*05,None,TRBJ2-7*01,1
1531,CSAVEGLSYEQYF,TRBV20-1*02,None,TRBJ2-7*01,1
1532,CSAVEGFYYEQYF,TRBV20-1*03,None,TRBJ2-7*01,1
1533,CSAVEGFSYERYF,TRBV20-1*02,None,TRBJ2-7*01,1
1534,CSAVEGFSYEQYF,TRBV20-1*07,None,TRBJ2-7*01,1
1535,CSAVEGFSYEQYF,TRBV20-1*06,None,TRBJ2-5*01,1
1536,CSAVEGFSYELYF,TRBV20-1*06,None,TRBJ2-7*01,1
1537,CSAVEGFSYELYF,TRBV20-1*03,None,TRBJ2-7*01,1
1538,CSAVEGFSHEQYF,TRBV20-1*06,None,TRBJ2-7*01,1
1539,CSAVEGFSCEQYF,TRBV20-1*02,None,TRBJ2-7*01,1
1540,CSAVEGFFYEQYF,TRBV20-1*03,None,TRBJ2-7*01,1
1541,CSAVEDFSYEQYF,TRBV20-1*03,None,TRBJ2-7*01,1
1542,CSAVAWVSYEQYF,TRBV20-1*06,None,TRBJ2-7*01,1
1543,CSAVAWSSYEQYF,TRBV20-1*02,None,TRBJ2-7*01,1
1544,CSAVAWLTYEQYF,TRBV20-1*03,None,TRBJ2-7*01,1
1545,CSAVAWISYEQYF,TRBV20-1*04,None,TRBJ2-7*01,1
1546,CSAVAWISYEQYF,TRBV20-1*03,None,TRBJ2-7*01,1
1547,CSAVEVFSYEQYF,TRBV20-1*03,None,TRBJ2-7*01,1
1548,CSAVEWFSYEQYF,TRBV20-1*06,None,TRBJ2-7*01,1
1549,CSAVGGFAYEQYF,TRBV20-1*03,None,TRBJ2-7*01,1
1550,CSAVSGFSNESYF,TRBV20-1*03,None,TRBJ2-7*01,1
1551,CSAVSGISYEQYF,TRBV20-1*02,None,TRBJ2-7*01,1
1552,CSAVSGFSYQQYF,TRBV20-1*06,None,TRBJ2-7*01,1
1553,CSAVSGFSYQQYF,TRBV20-1*03,None,TRBJ2-7*01,1
1554,CSAVSGFSYEQYF,TRBV20-1*05,None,TRBJ2-7*01,1
1555,CSAVSGFSYEQYF,TRBV20-1*03,None,TRBJ2-3*01,1
1556,CSAVSGFSYEPYF,TRBV20-1*03,None,TRBJ2-7*01,1
1557,CSAVSGFSYEPYF,TRBV20-1*02,None,TRBJ2-7*01,1
1558,CSAVSGFSYEHSF,TRBV20-1*02,None,TRBJ2-7*01,1
1559,CSAVSGFSCEKYF,TRBV20-1*02,None,TRBJ2-7*01,1
1560,CSAVGGFSDEQYF,TRBV20-1*02,None,TRBJ2-7*01,1
1561,CSAVQGSSYEQYF,TRBV20-1*03,None,TRBJ2-7*01,1
1562,CSAVPGFSYEQYF,TRBV20-1*06,None,TRBJ2-7*01,1
1563,CSAVPGFSYEQFF,TRBV20-1*06,None,TRBJ2-7*01,1
1564,CSAVPGFSYAQYF,TRBV20-1*03,None,TRBJ2-7*01,1
1565,CSAVPGFSCEQYF,TRBV20-1*06,None,TRBJ2-7*01,1
1566,CSAVMGFSYEQYF,TRBV20-1*06,None,TRBJ2-7*01,1
1567,CSAVGWFTYGQNF,TRBV20-1*05,None,TRBJ2-7*01,1
1568,CSAVGGFSYAQCF,TRBV20-1*03,None,TRBJ2-7*01,1
1569,CSAVAGLSYKQYF,TRBV20-1*02,None,TRBJ2-7*01,1
1570,CSAVAGLSYERYF,TRBV20-1*06,None,TRBJ2-7*01,1
1571,CSAVAGLSYEQYF,TRBV20-1*05,None,TRBJ2-7*01,1
1572,CSAVAGFSYAPYF,TRBV20-1*06,None,TRBJ2-7*01,1
1573,CSAVAGFSYAPYF,TRBV20-1*02,None,TRBJ2-7*01,1
1574,CSAVAGFSYAMYF,TRBV20-1*06,None,TRBJ2-7*01,1
1575,CSAVAGFSYALYF,TRBV20-1*06,None,TRBJ2-7*01,1
1576,CSAVAGFSYAKYF,TRBV20-1*03,None,TRBJ2-7*01,1
1577,CSAVAGFSYAEYF,TRBV20-1*03,None,TRBJ2-7*01,1
1578,CSAVAGFSSVQYF,TRBV20-1*06,None,TRBJ2-7*01,1
1579,CSAVAGFSSQQYF,TRBV20-1*03,None,TRBJ2-7*01,1
1580,CSAVAGFSSLQYF,TRBV20-1*06,None,TRBJ2-7*01,1
1581,CSAVAGFSSERYF,TRBV20-1*02,None,TRBJ2-7*01,1
1582,CSAVAGFSSEPYF,TRBV20-1*03,None,TRBJ2-7*01,1
1583,CSAVAGFSSELYF,TRBV20-1*03,None,TRBJ1-1*01,1
1584,CSAVAGFSSEKYF,TRBV20-1*06,None,TRBJ2-7*01,1
1585,CSAVAGFSSEKYF,TRBV20-1*03,None,TRBJ2-7*01,1
1586,CSAVAGFSSAQYF,TRBV20-1*02,None,TRBJ2-7*01,1
1587,CSAVAGFSNKQYF,TRBV20-1*06,None,TRBJ2-7*01,1
1588,CSAVAGFSHEQYF,TRBV20-1*06,None,TRBJ2-3*01,1
1589,CSAVAGFSHEQYF,TRBV20-1*04,None,TRBJ2-7*01,1
1590,CSAVAGFSHDQYF,TRBV20-1*03,None,TRBJ2-7*01,1
1591,CSAVAGFSFGQYF,TRBV20-1*02,None,TRBJ2-7*01,1
1592,CSAVAGFSYAPYF,TRBV20-1*03,None,TRBJ2-7*01,1
1593,CSAVAGFSYAQYF,TRBV20-1*04,None,TRBJ2-7*01,1
1594,CSAVAGFSYEQSF,TRBV20-1*03,None,TRBJ2-7*01,1
1595,CSAVAGFSYAQYF,TRBV20-1*06,None,TRBJ2-5*01,1
1596,CSAVAGFSYEQKF,TRBV20-1*05,None,TRBJ2-7*01,1
1597,CSAVAGFSYEQFF,TRBV20-1*02,None,TRBJ2-7*01,1
1598,CSAVAGFSYEQCF,TRBV20-1*05,None,TRBJ2-7*01,1
1599,CSAVAGFSYEPYF,TRBV20-1*07,None,TRBJ2-7*01,1
1600,CSAVAGFSYEPYF,TRBV20-1*04,None,TRBJ2-7*01,1
1601,CSAVAGFSYEPNF,TRBV20-1*06,None,TRBJ2-7*01,1
1602,CSAVAGFSYENYF,TRBV20-1*02,None,TRBJ2-7*01,1
1603,CSAVAGFSYELYF,TRBV20-1*05,None,TRBJ2-7*01,1
1604,CSAVAGFSYELHF,TRBV20-1*07,None,TRBJ2-7*01,1
1605,CSAVAGFSYEKYF,TRBV20-1*04,None,TRBJ2-7*01,1
1606,CSAVAGFSYEKYF,TRBV20-1*01,None,TRBJ2-7*01,1
1607,CSAVAGFSYEKNF,TRBV20-1*06,None,TRBJ2-7*01,1
1608,CSAVAGFSYEKNF,TRBV20-1*03,None,TRBJ2-7*01,1
1609,CSAVAGFSYEKCF,TRBV20-1*03,None,TRBJ2-7*01,1
1610,CSAVAGFSYEHYF,TRBV20-1*05,None,TRBJ2-7*01,1
1611,CSAVAGFSYEGYF,TRBV15*02,None,TRBJ2-7*01,1
1612,CSAVAGFSYDQYF,TRBV20-1*04,None,TRBJ2-7*01,1
1613,CSAVAGFSYDQHF,TRBV20-1*06,None,TRBJ2-7*01,1
1614,CSAVAGFSYDLYF,TRBV20-1*03,None,TRBJ2-7*01,1
1615,CSAVAGFSFERYF,TRBV20-1*02,None,TRBJ2-7*01,1
1616,CSAVAGFSFDQYF,TRBV20-1*03,None,TRBJ2-7*01,1
1617,CSAVAGFSEEQYF,TRBV20-1*06,None,TRBJ2-7*01,1
1618,CSAVAGFSCGQYF,TRBV20-1*06,None,TRBJ2-7*01,1
1619,CSAVAGFDYEQYF,TRBV20-1*03,None,TRBJ2-7*01,1
1620,CSAVAGFCYLQYF,TRBV20-1*02,None,TRBJ2-7*01,1
1621,CSAVAGFCYHQYF,TRBV20-1*03,None,TRBJ2-7*01,1
1622,CSAVAGFCYERYF,TRBV20-1*06,None,TRBJ2-7*01,1
1623,CSAVAGFCYERYF,TRBV20-1*03,None,TRBJ2-7*01,1
1624,CSAVAGFCYERYF,TRBV20-1*02,None,TRBJ2-7*01,1
1625,CSAVAGFCYEQYF,TRBV20-1*07,None,TRBJ2-7*01,1
1626,CSAVAGFCYEQHF,TRBV20-1*06,None,TRBJ2-7*01,1
1627,CSAVAGFCYEHYF,TRBV20-1*02,None,TRBJ2-7*01,1
1628,CSAVAGFCSEQYF,TRBV20-1*02,None,TRBJ2-7*01,1
1629,CSAVAGFCFEQYF,TRBV20-1*03,None,TRBJ2-7*01,1
1630,CSAVAGFAYERYF,TRBV20-1*03,None,TRBJ2-7*01,1
1631,CSAVAGFAYEQYF,TRBV20-1*05,None,TRBJ2-7*01,1
1632,CSAVAGFAYEQCF,TRBV20-1*02,None,TRBJ2-7*01,1
1633,CSAVAGFAYELYF,TRBV20-1*03,None,TRBJ2-7*01,1
1634,CSAVAGFAYEEYF,TRBV20-1*06,None,TRBJ2-7*01,1
1635,CSAVAGFAYDLYF,TRBV20-1*03,None,TRBJ2-7*01,1
1636,CSAVAGCYYEQYF,TRBV20-1*02,None,TRBJ2-7*01,1
1637,CSAVAGCSYVQYF,TRBV20-1*02,None,TRBJ2-7*01,1
1638,CSAVAGFFYEHYF,TRBV20-1*03,None,TRBJ2-7*01,1
1639,CSAVAGFFYEKYF,TRBV20-1*02,None,TRBJ2-7*01,1
1640,CSAVAGFFYELYF,TRBV20-1*03,None,TRBJ2-7*01,1
1641,CSAVAGFPYEKYF,TRBV20-1*06,None,TRBJ2-7*01,1
1642,CSAVAGFSCEQYF,TRBV20-1*06,None,TRBJ2-3*01,1
1643,CSAVAGFSCEQCF,TRBV20-1*03,None,TRBJ2-7*01,1
1644,CSAVAGFSCEKYF,TRBV20-1*03,None,TRBJ2-7*01,1
1645,CSAVAGFSCAKYF,TRBV20-1*03,None,TRBJ2-7*01,1
1646,CSAVAGFPYKQYF,TRBV20-1*02,None,TRBJ2-7*01,1
1647,CSAVAGFPYERYF,TRBV20-1*03,None,TRBJ2-7*01,1
1648,CSAVAGFPYEQYF,TRBV20-1*06,None,TRBJ2-7*01,1
1649,CSAVAGFPYEPYF,TRBV20-1*06,None,TRBJ2-7*01,1
1650,CSAVAGFPYEHYF,TRBV20-1*03,None,TRBJ2-7*01,1
1651,CSAVAGFFYKQYF,TRBV20-1*03,None,TRBJ2-7*01,1
1652,CSAVAGFPCEQYF,TRBV20-1*06,None,TRBJ2-7*01,1
1653,CSAVAGFPCEQYF,TRBV20-1*02,None,TRBJ2-7*01,1
1654,CSAVAGFNYEQYF,TRBV20-1*02,None,TRBJ2-7*01,1
1655,CSAVAGFLYEPYF,TRBV20-1*06,None,TRBJ2-7*01,1
1656,CSAVAGFHYGQYF,TRBV20-1*06,None,TRBJ2-7*01,1
1657,CSAVAGFGYEQYF,TRBV20-1*06,None,TRBJ2-7*01,1
1658,CSAVAGFGYEQYF,TRBV20-1*02,None,TRBJ2-7*01,1
1659,CSAVAGFFYVQYF,TRBV20-1*03,None,TRBJ2-7*01,1
1660,CSAVAGFSYEQLF,TRBV20-1*02,None,TRBJ2-7*01,1
1661,CSAVAGFSYEQSF,TRBV20-1*06,None,TRBJ2-7*01,1
1662,CSAVAGLSYEQYF,TRBV20-1*05,None,TRBJ1-6*02,1
1663,CSAVAGITYEQYF,TRBV20-1*03,None,TRBJ2-7*01,1
1664,CSAVAGISYVQYF,TRBV20-1*06,None,TRBJ2-7*01,1
1665,CSAVAGISYVQYF,TRBV20-1*02,None,TRBJ2-7*01,1
1666,CSAVAGISYEQYF,TRBV20-1*07,None,TRBJ2-7*01,1
1667,CSAVAGISYEQYF,TRBV20-1*01,None,TRBJ2-7*01,1
1668,CSAVAGISYDKYF,TRBV20-1*03,None,TRBJ2-7*01,1
1669,CSAVAGISNEQYF,TRBV20-1*03,None,TRBJ2-7*01,1
1670,CSAVAGIAYEQYF,TRBV20-1*02,None,TRBJ2-7*01,1
1671,CSAVAGGSYDQYF,TRBV20-1*06,TRBD2*01,TRBJ2-7*01,1
1672,CSAVAGFYYVQYF,TRBV20-1*03,None,TRBJ2-7*01,1
1673,CSAVAGFYYEQYF,TRBV20-1*06,None,TRBJ2-3*01,1
1674,CSAVAGFYYEKYF,TRBV20-1*06,None,TRBJ2-7*01,1
1675,CSAVAGFYYDQYF,TRBV20-1*02,None,TRBJ2-7*01,1
1676,CSAVAGFYYAQYF,TRBV20-1*03,None,TRBJ2-7*01,1
1677,CSAVAGFYEQYF,TRBV20-1*02,None,TRBJ2-7*01,1
1678,CSAVAGFTYSQYF,TRBV20-1*06,None,TRBJ2-7*01,1
1679,CSAVAGFTYEQYF,TRBV20-1*04,None,TRBJ2-7*01,1
1680,CSAVAGFTYEPYF,TRBV20-1*03,None,TRBJ2-7*01,1
1681,CSAVAGFTYEPYF,TRBV20-1*02,None,TRBJ2-7*01,1
1682,CSAVAGFTYEKYF,TRBV20-1*06,None,TRBJ2-7*01,1
1683,CSAVAGITYELYF,TRBV20-1*03,None,TRBJ2-7*01,1
1684,CSAVAGLAYEQYF,TRBV20-1*03,None,TRBJ2-7*01,1
1685,CSAVAGFSYEQWF,TRBV20-1*06,None,TRBJ2-7*01,1
1686,CSAVAGLAYEQYF,TRBV20-1*06,None,TRBJ2-7*01,1
1687,CSAVAGLSYEPYF,TRBV20-1*06,None,TRBJ2-7*01,1
1688,CSAVAGLSYELYF,TRBV20-1*06,None,TRBJ2-7*01,1
1689,CSAVAGLSYELYF,TRBV20-1*03,None,TRBJ2-7*01,1
1690,CSAVAGLSYELYF,TRBV20-1*02,None,TRBJ2-7*01,1
1691,CSAVAGLSYEEYF,TRBV20-1*02,None,TRBJ2-7*01,1
1692,CSAVAGLSYDQYF,TRBV20-1*03,None,TRBJ2-7*01,1
1693,CSAVAGLSYDQYF,TRBV20-1*02,None,TRBJ2-7*01,1
1694,CSAVAGLSYAQYF,TRBV20-1*06,None,TRBJ2-7*01,1
1695,CSAVAGLSYAQYF,TRBV20-1*03,None,TRBJ2-7*01,1
1696,CSAVAGLSYAPYF,TRBV20-1*02,None,TRBJ2-7*01,1
1697,CSAVAGLSSEQYF,TRBV20-1*01,None,TRBJ2-7*01,1
1698,CSAVAGLSNEQYF,TRBV20-1*02,None,TRBJ2-7*01,1
1699,CSAVAGLSHEQYF,TRBV20-1*03,None,TRBJ2-7*01,1
1700,CSAVAGLSHEQYF,TRBV20-1*02,None,TRBJ2-7*01,1
1701,CSAVAGLPYEQYF,TRBV20-1*06,None,TRBJ2-7*01,1
1702,CSAVAGLPYEQYF,TRBV20-1*02,None,TRBJ2-7*01,1
1703,CSAVAGLPYEPYF,TRBV20-1*03,None,TRBJ2-7*01,1
1704,CSAVAGLFYEQYF,TRBV20-1*03,None,TRBJ2-7*01,1
1705,CSAVAGLAYERYF,TRBV20-1*06,None,TRBJ2-7*01,1
1706,CSAVAGFTDEQYF,TRBV20-1*03,None,TRBJ2-7*01,1
1707,CSAVAGFSYWQYF,TRBV20-1*03,None,TRBJ2-7*01,1
1708,CSAVAGFSYVRYF,TRBV20-1*02,None,TRBJ2-7*01,1
1709,CSAVAGFSYVQYF,TRBV20-1*05,None,TRBJ2-7*01,1
1710,CSAVAGFSYGQYF,TRBV20-1*05,None,TRBJ2-7*01,1
1711,CSAVAGFSYGQYF,TRBV20-1*04,None,TRBJ2-7*01,1
1712,CSAVAGFSYGQYF,TRBV20-1*01,None,TRBJ2-7*01,1
1713,CSAVAGFSYGPYF,TRBV20-1*03,None,TRBJ2-7*01,1
1714,CSAVAGFSYGPDF,TRBV20-1*02,None,TRBJ2-7*01,1
1715,CSAVAGFSYEYHF,TRBV20-1*06,None,TRBJ2-7*01,1
1716,CSAVAGFSYEVYF,TRBV20-1*06,None,TRBJ2-7*01,1
1717,CSAVAGFSYESYF,TRBV20-1*06,None,TRBJ2-7*01,1
1718,CSAVAGFSYERYF,TRBV20-1*05,None,TRBJ2-7*01,1
1719,CSAVAGFSYERYF,TRBV20-1*04,None,TRBJ2-7*01,1
1720,CSAVAGFSYERYF,TRBV20-1*01,None,TRBJ2-7*01,1
1721,CSAVAGFSYERHF,TRBV20-1*03,None,TRBJ2-7*01,1
1722,CSAVAGFSYEQYF,TRBV29-1*03,None,TRBJ2-3*01,1
1723,CSAVAGFSYEQYF,TRBV20-1*06,None,TRBJ2-5*01,1
1724,CSAVAGFSYEQYF,TRBV20-1*06,None,TRBJ1-2*01,1
1725,CSAVAGFSYEQYF,TRBV20-1*03,None,TRBJ2-5*01,1
1726,CSAVAGFSYEQYF,TRBV20-1*03,None,TRBJ1-6*01,1
1727,CSAVAGFSYEQYF,TRBV20-1*02,None,TRBJ2-6*01,1
1728,CSAVAGFSYEQYF,TRBV20-1*01,None,TRBJ2-3*01,1
1729,CSAVAGFSYGQYF,TRBV20-1*06,None,TRBJ1-2*01,1
1730,CSAVAGFSYHLYF,TRBV20-1*03,None,TRBJ2-7*01,1
1731,CSAVAGFSYKLYF,TRBV20-1*06,None,TRBJ2-7*01,1
1732,CSAVAGFSYTQYF,TRBV20-1*03,None,TRBJ2-7*01,1
1733,CSAVAGFSYVQHF,TRBV20-1*03,None,TRBJ2-7*01,1
1734,CSAVAGFSYVPYF,TRBV20-1*02,None,TRBJ2-7*01,1
1735,CSAVAGFSYVPDF,TRBV20-1*02,None,TRBJ2-7*01,1
1736,CSAVAGFSYVLYF,TRBV20-1*06,None,TRBJ2-7*01,1
1737,CSAVAGFSYVLYF,TRBV20-1*03,None,TRBJ2-7*01,1
1738,CSAVAGFSYVLYF,TRBV20-1*02,None,TRBJ2-7*01,1
1739,CSAVAGFSYVHYF,TRBV20-1*02,None,TRBJ2-7*01,1
1740,CSAVAGFSYVHHF,TRBV20-1*06,None,TRBJ2-7*01,1
1741,CSAVAGFSYRQYF,TRBV20-1*02,None,TRBJ2-7*01,1
1742,CSAVAGFSYKLYF,TRBV20-1*07,None,TRBJ2-7*01,1
1743,CSAVAGFSYQYF,TRBV20-1*03,None,TRBJ2-7*01,1
1744,CSAVAGFSYQQHF,TRBV20-1*06,None,TRBJ2-7*01,1
1745,CSAVAGFSYQHYF,TRBV20-1*02,None,TRBJ2-7*01,1
1746,CSAVAGFSYLQHF,TRBV20-1*03,None,TRBJ2-7*01,1
1747,CSAVAGFSYKRYF,TRBV20-1*06,None,TRBJ2-7*01,1
1748,CSAVAGFSYKQYF,TRBV20-1*05,None,TRBJ2-7*01,1
1749,CSAVAGFSYKQYF,TRBV20-1*02,None,TRBJ2-3*01,1
1750,CSAVAGFSYKQHF,TRBV20-1*06,None,TRBJ2-7*01,1
1751,CVVETGSTDTQYF,TRBV29-1*02,None,TRBJ2-3*01,1
