,CDR3seq,V-region,D-region,J-region,Frequency
1,CSAVAGFSYEQYF,TRBV20-1*03,None,TRBJ2-7*01,33455
2,CSAVAGFSYEQYF,TRBV20-1*06,None,TRBJ2-7*01,33086
3,CSAVAGFSYEQYF,TRBV20-1*02,None,TRBJ2-7*01,32883
4,CSAVAGFPYEQYF,TRBV20-1*03,None,TRBJ2-7*01,102
5,CSAVAGFPYEQYF,TRBV20-1*06,None,TRBJ2-7*01,99
6,CSAVAGFSYEQYF,TRBV20-1*04,None,TRBJ2-7*01,95
7,CSAVAGLSYEQYF,TRBV20-1*02,None,TRBJ2-7*01,95
8,CSAVAGFPYEQYF,TRBV20-1*02,None,TRBJ2-7*01,95
9,CSAVAGSSYEQYF,TRBV20-1*03,None,TRBJ2-7*01,92
10,CSAVAGSSYEQYF,TRBV20-1*02,None,TRBJ2-7*01,90
11,CSAVAGFSYEQYF,TRBV20-1*07,None,TRBJ2-7*01,87
12,CSAVAGFSYEQYF,TRBV20-1*01,None,TRBJ2-7*01,87
13,CSAVAGFSYEQYF,TRBV20-1*05,None,TRBJ2-7*01,83
14,CSAVAGSSYEQYF,TRBV20-1*06,None,TRBJ2-7*01,80
15,CSAVAGLSYEQYF,TRBV20-1*06,None,TRBJ2-7*01,80
16,CSAVAGLSYEQYF,TRBV20-1*03,None,TRBJ2-7*01,79
17,CSAVAGFSYGQYF,TRBV20-1*03,None,TRBJ2-7*01,67
18,CGAVAGFSYEQYF,TRBV20-1*06,None,TRBJ2-7*01,62
19,CSAVAGFSYGQYF,TRBV20-1*02,None,TRBJ2-7*01,61
20,CSAVAGFSYGQYF,TRBV20-1*06,None,TRBJ2-7*01,60
21,CSAVAGFSHEQYF,TRBV20-1*02,None,TRBJ2-7*01,59
22,CSAVAGFSYKQYF,TRBV20-1*03,None,TRBJ2-7*01,59
23,CSAAAGFSYEQYF,TRBV20-1*06,None,TRBJ2-7*01,59
24,CGAVAGFSYEQYF,TRBV20-1*03,None,TRBJ2-7*01,58
25,CSAAAGFSYEQYF,TRBV20-1*03,None,TRBJ2-7*01,57
26,CSAVAGFSCEQYF,TRBV20-1*03,None,TRBJ2-7*01,55
27,CSAVVGFSYEQYF,TRBV20-1*06,None,TRBJ2-7*01,55
28,CSAAAGFSYEQYF,TRBV20-1*02,None,TRBJ2-7*01,55
29,CSAVAGFSYERYF,TRBV20-1*02,None,TRBJ2-7*01,52
30,CSAVAGFSYERYF,TRBV20-1*06,None,TRBJ2-7*01,52
31,CGAVAGFSYEQYF,TRBV20-1*02,None,TRBJ2-7*01,51
32,CSAVAGFSYEQHF,TRBV20-1*06,None,TRBJ2-7*01,50
33,CSAVAGFSHEQYF,TRBV20-1*06,None,TRBJ2-7*01,50
34,CASRWDRFPVNSPLHF,TRBV7-8*03,None,TRBJ1-6*01,49
35,CSAVAGFSYERYF,TRBV20-1*03,None,TRBJ2-7*01,48
36,CSAVAGFSYKQYF,TRBV20-1*06,None,TRBJ2-7*01,47
37,CSAVAGFSYEQHF,TRBV20-1*02,None,TRBJ2-7*01,47
38,CSAVAGFSYEQHF,TRBV20-1*03,None,TRBJ2-7*01,46
39,CSAVVGFSYEQYF,TRBV20-1*02,None,TRBJ2-7*01,45
40,CSAVAGFSHEQYF,TRBV20-1*03,None,TRBJ2-7*01,45
41,CSAVAGFSYKQYF,TRBV20-1*02,None,TRBJ2-7*01,44
42,CSAVVGFSYEQYF,TRBV20-1*03,None,TRBJ2-7*01,43
43,CSAVAGVSYEQYF,TRBV20-1*03,None,TRBJ2-7*01,42
44,CSAVAGVSYEQYF,TRBV20-1*06,None,TRBJ2-7*01,42
45,CSAVAGFSYDQYF,TRBV20-1*02,None,TRBJ2-7*01,41
46,CSAVAGFSCEQYF,TRBV20-1*02,None,TRBJ2-7*01,40
47,CSAVAGFSCEQYF,TRBV20-1*06,None,TRBJ2-7*01,40
48,CSAVAGVSYEQYF,TRBV20-1*02,None,TRBJ2-7*01,39
49,CSAVARFSYEQYF,TRBV20-1*02,None,TRBJ2-7*01,36
50,CNAVAGFSYEQYF,TRBV20-1*03,None,TRBJ2-7*01,35
51,CNAVAGFSYEQYF,TRBV20-1*06,None,TRBJ2-7*01,34
52,CSAVAGFSYDQYF,TRBV20-1*06,None,TRBJ2-7*01,34
53,CSAVAGFYYEQYF,TRBV20-1*03,None,TRBJ2-7*01,34
54,CSAVAGFSYEQCF,TRBV20-1*06,None,TRBJ2-7*01,34
55,CSAVAGFSYEKYF,TRBV20-1*03,None,TRBJ2-7*01,33
56,CSAVARFSYEQYF,TRBV20-1*03,None,TRBJ2-7*01,33
57,CSAVAGFSYDQYF,TRBV20-1*03,None,TRBJ2-7*01,32
58,CSAVAGFSYEKYF,TRBV20-1*02,None,TRBJ2-7*01,30
59,CSAVAGFSYEKYF,TRBV20-1*06,None,TRBJ2-7*01,30
60,CNAVAGFSYEQYF,TRBV20-1*02,None,TRBJ2-7*01,30
61,CSAVARFSYEQYF,TRBV20-1*06,None,TRBJ2-7*01,30
62,CSAVAGFSYAQYF,TRBV20-1*02,None,TRBJ2-7*01,29
63,CSSVAGFSYEQYF,TRBV20-1*03,None,TRBJ2-7*01,29
64,CSVVAGFSYEQYF,TRBV20-1*02,None,TRBJ2-7*01,29
65,CSAVAGFSYEQCF,TRBV20-1*02,None,TRBJ2-7*01,29
66,CSVVAGFSYEQYF,TRBV20-1*03,None,TRBJ2-7*01,28
67,CSAVAVFSYEQYF,TRBV20-1*03,None,TRBJ2-7*01,28
68,CSVVAGFSYEQYF,TRBV20-1*06,None,TRBJ2-7*01,27
69,CRAVAGFSYEQYF,TRBV20-1*02,None,TRBJ2-7*01,27
70,CRAVAGFSYEQYF,TRBV20-1*03,None,TRBJ2-7*01,27
71,CSTVAGFSYEQYF,TRBV20-1*06,None,TRBJ2-7*01,27
72,CSAVEGFSYEQYF,TRBV20-1*03,None,TRBJ2-7*01,26
73,CSAVAEFSYEQYF,TRBV20-1*03,None,TRBJ2-7*01,26
74,CSAVSGFSYEQYF,TRBV20-1*02,None,TRBJ2-7*01,25
75,CSAVAWFSYEQYF,TRBV20-1*03,None,TRBJ2-7*01,25
76,CSAVAGFSYQQYF,TRBV20-1*02,None,TRBJ2-7*01,25
77,CSAVAGFYYEQYF,TRBV20-1*06,None,TRBJ2-7*01,25
78,CSAVTGFSYEQYF,TRBV20-1*06,None,TRBJ2-7*01,25
79,CSSVAGFSYEQYF,TRBV20-1*02,None,TRBJ2-7*01,24
80,CSAVAGFYYEQYF,TRBV20-1*02,None,TRBJ2-7*01,24
81,CSSVAGFSYEQYF,TRBV20-1*06,None,TRBJ2-7*01,24
82,CSAVAWFSYEQYF,TRBV20-1*02,None,TRBJ2-7*01,24
83,CSTVAGFSYEQYF,TRBV20-1*02,None,TRBJ2-7*01,24
84,CSAVAWFSYEQYF,TRBV20-1*06,None,TRBJ2-7*01,24
85,CSAVAGFSYEQCF,TRBV20-1*03,None,TRBJ2-7*01,24
86,CSAVAEFSYEQYF,TRBV20-1*06,None,TRBJ2-7*01,23
87,CSAVAGFFYEQYF,TRBV20-1*03,None,TRBJ2-7*01,23
88,CSAVAGFSYAQYF,TRBV20-1*06,None,TRBJ2-7*01,23
89,CSAIAGFSYEQYF,TRBV20-1*03,None,TRBJ2-7*01,22
90,CSAVAEFSYEQYF,TRBV20-1*02,None,TRBJ2-7*01,22
91,CSAVAGFSYQQYF,TRBV20-1*06,None,TRBJ2-7*01,22
92,CSAVAGFSYVQYF,TRBV20-1*06,None,TRBJ2-7*01,22
93,CSAVEGFSYEQYF,TRBV20-1*02,None,TRBJ2-7*01,22
94,CSAVAGFCYEQYF,TRBV20-1*06,None,TRBJ2-7*01,22
95,CSAVAVFSYEQYF,TRBV20-1*02,None,TRBJ2-7*01,21
96,CSAVAGFTYEQYF,TRBV20-1*03,None,TRBJ2-7*01,21
97,CSAVAGFSYELYF,TRBV20-1*03,None,TRBJ2-7*01,20
98,CRAVAGFSYEQYF,TRBV20-1*06,None,TRBJ2-7*01,20
99,CSAVAGFSYVQYF,TRBV20-1*02,None,TRBJ2-7*01,20
100,CSAIAGFSYEQYF,TRBV20-1*06,None,TRBJ2-7*01,20
101,CSAVAGFFYEQYF,TRBV20-1*02,None,TRBJ2-7*01,19
102,CSAVAGFFYEQYF,TRBV20-1*06,None,TRBJ2-7*01,19
103,CSAIAGFSYEQYF,TRBV20-1*02,None,TRBJ2-7*01,19
104,CSAVAGFAYEQYF,TRBV20-1*03,None,TRBJ2-7*01,19
105,CSAVTGFSYEQYF,TRBV20-1*02,None,TRBJ2-7*01,19
106,CSAVAGFSYVQYF,TRBV20-1*03,None,TRBJ2-7*01,18
107,CSAVAAFSYEQYF,TRBV20-1*03,None,TRBJ2-7*01,18
108,CSAEAGFSYEQYF,TRBV20-1*02,None,TRBJ2-7*01,18
109,CSAVEGFSYEQYF,TRBV20-1*06,None,TRBJ2-7*01,18
110,CSALAGFSYEQYF,TRBV20-1*02,None,TRBJ2-7*01,18
111,CSALAGFSYEQYF,TRBV20-1*03,None,TRBJ2-7*01,18
112,CSAVAGFSYEHYF,TRBV20-1*03,None,TRBJ2-7*01,18
113,CSTVAGFSYEQYF,TRBV20-1*03,None,TRBJ2-7*01,18
114,CSAVAVFSYEQYF,TRBV20-1*06,None,TRBJ2-7*01,17
115,CSAVAGFSDEQYF,TRBV20-1*06,None,TRBJ2-7*01,17
116,CSAVAGFTYEQYF,TRBV20-1*06,None,TRBJ2-7*01,17
117,CSAVAGFSYAQYF,TRBV20-1*03,None,TRBJ2-7*01,17
118,CSALAGFSYEQYF,TRBV20-1*06,None,TRBJ2-7*01,17
119,CSAVAGFSYEHYF,TRBV20-1*02,None,TRBJ2-7*01,17
120,CSAVAGFSYEHYF,TRBV20-1*06,None,TRBJ2-7*01,17
121,CSAVAGFSYQQYF,TRBV20-1*03,None,TRBJ2-7*01,16
122,CSAVSGFSYEQYF,TRBV20-1*03,None,TRBJ2-7*01,16
123,CSAVAGFCYEQYF,TRBV20-1*03,None,TRBJ2-7*01,16
124,CSAVAGFSDEQYF,TRBV20-1*03,None,TRBJ2-7*01,16
125,CSAVAGFSDEQYF,TRBV20-1*02,None,TRBJ2-7*01,15
126,CASSLSGRVEKLFF,TRBV12-4*02,None,TRBJ1-4*01,15
127,CASTPGAAEREQYF,TRBV25-1*01,None,TRBJ2-7*01,15
128,CSAVAGCSYEQYF,TRBV20-1*03,None,TRBJ2-7*01,15
129,CSAVAGFSYELYF,TRBV20-1*06,None,TRBJ2-7*01,14
130,CASSFGTGSYEQYF,TRBV11-3*02,None,TRBJ2-7*01,14
131,CSAVAAFSYEQYF,TRBV20-1*06,None,TRBJ2-7*01,14
132,CASSFGTGSYEQYF,TRBV11-2*03,None,TRBJ2-7*01,14
133,CCAVAGFSYEQYF,TRBV20-1*03,None,TRBJ2-7*01,14
134,CSAVTGFSYEQYF,TRBV20-1*03,None,TRBJ2-7*01,14
135,CASPSETQYF,TRBV28*01,None,TRBJ2-5*01,14
136,CASSYKGGSYNEQFF,TRBV7-3*05,None,TRBJ2-1*01,14
137,CSAVGGFSYEQYF,TRBV20-1*02,None,TRBJ2-7*01,13
138,CSAVAGFAYEQYF,TRBV20-1*06,None,TRBJ2-7*01,13
139,CTAVAGFSYEQYF,TRBV20-1*03,None,TRBJ2-7*01,12
140,CSAVAAFSYEQYF,TRBV20-1*02,None,TRBJ2-7*01,12
141,CSAVAGCSYEQYF,TRBV20-1*06,None,TRBJ2-7*01,12
142,CSAVAGFAYEQYF,TRBV20-1*02,None,TRBJ2-7*01,12
143,CSAVAGFSYELYF,TRBV20-1*02,None,TRBJ2-7*01,12
144,CSAGAGFSYEQYF,TRBV20-1*03,None,TRBJ2-7*01,12
145,CATRDRAFQETQYF,TRBV6-6*03,None,TRBJ2-5*01,11
146,CCAVAGFSYEQYF,TRBV20-1*02,None,TRBJ2-7*01,11
147,CASSRQGTNEQYF,TRBV6-6*04,None,TRBJ2-7*01,11
148,CSAVAGFSFEQYF,TRBV20-1*02,None,TRBJ2-7*01,11
149,CSAVAGYSYEQYF,TRBV20-1*06,None,TRBJ2-7*01,11
150,CSAEAGFSYEQYF,TRBV20-1*06,None,TRBJ2-7*01,11
151,CSAVAGISYEQYF,TRBV20-1*06,None,TRBJ2-7*01,11
152,CSAVAGFSYEPYF,TRBV20-1*03,None,TRBJ2-7*01,10
153,CIAVAGFSYEQYF,TRBV20-1*02,None,TRBJ2-7*01,10
154,CSAVSGFSYEQYF,TRBV20-1*06,None,TRBJ2-7*01,10
155,CSAVAGFTYEQYF,TRBV20-1*02,None,TRBJ2-7*01,10
156,CASSYHANTGELFF,TRBV6-6*03,None,TRBJ2-2*01,10
157,CSAGAGFSYEQYF,TRBV20-1*02,None,TRBJ2-7*01,10
158,CATRDRAFQETQYF,TRBV6-6*05,None,TRBJ2-5*01,9
159,CSAVAGFSFEQYF,TRBV20-1*06,None,TRBJ2-7*01,9
160,CSAVAGCSYEQYF,TRBV20-1*02,None,TRBJ2-7*01,9
161,CSPVAGFSYEQYF,TRBV20-1*06,None,TRBJ2-7*01,9
162,CASSLIDEQFF,TRBV28*01,None,TRBJ2-1*01,9
163,CSAVAGFSFEQYF,TRBV20-1*03,None,TRBJ2-7*01,9
164,CIAVAGFSYEQYF,TRBV20-1*06,None,TRBJ2-7*01,9
165,CSGVAGFSYEQYF,TRBV20-1*02,None,TRBJ2-7*01,9
166,CSDVAGFSYEQYF,TRBV20-1*02,None,TRBJ2-7*01,9
167,CSAVAGFSYEEYF,TRBV20-1*03,None,TRBJ2-7*01,8
168,CTAVAGFSYEQYF,TRBV20-1*02,None,TRBJ2-7*01,8
169,CSAVAGFSYEQNF,TRBV20-1*02,None,TRBJ2-7*01,8
170,CSAVAGISYEQYF,TRBV20-1*02,None,TRBJ2-7*01,8
171,CSDVAGFSYEQYF,TRBV20-1*06,None,TRBJ2-7*01,8
172,CSAEAGFSYEQYF,TRBV20-1*03,None,TRBJ2-7*01,8
173,CSPVAGFSYEQYF,TRBV20-1*02,None,TRBJ2-7*01,8
174,CASSFSVGPTYEQYF,TRBV14*02,None,TRBJ2-7*01,8
175,CSAVAGFSNEQYF,TRBV20-1*03,None,TRBJ2-7*01,8
176,CSAVAGFCYEQYF,TRBV20-1*02,None,TRBJ2-7*01,8
177,CSAVAGFSYEQNF,TRBV20-1*06,None,TRBJ2-7*01,8
178,CSAVAGFSNEQYF,TRBV20-1*06,None,TRBJ2-7*01,7
179,CCAVAGFSYEQYF,TRBV20-1*06,None,TRBJ2-7*01,7
180,CSAVAGYSYEQYF,TRBV20-1*03,None,TRBJ2-7*01,7
181,CASMTDLFSYNEQFF,TRBV6-6*05,None,TRBJ2-1*01,7
182,CSAVAGFSYEQNF,TRBV20-1*03,None,TRBJ2-7*01,7
183,CASSLRVSYEQYF,TRBV7-8*03,None,TRBJ2-7*01,7
184,CSAVAGFSSEQYF,TRBV20-1*06,None,TRBJ2-7*01,7
185,CSDVAGFSYEQYF,TRBV20-1*03,None,TRBJ2-7*01,7
186,CSAGAGFSYEQYF,TRBV20-1*06,None,TRBJ2-7*01,7
187,CASSQGGAVSYEQFF,TRBV4-1*02,None,TRBJ2-1*01,7
188,CSAVAGYSYEQYF,TRBV20-1*02,None,TRBJ2-7*01,7
189,CIAVAGFSYEQYF,TRBV20-1*03,None,TRBJ2-7*01,7
190,CSAVAGFSNEQYF,TRBV20-1*02,None,TRBJ2-7*01,7
191,CSGVAGFSYEQYF,TRBV20-1*03,None,TRBJ2-7*01,7
192,CSAVAGFSYEEYF,TRBV20-1*06,None,TRBJ2-7*01,6
193,CSAVPGFSYEQYF,TRBV20-1*02,None,TRBJ2-7*01,6
194,CSAVAGFSYEPYF,TRBV20-1*02,None,TRBJ2-7*01,6
195,CASRPTGHVYGYTF,TRBV27*01,None,TRBJ1-2*01,6
196,CSAVAGFSYEEYF,TRBV20-1*02,None,TRBJ2-7*01,6
197,CSAVAGFSSEQYF,TRBV20-1*02,None,TRBJ2-7*01,6
198,CASSQDPEAVYGYTF,TRBV4-3*01,None,TRBJ1-2*01,6
199,CTAVAGFSYEQYF,TRBV20-1*06,None,TRBJ2-7*01,5
200,CSAVGGFSYEQYF,TRBV20-1*03,None,TRBJ2-7*01,5
201,CSGVAGFSYEQYF,TRBV20-1*06,None,TRBJ2-7*01,5
202,CSAVPGFSYEQYF,TRBV20-1*06,None,TRBJ2-7*01,5
203,CSAVAGISYEQYF,TRBV20-1*03,None,TRBJ2-7*01,5
204,CASTSNLYQETQYF,TRBV6-6*05,None,TRBJ2-5*01,5
205,CSPVAGFSYEQYF,TRBV20-1*03,None,TRBJ2-7*01,5
206,CASRSLDRGRTDTQYF,TRBV12-4*02,None,TRBJ2-3*01,5
207,CSAVGGFSYEQYF,TRBV20-1*06,None,TRBJ2-7*01,5
208,CASSYHANTGELFF,TRBV6-6*01,None,TRBJ2-2*01,4
209,CASSYHANTGELFF,TRBV6-5*01,None,TRBJ2-2*01,4
210,CSAVAGFSYEQFF,TRBV20-1*03,None,TRBJ2-7*01,4
211,CSAVAGFSSEQYF,TRBV20-1*03,None,TRBJ2-7*01,4
212,CASTSNLYQETQYF,TRBV6-6*03,None,TRBJ2-5*01,4
213,CSAVPGFSYEQYF,TRBV20-1*03,None,TRBJ2-7*01,4
214,CASMTDLFSYNEQFF,TRBV6-6*03,None,TRBJ2-1*01,4
215,CSAVAGLSYEQYF,TRBV20-1*07,None,TRBJ2-7*01,3
216,CASSYHANTGELFF,TRBV6-3*01,None,TRBJ2-2*01,3
217,CSAVAGFSYEPYF,TRBV20-1*06,None,TRBJ2-7*01,3
218,CSAVAGFSYEQFF,TRBV20-1*02,None,TRBJ2-7*01,3
219,CSVETRRGSSGYTF,TRBV29-1*02,None,TRBJ1-2*01,3
220,CSAVAGFSYEQDF,TRBV20-1*06,None,TRBJ2-7*01,3
221,CASSSWTGTGLGYTF,TRBV7-9*04,None,TRBJ1-2*01,2
222,CASSYHANTGELFF,TRBV6-2*01,None,TRBJ2-2*01,2
223,CSAVAWFSYGQYF,TRBV20-1*06,None,TRBJ2-7*01,2
224,CASSYHANTGELFF,TRBV6-6*05,None,TRBJ2-2*01,2
225,CSAVAGFSYDKYF,TRBV20-1*06,None,TRBJ2-7*01,2
226,CSAGAGFSYAQYF,TRBV20-1*06,None,TRBJ2-7*01,2
227,CASSYHANTGELFF,TRBV6-6*04,None,TRBJ2-2*01,2
228,CSAVAGFSYDHYF,TRBV20-1*03,None,TRBJ2-7*01,2
229,CSAVAGFSSKQYF,TRBV20-1*02,None,TRBJ2-7*01,2
230,CSAVAGFSYAKYF,TRBV20-1*06,None,TRBJ2-7*01,2
231,CSALAGFSSEQYF,TRBV20-1*03,None,TRBJ2-7*01,2
232,CASSYHANTGELFF,TRBV6-6*02,None,TRBJ2-2*01,2
233,CSALAGFSHEQYF,TRBV20-1*02,None,TRBJ2-7*01,2
234,CSAVARLSYEQYF,TRBV20-1*03,None,TRBJ2-7*01,2
235,CSAVAAFPYEQYF,TRBV20-1*06,None,TRBJ2-7*01,2
236,CSAVAGLSYEQYF,TRBV20-1*05,None,TRBJ2-7*01,2
237,CSAGAGFFYEQYF,TRBV20-1*06,None,TRBJ2-7*01,2
238,CSAVEGFSYEQYF,TRBV20-1*07,None,TRBJ2-7*01,2
239,CSAVAGVSYVQYF,TRBV20-1*03,None,TRBJ2-7*01,2
240,CSAVAGFSYEQSF,TRBV20-1*06,None,TRBJ2-7*01,2
241,CTSSFSVGPTYEQYF,TRBV14*02,None,TRBJ2-7*01,2
242,CIGVAGFSYEQYF,TRBV20-1*06,None,TRBJ2-7*01,2
243,CSAVVVFSYEQYF,TRBV20-1*03,None,TRBJ2-7*01,2
244,CSAVAGSSYKQYF,TRBV20-1*02,None,TRBJ2-7*01,2
245,CSVVAGFPYEQYF,TRBV20-1*06,None,TRBJ2-7*01,2
246,CGAVAGFSYEQYF,TRBV20-1*07,None,TRBJ2-7*01,2
247,CASSQDPEAVYGYTF,TRBV4-3*03,None,TRBJ1-2*01,2
248,CSAVAGFSYEQYF,TRBV20-1*06,None,TRBJ2-5*01,2
249,CSAVAGFSYEQYF,TRBV20-1*06,None,TRBJ1-2*01,2
250,CSAVAGFSYEQYF,TRBV20-1*06,None,TRBJ1-1*01,2
251,CSAVAGVSYEQYF,TRBV20-1*07,None,TRBJ2-7*01,2
252,CSAVSGVSYEQYF,TRBV20-1*02,None,TRBJ2-7*01,2
253,CASSLSGRVEKLFF,TRBV6-6*03,None,TRBJ1-4*01,2
254,CSAVAGFSYVHYF,TRBV20-1*06,None,TRBJ2-7*01,2
255,CSAVAGFSYVLYF,TRBV20-1*06,None,TRBJ2-7*01,2
256,CASSSWTGTGLGYTF,TRBV11-3*03,None,TRBJ1-2*01,2
257,CVVSSGGYNKLIF,TRBV20-1*02,None,TRBJ1-6*01,2
258,CSTVAGLSYEQYF,TRBV20-1*06,None,TRBJ2-7*01,2
259,CSAVAGFSYEQFF,TRBV20-1*06,None,TRBJ2-7*01,2
260,CSTVAGVSYEQYF,TRBV20-1*03,None,TRBJ2-7*01,2
261,CSAVAGFSYEQSF,TRBV20-1*02,None,TRBJ2-7*01,2
262,CSAAAGFSYEHYF,TRBV20-1*06,None,TRBJ2-7*01,2
263,CSAVAGLSSEQYF,TRBV20-1*03,None,TRBJ2-7*01,2
264,CSAVEVFSYEQYF,TRBV20-1*03,None,TRBJ2-7*01,2
265,CASRWDRVPVNSPLHF,TRBV7-8*03,None,TRBJ1-6*01,2
266,CSAVAGSSCEQYF,TRBV20-1*02,None,TRBJ2-7*01,1
267,CSAVAGVAYEQYF,TRBV20-1*06,None,TRBJ2-7*01,1
268,CSTVAGVSYEQYF,TRBV20-1*02,None,TRBJ2-7*01,1
269,CSAVAGVFYEQYF,TRBV20-1*03,None,TRBJ2-7*01,1
270,CSAVAGSPYEQYF,TRBV20-1*03,None,TRBJ2-7*01,1
271,CSAVAGVSCEQYF,TRBV20-1*02,None,TRBJ2-7*01,1
272,CSAVAGVAYEQYF,TRBV20-1*02,None,TRBJ2-7*01,1
273,CSAVAGSSYEQHF,TRBV20-1*03,None,TRBJ2-7*01,1
274,CSAVAGSSYVQYF,TRBV20-1*06,None,TRBJ2-7*01,1
275,CSTVARFSYEQYF,TRBV20-1*06,None,TRBJ2-7*01,1
276,CSTVAWSNYAQYF,TRBV20-1*06,None,TRBJ2-7*01,1
277,CSTVGGFSYEQYF,TRBV20-1*06,None,TRBJ2-7*01,1
278,CSAVAGSSYERYF,TRBV20-1*03,None,TRBJ2-7*01,1
279,CSVAAGFSYEQYF,TRBV20-1*06,None,TRBJ2-7*01,1
280,CSAVAGSSCEQYF,TRBV20-1*06,None,TRBJ2-7*01,1
281,CSAVAGSSEEQYF,TRBV20-1*02,None,TRBJ2-7*01,1
282,CSAVAGSSSEQYF,TRBV20-1*06,None,TRBJ2-7*01,1
283,CSAVAGSASEQYF,TRBV20-1*03,None,TRBJ2-7*01,1
284,CSAVAGSSYEQYF,TRBV20-1*04,None,TRBJ2-7*01,1
285,CSAVAGSSYDQYF,TRBV20-1*06,None,TRBJ2-7*01,1
286,CSVETRRGSSGYTF,TRBV29-1*01,None,TRBJ1-2*01,1
287,CSVGAGCSYEQYF,TRBV20-1*06,None,TRBJ2-7*01,1
288,CSAVAGSFYLQYF,TRBV20-1*03,None,TRBJ2-7*01,1
289,CSSVAGFCYGQYF,TRBV20-1*06,None,TRBJ2-7*01,1
290,CSAVAGPSYEQYF,TRBV20-1*02,None,TRBJ2-7*01,1
291,CSAVAGLTYEQYF,TRBV20-1*06,None,TRBJ2-7*01,1
292,CSAVAGISYERYF,TRBV20-1*02,None,TRBJ2-7*01,1
293,CTAVAGFSYDQYF,TRBV20-1*06,None,TRBJ2-7*01,1
294,CTAVAGFSYELYF,TRBV20-1*03,None,TRBJ2-7*01,1
295,CTAVAGFSYQQYF,TRBV20-1*02,None,TRBJ2-7*01,1
296,CTAVAGFYYMQYF,TRBV20-1*03,None,TRBJ2-7*01,1
297,CSAVAGGSYEQYF,TRBV20-1*03,TRBD2*01,TRBJ2-7*01,1
298,CSAVAGFYYGQYF,TRBV20-1*06,None,TRBJ2-7*01,1
299,CTAVAGLSYEQYF,TRBV20-1*02,None,TRBJ2-7*01,1
300,CTAVEAFSYEQYF,TRBV20-1*06,None,TRBJ2-7*01,1
301,CTAVVGYSYEQYF,TRBV20-1*04,None,TRBJ1-6*01,1
302,CSAVAGFYYEQFF,TRBV20-1*06,None,TRBJ2-7*01,1
303,CSAVAGFYYEKYF,TRBV20-1*02,None,TRBJ2-7*01,1
304,CTAVVRLSYEQYF,TRBV20-1*06,None,TRBJ2-7*01,1
305,CTSVAGFSYEQYF,TRBV20-1*06,None,TRBJ2-7*01,1
306,CSAVAGFYYDLYF,TRBV20-1*03,None,TRBJ2-7*01,1
307,CSAVAGFYYDKYF,TRBV20-1*02,None,TRBJ2-7*01,1
308,CSAVAGFYYAQYF,TRBV20-1*03,None,TRBJ2-7*01,1
309,CVRSMGYEQYF,TRBV6-9*01,None,TRBJ2-7*01,1
310,CVSTPGAAEREQYF,TRBV25-1*01,None,TRBJ2-7*01,1
311,CSAVAGFYYAQYF,TRBV20-1*02,None,TRBJ2-7*01,1
312,CSAVAGFVYEQYF,TRBV20-1*02,None,TRBJ2-7*01,1
313,CSAVAGFTYGQYF,TRBV20-1*06,None,TRBJ2-7*01,1
314,CSAVAGFTYEQYF,TRBV20-1*05,None,TRBJ2-7*01,1
315,CVVSSGGPDKLIF,TRBV2*03,None,TRBJ1-6*02,1
316,CSAVAGFTYEKYF,TRBV20-1*06,None,TRBJ2-7*01,1
317,CSAVAGFTYEKYF,TRBV20-1*02,None,TRBJ2-7*01,1
318,CVVSSGGYNKLIF,TRBV20-1*03,None,TRBJ1-6*02,1
319,CSAVAGFTYEHYF,TRBV20-1*06,None,TRBJ2-7*01,1
320,CVVSSGGYNKLIF,TRBV20-1*06,None,TRBJ1-6*01,1
321,CSAVAGISYGQYF,TRBV20-1*06,None,TRBJ2-7*01,1
322,CSAVAGLAYEQYF,TRBV20-1*02,None,TRBJ2-7*01,1
323,CSAVAGLCYEQYF,TRBV20-1*02,None,TRBJ2-7*01,1
324,CSAVAGLSYAQYF,TRBV20-1*02,None,TRBJ2-7*01,1
325,CSAVAGLSYKQYF,TRBV20-1*06,None,TRBJ2-7*01,1
326,CSAVAGLSYGQYF,TRBV20-1*06,None,TRBJ2-7*01,1
327,CSVGTSGGQPQHF,TRBV29-1*02,None,TRBJ1-5*01,1
328,CSVIAGFSYEQYF,TRBV20-1*06,None,TRBJ2-7*01,1
329,CSVLAAYSYEQYF,TRBV20-1*06,None,TRBJ2-7*01,1
330,CSVVAAFSYEQYF,TRBV20-1*03,None,TRBJ2-7*01,1
331,CSVVAGCAYEQYF,TRBV20-1*03,None,TRBJ2-7*01,1
332,CSAVAGLSYEQHF,TRBV20-1*02,None,TRBJ2-7*01,1
333,CSVVAGFPYEQYF,TRBV20-1*02,None,TRBJ2-7*01,1
334,CSAVAGLSYEQDF,TRBV20-1*03,None,TRBJ2-7*01,1
335,CSAVAGLSYELYF,TRBV20-1*06,None,TRBJ2-7*01,1
336,CSAVAGLSYDQYF,TRBV20-1*06,None,TRBJ2-7*01,1
337,CSAVAGLSYAQYF,TRBV20-1*06,None,TRBJ2-7*01,1
338,CSAVAGVSWEQYF,TRBV20-1*02,None,TRBJ2-7*01,1
339,CTAGVGCSYELYF,TRBV20-1*05,None,TRBJ2-7*01,1
340,CSAVAGLSDEQSF,TRBV20-1*07,None,TRBJ2-7*01,1
341,CSVVAGFSFDQYF,TRBV20-1*02,None,TRBJ2-7*01,1
342,CSVVAGFSYEKYF,TRBV20-1*02,None,TRBJ2-7*01,1
343,CSAVAGLSDAQYF,TRBV20-1*06,None,TRBJ2-7*01,1
344,CSVVAGFSYELYF,TRBV20-1*06,None,TRBJ2-7*01,1
345,CSVVAGFSYEQYF,TRBV20-1*01,None,TRBJ2-7*01,1
346,CSVVAGFSYKQYF,TRBV20-1*06,None,TRBJ2-7*01,1
347,CSAVAGLSCEQYF,TRBV20-1*06,None,TRBJ2-7*01,1
348,CSAVAGLSCEQYF,TRBV20-1*02,None,TRBJ2-7*01,1
349,CSVVAGFSYVQYF,TRBV20-1*04,None,TRBJ2-7*01,1
350,CSVVAGLSYEQYF,TRBV20-1*02,None,TRBJ2-7*01,1
351,CSVVSGLSYEQYF,TRBV20-1*06,None,TRBJ2-7*01,1
352,CSAVAGLFYEQYF,TRBV20-1*03,None,TRBJ2-7*01,1
353,CSAVAGVSFEQYF,TRBV20-1*03,None,TRBJ2-7*01,1
354,CSTVAGFSYVQYF,TRBV20-1*06,None,TRBJ2-7*01,1
355,CSAVAGVSYAQYF,TRBV20-1*01,None,TRBJ2-7*01,1
356,CSAVSWFPYDLYF,TRBV20-1*03,None,TRBJ2-7*01,1
357,CSAVSGFTYEQYF,TRBV20-1*06,None,TRBJ2-7*01,1
358,CSAVSGIYYVQYF,TRBV20-1*03,None,TRBJ2-7*01,1
359,CSAVSGVSSEQYF,TRBV20-1*06,None,TRBJ2-7*01,1
360,CSAVSLLSYEQYF,TRBV20-1*06,None,TRBJ2-7*01,1
361,CSAVSRFSYEQYF,TRBV20-1*06,None,TRBJ2-7*01,1
362,CSSVAGLSYEQYF,TRBV20-1*06,None,TRBJ2-7*01,1
363,CSSVAGLSYEQYF,TRBV20-1*03,None,TRBJ2-7*01,1
364,CSAVSWFYYEQYF,TRBV20-1*02,None,TRBJ2-7*01,1
365,CSAVSGFSYQQYF,TRBV20-1*03,None,TRBJ2-7*01,1
366,CSAVTAFSYEQYF,TRBV20-1*02,None,TRBJ2-7*01,1
367,CSAVTGFSYEHYF,TRBV20-1*06,None,TRBJ2-7*01,1
368,CSSVAGLSYEKYF,TRBV20-1*03,None,TRBJ2-7*01,1
369,CSAVTGFSYEQYF,TRBV20-1*04,None,TRBJ2-7*01,1
370,CSAVTGFYYEQYF,TRBV20-1*02,None,TRBJ2-7*01,1
371,CSAVTGSSYEQYF,TRBV20-1*06,None,TRBJ2-7*01,1
372,CSAVVALSYEQYF,TRBV20-1*06,None,TRBJ2-7*01,1
373,CSAVSGFSYVQYF,TRBV20-1*02,None,TRBJ2-7*01,1
374,CSAVSGFSYGQYF,TRBV20-1*02,None,TRBJ2-7*01,1
375,CSSVARVSYEQYF,TRBV20-1*03,None,TRBJ2-7*01,1
376,CSAVPGFSYEQYF,TRBV20-1*07,None,TRBJ2-7*01,1
377,CSSVAGLSYEQYF,TRBV20-1*07,None,TRBJ2-5*01,1
378,CSAVGGFSYEQYF,TRBV20-1*07,None,TRBJ2-7*01,1
379,CSAVGGFSYQQYF,TRBV20-1*02,None,TRBJ2-7*01,1
380,CSAVGGSSYEQYF,TRBV20-1*05,None,TRBJ2-7*01,1
381,CSAVGLYYAKYF,TRBV20-1*02,None,TRBJ2-7*01,1
382,CSAVPGFSYEQYF,TRBV20-1*03,None,TRBJ2-3*01,1
383,CSAVPGFSYEQYF,TRBV20-1*04,None,TRBJ2-7*01,1
384,CSAVPGFSYGQYF,TRBV20-1*03,None,TRBJ2-7*01,1
385,CSAVSGFSYEQYF,TRBV20-1*04,None,TRBJ2-7*01,1
386,CSAVPGFSYVQYF,TRBV20-1*06,None,TRBJ2-7*01,1
387,CSAVPGVSYEQYF,TRBV20-1*04,None,TRBJ2-7*01,1
388,CSAVSEFSYEQYF,TRBV20-1*03,None,TRBJ2-7*01,1
389,CSAVSGFCYVQYF,TRBV20-1*03,None,TRBJ2-7*01,1
390,CSAVSGFSYAQYF,TRBV20-1*06,None,TRBJ2-7*01,1
391,CSAVSGFSYEHYF,TRBV20-1*02,None,TRBJ2-7*01,1
392,CSAVSGFSYEQFF,TRBV20-1*03,None,TRBJ2-7*01,1
393,CSAVVGCSYEQYF,TRBV20-1*02,None,TRBJ2-7*01,1
394,CSAVVGFAYEQYF,TRBV20-1*06,None,TRBJ2-7*01,1
395,CSAVVGFCYEQYF,TRBV20-1*02,None,TRBJ2-7*01,1
396,CSSVAGFSYDQYF,TRBV20-1*02,None,TRBJ2-7*01,1
397,CSGVAGFSHEQYF,TRBV20-1*03,None,TRBJ2-7*01,1
398,CSGVAGFSYEPYF,TRBV20-1*03,None,TRBJ2-7*01,1
399,CSGVAGFSYEQYF,TRBV20-1*04,None,TRBJ2-7*01,1
400,CSGVAGFSYQQYF,TRBV20-1*02,None,TRBJ2-7*01,1
401,CSGVAGSSYGQYF,TRBV20-1*03,None,TRBJ2-7*01,1
402,CSSVAGFSYDQYF,TRBV20-1*06,None,TRBJ2-7*01,1
403,CSGVAGVSYEQYF,TRBV20-1*02,None,TRBJ2-7*01,1
404,CSSVAGFSCEQYF,TRBV20-1*03,None,TRBJ2-7*01,1
405,CSAVVGFSYEQHF,TRBV20-1*06,None,TRBJ2-7*01,1
406,CSGVAGVSYGQYF,TRBV20-1*03,None,TRBJ2-7*01,1
407,CSIVAGFSYEQYF,TRBV20-1*02,None,TRBJ2-7*01,1
408,CSPEAGFSYEQYF,TRBV20-1*02,None,TRBJ2-7*01,1
409,CSPVAGFSYEKYF,TRBV20-1*06,None,TRBJ2-7*01,1
410,CSPVAGFSYEQYF,TRBV20-1*07,None,TRBJ2-7*01,1
411,CSPVAGSSNEQYF,TRBV20-1*06,None,TRBJ2-7*01,1
412,CSPVAGSSYEPYF,TRBV20-1*06,None,TRBJ2-7*01,1
413,CSGLAGISYEQYF,TRBV20-1*01,None,TRBJ2-7*01,1
414,CSFVAGFSYEQYF,TRBV20-1*05,None,TRBJ2-7*01,1
415,CSEVAGFSYEQYF,TRBV20-1*03,None,TRBJ2-7*01,1
416,CSDVPGFSDEQYF,TRBV20-1*02,None,TRBJ2-7*01,1
417,CSSVAGFSYVQYF,TRBV20-1*02,None,TRBJ2-7*01,1
418,CSSVAGFSYEQYF,TRBV20-1*01,None,TRBJ2-7*01,1
419,CSAVVGFSYEQYF,TRBV20-1*04,None,TRBJ2-7*01,1
420,CSAVVGFSYEQYF,TRBV20-1*05,None,TRBJ2-7*01,1
421,CSSVAGFSYEKYF,TRBV20-1*02,None,TRBJ2-7*01,1
422,CSSVAGFSYDRCF,TRBV20-1*06,None,TRBJ2-7*01,1
423,CSAVVGFSYERYF,TRBV20-1*02,None,TRBJ2-7*01,1
424,CSAVVGSSYEQYF,TRBV20-1*03,None,TRBJ2-7*01,1
425,CSAVVGVSYEQYF,TRBV20-1*06,None,TRBJ2-7*01,1
426,CSAVVRFSYEQYF,TRBV20-1*03,None,TRBJ2-7*01,1
427,CSCVAGFSYEQYF,TRBV20-1*03,None,TRBJ2-7*01,1
428,CSDVAGFAYEQYF,TRBV20-1*03,None,TRBJ2-7*01,1
429,CSDVAGISYEQYF,TRBV20-1*06,None,TRBJ2-7*01,1
430,CSDVAGLSYEQYF,TRBV20-1*02,None,TRBJ2-7*01,1
431,CSDVAGVSYEQYF,TRBV20-1*02,None,TRBJ2-7*01,1
432,CSSVAGVSYEQYF,TRBV20-1*02,None,TRBJ2-7*01,1
433,CSAVGGFSYEQCF,TRBV20-1*06,None,TRBJ2-7*01,1
434,CSAVAGVSYEHYF,TRBV20-1*03,None,TRBJ2-7*01,1
435,CSAVARFTYEQYF,TRBV20-1*06,None,TRBJ2-7*01,1
436,CSAVARFSYAQYF,TRBV20-1*06,None,TRBJ2-7*01,1
437,CSAVARFSYDQYF,TRBV20-1*03,None,TRBJ2-7*01,1
438,CSPVAWFSYEQYF,TRBV20-1*06,None,TRBJ2-7*01,1
439,CSTVAGFSYGQYF,TRBV20-1*03,None,TRBJ2-7*01,1
440,CSAVARFSYEQYF,TRBV20-1*04,None,TRBJ2-7*01,1
441,CSAVARFSYGQYF,TRBV20-1*06,None,TRBJ2-7*01,1
442,CSAVARFSYKQYF,TRBV20-1*02,None,TRBJ2-7*01,1
443,CSAVARISYEKYF,TRBV20-1*02,None,TRBJ2-7*01,1
444,CSAVARFCYEQYF,TRBV20-1*02,None,TRBJ2-5*01,1
445,CSAVARLSYEQYF,TRBV20-1*02,None,TRBJ2-7*01,1
446,CSAVARLSYEQYF,TRBV20-1*06,None,TRBJ2-7*01,1
447,CSAVARVSYEQYF,TRBV20-1*03,None,TRBJ2-7*01,1
448,CSAVASFTYGQYF,TRBV20-1*06,None,TRBJ1-2*01,1
449,CSAVAVFFYEQYF,TRBV20-1*02,None,TRBJ2-7*01,1
450,CSAVAVFSYEHYF,TRBV20-1*03,None,TRBJ2-7*01,1
451,CSAVAVFSYEKYF,TRBV20-1*06,None,TRBJ2-7*01,1
452,CSAVARFSNEQYF,TRBV20-1*06,None,TRBJ2-7*01,1
453,CSAVARFAYEQYF,TRBV20-1*02,None,TRBJ2-7*01,1
454,CSAVGGFSYEQCF,TRBV20-1*03,None,TRBJ2-7*01,1
455,CSAVAGVSYKQYF,TRBV20-1*06,None,TRBJ2-7*01,1
456,CSAVAGVSYEQNF,TRBV20-1*02,None,TRBJ2-7*01,1
457,CSTVAGLSYEQYF,TRBV20-1*03,None,TRBJ2-7*01,1
458,CSTVAGFYYAKYF,TRBV20-1*03,None,TRBJ2-7*01,1
459,CSAVAGVSYEQYF,TRBV20-1*04,None,TRBJ2-7*01,1
460,CSAVAGVSYEQYF,TRBV20-1*05,None,TRBJ2-7*01,1
461,CSTVAGFTNEQYF,TRBV20-1*02,None,TRBJ2-7*01,1
462,CSAVAGVSYGQYF,TRBV20-1*03,None,TRBJ2-7*01,1
463,CSAVAGVSYLQYF,TRBV20-1*02,None,TRBJ2-7*01,1
464,CSAVARCSYEQYF,TRBV20-1*06,None,TRBJ2-7*01,1
465,CSAVAGVSYQQYF,TRBV20-1*02,None,TRBJ2-7*01,1
466,CSAVAGVSYVQYF,TRBV20-1*02,None,TRBJ2-7*01,1
467,CSAVAGWSYEQYF,TRBV20-1*02,None,TRBJ2-7*01,1
468,CSAVAGYTYEQYF,TRBV20-1*02,None,TRBJ2-7*01,1
469,CSAVALFSYEQYF,TRBV20-1*03,None,TRBJ2-7*01,1
470,CSAVALFSYEQYF,TRBV20-1*06,None,TRBJ2-7*01,1
471,CSAVARCSYEQYF,TRBV20-1*03,None,TRBJ2-7*01,1
472,CSAVAVFSYELYF,TRBV20-1*02,None,TRBJ2-7*01,1
473,CSAVAVFSYEPYF,TRBV20-1*02,None,TRBJ2-7*01,1
474,CSAVAVFSYVHYF,TRBV20-1*03,None,TRBJ2-7*01,1
475,CSAVEGFSYEQYF,TRBV20-1*01,None,TRBJ2-7*01,1
476,CSAVAWISYAQYF,TRBV20-1*04,None,TRBJ2-7*01,1
477,CSAVAWLSSEQYF,TRBV20-1*02,None,TRBJ2-7*01,1
478,CSAVDGFSNEQYF,TRBV20-1*02,None,TRBJ2-7*01,1
479,CSAVDGFSYEQYF,TRBV20-1*03,None,TRBJ2-7*01,1
480,CSAVEGFFYEQYF,TRBV20-1*03,None,TRBJ2-7*01,1
481,CSAVEGFSNEQYF,TRBV20-1*02,None,TRBJ2-7*01,1
482,CSAVEGFSYEQFF,TRBV20-1*03,None,TRBJ2-7*01,1
483,CSTVAGFSFEQYF,TRBV20-1*02,None,TRBJ2-7*01,1
484,CSAVAVFSYVQYF,TRBV20-1*06,None,TRBJ2-7*01,1
485,CSAVEGFSYEQYF,TRBV20-1*05,None,TRBJ2-7*01,1
486,CSTVAGFAYAQYF,TRBV20-1*02,None,TRBJ2-7*01,1
487,CSTLAVFTYEQYF,TRBV20-1*06,None,TRBJ2-7*01,1
488,CSAVERFSYEQYF,TRBV20-1*02,None,TRBJ2-7*01,1
489,CSAVGGFAYEQYF,TRBV20-1*06,None,TRBJ2-7*01,1
490,CSAVGGFSYAQYF,TRBV20-1*06,None,TRBJ2-7*01,1
491,CSAVGGFSYEKYF,TRBV20-1*03,None,TRBJ2-7*01,1
492,CSAVAWFSYVQYF,TRBV20-1*03,None,TRBJ2-7*01,1
493,CSAVAGFTYAKYF,TRBV20-1*02,None,TRBJ2-7*01,1
494,CSAVAWFSYEQYF,TRBV20-1*04,None,TRBJ2-7*01,1
495,CSTVAGFSYEPYF,TRBV20-1*02,None,TRBJ2-7*01,1
496,CSAVAVIFYEQYF,TRBV20-1*06,None,TRBJ2-7*01,1
497,CSAVAWCSYEQYF,TRBV20-1*06,None,TRBJ2-7*01,1
498,CSAVAWCSYEQYF,TRBV20-1*07,None,TRBJ2-7*01,1
499,CSAVAWFAYEHYF,TRBV20-1*03,None,TRBJ2-7*01,1
500,CSAVAWFCYEQYF,TRBV20-1*06,None,TRBJ2-7*01,1
501,CSAVAWFPYEQYF,TRBV20-1*06,None,TRBJ2-7*01,1
502,CSAVAWFSDKQSF,TRBV20-1*03,None,TRBJ1-1*01,1
503,CSAVAWFSYAQYF,TRBV20-1*06,None,TRBJ2-7*01,1
504,CSAVAWFSYARYF,TRBV20-1*03,None,TRBJ2-7*01,1
505,CSAVAWFSYDHYF,TRBV20-1*06,None,TRBJ2-7*01,1
506,CSAVAWFSYEEYF,TRBV20-1*03,None,TRBJ2-7*01,1
507,CSAVAWFSYEKYF,TRBV20-1*03,None,TRBJ2-7*01,1
508,CSAVAWFSYEKYF,TRBV20-1*06,None,TRBJ2-7*01,1
509,CSAVAWFSYELYF,TRBV20-1*06,None,TRBJ2-7*01,1
510,CSAVAWFSYEQHF,TRBV20-1*02,None,TRBJ2-7*01,1
511,CSAVAGFTYAQYF,TRBV20-1*02,None,TRBJ2-7*01,1
512,CAELLGGFKTIF,TRBV12-4*02,None,TRBJ2-2*01,1
513,CSAVAGFTCEQYF,TRBV20-1*07,None,TRBJ2-7*01,1
514,CIAVAGFSYEQNF,TRBV20-1*02,None,TRBJ2-7*01,1
515,CIAVAGLSYEQYF,TRBV20-1*06,None,TRBJ2-7*01,1
516,CIAVAVFSYEQYF,TRBV20-1*02,None,TRBJ2-7*01,1
517,CIPVAGLSYEQYF,TRBV20-1*02,None,TRBJ2-7*01,1
518,CIVRVWATSGTYKYLF,TRBV12-3*01,None,TRBJ2-7*01,1
519,CIYVAGLSYEQYF,TRBV20-1*06,None,TRBJ1-2*01,1
520,CKAVAWFSYEKYF,TRBV20-1*06,None,TRBJ2-7*01,1
521,CLAVAGFSYEQYF,TRBV20-1*06,None,TRBJ2-7*01,1
522,CLAVARFSYEQYF,TRBV20-1*06,None,TRBJ2-7*01,1
523,CNALAAASYEQYF,TRBV20-1*02,None,TRBJ2-7*01,1
524,CNAVAGFSYEQYF,TRBV20-1*01,None,TRBJ2-7*01,1
525,CNAVAGFSYQQYF,TRBV20-1*02,None,TRBJ2-7*01,1
526,CNAVAGISYEQYF,TRBV20-1*05,None,TRBJ2-7*01,1
527,CNAVAGLSYEQYF,TRBV20-1*03,None,TRBJ2-7*01,1
528,CNAVAVFSYEQYF,TRBV20-1*07,None,TRBJ2-7*01,1
529,CNSVAGFSYEQYF,TRBV20-1*06,None,TRBJ2-7*01,1
530,CNVVAWFSYEQYF,TRBV20-1*06,None,TRBJ2-7*01,1
531,CPCSLSWRVEKLFF,TRBV27*01,None,TRBJ1-4*01,1
532,CIAVAGFSYEQYF,TRBV20-1*04,None,TRBJ2-7*01,1
533,CIAVAGFSYDPYF,TRBV20-1*07,None,TRBJ2-7*01,1
534,CRAAAGFSYEQYF,TRBV20-1*06,None,TRBJ2-7*01,1
535,CIAVAGFSYAQYF,TRBV20-1*06,None,TRBJ2-7*01,1
536,CGAVAGFPYEQYF,TRBV20-1*06,None,TRBJ2-7*01,1
537,CGAVAGFSHEQYF,TRBV20-1*02,None,TRBJ2-7*01,1
538,CGAVAGFSYEPYF,TRBV20-1*06,None,TRBJ2-7*01,1
539,CGAVAGFSYEQHF,TRBV20-1*03,None,TRBJ2-7*01,1
540,CGAVAGFSYEQYF,TRBV20-1*01,None,TRBJ2-7*01,1
541,CGAVAGFSYEQYF,TRBV20-1*05,None,TRBJ2-7*01,1
542,CGAVAGLSYEQYF,TRBV20-1*02,None,TRBJ2-7*01,1
543,CGAVAGLSYEQYF,TRBV20-1*03,None,TRBJ2-7*01,1
544,CGAVARFAYVQYF,TRBV20-1*03,None,TRBJ2-7*01,1
545,CGAVTGFSYEQYF,TRBV20-1*02,None,TRBJ2-7*01,1
546,CGGVAGFSYEQYF,TRBV20-1*02,None,TRBJ2-7*01,1
547,CGGVAGFSYEQYF,TRBV20-1*06,None,TRBJ2-7*01,1
548,CGSSLGASGSPYDLYF,TRBV7-9*04,None,TRBJ2-7*01,1
549,CGWSGDYWNEQFF,TRBV30*04,None,TRBJ2-1*01,1
550,CHAVAGFSYEQYF,TRBV20-1*02,None,TRBJ2-7*01,1
551,CIAEAGLSYEQYF,TRBV20-1*02,None,TRBJ2-7*01,1
552,CIAFAGFSYEQYF,TRBV20-1*02,None,TRBJ2-7*01,1
553,CPSRWDRFPVNSLLHF,TRBV7-8*03,None,TRBJ1-6*01,1
554,CRAAAGSSYEQYF,TRBV20-1*02,None,TRBJ2-7*01,1
555,CSAAAGFSYEQHF,TRBV20-1*06,None,TRBJ2-7*01,1
556,CRAVAGVSYEQYF,TRBV20-1*06,None,TRBJ2-7*01,1
557,CRAVAVISYEQYF,TRBV20-1*02,None,TRBJ2-7*01,1
558,CRAVAWFSYEQYF,TRBV20-1*06,None,TRBJ2-7*01,1
559,CRAVEGFSYEQYF,TRBV20-1*02,None,TRBJ2-7*01,1
560,CRAVEGFSYEQYF,TRBV20-1*03,None,TRBJ2-7*01,1
561,CRAVEGVAYEQFF,TRBV20-1*06,None,TRBJ2-7*01,1
562,CRAVSGFSCEQYF,TRBV20-1*03,None,TRBJ2-7*01,1
563,CRAVSGFSYEQYF,TRBV20-1*03,None,TRBJ2-7*01,1
564,CRAVTVFSYEQYF,TRBV20-1*02,None,TRBJ2-7*01,1
565,CRDVAGFSYEQYF,TRBV20-1*03,None,TRBJ2-7*01,1
566,CRDVAGFSYKQYF,TRBV20-1*02,None,TRBJ2-7*01,1
567,CRGVAGFSYEQYF,TRBV20-1*06,None,TRBJ2-7*01,1
568,CRGVSGVSYEQYF,TRBV20-1*06,None,TRBJ2-7*01,1
569,CRPVAGFSYEQYF,TRBV20-1*06,None,TRBJ1-2*01,1
570,CRSVAGFSYETYF,TRBV20-1*02,None,TRBJ2-7*01,1
571,CRTVAGFKYEQYF,TRBV20-1*02,None,TRBJ2-7*01,1
572,CSAAAEFSYEQYF,TRBV20-1*03,None,TRBJ2-7*01,1
573,CSAAAGFSHEQYF,TRBV20-1*06,None,TRBJ2-7*01,1
574,CRAVAGVSYQQYF,TRBV20-1*02,None,TRBJ2-7*01,1
575,CRAVAGVSYEQYF,TRBV20-1*02,None,TRBJ2-7*01,1
576,CRAAAWFSYEQYF,TRBV20-1*06,None,TRBJ2-7*01,1
577,CRAVAGVSYDRYF,TRBV20-1*06,None,TRBJ2-7*01,1
578,CRAEAGFSYEQYF,TRBV20-1*02,None,TRBJ2-7*01,1
579,CRALAGFSYEQYF,TRBV20-1*03,None,TRBJ2-7*01,1
580,CRAVAEFSYEQYF,TRBV20-1*03,None,TRBJ2-7*01,1
581,CRAVAGFFYEQYF,TRBV20-1*03,None,TRBJ2-7*01,1
582,CRAVAGFSDEQYF,TRBV20-1*03,None,TRBJ2-7*01,1
583,CRAVAGFSYEEYF,TRBV20-1*02,None,TRBJ2-7*01,1
584,CRAVAGFSYEHYF,TRBV20-1*03,None,TRBJ2-7*01,1
585,CRAVAGFSYEKYF,TRBV20-1*06,None,TRBJ2-7*01,1
586,CRAVAGFSYEQHF,TRBV20-1*03,None,TRBJ2-7*01,1
587,CRAVAGFSYEQYF,TRBV20-1*07,None,TRBJ2-7*01,1
588,CRAVAGFSYKQYF,TRBV20-1*03,None,TRBJ2-7*01,1
589,CRAVAGFSYQQYF,TRBV20-1*02,None,TRBJ2-7*01,1
590,CRAVAGFSYVHYF,TRBV20-1*02,None,TRBJ2-7*01,1
591,CRAVAGFYYEQYF,TRBV20-1*06,None,TRBJ2-7*01,1
592,CRAVAGIPYEQYF,TRBV20-1*06,None,TRBJ2-7*01,1
593,CRAVAGLYYEQYF,TRBV20-1*06,None,TRBJ2-7*01,1
594,CRAVAGVSSEQYF,TRBV20-1*02,None,TRBJ2-7*01,1
595,CDSSDSNYGYPF,TRBV6-6*03,None,TRBJ1-2*01,1
596,CCAVAWFTYEQYF,TRBV20-1*06,None,TRBJ2-7*01,1
597,CCAVAGSSYEQYF,TRBV20-1*02,None,TRBJ2-7*01,1
598,CASRSLVRGRTDTQYF,TRBV12-4*02,None,TRBJ2-3*01,1
599,CASRWDRFPVNSPHHF,TRBV11-2*01,None,TRBJ1-6*01,1
600,CASRWDRFPVNSPLHF,TRBV11-3*01,None,TRBJ1-6*01,1
601,CASRWDRFPVNSPLHF,TRBV11-3*02,None,TRBJ1-6*01,1
602,CASRWDRFPVNSPLHF,TRBV11-3*03,None,TRBJ1-6*01,1
603,CASRWDRFPVNSPLHF,TRBV7-8*03,None,TRBJ2-7*01,1
604,CASRWDRFPVNSTLHF,TRBV7-8*03,None,TRBJ1-6*01,1
605,CASRWDRFPVTLPLHF,TRBV7-8*03,None,TRBJ1-6*01,1
606,CASRWDRFQVDAPIHF,TRBV7-8*03,None,TRBJ1-6*01,1
607,CASRWDRFTVNSPLHF,TRBV7-8*03,None,TRBJ1-6*01,1
608,CASRWDRIPVNSPLHF,TRBV7-9*04,None,TRBJ1-6*01,1
609,CASRWDSFPVNSPLHF,TRBV7-8*03,None,TRBJ1-6*01,1
610,CASRWGRFPVNSPLHF,TRBV7-8*03,None,TRBJ1-6*01,1
611,CASSFELGSATGDIQYF,TRBV4-3*03,None,TRBJ2-4*01,1
612,CASSFGPGSYEQYF,TRBV11-2*03,None,TRBJ2-7*01,1
613,CASSFGTGSYEQYF,TRBV7-8*01,None,TRBJ2-7*01,1
614,CASSFGTGSYGQYF,TRBV11-2*03,None,TRBJ2-7*01,1
615,CASSFSVGPTYDQYF,TRBV14*02,None,TRBJ2-7*01,1
616,CASRWDPFPVNSLLHF,TRBV7-8*01,None,TRBJ1-6*01,1
617,CASRSLDRGRTDTQYF,TRBV12-4*01,None,TRBJ2-3*01,1
618,CCAVAGFTYEQYF,TRBV20-1*03,None,TRBJ2-7*01,1
619,CASRPTGYVYGYTF,TRBV28*01,None,TRBJ1-2*01,1
620,CAISFGTGSYEQYF,TRBV11-2*03,None,TRBJ2-7*01,1
621,CALNNNARLMF,TRBV6-7*01,None,TRBJ1-4*01,1
622,CALRSGAQKLVF,TRBV12-4*02,None,TRBJ1-1*01,1
623,CANSFSVGPTYEQYF,TRBV14*02,None,TRBJ2-7*01,1
624,CARSLTGRVLKVFF,TRBV12-4*02,None,TRBJ1-4*01,1
625,CARSQGGAVSYEQFF,TRBV4-1*02,None,TRBJ2-1*01,1
626,CASASETQYF,TRBV28*01,None,TRBJ2-5*01,1
627,CASIPGAAEREQYF,TRBV25-1*01,None,TRBJ2-7*01,1
628,CASMTDLFAYNEQFF,TRBV6-6*03,None,TRBJ2-1*01,1
629,CASMTDLFSYKEQFF,TRBV6-6*04,None,TRBJ2-1*01,1
630,CASMTDLFSYNHQFF,TRBV6-6*03,None,TRBJ2-1*01,1
631,CASPPGAAEREQYF,TRBV25-1*01,None,TRBJ2-7*01,1
632,CASPSETQYF,TRBV28*01,None,TRBJ2-7*01,1
633,CASRCDRFPVNSPLHF,TRBV7-8*03,None,TRBJ1-6*01,1
634,CASRCLDIGRNYTLHF,TRBV12-4*02,None,TRBJ2-3*01,1
635,CASRPTGHGYGYTF,TRBV27*01,None,TRBJ1-2*01,1
636,CASRPTGHVYGYTF,TRBV28*01,None,TRBJ1-2*01,1
637,CASSFSVGPTYQQYF,TRBV14*02,None,TRBJ2-7*01,1
638,CASSFSVRPTYEQYF,TRBV14*02,None,TRBJ2-7*01,1
639,CASSFWGRVYKLFF,TRBV7-3*05,None,TRBJ2-7*01,1
640,CASSLIDEQFF,TRBV28*01,None,TRBJ2-3*01,1
641,CASTPGAAELEQYF,TRBV25-1*01,None,TRBJ2-7*01,1
642,CASTPGAAKREQYF,TRBV25-1*01,None,TRBJ2-7*01,1
643,CASTPRATEPAQYF,TRBV25-1*01,None,TRBJ2-7*01,1
644,CASTSNLYQETQYF,TRBV6-6*04,None,TRBJ2-5*01,1
645,CASTSNLYQETQYF,TRBV6-6*05,None,TRBJ2-7*01,1
646,CASTTGAAAREQYF,TRBV25-1*01,None,TRBJ2-7*01,1
647,CASVTDLFSYNEQFF,TRBV6-6*05,None,TRBJ2-1*01,1
648,CATRDRAFQAIQYF,TRBV6-6*03,None,TRBJ2-5*01,1
649,CATRDRAFQETLYF,TRBV6-6*03,None,TRBJ2-5*01,1
650,CATRDRAFQETQYF,TRBV6-6*05,None,TRBJ2-7*01,1
651,CATRDRAFQKTLYF,TRBV6-6*03,None,TRBJ2-5*01,1
652,CATRDRAFQQTHYF,TRBV6-6*03,None,TRBJ2-5*01,1
653,CATRDRSFQETQSF,TRBV6-6*05,None,TRBJ2-5*01,1
654,CATRDTPFEETLYF,TRBV28*01,None,TRBJ2-7*01,1
655,CATRDWAFQETQYF,TRBV6-6*03,None,TRBJ2-5*01,1
656,CATSEEPAAVYEHTF,TRBV4-3*03,None,TRBJ1-2*01,1
657,CATSLHDEQFF,TRBV28*01,None,TRBJ2-1*01,1
658,CASTPGAAEGEQYF,TRBV25-1*01,None,TRBJ2-7*01,1
659,CASTGGRIQVNSPLHF,TRBV11-2*02,None,TRBJ1-6*01,1
660,CASSYKVGSYNEQFF,TRBV7-3*05,None,TRBJ2-1*01,1
661,CASSLVIGGATGDIQYF,TRBV7-9*04,None,TRBJ2-4*01,1
662,CASSLIDEQFF,TRBV28*01,None,TRBJ2-7*01,1
663,CASSLIDEQYF,TRBV28*01,None,TRBJ2-7*01,1
664,CASSLRVSYEQYF,TRBV7-8*03,None,TRBJ2-5*01,1
665,CASSLSGISTDTKYF,TRBV7-9*04,None,TRBJ2-3*01,1
666,CASSLSGPVEKLCF,TRBV27*01,None,TRBJ1-4*01,1
667,CASSLSGRVEKLFF,TRBV12-4*01,None,TRBJ1-4*01,1
668,CASSLVIGGATGDIQYF,TRBV11-3*03,None,TRBJ2-4*01,1
669,CASSQDPEAVYGHTF,TRBV4-3*01,None,TRBJ1-2*01,1
670,CASSYKGGSYNKQFF,TRBV7-3*05,None,TRBJ2-1*01,1
671,CASSQDPEAVYGYTF,TRBV4-3*04,None,TRBJ1-2*01,1
672,CASSQGGAVSYDQFF,TRBV4-1*02,None,TRBJ2-1*01,1
673,CASSRKGTNEQYF,TRBV12-4*02,None,TRBJ2-7*01,1
674,CASSRQGTNEQYF,TRBV6-6*03,None,TRBJ2-7*01,1
675,CASSYHANTVELFF,TRBV6-6*03,None,TRBJ2-2*01,1
676,CASSYIGGFYNEQFF,TRBV7-3*05,None,TRBJ2-1*01,1
677,CASSYKGGSYNEQFF,TRBV7-8*01,None,TRBJ2-1*01,1
678,CSAAAGFSYEHYF,TRBV20-1*04,None,TRBJ2-7*01,1
679,CSAAAGFSYEQYF,TRBV20-1*05,None,TRBJ2-7*01,1
680,CSAVAGFSYVQYF,TRBV20-1*04,None,TRBJ2-7*01,1
681,CSAVAGFSDAQYF,TRBV20-1*03,None,TRBJ2-7*01,1
682,CSAVAGFSFDQYF,TRBV20-1*02,None,TRBJ2-7*01,1
683,CSAVAGFSHEHYF,TRBV20-1*06,None,TRBJ2-7*01,1
684,CSAVAGFSHERYF,TRBV20-1*03,None,TRBJ2-7*01,1
685,CSAVAGFSHERYF,TRBV20-1*06,None,TRBJ2-7*01,1
686,CSAVAGFSHGQYF,TRBV20-1*06,None,TRBJ2-7*01,1
687,CSAVAGFSKVQYF,TRBV20-1*03,None,TRBJ2-7*01,1
688,CSAVAGFSLEQYF,TRBV20-1*02,None,TRBJ2-7*01,1
689,CSAVAGFSNEHYF,TRBV20-1*02,None,TRBJ2-7*01,1
690,CSAVAGFSQERYF,TRBV20-1*02,None,TRBJ2-7*01,1
691,CSAVAGFSSDQYF,TRBV20-1*03,None,TRBJ2-7*01,1
692,CSAVAGFSSELYF,TRBV20-1*06,None,TRBJ2-7*01,1
693,CSAVAGFSSEQNF,TRBV20-1*06,None,TRBJ1-2*01,1
694,CSAVAGFSSEQNF,TRBV20-1*06,None,TRBJ2-7*01,1
695,CSAVAGFSSEQYF,TRBV20-1*04,None,TRBJ2-7*01,1
696,CSAVAGFSSKQYF,TRBV20-1*06,None,TRBJ2-7*01,1
697,CSAVAGFSSQQYF,TRBV20-1*06,None,TRBJ2-7*01,1
698,CSAVAGFSSVQYF,TRBV20-1*03,None,TRBJ2-7*01,1
699,CSAVAGFSDDKYF,TRBV20-1*06,None,TRBJ2-7*01,1
700,CSAVAGFSCKQYF,TRBV20-1*02,None,TRBJ2-7*01,1
701,CSAVAGFSYAKYF,TRBV20-1*03,None,TRBJ2-7*01,1
702,CSAVAGFSCEQHF,TRBV20-1*06,None,TRBJ2-7*01,1
703,CSAVAGFCYGQYF,TRBV20-1*03,None,TRBJ2-7*01,1
704,CSAVAGFDSLHYF,TRBV20-1*02,None,TRBJ2-7*01,1
705,CSAVAGFDYDQYF,TRBV20-1*06,None,TRBJ2-7*01,1
706,CSAVAGFFSEQYF,TRBV20-1*06,None,TRBJ2-7*01,1
707,CSAVAGFFSQQYF,TRBV20-1*06,None,TRBJ2-7*01,1
708,CSAVAGFFYDQNF,TRBV20-1*06,None,TRBJ2-7*01,1
709,CSAVAGFLYEQYF,TRBV20-1*03,None,TRBJ2-7*01,1
710,CSAVAGFLYKQYF,TRBV20-1*02,None,TRBJ2-7*01,1
711,CSAVAGFPDEQYF,TRBV20-1*06,None,TRBJ2-7*01,1
712,CSAVAGFPFEQYF,TRBV20-1*06,None,TRBJ2-7*01,1
713,CSAVAGFPYAQYF,TRBV20-1*02,None,TRBJ2-7*01,1
714,CSAVAGFPYEQYF,TRBV20-1*01,None,TRBJ2-7*01,1
715,CSAVAGFPYEQYF,TRBV20-1*02,None,TRBJ2-5*01,1
716,CSAVAGFPYEQYF,TRBV20-1*05,None,TRBJ2-7*01,1
717,CSAVAGFPYGQYF,TRBV20-1*02,None,TRBJ2-7*01,1
718,CSAVAGFSCAQYF,TRBV20-1*02,None,TRBJ2-7*01,1
719,CSAVAGFSCDQYF,TRBV20-1*02,None,TRBJ2-7*01,1
720,CSAVAGFSYAHYF,TRBV20-1*03,None,TRBJ2-7*01,1
721,CSAVAGFSYAQYF,TRBV20-1*04,None,TRBJ2-7*01,1
722,CSAAAGFSYVQYF,TRBV20-1*02,None,TRBJ2-7*01,1
723,CSAVAGFSYGHYF,TRBV20-1*03,None,TRBJ2-7*01,1
724,CSAVAGFSYGQYF,TRBV20-1*01,None,TRBJ2-7*01,1
725,CSAVAGFSYGQYF,TRBV20-1*02,None,TRBJ1-2*01,1
726,CSAVAGFSYGQYF,TRBV20-1*07,None,TRBJ2-7*01,1
727,CSAVAGFSYKQDF,TRBV20-1*06,None,TRBJ2-7*01,1
728,CSAVAGFSYKQNF,TRBV20-1*06,None,TRBJ2-7*01,1
729,CSAVAGFSYKQYF,TRBV20-1*07,None,TRBJ2-7*01,1
730,CSAVAGFSYQEYF,TRBV20-1*06,None,TRBJ2-7*01,1
731,CSAVAGFSYQHYF,TRBV20-1*06,None,TRBJ2-7*01,1
732,CSAVAGFSYQRYF,TRBV20-1*03,None,TRBJ2-7*01,1
733,CSAVAGFSYQYF,TRBV20-1*02,None,TRBJ2-7*01,1
734,CSAVAGFSYRQYF,TRBV20-1*02,None,TRBJ2-7*01,1
735,CSAVAGFSYTKYF,TRBV20-1*02,None,TRBJ2-7*01,1
736,CSAVAGFSYTQYF,TRBV20-1*02,None,TRBJ2-7*01,1
737,CSAVAGFSYTQYF,TRBV20-1*03,None,TRBJ2-7*01,1
738,CSAVAGFSYTQYF,TRBV20-1*06,None,TRBJ2-7*01,1
739,CSAVAGFSYVHNF,TRBV20-1*03,None,TRBJ2-7*01,1
740,CSAVAGFSYVQYF,TRBV20-1*01,None,TRBJ2-7*01,1
741,CSAVAGFSYGQFF,TRBV20-1*06,None,TRBJ2-7*01,1
742,CSAVAGFSYEYYF,TRBV20-1*06,None,TRBJ2-7*01,1
743,CSAVAGFSYDQNF,TRBV20-1*03,None,TRBJ2-7*01,1
744,CSAVAGFSYERYF,TRBV20-1*07,None,TRBJ2-7*01,1
745,CSAVAGFSYDQYF,TRBV20-1*05,None,TRBJ2-7*01,1
746,CSAVAGFSYEHCF,TRBV20-1*06,None,TRBJ2-7*01,1
747,CSAVAGFSYEHHF,TRBV20-1*06,None,TRBJ2-7*01,1
748,CAGSRQGTNEQYF,TRBV6-6*04,None,TRBJ2-7*01,1
749,CSAVAGFSYEHYF,TRBV20-1*04,None,TRBJ2-7*01,1
750,CSAVAGFSYEHYF,TRBV20-1*07,None,TRBJ2-7*01,1
751,CSAVAGFSYEKYF,TRBV20-1*04,None,TRBJ1-2*01,1
752,CSAVAGFSYEKYF,TRBV20-1*05,None,TRBJ2-7*01,1
753,CSAVAGFSYEPDF,TRBV20-1*02,None,TRBJ2-7*01,1
754,CSAVAGFSYEQFF,TRBV20-1*07,None,TRBJ2-7*01,1
755,CSAVAGFSYEQHF,TRBV20-1*01,None,TRBJ2-7*01,1
756,CSAVAGFSYEQRF,TRBV20-1*02,None,TRBJ2-7*01,1
757,CSAVAGFSYEQYF,TRBV20-1*02,None,TRBJ1-1*01,1
758,CSAVAGFSYEQYF,TRBV20-1*02,None,TRBJ1-6*01,1
759,CSAVAGFSYEQYF,TRBV20-1*02,None,TRBJ2-1*01,1
760,CSAVAGFSYEQYF,TRBV20-1*02,None,TRBJ2-5*01,1
761,CSAVAGFSYEQYF,TRBV20-1*05,None,TRBJ1-1*01,1
762,CSAVAGFCYEHYF,TRBV20-1*03,None,TRBJ2-7*01,1
763,CSAVAGFCYDLYF,TRBV20-1*03,None,TRBJ2-7*01,1
764,CSAVAGFAYGQYF,TRBV20-1*06,None,TRBJ2-7*01,1
765,CSAGAGLSYEQYF,TRBV20-1*02,None,TRBJ2-7*01,1
766,CSAGEGFSYEQYF,TRBV20-1*03,None,TRBJ2-7*01,1
767,CSAGPGFSYEQYF,TRBV20-1*03,None,TRBJ2-7*01,1
768,CSAGSAFSYEQYF,TRBV20-1*03,None,TRBJ2-7*01,1
769,CSAIAGFSHEQYF,TRBV20-1*02,None,TRBJ2-7*01,1
770,CSAIAGFSHEQYF,TRBV20-1*03,None,TRBJ2-7*01,1
771,CSAIAGFSYEQYF,TRBV20-1*01,None,TRBJ2-7*01,1
772,CSAIAGFSYEQYF,TRBV20-1*02,None,TRBJ2-5*01,1
773,CSAIAGFSYEQYF,TRBV20-1*04,None,TRBJ2-7*01,1
774,CSAIAGFSYETYF,TRBV20-1*01,None,TRBJ2-7*01,1
775,CSAIAGFSYVQYF,TRBV20-1*03,None,TRBJ2-7*01,1
776,CSAIAGYSYEQYF,TRBV20-1*02,None,TRBJ2-7*01,1
777,CSAIARFSSEMYF,TRBV20-1*02,None,TRBJ2-7*01,1
778,CSAIARSTYELYF,TRBV20-1*05,None,TRBJ2-7*01,1
779,CSALAEFSYEQYF,TRBV20-1*03,None,TRBJ2-7*01,1
780,CSALAGFAYEQYF,TRBV20-1*06,None,TRBJ2-7*01,1
781,CSALAGFSHEQYF,TRBV20-1*03,None,TRBJ2-7*01,1
782,CSALAGFSKEQYF,TRBV20-1*03,None,TRBJ2-7*01,1
783,CSAGAGVSYEQYF,TRBV20-1*03,None,TRBJ2-7*01,1
784,CSAGAGISYEQYF,TRBV20-1*02,None,TRBJ2-7*01,1
785,CSAVAGFAYGQYF,TRBV20-1*02,None,TRBJ2-7*01,1
786,CSAGAGISYAQYF,TRBV20-1*06,None,TRBJ2-7*01,1
787,CSAAAGLAYETYF,TRBV20-1*03,None,TRBJ2-7*01,1
788,CSAAAGSSYEHYF,TRBV20-1*06,None,TRBJ2-7*01,1
789,CSAAARFSYAPYF,TRBV20-1*03,None,TRBJ2-7*01,1
790,CSAAAWFSYEQYF,TRBV20-1*06,None,TRBJ2-7*01,1
791,CSAASGFSYQQYF,TRBV20-1*05,None,TRBJ2-7*01,1
792,CSAAVGFSYEQYF,TRBV20-1*03,None,TRBJ2-7*01,1
793,CSADAGFAYEQYF,TRBV20-1*02,None,TRBJ2-7*01,1
794,CSADAGFSYEKYF,TRBV20-1*02,None,TRBJ2-7*01,1
795,CSADAGFSYEQYF,TRBV20-1*02,None,TRBJ2-7*01,1
796,CSAEAGFSYEQYF,TRBV20-1*07,None,TRBJ2-7*01,1
797,CSAGAAVSYVQHF,TRBV29-1*03,None,TRBJ2-7*01,1
798,CSAGAGFSCEQYF,TRBV20-1*06,None,TRBJ2-7*01,1
799,CSAGAGFSDEQYF,TRBV20-1*02,None,TRBJ2-7*01,1
800,CSAGAGFSYEQYF,TRBV20-1*05,None,TRBJ2-7*01,1
801,CSAGAGFSYVQYF,TRBV20-1*02,None,TRBJ2-7*01,1
802,CSAGAGFYYEEYF,TRBV20-1*03,None,TRBJ2-7*01,1
803,CSAGAGFYYEQYF,TRBV20-1*06,None,TRBJ2-5*01,1
804,CSALAGFSSQQYF,TRBV20-1*02,None,TRBJ2-7*01,1
805,CSALAGFSYAQYF,TRBV20-1*06,None,TRBJ2-7*01,1
806,CSALAGFSYDQYF,TRBV20-1*06,None,TRBJ2-7*01,1
807,CSALAGFSYEKYF,TRBV20-1*02,None,TRBJ2-7*01,1
808,CSAVAALSYEQYF,TRBV20-1*06,None,TRBJ2-7*01,1
809,CSAVAAVSYEQYF,TRBV20-1*02,None,TRBJ2-7*01,1
810,CSAVACFSYEQYF,TRBV20-1*03,None,TRBJ2-7*01,1
811,CSAVAEFSYKQYF,TRBV20-1*06,None,TRBJ2-7*01,1
812,CSAVAELSYDQYF,TRBV20-1*03,None,TRBJ2-7*01,1
813,CSAVAELSYVQYF,TRBV20-1*02,None,TRBJ2-7*01,1
814,CSAVAGADYEQYF,TRBV20-1*06,None,TRBJ2-7*01,1
815,CSAVAGCSNEQYF,TRBV20-1*06,None,TRBJ2-7*01,1
816,CSAVAGCSYAKYF,TRBV20-1*07,None,TRBJ1-2*01,1
817,CSAVAGCSYELYF,TRBV20-1*02,None,TRBJ2-7*01,1
818,CSAVAGCSYEQCF,TRBV20-1*06,None,TRBJ2-7*01,1
819,CSAVAGCSYEQNF,TRBV20-1*01,None,TRBJ2-7*01,1
820,CSAVAGCSYEQYF,TRBV20-1*01,None,TRBJ2-7*01,1
821,CSAVAGCSYEQYF,TRBV20-1*05,None,TRBJ2-7*01,1
822,CSAVAGFAYELYF,TRBV20-1*02,None,TRBJ2-7*01,1
823,CSAVAGFAYEQYF,TRBV20-1*01,None,TRBJ2-7*01,1
824,CSAVAGFAYEQYF,TRBV20-1*07,None,TRBJ2-7*01,1
825,CSAVAAFSYKQYF,TRBV20-1*02,None,TRBJ2-7*01,1
826,CSAVAAFSYGQYF,TRBV20-1*03,None,TRBJ2-7*01,1
827,CSAVAAFSYEQCF,TRBV20-1*03,None,TRBJ2-7*01,1
828,CSALAWFSYVQYF,TRBV20-1*06,None,TRBJ2-7*01,1
829,CSALAGFSYELYF,TRBV20-1*06,None,TRBJ2-7*01,1
830,CSALAGFSYEQYF,TRBV20-1*01,None,TRBJ2-7*01,1
831,CSALAGFSYEQYF,TRBV20-1*05,None,TRBJ2-7*01,1
832,CSALAGFSYKQYF,TRBV20-1*06,None,TRBJ2-7*01,1
833,CSALAGLSYVHYF,TRBV20-1*06,None,TRBJ2-7*01,1
834,CSALAGVSYEQYF,TRBV20-1*06,None,TRBJ2-7*01,1
835,CSALARFSYEQYF,TRBV20-1*02,None,TRBJ2-7*01,1
836,CSALEGFSYDQYF,TRBV20-1*06,None,TRBJ2-7*01,1
837,CSAVAAFSYEHYF,TRBV20-1*02,None,TRBJ2-7*01,1
838,CSALEGFSYEQHF,TRBV20-1*03,None,TRBJ2-7*01,1
839,CSALSGFSYEQYF,TRBV20-1*04,None,TRBJ2-7*01,1
840,CSALVAFCYEQYF,TRBV20-1*03,None,TRBJ2-7*01,1
841,CSASAAFSCAKYF,TRBV20-1*06,None,TRBJ2-7*01,1
842,CSASAGFSYEKYF,TRBV20-1*01,None,TRBJ2-7*01,1
843,CSASAGFSYQQYF,TRBV20-1*06,None,TRBJ2-7*01,1
844,CSAVAAFAYEQYF,TRBV20-1*02,None,TRBJ2-7*01,1
845,CVVSSGGYNRLIF,TRBV20-1*03,None,TRBJ1-6*01,1
