,CDR3seq,V-region,D-region,J-region,Frequency
1,CSAVAGFSYEQYF,TRBV20-1*03,None,TRBJ2-7*01,43708
2,CSAVAGFSYEQYF,TRBV20-1*06,None,TRBJ2-7*01,42959
3,CSAVAGFSYEQYF,TRBV20-1*02,None,TRBJ2-7*01,42798
4,CSAVTGFSYEQYF,TRBV20-1*06,None,TRBJ2-7*01,116
5,CSAVAGFPYEQYF,TRBV20-1*02,None,TRBJ2-7*01,113
6,CSAVTGFSYEQYF,TRBV20-1*03,None,TRBJ2-7*01,113
7,CSAVAGFPYEQYF,TRBV20-1*03,None,TRBJ2-7*01,107
8,CSAVTGFSYEQYF,TRBV20-1*02,None,TRBJ2-7*01,106
9,CSAVAGFPYEQYF,TRBV20-1*06,None,TRBJ2-7*01,103
10,CSAVAGFSYERYF,TRBV20-1*06,None,TRBJ2-7*01,98
11,CSAVAGSSYEQYF,TRBV20-1*02,None,TRBJ2-7*01,94
12,CSAVAGFSYGQYF,TRBV20-1*03,None,TRBJ2-7*01,92
13,CSAVAGFSYGQYF,TRBV20-1*02,None,TRBJ2-7*01,91
14,CSAVAGLSYEQYF,TRBV20-1*02,None,TRBJ2-7*01,89
15,CSAVAGLSYEQYF,TRBV20-1*06,None,TRBJ2-7*01,89
16,CSAVAGSSYEQYF,TRBV20-1*03,None,TRBJ2-7*01,88
17,CSAVAGLSYEQYF,TRBV20-1*03,None,TRBJ2-7*01,83
18,CSAVAGSSYEQYF,TRBV20-1*06,None,TRBJ2-7*01,83
19,CSAVAGFSYGQYF,TRBV20-1*06,None,TRBJ2-7*01,82
20,CSAVAGFSYEQYF,TRBV20-1*05,None,TRBJ2-7*01,78
21,CSAVAGFSCEQYF,TRBV20-1*06,None,TRBJ2-7*01,76
22,CSAVAGFSYEQYF,TRBV20-1*07,None,TRBJ2-7*01,74
23,CSAVAGFSCEQYF,TRBV20-1*02,None,TRBJ2-7*01,74
24,CSAVAGFSYEQYF,TRBV20-1*04,None,TRBJ2-7*01,73
25,CSAVAGFSCEQYF,TRBV20-1*03,None,TRBJ2-7*01,72
26,CSAVAGFSYERYF,TRBV20-1*02,None,TRBJ2-7*01,71
27,CSAVAGFSYERYF,TRBV20-1*03,None,TRBJ2-7*01,70
28,CSAVAGFSYELYF,TRBV20-1*06,None,TRBJ2-7*01,65
29,CSAVAGFSHEQYF,TRBV20-1*02,None,TRBJ2-7*01,62
30,CSAVAGFSYELYF,TRBV20-1*02,None,TRBJ2-7*01,62
31,CSAVAGFSHEQYF,TRBV20-1*06,None,TRBJ2-7*01,61
32,CSAVAGFSYELYF,TRBV20-1*03,None,TRBJ2-7*01,60
33,CSAVAGFSHEQYF,TRBV20-1*03,None,TRBJ2-7*01,55
34,CSAVAGFSYEPYF,TRBV20-1*06,None,TRBJ2-7*01,54
35,CSAVAGFSYEPYF,TRBV20-1*03,None,TRBJ2-7*01,53
36,CSAVAGFSYEPYF,TRBV20-1*02,None,TRBJ2-7*01,52
37,CSAVAGVSYEQYF,TRBV20-1*03,None,TRBJ2-7*01,51
38,CSAAAGFSYEQYF,TRBV20-1*03,None,TRBJ2-7*01,50
39,CSAVAGFSYEQYF,TRBV20-1*01,None,TRBJ2-7*01,49
40,CSAVARFSYEQYF,TRBV20-1*06,None,TRBJ2-7*01,48
41,CSAVAGFSYDQYF,TRBV20-1*02,None,TRBJ2-7*01,48
42,CSAVAGVSYEQYF,TRBV20-1*06,None,TRBJ2-7*01,48
43,CSAVVGFSYEQYF,TRBV20-1*03,None,TRBJ2-7*01,48
44,CSAAAGFSYEQYF,TRBV20-1*06,None,TRBJ2-7*01,46
45,CSAVAEFSYEQYF,TRBV20-1*06,None,TRBJ2-7*01,45
46,CGAVAGFSYEQYF,TRBV20-1*03,None,TRBJ2-7*01,45
47,CSAVAGFSYEKYF,TRBV20-1*03,None,TRBJ2-7*01,45
48,CSAVAWFSYEQYF,TRBV20-1*03,None,TRBJ2-7*01,42
49,CSAAAGFSYEQYF,TRBV20-1*02,None,TRBJ2-7*01,41
50,CSAVVGFSYEQYF,TRBV20-1*06,None,TRBJ2-7*01,40
51,CSAVAGFSYKQYF,TRBV20-1*06,None,TRBJ2-7*01,39
52,CSAVAGFSYEQCF,TRBV20-1*03,None,TRBJ2-7*01,39
53,CSAVAGVSYEQYF,TRBV20-1*02,None,TRBJ2-7*01,38
54,CSVVAGFSYEQYF,TRBV20-1*02,None,TRBJ2-7*01,37
55,CSAVAGFSYKQYF,TRBV20-1*02,None,TRBJ2-7*01,37
56,CSAVAEFSYEQYF,TRBV20-1*03,None,TRBJ2-7*01,36
57,CSAVAGFSYEQHF,TRBV20-1*02,None,TRBJ2-7*01,36
58,CGAVAGFSYEQYF,TRBV20-1*06,None,TRBJ2-7*01,35
59,CSAVVGFSYEQYF,TRBV20-1*02,None,TRBJ2-7*01,35
60,CSAVARFSYEQYF,TRBV20-1*02,None,TRBJ2-7*01,34
61,CSAVAGFSYDQYF,TRBV20-1*03,None,TRBJ2-7*01,34
62,CSAVAGFSYEQHF,TRBV20-1*03,None,TRBJ2-7*01,34
63,CSAVAGFSYEKYF,TRBV20-1*06,None,TRBJ2-7*01,34
64,CSSVAGFSYEQYF,TRBV20-1*06,None,TRBJ2-7*01,34
65,CGAVAGFSYEQYF,TRBV20-1*02,None,TRBJ2-7*01,33
66,CSAVAGFYYEQYF,TRBV20-1*03,None,TRBJ2-7*01,33
67,CSAVAGFSYEQHF,TRBV20-1*06,None,TRBJ2-7*01,33
68,CSAVAGFSYEQCF,TRBV20-1*02,None,TRBJ2-7*01,33
69,CSAVAEFSYEQYF,TRBV20-1*02,None,TRBJ2-7*01,33
70,CSSVAGFSYEQYF,TRBV20-1*02,None,TRBJ2-7*01,32
71,CSAVAGFSYVQYF,TRBV20-1*06,None,TRBJ2-7*01,32
72,CSVVAGFSYEQYF,TRBV20-1*03,None,TRBJ2-7*01,32
73,CSSVAGFSYEQYF,TRBV20-1*03,None,TRBJ2-7*01,31
74,CASRWDRFPVNSPLHF,TRBV7-8*03,None,TRBJ1-6*01,31
75,CSAVAGFSYEKYF,TRBV20-1*02,None,TRBJ2-7*01,31
76,CASSGSNTNIQYF,TRBV19*03,None,TRBJ2-4*01,31
77,CSAVEGFSYEQYF,TRBV20-1*06,None,TRBJ2-7*01,30
78,CSAVARFSYEQYF,TRBV20-1*03,None,TRBJ2-7*01,29
79,CSAVAVFSYEQYF,TRBV20-1*03,None,TRBJ2-7*01,28
80,CSAVAGFYYEQYF,TRBV20-1*02,None,TRBJ2-7*01,28
81,CSAVAGFSYKQYF,TRBV20-1*03,None,TRBJ2-7*01,27
82,CSAVAWFSYEQYF,TRBV20-1*02,None,TRBJ2-7*01,27
83,CRAVAGFSYEQYF,TRBV20-1*02,None,TRBJ2-7*01,27
84,CSAVAGFSYDQYF,TRBV20-1*06,None,TRBJ2-7*01,26
85,CNAVAGFSYEQYF,TRBV20-1*03,None,TRBJ2-7*01,26
86,CSAVAWFSYEQYF,TRBV20-1*06,None,TRBJ2-7*01,26
87,CSVVAGFSYEQYF,TRBV20-1*06,None,TRBJ2-7*01,26
88,CASSFGTGSYEQYF,TRBV11-3*02,None,TRBJ2-7*01,26
89,CASSFGTGSYEQYF,TRBV11-2*03,None,TRBJ2-7*01,25
90,CSAVEGFSYEQYF,TRBV20-1*02,None,TRBJ2-7*01,25
91,CSAVAVFSYEQYF,TRBV20-1*02,None,TRBJ2-7*01,25
92,CSAVAGFFYEQYF,TRBV20-1*02,None,TRBJ2-7*01,25
93,CSAVAGFSYVQYF,TRBV20-1*03,None,TRBJ2-7*01,25
94,CSAVAGFSYEQCF,TRBV20-1*06,None,TRBJ2-7*01,25
95,CSAVAGFFYEQYF,TRBV20-1*06,None,TRBJ2-7*01,25
96,CSALAGFSYEQYF,TRBV20-1*03,None,TRBJ2-7*01,24
97,CSTVAGFSYEQYF,TRBV20-1*06,None,TRBJ2-7*01,24
98,CSAVAGFFYEQYF,TRBV20-1*03,None,TRBJ2-7*01,24
99,CSAVEGFSYEQYF,TRBV20-1*03,None,TRBJ2-7*01,24
100,CSAVAGFYYEQYF,TRBV20-1*06,None,TRBJ2-7*01,24
101,CSAVAVFSYEQYF,TRBV20-1*06,None,TRBJ2-7*01,23
102,CSAVAGFSYQQYF,TRBV20-1*03,None,TRBJ2-7*01,22
103,CSAIAGFSYEQYF,TRBV20-1*06,None,TRBJ2-7*01,22
104,CSAVAGFSYEHYF,TRBV20-1*06,None,TRBJ2-7*01,22
105,CSAVAGFSYVQYF,TRBV20-1*02,None,TRBJ2-7*01,22
106,CSAEAGFSYEQYF,TRBV20-1*02,None,TRBJ2-7*01,22
107,CRAVAGFSYEQYF,TRBV20-1*06,None,TRBJ2-7*01,21
108,CSAIAGFSYEQYF,TRBV20-1*02,None,TRBJ2-7*01,21
109,CSTVAGFSYEQYF,TRBV20-1*03,None,TRBJ2-7*01,21
110,CIAVAGFSYEQYF,TRBV20-1*06,None,TRBJ2-7*01,20
111,CSVPSGGVSGANVLTF,TRBV29-1*02,None,TRBJ2-6*01,19
112,CSAVAGCSYEQYF,TRBV20-1*03,None,TRBJ2-7*01,19
113,CSAIAGFSYEQYF,TRBV20-1*03,None,TRBJ2-7*01,18
114,CSAVSGFSYEQYF,TRBV20-1*02,None,TRBJ2-7*01,18
115,CSAVAGFTYEQYF,TRBV20-1*02,None,TRBJ2-7*01,18
116,CSAVSGFSYEQYF,TRBV20-1*03,None,TRBJ2-7*01,18
117,CSALAGFSYEQYF,TRBV20-1*02,None,TRBJ2-7*01,18
118,CRAVAGFSYEQYF,TRBV20-1*03,None,TRBJ2-7*01,17
119,CSTVAGFSYEQYF,TRBV20-1*02,None,TRBJ2-7*01,17
120,CSAGAGFSYEQYF,TRBV20-1*03,None,TRBJ2-7*01,16
121,CSAVAGFSYEHYF,TRBV20-1*03,None,TRBJ2-7*01,16
122,CSAVAGFSYQQYF,TRBV20-1*06,None,TRBJ2-7*01,16
123,CSAVAGFSYQQYF,TRBV20-1*02,None,TRBJ2-7*01,15
124,CNAVAGFSYEQYF,TRBV20-1*02,None,TRBJ2-7*01,15
125,CNAVAGFSYEQYF,TRBV20-1*06,None,TRBJ2-7*01,15
126,CASSPSGRGSNEQFF,TRBV11-3*03,None,TRBJ2-1*01,15
127,CSALAGFSYEQYF,TRBV20-1*06,None,TRBJ2-7*01,14
128,CSPVAGFSYEQYF,TRBV20-1*03,None,TRBJ2-7*01,14
129,CSAVAGCSYEQYF,TRBV20-1*02,None,TRBJ2-7*01,14
130,CSAVAGFSYEQNF,TRBV20-1*02,None,TRBJ2-7*01,14
131,CSAVAGYSYEQYF,TRBV20-1*02,None,TRBJ2-7*01,13
132,CSAVAGFSYEHYF,TRBV20-1*02,None,TRBJ2-7*01,13
133,CSAGAGFSYEQYF,TRBV20-1*06,None,TRBJ2-7*01,12
134,CSAVAGCSYEQYF,TRBV20-1*06,None,TRBJ2-7*01,12
135,CSAVAGFTYEQYF,TRBV20-1*03,None,TRBJ2-7*01,12
136,CSAVAGYSYEQYF,TRBV20-1*06,None,TRBJ2-7*01,12
137,CASSPSGRGSNEQFF,TRBV7-9*04,None,TRBJ2-1*01,12
138,CSAVAGFCYEQYF,TRBV20-1*06,None,TRBJ2-7*01,11
139,CSAVSGFSYEQYF,TRBV20-1*06,None,TRBJ2-7*01,11
140,CSAVAGISYEQYF,TRBV20-1*03,None,TRBJ2-7*01,11
141,CSAVAGFCYEQYF,TRBV20-1*02,None,TRBJ2-7*01,11
142,CSAVAGFSSEQYF,TRBV20-1*02,None,TRBJ2-7*01,10
143,CSAVAGFSFEQYF,TRBV20-1*03,None,TRBJ2-7*01,10
144,CASSQDPEAVYGYTF,TRBV4-3*01,None,TRBJ1-2*01,10
145,CSAVAGISYEQYF,TRBV20-1*06,None,TRBJ2-7*01,10
146,CIAVAGFSYEQYF,TRBV20-1*03,None,TRBJ2-7*01,10
147,CSAVAGFSYEQNF,TRBV20-1*06,None,TRBJ2-7*01,10
148,CSAVPGFSYEQYF,TRBV20-1*03,None,TRBJ2-7*01,9
149,CSAVAGFCYEQYF,TRBV20-1*03,None,TRBJ2-7*01,9
150,CSAVAGFSYEEYF,TRBV20-1*02,None,TRBJ2-7*01,9
151,CCAVAGFSYEQYF,TRBV20-1*02,None,TRBJ2-7*01,9
152,CSAVAGYSYEQYF,TRBV20-1*03,None,TRBJ2-7*01,9
153,CSAVAGFSSEQYF,TRBV20-1*06,None,TRBJ2-7*01,9
154,CSAVAGFSNEQYF,TRBV20-1*02,None,TRBJ2-7*01,9
155,CSAVAGFSYEQNF,TRBV20-1*03,None,TRBJ2-7*01,8
156,CSAVAGFSYEEYF,TRBV20-1*06,None,TRBJ2-7*01,8
157,CSAVAGFSNEQYF,TRBV20-1*06,None,TRBJ2-7*01,8
158,CIAVAGFSYEQYF,TRBV20-1*02,None,TRBJ2-7*01,8
159,CSPVAGFSYEQYF,TRBV20-1*06,None,TRBJ2-7*01,8
160,CSAVAGFTYEQYF,TRBV20-1*06,None,TRBJ2-7*01,8
161,CASSFSVGPTYEQYF,TRBV14*02,None,TRBJ2-7*01,8
162,CASRSLDRGRTDTQYF,TRBV12-4*02,None,TRBJ2-3*01,8
163,CCAVAGFSYEQYF,TRBV20-1*03,None,TRBJ2-7*01,8
164,CSALMAGQAFF,TRBV20-1*02,None,TRBJ1-1*01,8
165,CCAVAGFSYEQYF,TRBV20-1*06,None,TRBJ2-7*01,8
166,CSAVGGFSYEQYF,TRBV20-1*02,None,TRBJ2-7*01,8
167,CSAVAGFSSEQYF,TRBV20-1*03,None,TRBJ2-7*01,7
168,CASSYHANTGELFF,TRBV6-2*01,None,TRBJ2-2*01,7
169,CSAVPGFSYEQYF,TRBV20-1*06,None,TRBJ2-7*01,7
170,CSAVAGFSYEQFF,TRBV20-1*06,None,TRBJ2-7*01,7
171,CSAVAGFSDEQYF,TRBV20-1*03,None,TRBJ2-7*01,7
172,CASSLPGTRYEQFF,TRBV5-1*02,None,TRBJ2-1*01,7
173,CSDVAGFSYEQYF,TRBV20-1*06,None,TRBJ2-7*01,7
174,CSGVAGFSYEQYF,TRBV20-1*03,None,TRBJ2-7*01,7
175,CASSYHANTGELFF,TRBV6-6*01,None,TRBJ2-2*01,7
176,CSAGAGFSYEQYF,TRBV20-1*02,None,TRBJ2-7*01,7
177,CTAVAGFSYEQYF,TRBV20-1*06,None,TRBJ2-7*01,7
178,CTAVAGFSYEQYF,TRBV20-1*03,None,TRBJ2-7*01,7
179,CSAVAGFSNEQYF,TRBV20-1*03,None,TRBJ2-7*01,7
180,CSAVAAFSYEQYF,TRBV20-1*03,None,TRBJ2-7*01,6
181,CSAVAGFSDEQYF,TRBV20-1*06,None,TRBJ2-7*01,6
182,CSPVAGFSYEQYF,TRBV20-1*02,None,TRBJ2-7*01,6
183,CSAEAGFSYEQYF,TRBV20-1*03,None,TRBJ2-7*01,6
184,CSGVAGFSYEQYF,TRBV20-1*06,None,TRBJ2-7*01,6
185,CSAVAGFSFEQYF,TRBV20-1*02,None,TRBJ2-7*01,6
186,CSAVAGFSFEQYF,TRBV20-1*06,None,TRBJ2-7*01,6
187,CSAVAGISYEQYF,TRBV20-1*02,None,TRBJ2-7*01,6
188,CSDVAGFSYEQYF,TRBV20-1*03,None,TRBJ2-7*01,6
189,CSDVAGFSYEQYF,TRBV20-1*02,None,TRBJ2-7*01,6
190,CSAVAAFSYEQYF,TRBV20-1*02,None,TRBJ2-7*01,6
191,CSVETGSTDTQYF,TRBV29-1*02,None,TRBJ2-3*01,6
192,CSAVAGFSYAQYF,TRBV20-1*03,None,TRBJ2-7*01,6
193,CSAVAGFSYAQYF,TRBV20-1*02,None,TRBJ2-7*01,6
194,CSAVAGFSYEQFF,TRBV20-1*03,None,TRBJ2-7*01,6
195,CSAVAGFSYAQYF,TRBV20-1*06,None,TRBJ2-7*01,6
196,CSAVGGFSYEQYF,TRBV20-1*03,None,TRBJ2-7*01,6
197,CATRDRAFQETQYF,TRBV6-6*03,None,TRBJ2-5*01,6
198,CSALMAGQAFF,TRBV20-1*03,None,TRBJ1-1*01,6
199,CASSEEHSPLHF,TRBV2*03,None,TRBJ1-6*01,5
200,CATRDRAFQETQYF,TRBV6-6*05,None,TRBJ2-5*01,5
201,CSAVPGFSYEQYF,TRBV20-1*02,None,TRBJ2-7*01,5
202,CTAVAGFSYEQYF,TRBV20-1*02,None,TRBJ2-7*01,5
203,CSAVGGFSYEQYF,TRBV20-1*06,None,TRBJ2-7*01,5
204,CSAVAGFSYEQFF,TRBV20-1*02,None,TRBJ2-7*01,5
205,CSAQHRSGDHNEQFF,TRBV20-1*06,None,TRBJ2-1*01,5
206,CSAVAGFAYEQYF,TRBV20-1*02,None,TRBJ2-7*01,5
207,CSAVAGFSYEQSF,TRBV20-1*06,None,TRBJ2-7*01,5
208,CSAVAGLSYELYF,TRBV20-1*02,None,TRBJ2-7*01,4
209,CSAVAGFSDEQYF,TRBV20-1*02,None,TRBJ2-7*01,4
210,CSAQHRSGDHNEQFF,TRBV20-1*02,None,TRBJ2-1*01,4
211,CSAVAGFSYEEYF,TRBV20-1*03,None,TRBJ2-7*01,4
212,CSAVAGFSYEQSF,TRBV20-1*02,None,TRBJ2-7*01,4
213,CSAEAGFSYEQYF,TRBV20-1*06,None,TRBJ2-7*01,4
214,CASSYHANTGELFF,TRBV6-6*02,None,TRBJ2-2*01,4
215,CSVEVGRVNEQFF,TRBV29-1*02,None,TRBJ2-1*01,3
216,CSVVAGFSYEQYF,TRBV20-1*05,None,TRBJ2-7*01,3
217,CSAVAGFSYLQYF,TRBV20-1*03,None,TRBJ2-7*01,3
218,CSALMAGQAFF,TRBV20-1*06,None,TRBJ1-1*01,3
219,CSGVAGFSYEQYF,TRBV20-1*02,None,TRBJ2-7*01,3
220,CSAVAGFTYELYF,TRBV20-1*06,None,TRBJ2-7*01,3
221,CASSQDPEAVYGYTF,TRBV4-3*03,None,TRBJ1-2*01,3
222,CSAVAGFSYEQDF,TRBV20-1*06,None,TRBJ2-7*01,3
223,CSAVAWFYYEQYF,TRBV20-1*03,None,TRBJ2-7*01,3
224,CSAVAWFSYERYF,TRBV20-1*02,None,TRBJ2-7*01,3
225,CSAVAGFSYEQYF,TRBV20-1*02,None,TRBJ2-5*01,3
226,CSAVAKFSYEQYF,TRBV20-1*06,None,TRBJ2-7*01,3
227,CSAVAGFSYEQYF,TRBV20-1*06,None,TRBJ2-5*01,3
228,CSAVAGFAYEQYF,TRBV20-1*06,None,TRBJ2-7*01,3
229,CSAVAGLSYELYF,TRBV20-1*06,None,TRBJ2-7*01,3
230,CSAVAGFSYETYF,TRBV20-1*06,None,TRBJ2-7*01,3
231,CSAVAAFSYEQYF,TRBV20-1*06,None,TRBJ2-7*01,3
232,CSAQHRSGDHNEQFF,TRBV20-1*03,None,TRBJ2-1*01,2
233,CSAVAEFSYERYF,TRBV20-1*03,None,TRBJ2-7*01,2
234,CAISETPWQEAQSTDTQYF,TRBV10-3*01,None,TRBJ2-3*01,2
235,CSAVAGFSSDQYF,TRBV20-1*06,None,TRBJ2-7*01,2
236,CSAVAGLSYERYF,TRBV20-1*06,None,TRBJ2-7*01,2
237,CSAVAGVSYELYF,TRBV20-1*06,None,TRBJ2-7*01,2
238,CSAVAGVSYVQYF,TRBV20-1*03,None,TRBJ2-7*01,2
239,CSAVARLSYEQYF,TRBV20-1*02,None,TRBJ2-7*01,2
240,CSAVAVFSYELYF,TRBV20-1*02,None,TRBJ2-7*01,2
241,CSAVAWFSYERYF,TRBV20-1*03,None,TRBJ2-7*01,2
242,CSAVAWFTYEQYF,TRBV20-1*06,None,TRBJ2-7*01,2
243,CSAVAWSSYEQYF,TRBV20-1*02,None,TRBJ2-7*01,2
244,CSAVSGFSYEPYF,TRBV20-1*03,None,TRBJ2-7*01,2
245,CSAVSGVSYEQYF,TRBV20-1*03,None,TRBJ2-7*01,2
246,CSAVTGFSYEHYF,TRBV20-1*03,None,TRBJ2-7*01,2
247,CSAVTGFSYELYF,TRBV20-1*06,None,TRBJ2-7*01,2
248,CSAVTGFSYEPYF,TRBV20-1*03,None,TRBJ2-7*01,2
249,CSAVVGFYYEQYF,TRBV20-1*02,None,TRBJ2-7*01,2
250,CSGVAGLSYEQYF,TRBV20-1*02,None,TRBJ2-7*01,2
251,CSMETGSTDTQYF,TRBV29-1*03,None,TRBJ2-3*01,2
252,CSPVAGVSYEQYF,TRBV20-1*03,None,TRBJ2-7*01,2
253,CSSLAGFSYEQYF,TRBV20-1*06,None,TRBJ2-7*01,2
254,CSSVAGFSYEQYF,TRBV20-1*04,None,TRBJ2-7*01,2
255,CSSVAGFSYERYF,TRBV20-1*06,None,TRBJ2-7*01,2
256,CSAVAGLSYVQYF,TRBV20-1*02,None,TRBJ2-7*01,2
257,CSAVAGISYEPYF,TRBV20-1*02,None,TRBJ2-7*01,2
258,CSAVAGFSYARYF,TRBV20-1*06,None,TRBJ2-7*01,2
259,CSAVAGISYAQYF,TRBV20-1*06,None,TRBJ2-7*01,2
260,CSAVAGFSYDKYF,TRBV20-1*02,None,TRBJ2-7*01,2
261,CSAVAGFSYDLYF,TRBV20-1*06,None,TRBJ2-7*01,2
262,CSAVAGFSYDQYF,TRBV20-1*04,None,TRBJ2-7*01,2
263,CSAVAGFSYEHYF,TRBV20-1*05,None,TRBJ2-7*01,2
264,CSAVAGFSYEPYF,TRBV20-1*05,None,TRBJ2-7*01,2
265,CSAVAGFSYEQSF,TRBV20-1*03,None,TRBJ2-7*01,2
266,CSAVAGFSYETYF,TRBV20-1*02,None,TRBJ2-7*01,2
267,CSAVAGFSYETYF,TRBV20-1*07,None,TRBJ2-7*01,2
268,CSAVAGFSYGQYF,TRBV20-1*04,None,TRBJ2-7*01,2
269,CSAVAGFSYQQYF,TRBV20-1*07,None,TRBJ2-7*01,2
270,CSAVAGFSYVQHF,TRBV20-1*03,None,TRBJ2-7*01,2
271,CSAVAGFSYVQYF,TRBV20-1*05,None,TRBJ2-7*01,2
272,CSALAGLSYEQYF,TRBV20-1*02,None,TRBJ2-7*01,2
273,CSAVAGFYYEKYF,TRBV20-1*06,None,TRBJ2-7*01,2
274,CSAVAGFYYELYF,TRBV20-1*02,None,TRBJ2-7*01,2
275,CSAVAGFYYEQYF,TRBV20-1*01,None,TRBJ2-7*01,2
276,CSAVAGFYYEQYF,TRBV20-1*05,None,TRBJ2-7*01,2
277,CSAVAGGSYEQYF,TRBV20-1*02,TRBD2*01,TRBJ2-7*01,2
278,CSAVAGGSYEQYF,TRBV20-1*03,TRBD2*01,TRBJ2-7*01,2
279,CSAVAGFSYVQYF,TRBV20-1*07,None,TRBJ2-7*01,2
280,CSAVAGFSYEQYF,TRBV20-1*03,None,TRBJ1-1*01,2
281,CASSLTRGETQYF,TRBV11-3*02,None,TRBJ2-5*01,2
282,CSALAGFSYEQYF,TRBV20-1*04,None,TRBJ2-7*01,2
283,CASSQGGAVSYEQFF,TRBV4-1*02,None,TRBJ2-1*01,2
284,CASRWDRFPANSPLHF,TRBV7-8*03,None,TRBJ1-6*01,2
285,CASSQDPEAVYGYTF,TRBV4-3*04,None,TRBJ1-2*01,2
286,CASRWDRFPVNSPLHF,TRBV7-4*01,None,TRBJ1-6*01,2
287,CSAGAGFSYEKYF,TRBV20-1*02,None,TRBJ2-7*01,2
288,CSAGAGFSYELYF,TRBV20-1*02,None,TRBJ2-7*01,2
289,CASSYHANTGELFF,TRBV6-3*01,None,TRBJ2-2*01,2
290,CASSYHANTGELFF,TRBV6-5*01,None,TRBJ2-2*01,2
291,CASSLTGTRYEQFF,TRBV5-1*02,None,TRBJ2-1*01,2
292,CRAVAGFSYELYF,TRBV20-1*02,None,TRBJ2-7*01,2
293,CSAAAGFSYEPYF,TRBV20-1*06,None,TRBJ2-7*01,2
294,CSAVAVSSYEQYF,TRBV20-1*03,None,TRBJ2-7*01,1
295,CSAVEGASYGQYF,TRBV20-1*01,None,TRBJ2-7*01,1
296,CSAVAVLSYEQYF,TRBV20-1*02,None,TRBJ2-7*01,1
297,CSAVEGFSCEQYF,TRBV20-1*02,None,TRBJ2-7*01,1
298,CSAVEGFSYELYF,TRBV20-1*01,None,TRBJ2-7*01,1
299,CASSQYPKAVYGYTF,TRBV4-3*04,None,TRBJ1-2*01,1
300,CSAVAVFSYKQYF,TRBV20-1*06,None,TRBJ2-7*01,1
301,CASSQGRAVSYEQYF,TRBV4-1*02,None,TRBJ2-7*01,1
302,CSAVAVFSYERYF,TRBV20-1*05,None,TRBJ2-7*01,1
303,CASSRSGRGSNEQFF,TRBV7-9*04,None,TRBJ2-1*01,1
304,CSAVAVFSYERYF,TRBV20-1*03,None,TRBJ2-7*01,1
305,CSAVEGFSYEQYF,TRBV20-1*04,None,TRBJ2-7*01,1
306,CSAVAVFSYEQYF,TRBV20-1*07,None,TRBJ2-7*01,1
307,CSAVEGFSYGQYF,TRBV20-1*02,None,TRBJ2-7*01,1
308,CSAVEGFSYGQYF,TRBV20-1*06,None,TRBJ2-7*01,1
309,CSAVEGFSYRQYF,TRBV20-1*02,None,TRBJ2-7*01,1
310,CSAVAWVSYEPYF,TRBV20-1*05,None,TRBJ2-7*01,1
311,CSAVAWSSYEEYF,TRBV20-1*06,None,TRBJ2-7*01,1
312,CSAVAVYSYEQYF,TRBV20-1*03,None,TRBJ2-7*01,1
313,CASSYHANTGELFF,TRBV6-6*03,None,TRBJ2-2*01,1
314,CSAVAWCSYEQYF,TRBV20-1*06,None,TRBJ2-7*01,1
315,CSAVAWCSYERYF,TRBV20-1*06,None,TRBJ2-7*01,1
316,CSAVAWFPYEQYF,TRBV20-1*02,None,TRBJ2-7*01,1
317,CSAVAWFSNEQYF,TRBV20-1*06,None,TRBJ2-7*01,1
318,CSAVAWFSYEKYF,TRBV20-1*02,None,TRBJ2-7*01,1
319,CSAVAWFSYELYF,TRBV20-1*02,None,TRBJ2-7*01,1
320,CSAVAVSAYEQYF,TRBV20-1*03,None,TRBJ2-7*01,1
321,CASSRSNTNIQYF,TRBV19*03,None,TRBJ2-4*01,1
322,CASSYHANTEELFF,TRBV6-3*01,None,TRBJ2-2*01,1
323,CASSYHANAGELFF,TRBV6-2*01,None,TRBJ2-2*01,1
324,CSAVEGISYEQYF,TRBV20-1*03,None,TRBJ2-7*01,1
325,CSAVAWFSYKEYF,TRBV20-1*06,None,TRBJ2-7*01,1
326,CSAVAWFSYQQYF,TRBV20-1*03,None,TRBJ2-7*01,1
327,CASSVPGSDTQYF,TRBV2*02,None,TRBJ2-3*01,1
328,CSAVEGFTYDQYF,TRBV20-1*03,None,TRBJ2-7*01,1
329,CSAVGGFSCEQYF,TRBV20-1*02,None,TRBJ2-7*01,1
330,CSAVEGISYEQYF,TRBV20-1*06,None,TRBJ2-7*01,1
331,CSAVSWFSYEQYF,TRBV20-1*03,None,TRBJ2-7*01,1
332,CASSPSGRGYNEQFF,TRBV7-9*04,None,TRBJ2-1*01,1
333,CASSPSGRGSNGQFF,TRBV7-9*04,None,TRBJ2-1*01,1
334,CSAVSGFSYLQYF,TRBV20-1*06,None,TRBJ2-7*01,1
335,CSAVSGFSYQQYF,TRBV20-1*06,None,TRBJ2-7*01,1
336,CSAVSGFSYVQYF,TRBV20-1*06,None,TRBJ2-7*01,1
337,CSAVSGFTYEQYF,TRBV20-1*03,None,TRBJ2-7*01,1
338,CSAVSGLSYEQYF,TRBV20-1*03,None,TRBJ2-7*01,1
339,CASSPSGRGSNEQFF,TRBV11-3*03,None,TRBJ2-3*01,1
340,CSAVTAFSYERYF,TRBV20-1*02,None,TRBJ2-7*01,1
341,CSAVSGFSYEQHF,TRBV20-1*07,None,TRBJ2-7*01,1
342,CSAVTGCSYEQYF,TRBV20-1*06,None,TRBJ2-7*01,1
343,CSAVTGFPYELYF,TRBV20-1*06,None,TRBJ2-7*01,1
344,CSAVTGFPYEQYF,TRBV20-1*06,None,TRBJ2-7*01,1
345,CSAVTGFSYEEYF,TRBV20-1*06,None,TRBJ2-7*01,1
346,CASSPSGRGSNEQCF,TRBV11-3*03,None,TRBJ2-1*01,1
347,CSAVTGFSYELYF,TRBV20-1*03,None,TRBJ2-7*01,1
348,CASSPSGRGSNDQFF,TRBV11-3*03,None,TRBJ2-1*01,1
349,CASSPSGRESNEQFF,TRBV11-3*03,None,TRBJ2-1*01,1
350,CASSPSGTGSNEQFF,TRBV7-9*04,None,TRBJ2-1*01,1
351,CASSPSWRGPNEQFF,TRBV11-3*03,None,TRBJ2-1*01,1
352,CASTPAPASTVLYF,TRBV25-1*01,None,TRBJ2-7*01,1
353,CSAVPGFSYEQFF,TRBV20-1*06,None,TRBJ2-7*01,1
354,CSAVGGFSYEHYF,TRBV20-1*03,None,TRBJ2-7*01,1
355,CSAVGGFSYELYF,TRBV20-1*02,None,TRBJ2-7*01,1
356,CSAVGGFSYELYF,TRBV20-1*03,None,TRBJ2-7*01,1
357,CASSQDTEAVYGYSF,TRBV4-2*01,None,TRBJ1-2*01,1
358,CASSQDPEAVYGYTF,TRBV4-3*02,None,TRBJ1-2*01,1
359,CSAVGGFSYKQYF,TRBV20-1*06,None,TRBJ2-7*01,1
360,CSAVMAGQAYF,TRBV20-1*03,None,TRBJ1-1*01,1
361,CSAVPGFSYELYF,TRBV20-1*02,None,TRBJ2-7*01,1
362,CASSQDPEAVYGYTF,TRBV11-3*03,None,TRBJ1-2*01,1
363,CSAVSGFSYEHYF,TRBV20-1*03,None,TRBJ2-7*01,1
364,CASSQDAEAVNGHTF,TRBV4-3*04,None,TRBJ1-2*01,1
365,CASSPTGRGSNEQFF,TRBV7-9*04,None,TRBJ2-1*01,1
366,CSAVPGFSYERYF,TRBV20-1*03,None,TRBJ2-7*01,1
367,CSAVPGFSYQQYF,TRBV20-1*02,None,TRBJ2-7*01,1
368,CSAVPGFTYEQYF,TRBV20-1*02,None,TRBJ2-7*01,1
369,CSAVPGLTYKQYF,TRBV20-1*06,None,TRBJ2-7*01,1
370,CSAVPWFSYVQYF,TRBV20-1*06,None,TRBJ2-7*01,1
371,CSAVSGFPYQQYF,TRBV20-1*03,None,TRBJ2-7*01,1
372,CASSYHANTGELFF,TRBV6-6*04,None,TRBJ2-2*01,1
373,CATRDRAFLEPQYF,TRBV6-6*05,None,TRBJ2-5*01,1
374,CATGQGTSYEQYF,TRBV2*02,None,TRBJ2-7*01,1
375,CSAVAGSSYVQYF,TRBV20-1*03,None,TRBJ2-7*01,1
376,CGAVAGFSYEQYF,TRBV20-1*04,None,TRBJ2-7*01,1
377,CGAVAGFSFEQYF,TRBV20-1*02,None,TRBJ2-7*01,1
378,CSAVAGSSYEQYF,TRBV20-1*04,None,TRBJ2-7*01,1
379,CSAVAGSSYEQYF,TRBV20-1*05,None,TRBJ2-7*01,1
380,CGAVAGFSCEQYF,TRBV20-1*06,None,TRBJ2-7*01,1
381,CSAVAGSSYERYF,TRBV20-1*06,None,TRBJ2-7*01,1
382,CSAVAGSSYGQYF,TRBV20-1*02,None,TRBJ2-7*01,1
383,CSAVAGSSYQQYF,TRBV20-1*06,None,TRBJ2-7*01,1
384,CSAVAGSTYKQYF,TRBV20-1*06,None,TRBJ2-7*01,1
385,CSAVAGSSYEQDF,TRBV20-1*06,None,TRBJ2-7*01,1
386,CSAVAGVAYEQYF,TRBV20-1*02,None,TRBJ2-7*01,1
387,CSAVAGVAYEQYF,TRBV20-1*03,None,TRBJ2-7*01,1
388,CSAVAGVAYEQYF,TRBV20-1*06,None,TRBJ2-7*01,1
389,CSAVAGVPYEQYF,TRBV20-1*06,None,TRBJ2-7*01,1
390,CSAVAGVSYEKYF,TRBV20-1*02,None,TRBJ2-7*01,1
391,CSAVAGVSYEKYF,TRBV20-1*03,None,TRBJ2-7*01,1
392,CSAVAGVSYELYF,TRBV20-1*03,None,TRBJ2-7*01,1
393,CGAVAGFFYEQYF,TRBV20-1*03,None,TRBJ2-7*01,1
394,CSAVAGSSYEQYF,TRBV20-1*01,None,TRBJ2-7*01,1
395,CSAVAGSSYEPYF,TRBV20-1*06,None,TRBJ2-7*01,1
396,CGAGAGFSYEQYF,TRBV20-1*03,None,TRBJ2-7*01,1
397,CSAVAGSSFEQYF,TRBV20-1*02,None,TRBJ2-7*01,1
398,CSAVAGLYYELYF,TRBV20-1*02,None,TRBJ2-7*01,1
399,CSAVAGLYYEQYF,TRBV20-1*06,None,TRBJ2-7*01,1
400,CSAVAGMSKEQYF,TRBV20-1*06,None,TRBJ2-7*01,1
401,CSAVAGPSYEHYF,TRBV20-1*06,None,TRBJ2-7*01,1
402,CSAVAGPYYELYF,TRBV20-1*02,None,TRBJ2-7*01,1
403,CSAVAGSSCEQYF,TRBV20-1*02,None,TRBJ2-7*01,1
404,CSAVAGSSDEQYF,TRBV20-1*03,None,TRBJ2-7*01,1
405,CSAVAGSSDEQYF,TRBV20-1*06,None,TRBJ2-7*01,1
406,CSAVAGSSNEQYF,TRBV20-1*02,None,TRBJ2-7*01,1
407,CSAVAGSSYEPYF,TRBV20-1*03,None,TRBJ2-7*01,1
408,CSAVAGSSNEQYF,TRBV20-1*03,None,TRBJ2-7*01,1
409,CSAVAGSSSETYF,TRBV20-1*06,None,TRBJ2-7*01,1
410,CSAVAGSSYEEYF,TRBV20-1*02,None,TRBJ2-7*01,1
411,CSAVAGSSYEHYF,TRBV20-1*03,None,TRBJ2-7*01,1
412,CSAVAGSSYEKYF,TRBV20-1*02,None,TRBJ2-7*01,1
413,CSAVAGSSYEKYF,TRBV20-1*03,None,TRBJ2-7*01,1
414,CSAVAGSSYEKYF,TRBV20-1*06,None,TRBJ2-7*01,1
415,CSAVAGSSYELYF,TRBV20-1*06,None,TRBJ2-7*01,1
416,CSAVAGVSYEPYF,TRBV20-1*06,None,TRBJ2-7*01,1
417,CGAAAGFSYEQYF,TRBV20-1*03,None,TRBJ2-7*01,1
418,CSAVAVFFYEQYF,TRBV20-1*06,None,TRBJ1-2*01,1
419,CSAVARFSYSQYF,TRBV20-1*06,None,TRBJ2-7*01,1
420,CSAVARFSYELYF,TRBV20-1*06,None,TRBJ2-7*01,1
421,CSAVARFSYELYF,TRBV20-1*07,None,TRBJ2-7*01,1
422,CCAVAGFSYEQYF,TRBV20-1*01,None,TRBJ2-7*01,1
423,CCAVAGFSYDHYF,TRBV20-1*06,None,TRBJ2-7*01,1
424,CSAVARFSYEQYF,TRBV20-1*04,None,TRBJ2-7*01,1
425,CCAEAGVSSEQYF,TRBV20-1*02,None,TRBJ2-7*01,1
426,CSAVARFSYERYF,TRBV20-1*03,None,TRBJ2-7*01,1
427,CSAVARFSYQQYF,TRBV20-1*06,None,TRBJ2-7*01,1
428,CSAVARFSYVQYF,TRBV20-1*06,None,TRBJ2-7*01,1
429,CSAVARFSYELYF,TRBV20-1*02,None,TRBJ2-7*01,1
430,CSAVARFYYEPYF,TRBV20-1*03,None,TRBJ2-7*01,1
431,CSAVARISYEQYF,TRBV20-1*02,None,TRBJ2-7*01,1
432,CSAVARISYEQYF,TRBV20-1*03,None,TRBJ2-7*01,1
433,CATRDRAFQETQYF,TRBV6-6*04,None,TRBJ2-5*01,1
434,CSAVARLSYKQYF,TRBV20-1*02,None,TRBJ2-7*01,1
435,CSAVARVSYEQYF,TRBV20-1*02,None,TRBJ2-7*01,1
436,CSAVARYSYEQYF,TRBV20-1*03,None,TRBJ2-7*01,1
437,CSAVASTSYEQYF,TRBV20-1*01,None,TRBJ2-7*01,1
438,CSAVARFSYELYF,TRBV20-1*03,None,TRBJ2-7*01,1
439,CSAVARFSYELYF,TRBV20-1*02,None,TRBJ1-6*01,1
440,CSAVAGVSYEQYF,TRBV20-1*05,None,TRBJ2-7*01,1
441,CSAVAGVTYEQYF,TRBV20-1*03,None,TRBJ2-7*01,1
442,CDSRWDRFPVNSPLHF,TRBV7-8*03,None,TRBJ1-6*01,1
443,CSAVAGVSYEQYF,TRBV20-1*07,None,TRBJ2-7*01,1
444,CSAVAGVSYERYF,TRBV20-1*06,None,TRBJ2-7*01,1
445,CSAVAGVSYGQYF,TRBV20-1*02,None,TRBJ2-7*01,1
446,CSAVAGVSYGQYF,TRBV20-1*03,None,TRBJ2-7*01,1
447,CSAVAGVSYVQYF,TRBV20-1*02,None,TRBJ2-7*01,1
448,CCDVAGFSYGQYF,TRBV20-1*02,None,TRBJ2-7*01,1
449,CSAVAGVSYVQYF,TRBV20-1*05,None,TRBJ2-7*01,1
450,CSAVAGVYYEQYF,TRBV20-1*03,None,TRBJ2-7*01,1
451,CSAVARFSYEKYF,TRBV20-1*02,None,TRBJ2-7*01,1
452,CSAVAGYSYDLYF,TRBV20-1*03,None,TRBJ2-7*01,1
453,CSAVAGYSYEHYF,TRBV20-1*06,None,TRBJ2-7*01,1
454,CSAVAGYSYEKYF,TRBV20-1*03,None,TRBJ2-7*01,1
455,CCAVAWFSYERSF,TRBV20-1*06,None,TRBJ2-7*01,1
456,CCAVAGFTYEQYF,TRBV20-1*02,None,TRBJ2-7*01,1
457,CCAVAGFSYQQYF,TRBV20-1*02,None,TRBJ2-7*01,1
458,CCAVAGFSYEQYF,TRBV20-1*07,None,TRBJ2-7*01,1
459,CSAVARCSYEQYF,TRBV20-1*06,None,TRBJ2-7*01,1
460,CSAVTGFSYEQYF,TRBV20-1*01,None,TRBJ2-7*01,1
461,CSALAGFSYQQYF,TRBV20-1*01,None,TRBJ2-7*01,1
462,CASSLTSGETQYF,TRBV11-3*02,None,TRBJ2-7*01,1
463,CSTVAGFSYEPYF,TRBV20-1*06,None,TRBJ2-7*01,1
464,CSTAAGFSYEQYF,TRBV20-1*03,None,TRBJ2-7*01,1
465,CSTGAGITYEQYF,TRBV20-1*03,None,TRBJ2-7*01,1
466,CSTIAGFSYEQYF,TRBV20-1*02,None,TRBJ2-7*01,1
467,CSTIAGFSYEQYF,TRBV20-1*03,None,TRBJ2-7*01,1
468,CSTLAVFSYVQYF,TRBV20-1*07,None,TRBJ2-7*01,1
469,CSTQHRSGDHNEQFF,TRBV20-1*02,None,TRBJ2-1*01,1
470,CSTVAEFSYVQYF,TRBV20-1*06,None,TRBJ2-7*01,1
471,CSTVAGFSYEHYF,TRBV20-1*06,None,TRBJ2-7*01,1
472,CASRWDRRPVNSPHHF,TRBV7-8*03,None,TRBJ1-6*01,1
473,CSSVTGFSYEQYF,TRBV20-1*02,None,TRBJ2-7*01,1
474,CASRWDRLPVNSPLHF,TRBV7-8*03,None,TRBJ1-6*01,1
475,CSTVAGFSYNQYF,TRBV20-1*03,None,TRBJ2-7*01,1
476,CSTVAGFSYQQYF,TRBV20-1*06,None,TRBJ2-7*01,1
477,CSTVAGFSYVQYF,TRBV20-1*07,None,TRBJ2-7*01,1
478,CSTVAGVSYEQYF,TRBV20-1*03,None,TRBJ2-7*01,1
479,CSVAAGFSYEQYF,TRBV20-1*03,None,TRBJ2-7*01,1
480,CSVAAGFSYEQYF,TRBV20-1*06,None,TRBJ2-7*01,1
481,CSVETGSTDPQYF,TRBV29-1*02,None,TRBJ2-3*01,1
482,CSSVVGFSYVKYF,TRBV20-1*06,None,TRBJ2-7*01,1
483,CSSVEGFSYEQYF,TRBV20-1*01,None,TRBJ2-7*01,1
484,CASRWDRFPVNSPLHF,TRBV11-2*03,None,TRBJ1-6*01,1
485,CSSVAGISYERYF,TRBV20-1*03,None,TRBJ2-7*01,1
486,CASSEEHSPLHF,TRBV2*02,None,TRBJ1-6*01,1
487,CASSEEHSPLHF,TRBV11-3*03,None,TRBJ1-6*01,1
488,CASRWGRLAVDSTLHF,TRBV7-8*03,None,TRBJ1-6*01,1
489,CSSVAGFSYERYF,TRBV20-1*03,None,TRBJ2-7*01,1
490,CASRWGRFPVNSPLHF,TRBV7-8*03,None,TRBJ1-6*01,1
491,CSSVAGFSYQHYF,TRBV20-1*03,None,TRBJ2-7*01,1
492,CSSVAGFYYEQYF,TRBV20-1*02,None,TRBJ2-7*01,1
493,CSSVAGISYEQYF,TRBV20-1*04,None,TRBJ2-7*01,1
494,CSSVAGLFYEQYF,TRBV20-1*02,None,TRBJ2-7*01,1
495,CSSVAWFSYETYF,TRBV20-1*05,None,TRBJ2-7*01,1
496,CSSVAGLSYEQYF,TRBV20-1*02,None,TRBJ2-7*01,1
497,CSSVAGLSYEQYF,TRBV20-1*05,None,TRBJ2-7*01,1
498,CSSVAGLYYETYF,TRBV20-1*06,None,TRBJ2-7*01,1
499,CSSVAGSSYEQYF,TRBV20-1*02,None,TRBJ2-7*01,1
500,CSSVAGSSYEQYF,TRBV20-1*06,None,TRBJ2-7*01,1
501,CSSVAVFSYEQYF,TRBV20-1*06,None,TRBJ2-7*01,1
502,CSSVAWFSYEQYF,TRBV20-1*03,None,TRBJ2-7*01,1
503,CSSVAWFSYEQYF,TRBV20-1*06,None,TRBJ2-7*01,1
504,CASRWDRFPVNSPLHF,TRBV11-3*03,None,TRBJ1-6*01,1
505,CSVIAGFSYEQYF,TRBV20-1*03,None,TRBJ2-7*01,1
506,CASSLTRGETQYF,TRBV11-3*03,None,TRBJ2-5*01,1
507,CAISVTPWQEAQSTDTQYF,TRBV10-3*04,None,TRBJ2-3*01,1
508,CSVVTGFSYEQYF,TRBV20-1*02,None,TRBJ2-7*01,1
509,CSVVTGISYELYF,TRBV20-1*02,None,TRBJ2-7*01,1
510,CSWVAGFSYEQYF,TRBV20-1*03,None,TRBJ2-7*01,1
511,CSYVAGLYYEQYF,TRBV20-1*06,None,TRBJ2-7*01,1
512,CSYVARFSYEQYF,TRBV20-1*06,None,TRBJ2-7*01,1
513,CTAVAGFSYDQYF,TRBV20-1*02,None,TRBJ2-7*01,1
514,CTAVAGFSYELYF,TRBV20-1*03,None,TRBJ2-7*01,1
515,CAKNIGGVQPQHF,TRBV6-6*05,None,TRBJ1-5*01,1
516,CAISLGVSGSPYEQYF,TRBV11-3*03,None,TRBJ2-7*01,1
517,CSVVEGFYYDQYF,TRBV20-1*02,None,TRBJ2-7*01,1
518,CTAVAGVSYEQYF,TRBV20-1*07,None,TRBJ2-7*01,1
519,CTAVARFAYELYF,TRBV20-1*03,None,TRBJ2-7*01,1
520,CTAVAWFSYEQYF,TRBV20-1*06,None,TRBJ2-7*01,1
521,CTPVSGFSYEQYF,TRBV20-1*05,None,TRBJ2-7*01,1
522,CTSGQDPEAVYCYTF,TRBV4-3*01,None,TRBJ1-2*01,1
523,CTVVAGVSYEKYF,TRBV20-1*02,None,TRBJ2-7*01,1
524,CVSSFNVGPTYEQYF,TRBV14*02,None,TRBJ2-7*01,1
525,CVSSLTRWETQYF,TRBV11-3*02,None,TRBJ2-7*01,1
526,CSVVSGSSYEQYF,TRBV20-1*02,None,TRBJ2-7*01,1
527,CSVVAWFSYEQYF,TRBV20-1*06,None,TRBJ2-7*01,1
528,CSVPSGGVAVANVLTF,TRBV29-1*02,None,TRBJ2-6*01,1
529,CASNLRGTRLYGYTF,TRBV23-1*01,None,TRBJ1-2*01,1
530,CSVPSGGVSGANVLPF,TRBV29-1*02,None,TRBJ2-6*01,1
531,CSVPYGCVSGANVLTF,TRBV29-1*02,None,TRBJ2-6*01,1
532,CSVQPSSGEHNELFF,TRBV20-1*02,None,TRBJ2-5*01,1
533,CSVVAGFSYELYF,TRBV20-1*02,None,TRBJ2-7*01,1
534,CSVVAGFSYELYF,TRBV20-1*06,None,TRBJ2-7*01,1
535,CASRWDCVPVNSPLHF,TRBV7-8*03,None,TRBJ1-6*01,1
536,CASRPSGRGCTQQVF,TRBV7-9*04,None,TRBJ2-1*01,1
537,CASRPSGRGCNVQFF,TRBV7-9*04,None,TRBJ2-1*01,1
538,CSVVAGFSYERYF,TRBV20-1*06,None,TRBJ2-7*01,1
539,CSVVAVLSYEQYF,TRBV20-1*06,None,TRBJ2-7*01,1
540,CSVVAGFSYHKYF,TRBV20-1*02,None,TRBJ2-7*01,1
541,CSVVAGFTYERYF,TRBV20-1*06,None,TRBJ2-7*01,1
542,CSVVAGLSYEQYF,TRBV20-1*03,None,TRBJ2-7*01,1
543,CSVVAGLSYEQYF,TRBV20-1*04,None,TRBJ2-7*01,1
544,CSVVAGSSYEQYF,TRBV20-1*06,None,TRBJ2-7*01,1
545,CSVVAGVCYEPYF,TRBV20-1*03,None,TRBJ2-7*01,1
546,CSVVAGVSYEKYF,TRBV20-1*05,None,TRBJ2-7*01,1
547,CSVVARCSYEQNF,TRBV20-1*06,None,TRBJ2-7*01,1
548,CASSFGAGSYEQYF,TRBV11-2*03,None,TRBJ2-7*01,1
549,CSSVAGFSYELYF,TRBV20-1*02,None,TRBJ2-7*01,1
550,CSSVAGFSYEKYF,TRBV20-1*03,None,TRBJ2-7*01,1
551,CSDVAGISYEQYF,TRBV20-1*02,None,TRBJ2-7*01,1
552,CSCVAGFSYEQYF,TRBV20-1*02,None,TRBJ2-7*01,1
553,CSDVAGCSYQQYF,TRBV20-1*06,None,TRBJ2-7*01,1
554,CSDVAGFSCEQYF,TRBV20-1*06,None,TRBJ2-7*01,1
555,CASSLPGTRYEQFF,TRBV5-1*01,None,TRBJ2-7*01,1
556,CASSLPGTRYEQFF,TRBV14*02,None,TRBJ2-1*01,1
557,CASSLLRCRGKETLYF,TRBV7-4*01,None,TRBJ1-6*01,1
558,CSDVAGFSYEQYF,TRBV20-1*07,None,TRBJ2-7*01,1
559,CSDVAGISYEPYF,TRBV20-1*06,None,TRBJ2-7*01,1
560,CSDVAGVSYQQYF,TRBV20-1*06,None,TRBJ2-7*01,1
561,CSAVVGFSYVQYF,TRBV20-1*02,None,TRBJ2-7*01,1
562,CSDVAVFSYEQYF,TRBV20-1*02,None,TRBJ2-7*01,1
563,CSDVEGFSYEQYF,TRBV20-1*03,None,TRBJ2-7*01,1
564,CSELAGFTCELYF,TRBV20-1*02,TRBD2*01,TRBJ2-7*01,1
565,CSEVAGFSYEQYF,TRBV20-1*02,None,TRBJ2-7*01,1
566,CSFGQATGTEAFF,TRBV29-1*02,None,TRBJ1-1*01,1
567,CSFVAGFSYDLYF,TRBV20-1*02,None,TRBJ2-7*01,1
568,CSFVAGFSYEQYF,TRBV20-1*02,None,TRBJ2-7*01,1
569,CSFVAGFSYEQYF,TRBV20-1*06,None,TRBJ2-7*01,1
570,CSAVVGLSYEQYF,TRBV20-1*02,None,TRBJ2-7*01,1
571,CASSLTRGEAQYF,TRBV11-3*02,None,TRBJ2-5*01,1
572,CSSVAGFSFERYF,TRBV20-1*06,None,TRBJ2-7*01,1
573,CSAVTGSSYEQYF,TRBV20-1*02,None,TRBJ2-7*01,1
574,CSAVTGFSYEQYF,TRBV20-1*05,None,TRBJ2-7*01,1
575,CSAVAGLTYEQYF,TRBV20-1*06,None,TRBJ2-7*01,1
576,CSAVTGFSYERYF,TRBV20-1*06,None,TRBJ2-7*01,1
577,CSAVTGFSYGQYF,TRBV20-1*06,None,TRBJ2-7*01,1
578,CSAVTGFSYVQYF,TRBV20-1*03,None,TRBJ2-7*01,1
579,CSAVTGFTYEQYF,TRBV20-1*06,None,TRBJ2-7*01,1
580,CSAVTGFYYEQYF,TRBV20-1*02,None,TRBJ2-7*01,1
581,CSAVTGLSYVHYF,TRBV20-1*05,None,TRBJ2-7*01,1
582,CSAVTGSSYEQYF,TRBV20-1*03,None,TRBJ2-7*01,1
583,CASSLTRGETQYF,TRBV11-2*03,None,TRBJ2-5*01,1
584,CSAVTGVSYEQNF,TRBV20-1*07,None,TRBJ2-7*01,1
585,CSAVTGVSYEQYF,TRBV20-1*03,None,TRBJ2-7*01,1
586,CSAVTGVSYEQYF,TRBV20-1*06,None,TRBJ2-7*01,1
587,CSAVTVIFYHLYF,TRBV20-1*03,None,TRBJ1-1*01,1
588,CSAVVGFPYEQYF,TRBV20-1*03,None,TRBJ2-7*01,1
589,CSAVVGFSYAQYF,TRBV20-1*06,None,TRBJ2-7*01,1
590,CSAVVGFSYEQCF,TRBV20-1*06,None,TRBJ2-7*01,1
591,CASSLTRGETQYF,TRBV11-3*02,None,TRBJ2-1*01,1
592,CSGEAGFDYEQYF,TRBV20-1*04,None,TRBJ2-7*01,1
593,CSGEAGFSYEQYF,TRBV20-1*03,None,TRBJ2-5*01,1
594,CSGLAGFSYEPYF,TRBV20-1*03,None,TRBJ2-7*01,1
595,CSPVSGFSYAQYF,TRBV20-1*06,None,TRBJ2-7*01,1
596,CASSFGTGSYEQYF,TRBV11-2*02,None,TRBJ2-7*01,1
597,CSPVAGFSYGQYF,TRBV20-1*03,None,TRBJ2-7*01,1
598,CSPVAGFSYGQYF,TRBV20-1*06,None,TRBJ2-7*01,1
599,CSPVAGFSYVQYF,TRBV20-1*02,None,TRBJ2-7*01,1
600,CSPVAGFSYVQYF,TRBV20-1*06,None,TRBJ2-7*01,1
601,CSPVAGSSYEQYF,TRBV20-1*02,None,TRBJ2-7*01,1
602,CSPVAGSSYEQYF,TRBV20-1*06,None,TRBJ2-7*01,1
603,CASSFGTGPYEQYF,TRBV11-3*02,None,TRBJ2-7*01,1
604,CSSAAGFSYEQYF,TRBV20-1*06,None,TRBJ2-7*01,1
605,CASSGSSTNIQYF,TRBV19*03,None,TRBJ2-4*01,1
606,CSSASGFSYEQYF,TRBV20-1*06,None,TRBJ2-7*01,1
607,CSSGAGFSYEQYF,TRBV20-1*03,None,TRBJ2-7*01,1
608,CSSGAWFSYERYF,TRBV20-1*02,None,TRBJ2-7*01,1
609,CASSFGRGSYEQYF,TRBV11-3*02,None,TRBJ2-7*01,1
610,CSSLAGFTYEQYF,TRBV20-1*02,None,TRBJ2-7*01,1
611,CSSVAAFSYEQYF,TRBV20-1*03,None,TRBJ2-7*01,1
612,CSSVAEFSYERYF,TRBV20-1*02,None,TRBJ2-7*01,1
613,CSSVAEFSYEWYF,TRBV20-1*07,None,TRBJ2-7*01,1
614,CASSFGTGSYEQYF,TRBV19*03,None,TRBJ2-7*01,1
615,CASSFRVGPTYEQYF,TRBV14*02,None,TRBJ2-7*01,1
616,CSPVAGFSYEPYF,TRBV20-1*03,None,TRBJ2-7*01,1
617,CSPVAGFSYELYF,TRBV20-1*02,None,TRBJ2-7*01,1
618,CASSGSNTNIQYF,TRBV19*03,None,TRBJ2-7*01,1
619,CASSGSNTNILYF,TRBV19*03,None,TRBJ2-4*01,1
620,CSGVAGFSYERYF,TRBV20-1*02,None,TRBJ2-7*01,1
621,CSGVAGFSYERYF,TRBV20-1*03,None,TRBJ2-7*01,1
622,CASSFVTGSYEQYF,TRBV7-2*04,None,TRBJ2-7*01,1
623,CSGVAGVSYEQYF,TRBV20-1*05,None,TRBJ2-7*01,1
624,CSGVAWFSYEQYF,TRBV20-1*06,None,TRBJ2-7*01,1
625,CSGVSGFSYEQYF,TRBV20-1*01,None,TRBJ2-7*01,1
626,CSMETGSTDTQYF,TRBV29-1*02,None,TRBJ2-3*01,1
627,CASSFSVGPTYEQYF,TRBV14*02,None,TRBJ2-5*01,1
628,CSPAAGFSYEQYF,TRBV20-1*03,None,TRBJ2-7*01,1
629,CSPAAGFSYEQYF,TRBV20-1*06,None,TRBJ2-7*01,1
630,CSPGSGFSYEQYF,TRBV20-1*03,None,TRBJ2-7*01,1
631,CSPVAGFCYEQYF,TRBV20-1*03,None,TRBJ2-7*01,1
632,CSPVAGFSSVQYF,TRBV20-1*04,None,TRBJ2-7*01,1
633,CSPVAGFSYDQYF,TRBV20-1*02,None,TRBJ2-7*01,1
634,CSPVAGFSYEKYF,TRBV20-1*02,None,TRBJ2-7*01,1
635,CSAVAGLTYKQYF,TRBV20-1*02,None,TRBJ2-7*01,1
636,CSAVAGLSYQQYF,TRBV20-1*06,None,TRBJ2-7*01,1
637,CSAVAGLTYAQYF,TRBV20-1*06,None,TRBJ2-7*01,1
638,CSAGAGFSYEQYF,TRBV20-1*05,None,TRBJ2-7*01,1
639,CSAVAGFSFEKYF,TRBV20-1*03,None,TRBJ2-7*01,1
640,CSAVAGFSFEQHF,TRBV20-1*03,None,TRBJ2-7*01,1
641,CSAGAGLCYEQYF,TRBV20-1*06,None,TRBJ2-7*01,1
642,CSAGAGFYYEQYF,TRBV20-1*03,None,TRBJ2-7*01,1
643,CSAGAGFSYKQYF,TRBV20-1*03,None,TRBJ2-7*01,1
644,CSAVAGFSFEQYF,TRBV20-1*07,None,TRBJ2-7*01,1
645,CSAVAGFSFERYF,TRBV20-1*03,None,TRBJ2-7*01,1
646,CSAGAGFSYERYF,TRBV20-1*06,None,TRBJ2-7*01,1
647,CSAVAGFSHEQYF,TRBV20-1*04,None,TRBJ2-5*01,1
648,CSAVAGFSDEQYF,TRBV20-1*05,None,TRBJ2-7*01,1
649,CSAVAGFSNEQFF,TRBV20-1*02,None,TRBJ2-7*01,1
650,CSAGAGFSYEKYF,TRBV20-1*06,None,TRBJ2-7*01,1
651,CSAGAGFSYEKYF,TRBV20-1*03,None,TRBJ2-7*01,1
652,CSAVAGFSPEQYF,TRBV20-1*03,None,TRBJ2-7*01,1
653,CSAGAGFSYEHYF,TRBV20-1*06,None,TRBJ2-7*01,1
654,CSAVAGFSSELYF,TRBV20-1*06,None,TRBJ2-7*01,1
655,CSAVAGFSSEPYF,TRBV20-1*06,None,TRBJ2-7*01,1
656,CSAVAGFSSEQNF,TRBV20-1*07,None,TRBJ2-7*01,1
657,CSAGAGSSYEQYF,TRBV20-1*02,None,TRBJ2-7*01,1
658,CSAGAGSSYEQYF,TRBV20-1*06,None,TRBJ2-7*01,1
659,CSAGAGFDYEQYF,TRBV20-1*02,None,TRBJ2-7*01,1
660,CSAVAGFSCDQYF,TRBV20-1*02,None,TRBJ2-7*01,1
661,CSAIAEFSYEQYF,TRBV20-1*01,None,TRBJ2-7*01,1
662,CSAGGGFSYEQYF,TRBV20-1*06,None,TRBJ2-7*01,1
663,CSAVAGFPYEQYF,TRBV20-1*04,None,TRBJ2-7*01,1
664,CSAGGGFSYDQYF,TRBV20-1*03,None,TRBJ2-7*01,1
665,CSAVAGFPYGQYF,TRBV20-1*02,None,TRBJ2-7*01,1
666,CSAVAGFPYGQYF,TRBV20-1*03,None,TRBJ2-7*01,1
667,CSAVAGFPYGQYF,TRBV20-1*06,None,TRBJ2-7*01,1
668,CSAVAGFSCAQYF,TRBV20-1*03,None,TRBJ2-7*01,1
669,CSAVAGFSCEHYF,TRBV20-1*06,None,TRBJ2-7*01,1
670,CSAGAGVAYEQYF,TRBV20-1*06,None,TRBJ1-1*01,1
671,CSAVAGFSCEPYF,TRBV20-1*03,None,TRBJ2-7*01,1
672,CSAGAVSSYEQYF,TRBV20-1*03,None,TRBJ2-7*01,1
673,CSAGARNSQEQYF,TRBV20-1*06,None,TRBJ2-7*01,1
674,CSAVAGFSCEQYF,TRBV20-1*04,None,TRBJ2-7*01,1
675,CSAVAGFSCEQYF,TRBV20-1*05,None,TRBJ2-7*01,1
676,CSAGAGVSYEQYF,TRBV20-1*02,None,TRBJ2-7*01,1
677,CSAVAGFSCVQYF,TRBV20-1*01,None,TRBJ2-7*01,1
678,CSAVAGFSDEPYF,TRBV20-1*02,None,TRBJ2-7*01,1
679,CSAGAGFSDEQYF,TRBV20-1*02,None,TRBJ2-7*01,1
680,CSAGAGCCYEQDF,TRBV20-1*02,None,TRBJ2-7*01,1
681,CSAAAGFSYEQYF,TRBV20-1*05,None,TRBJ2-7*01,1
682,CSAAARFSYEQYF,TRBV20-1*03,None,TRBJ2-7*01,1
683,CSAEAGFSYEPYF,TRBV20-1*06,None,TRBJ2-7*01,1
684,CSAEAGFSYELYF,TRBV20-1*02,None,TRBJ2-7*01,1
685,CSAEAEFSYEQYF,TRBV20-1*07,None,TRBJ2-7*01,1
686,CSAVAGFSYEHCF,TRBV20-1*03,None,TRBJ2-7*01,1
687,CSAVAGFSYEHHF,TRBV20-1*06,None,TRBJ2-7*01,1
688,CSADAGFSYEQYF,TRBV20-1*06,None,TRBJ2-7*01,1
689,CSAAGFSYEQYF,TRBV20-1*06,None,TRBJ2-7*01,1
690,CSAAAWFSYEQYF,TRBV20-1*06,None,TRBJ2-7*01,1
691,CSAVAGFSYEKHF,TRBV20-1*02,None,TRBJ2-7*01,1
692,CSAVAGFSYEAYF,TRBV20-1*03,None,TRBJ2-7*01,1
693,CSAAAGLSYEQYF,TRBV20-1*06,None,TRBJ2-7*01,1
694,CSAAAGFYYEQYF,TRBV20-1*02,None,TRBJ2-7*01,1
695,CSAVAGFSYEKYF,TRBV20-1*05,None,TRBJ2-7*01,1
696,CSAAAGFSYVRYF,TRBV20-1*03,None,TRBJ2-7*01,1
697,CSAVAGFSYELCF,TRBV20-1*03,None,TRBJ2-7*01,1
698,CSAVAGFSYELFF,TRBV20-1*03,None,TRBJ2-7*01,1
699,CSAVAGFSYELHF,TRBV20-1*06,None,TRBJ2-7*01,1
700,CSAVAGFSYELYF,TRBV20-1*01,None,TRBJ2-7*01,1
701,CSAVAGFSYEECF,TRBV20-1*02,None,TRBJ2-7*01,1
702,CSAEAGFSYERYF,TRBV20-1*02,None,TRBJ2-7*01,1
703,CSAVAGFSSEQYF,TRBV20-1*07,None,TRBJ2-7*01,1
704,CSAEPGFSYEQYF,TRBV20-1*03,None,TRBJ2-7*01,1
705,CSAVAGFSSLHYF,TRBV20-1*02,None,TRBJ2-7*01,1
706,CSAVAGFSSVRYF,TRBV20-1*02,None,TRBJ2-7*01,1
707,CSAVAGFSYAEYF,TRBV20-1*06,None,TRBJ2-7*01,1
708,CSAVAGFSYAKYF,TRBV20-1*06,None,TRBJ2-7*01,1
709,CSAVAGFSYAPYF,TRBV20-1*03,None,TRBJ2-7*01,1
710,CSAGAEFPYEQYF,TRBV20-1*04,None,TRBJ2-7*01,1
711,CSAFAGFPYEQYF,TRBV20-1*03,None,TRBJ2-7*01,1
712,CSAVAGFSYAQYF,TRBV20-1*04,None,TRBJ2-7*01,1
713,CSAEAWFSYEQYF,TRBV20-1*03,None,TRBJ2-7*01,1
714,CSAEAGFSYETYF,TRBV20-1*03,None,TRBJ2-7*01,1
715,CSAVAGFSYDHYF,TRBV20-1*06,None,TRBJ2-7*01,1
716,CSAEAGVSYEQYF,TRBV20-1*03,None,TRBJ2-7*01,1
717,CSAVAGFSYDKYF,TRBV20-1*06,None,TRBJ2-7*01,1
718,CSAVAGFSYDLYF,TRBV20-1*03,None,TRBJ2-7*01,1
719,CSAEAGSSYERYF,TRBV20-1*02,None,TRBJ2-7*01,1
720,CSAVAGFSYDPYF,TRBV20-1*03,None,TRBJ2-7*01,1
721,CSAEAGISYEQYF,TRBV20-1*03,None,TRBJ2-7*01,1
722,CSAEAGISYEQYF,TRBV20-1*02,None,TRBJ2-7*01,1
723,CSAVAGFPYEPYF,TRBV20-1*06,None,TRBJ2-7*01,1
724,CSAVAGFHYEQYF,TRBV20-1*06,None,TRBJ2-7*01,1
725,CSAVAGFFYERYF,TRBV20-1*02,None,TRBJ2-7*01,1
726,CSAVAAFYYEQYF,TRBV20-1*02,None,TRBJ2-7*01,1
727,CSASDWQGSYNEQFF,TRBV20-1*05,None,TRBJ2-7*01,1
728,CSASYWHCFCNQQFF,TRBV20-1*06,None,TRBJ2-1*01,1
729,CSAVAAFSYEKYF,TRBV20-1*02,None,TRBJ2-7*01,1
730,CSAVAAFSYELYF,TRBV20-1*02,None,TRBJ2-5*01,1
731,CSALAGFSYAQYF,TRBV20-1*06,None,TRBJ2-7*01,1
732,CSALAGFSCEQYF,TRBV20-1*03,None,TRBJ2-7*01,1
733,CSALAGFPYEQYF,TRBV20-1*06,None,TRBJ2-7*01,1
734,CSAVAAFSYERYF,TRBV20-1*06,None,TRBJ2-7*01,1
735,CSAVAALAYEQYF,TRBV20-1*02,None,TRBJ2-7*01,1
736,CSARAWLGYYNEQYF,TRBV20-1*07,None,TRBJ2-1*01,1
737,CSAVAALSYKLYF,TRBV20-1*06,None,TRBJ2-7*01,1
738,CSAVAAVSYQQYF,TRBV20-1*07,None,TRBJ2-7*01,1
739,CSAVAAYSYEQYF,TRBV20-1*06,None,TRBJ2-7*01,1
740,CSAVADFSYEQYF,TRBV20-1*06,None,TRBJ2-7*01,1
741,CSAVAEFCYGQYF,TRBV20-1*03,None,TRBJ2-7*01,1
742,CSAVAEFSHEQYF,TRBV20-1*06,None,TRBJ2-7*01,1
743,CSAVAEFSYDRSF,TRBV20-1*03,None,TRBJ2-7*01,1
744,CSAVAEFSYEHYF,TRBV20-1*02,None,TRBJ2-7*01,1
745,CSASAGVSYEQYF,TRBV20-1*06,None,TRBJ2-7*01,1
746,CSARAGFSYEQYF,TRBV20-1*07,None,TRBJ2-7*01,1
747,CSAIAGFCYEHYF,TRBV20-1*03,None,TRBJ2-7*01,1
748,CSALMAGQACF,TRBV20-1*02,None,TRBJ1-1*01,1
749,CSALAGFSYVQYF,TRBV20-1*03,None,TRBJ2-7*01,1
750,CSALAGFSYERYF,TRBV20-1*02,None,TRBJ2-7*01,1
751,CSALAGVSYEQYF,TRBV20-1*06,TRBD2*01,TRBJ2-7*01,1
752,CSALAVFSYEQYF,TRBV20-1*02,None,TRBJ2-7*01,1
753,CSALAWSPYKQYF,TRBV20-1*03,None,TRBJ2-7*01,1
754,CSALGGFSYEPYF,TRBV20-1*06,None,TRBJ2-7*01,1
755,CSALLAGQVFF,TRBV20-1*03,None,TRBJ1-1*01,1
756,CSALMACQDFF,TRBV20-1*06,None,TRBJ1-1*01,1
757,CSALAGFSYEQYF,TRBV20-1*02,None,TRBJ2-5*01,1
758,CSALAGFSYEEYF,TRBV20-1*06,None,TRBJ2-7*01,1
759,CSALAGFSYELYF,TRBV20-1*02,None,TRBJ2-7*01,1
760,CSALMAGQGFF,TRBV20-1*06,None,TRBJ1-1*01,1
761,CSALSGSSYEQYF,TRBV20-1*03,None,TRBJ2-7*01,1
762,CSALVAVQAFF,TRBV20-1*02,None,TRBJ1-1*01,1
763,CSALVGFSYEQYF,TRBV20-1*02,None,TRBJ2-7*01,1
764,CSAMAGISYKQYF,TRBV20-1*06,None,TRBJ2-7*01,1
765,CSALAGFSYEHYF,TRBV20-1*02,None,TRBJ2-7*01,1
766,CSALAGFSYEHYF,TRBV20-1*01,None,TRBJ2-7*01,1
767,CSAVAEFSYELYF,TRBV20-1*06,None,TRBJ2-7*01,1
768,CSAVAEFSYEPYF,TRBV20-1*02,None,TRBJ2-7*01,1
769,CSALAGFAYEQYF,TRBV20-1*03,None,TRBJ2-7*01,1
770,CSAIAGLSYEQYF,TRBV20-1*02,None,TRBJ2-7*01,1
771,CSAVAGFAYDLYF,TRBV20-1*06,None,TRBJ2-7*01,1
772,CSAVAGFAYEQDF,TRBV20-1*03,None,TRBJ2-7*01,1
773,CSAIAVFSYEQYF,TRBV20-1*07,None,TRBJ2-7*01,1
774,CSAVAGFAYEQYF,TRBV20-1*03,None,TRBJ2-7*01,1
775,CSAVAGFAYEQYF,TRBV20-1*04,None,TRBJ2-7*01,1
776,CSAIAGVSYEQYF,TRBV20-1*06,None,TRBJ2-7*01,1
777,CSAVAGFCYDQYF,TRBV20-1*02,None,TRBJ2-7*01,1
778,CSAVAGFCYDQYF,TRBV20-1*06,None,TRBJ2-7*01,1
779,CSAIAGISYEQYF,TRBV20-1*06,None,TRBJ2-7*01,1
780,CSALAGCSYEPYF,TRBV20-1*02,None,TRBJ2-7*01,1
781,CSAIAGISYELYF,TRBV20-1*07,None,TRBJ2-7*01,1
782,CSAVAGFCYESYF,TRBV20-1*02,None,TRBJ2-7*01,1
783,CSAVAGFCYLQYF,TRBV20-1*03,None,TRBJ2-7*01,1
784,CSAVAGFCYVHYF,TRBV20-1*02,None,TRBJ2-7*01,1
785,CSAVAGFFCEQYF,TRBV20-1*03,None,TRBJ2-7*01,1
786,CSAVAGFFYEQCF,TRBV20-1*06,None,TRBJ2-7*01,1
787,CSAIAGFSYEQCF,TRBV20-1*02,None,TRBJ2-7*01,1
788,CSAIAGFSYELYF,TRBV20-1*06,None,TRBJ2-7*01,1
789,CSAVAGDSYEQYF,TRBV20-1*06,None,TRBJ2-7*01,1
790,CSAVAGDSYEQYF,TRBV20-1*02,None,TRBJ2-7*01,1
791,CSAVAGCSYETYF,TRBV20-1*02,None,TRBJ2-7*01,1
792,CSAIAWFSYQQYF,TRBV20-1*03,None,TRBJ2-7*01,1
793,CSALAEFSYEQYF,TRBV20-1*06,None,TRBJ2-7*01,1
794,CSALACSAYERYF,TRBV20-1*03,None,TRBJ2-7*01,1
795,CSAVAEFSYERYF,TRBV20-1*06,None,TRBJ2-7*01,1
796,CSAVAEFSYVQYF,TRBV20-1*02,None,TRBJ2-7*01,1
797,CSAVAEFTYEQYF,TRBV20-1*06,None,TRBJ2-7*01,1
798,CSAVAEFYYEQYF,TRBV20-1*03,None,TRBJ2-7*01,1
799,CSAVAEISYELYF,TRBV20-1*06,None,TRBJ2-7*01,1
800,CSAVAEISYEQYF,TRBV20-1*03,None,TRBJ2-7*01,1
801,CSAVAEVSYQQYF,TRBV20-1*03,None,TRBJ2-7*01,1
802,CSAVAGAASEQYF,TRBV20-1*04,None,TRBJ2-7*01,1
803,CSAVAGASYEQYF,TRBV20-1*02,None,TRBJ2-7*01,1
804,CSAVAGCSYAQYF,TRBV20-1*02,None,TRBJ2-7*01,1
805,CSAVAGCSYDQCF,TRBV20-1*01,None,TRBJ2-7*01,1
806,CSAVAGCSYELCF,TRBV20-1*03,None,TRBJ2-7*01,1
807,CSAVAGCSYEPYF,TRBV20-1*03,None,TRBJ2-7*01,1
808,CSAITGFSYEQYF,TRBV20-1*02,None,TRBJ2-7*01,1
809,CSAISGFSYEQYF,TRBV20-1*02,None,TRBJ2-7*01,1
810,CSAAAGFSYVQYF,TRBV20-1*02,None,TRBJ2-7*01,1
811,CSAVAGFSYELYF,TRBV20-1*05,None,TRBJ2-7*01,1
812,CGAVAGFSYQQYF,TRBV20-1*06,None,TRBJ2-7*01,1
813,CSAVAGFYYELYF,TRBV20-1*03,None,TRBJ2-7*01,1
814,CSAVAGFWYEQYF,TRBV20-1*06,None,TRBJ2-7*01,1
815,CSAVAGFYEQYF,TRBV20-1*06,None,TRBJ2-7*01,1
816,CSAVAGFYYAQYF,TRBV20-1*02,None,TRBJ2-7*01,1
817,CSAVAGFYYEEYF,TRBV20-1*02,None,TRBJ2-7*01,1
818,CSAVAGFYYEHYF,TRBV20-1*02,None,TRBJ2-7*01,1
819,CSAVAGFYYEKYF,TRBV20-1*03,None,TRBJ2-7*01,1
820,CNAVAGFTYERYF,TRBV20-1*06,None,TRBJ2-7*01,1
821,CNAVAGFSYVPYF,TRBV20-1*03,None,TRBJ2-7*01,1
822,CSAVAGFYYELYF,TRBV20-1*06,None,TRBJ2-7*01,1
823,CNAVAGLSYEQYF,TRBV20-1*07,None,TRBJ2-7*01,1
824,CSAVAGFYYEQHF,TRBV20-1*03,None,TRBJ2-1*01,1
825,CNAVAGFSYEQYF,TRBV20-1*04,None,TRBJ2-7*01,1
826,CNAVAGFSYEQYF,TRBV20-1*01,None,TRBJ2-7*01,1
827,CNAVAGFSYEQCF,TRBV20-1*02,None,TRBJ2-7*01,1
828,CNAVAGFSYDQYF,TRBV20-1*03,None,TRBJ2-7*01,1
829,CNAVAGCSYEEYF,TRBV20-1*03,None,TRBJ2-7*01,1
830,CSAVAGFYYKQYF,TRBV20-1*02,None,TRBJ2-7*01,1
831,CSAVAGFYYKQYF,TRBV20-1*03,None,TRBJ2-7*01,1
832,CSAVAGFTYERYF,TRBV20-1*06,None,TRBJ2-7*01,1
833,CSAVAGFTYEQYF,TRBV20-1*04,None,TRBJ2-7*01,1
834,CNAAAGFSYEQYF,TRBV20-1*02,None,TRBJ2-7*01,1
835,CSAVAGFSYVQYF,TRBV20-1*04,None,TRBJ2-7*01,1
836,CSAVAGFSYVLYF,TRBV20-1*04,None,TRBJ2-7*01,1
837,CSAVAGFSYVPYF,TRBV20-1*03,None,TRBJ2-7*01,1
838,CSAVAGFSYVQDF,TRBV20-1*02,None,TRBJ2-7*01,1
839,CRAVAGFSFEQYF,TRBV20-1*06,None,TRBJ2-7*01,1
840,CSAVAGFSYVQNF,TRBV20-1*03,None,TRBJ2-7*01,1
841,CSAVAGFSYVQYF,TRBV20-1*01,None,TRBJ2-7*01,1
842,CRAVAGFSDEQYF,TRBV20-1*02,None,TRBJ2-7*01,1
843,CRAVAGFPYEQYF,TRBV20-1*02,None,TRBJ2-7*01,1
844,CRAGAGFSYELYF,TRBV20-1*02,None,TRBJ2-7*01,1
845,CNAVARFSYEQYF,TRBV20-1*06,None,TRBJ2-7*01,1
846,CRAEAGFSYEQYF,TRBV20-1*05,None,TRBJ2-7*01,1
847,CQKEGRSGDEKQFF,TRBV7-9*04,None,TRBJ1-4*01,1
848,CSAVAGFSYVWYF,TRBV20-1*06,None,TRBJ2-7*01,1
849,CSAVAGFSYVYYF,TRBV20-1*03,None,TRBJ2-7*01,1
850,CSAVAGFSYYQYF,TRBV20-1*06,None,TRBJ2-7*01,1
851,CSAVAGFTCEQYF,TRBV20-1*02,None,TRBJ2-7*01,1
852,CPSSEEHSPFHF,TRBV2*01,None,TRBJ1-6*01,1
853,CNAVEGFSYEQYF,TRBV20-1*02,None,TRBJ2-7*01,1
854,CSAVAGGAYEQYF,TRBV20-1*03,TRBD2*01,TRBJ2-7*01,1
855,CMAGAGFSYEQYF,TRBV20-1*03,None,TRBJ2-7*01,1
856,CSAAAGFSYEQCF,TRBV20-1*02,None,TRBJ2-7*01,1
857,CIAVAGFSYDQYF,TRBV20-1*06,None,TRBJ2-7*01,1
858,CSAVAGLSFEQYF,TRBV20-1*02,None,TRBJ2-7*01,1
859,CSAVAGLSSKQYF,TRBV20-1*06,None,TRBJ2-5*01,1
860,CSAVAGLSYEHYF,TRBV20-1*03,None,TRBJ2-7*01,1
861,CSAVAGLSYEKYF,TRBV20-1*02,None,TRBJ2-7*01,1
862,CSAVAGLSYEKYF,TRBV20-1*04,None,TRBJ2-7*01,1
863,CSAVAGLSYEKYF,TRBV20-1*06,None,TRBJ2-7*01,1
864,CIAVAGFSYEHYF,TRBV20-1*02,None,TRBJ2-7*01,1
865,CSAVAGLSYELYF,TRBV20-1*03,None,TRBJ2-7*01,1
866,CSAVAGLSYEPDF,TRBV20-1*03,None,TRBJ1-6*02,1
867,CSAVAGLFYEQYF,TRBV20-1*03,None,TRBJ2-7*01,1
868,CSAVAGLSYEPYF,TRBV20-1*02,None,TRBJ2-7*01,1
869,CSAVAGLSYEQDF,TRBV20-1*03,None,TRBJ2-7*01,1
870,CIAVAGFSNEQYF,TRBV20-1*02,None,TRBJ2-7*01,1
871,CIALVGLSYVQYF,TRBV20-1*04,None,TRBJ2-7*01,1
872,CHAVAGFSYDQYF,TRBV20-1*03,None,TRBJ2-7*01,1
873,CSAVAGLSYERDF,TRBV20-1*03,None,TRBJ2-7*01,1
874,CGAVTGFSYEQYF,TRBV20-1*03,None,TRBJ2-7*01,1
875,CSALAGFSYQQYF,TRBV20-1*02,None,TRBJ2-7*01,1
876,CSAVAGLSFEPYF,TRBV20-1*03,None,TRBJ2-7*01,1
877,CSAVAGLCYEQYF,TRBV20-1*03,None,TRBJ2-7*01,1
878,CSAVAGIGYEQYF,TRBV20-1*03,None,TRBJ2-7*01,1
879,CIAVARFSYEQYF,TRBV20-1*03,None,TRBJ2-7*01,1
880,CSAVAGISSEQYF,TRBV20-1*06,None,TRBJ2-7*01,1
881,CSAVAGISSVQYF,TRBV20-1*02,None,TRBJ2-7*01,1
882,CSAVAGISYALYF,TRBV20-1*04,None,TRBJ2-7*01,1
883,CLAVAGFSYEQYF,TRBV20-1*02,None,TRBJ2-7*01,1
884,CSAVAGISYEHYF,TRBV20-1*06,None,TRBJ2-7*01,1
885,CSAVAGISYEKYF,TRBV20-1*06,None,TRBJ2-7*01,1
886,CSAVAGISYELYF,TRBV20-1*06,None,TRBJ2-7*01,1
887,CSAVAGISYELYF,TRBV20-1*07,None,TRBJ2-7*01,1
888,CSAVAGISYEQSF,TRBV20-1*03,None,TRBJ2-7*01,1
889,CSAVAGLCYEKYF,TRBV20-1*06,None,TRBJ2-7*01,1
890,CIAVAGVSYEQYF,TRBV20-1*02,None,TRBJ2-7*01,1
891,CIAVAGSSYEQYF,TRBV20-1*03,None,TRBJ2-7*01,1
892,CSAVAGISYEQYF,TRBV20-1*05,None,TRBJ2-7*01,1
893,CIAVAGFSYEQCF,TRBV20-1*06,None,TRBJ2-7*01,1
894,CSAVAGISYGQYF,TRBV20-1*03,None,TRBJ2-7*01,1
895,CSAVAGISYVQYF,TRBV20-1*06,None,TRBJ2-7*01,1
896,CSAVAGITYELYF,TRBV20-1*03,None,TRBJ2-7*01,1
897,CSAVAGLAYPQYF,TRBV20-1*06,None,TRBJ2-7*01,1
898,CSAVAGFSYVKYF,TRBV20-1*03,None,TRBJ2-7*01,1
899,CSAVAGFSYVHYF,TRBV20-1*02,None,TRBJ2-7*01,1
900,CSAVAGFSYVHHF,TRBV20-1*06,None,TRBJ2-7*01,1
901,CRAVAGVSYEQYF,TRBV20-1*03,None,TRBJ2-7*01,1
902,CRAVEGFSYEQYF,TRBV20-1*06,None,TRBJ2-7*01,1
903,CRAVAWFSYEQYF,TRBV20-1*02,None,TRBJ2-7*01,1
904,CRAVARVSNEQYF,TRBV20-1*02,None,TRBJ2-7*01,1
905,CSAVAGFSYEQSF,TRBV20-1*04,None,TRBJ2-7*01,1
906,CRAVARFSYELYF,TRBV20-1*02,None,TRBJ2-7*01,1
907,CRAVAGVSYVQYF,TRBV20-1*03,None,TRBJ2-7*01,1
908,CSAVAGFSYEQYF,TRBV20-1*02,None,TRBJ1-1*01,1
909,CRAVAGVSYEQYF,TRBV20-1*05,None,TRBJ2-7*01,1
910,CAISETPWQEAQSTDTQYF,TRBV10-3*02,None,TRBJ2-3*01,1
911,CRAVGGFSYDQYF,TRBV20-1*07,None,TRBJ2-7*01,1
912,CSAVAGFSYEQYF,TRBV20-1*03,None,TRBJ1-6*01,1
913,CSAVAGFSYEQYF,TRBV20-1*03,None,TRBJ2-5*01,1
914,CRAVAGSSYEQYF,TRBV20-1*05,None,TRBJ2-7*01,1
915,CRAVAGSSYEQYF,TRBV20-1*02,None,TRBJ2-7*01,1
916,CSAVAGFSYEQYF,TRBV20-1*05,None,TRBJ1-6*01,1
917,CRAVAGSSYEPYF,TRBV20-1*03,None,TRBJ2-7*01,1
918,CSAVAGFSYEQYF,TRBV20-1*06,None,TRBJ1-1*01,1
919,CSAVAGFSYEQYF,TRBV20-1*06,None,TRBJ1-6*02,1
920,CRAVEVFSYEQYF,TRBV20-1*02,None,TRBJ2-7*01,1
921,CSAVAGFSYEQKF,TRBV20-1*03,None,TRBJ2-7*01,1
922,CSAVAGFSYVEYF,TRBV20-1*03,None,TRBJ2-7*01,1
923,CSAAAGFFYEQYF,TRBV20-1*03,None,TRBJ2-7*01,1
924,CSAVAGFSYEPKF,TRBV20-1*02,None,TRBJ2-7*01,1
925,CSAAAGFSYELYF,TRBV20-1*06,None,TRBJ2-7*01,1
926,CSAVAGFSYEPYF,TRBV20-1*04,None,TRBJ2-7*01,1
927,CSAAAGFSYELYF,TRBV20-1*02,None,TRBJ2-7*01,1
928,CSAAAGFSYEEYF,TRBV20-1*03,None,TRBJ2-7*01,1
929,CSAVAGFSYEPYF,TRBV20-1*07,None,TRBJ2-7*01,1
930,CSAAAGFSFEPYF,TRBV20-1*05,None,TRBJ2-7*01,1
931,CSAAAGFPYEQYF,TRBV20-1*03,None,TRBJ2-7*01,1
932,CSAVAGFSYEQDF,TRBV20-1*02,None,TRBJ2-7*01,1
933,CRAVSGFSYEQYF,TRBV20-1*04,None,TRBJ2-7*01,1
934,CSAVAGFSYEQDF,TRBV20-1*03,None,TRBJ2-7*01,1
935,CSAVAGFSYEQDF,TRBV20-1*04,None,TRBJ2-7*01,1
936,CSAAAGCSYEQHF,TRBV20-1*05,None,TRBJ2-7*01,1
937,CRTVAGFSYEQYF,TRBV20-1*06,None,TRBJ2-7*01,1
938,CRSLAGFSYEQYF,TRBV20-1*06,None,TRBJ2-7*01,1
939,CRSIAGFSYEQYF,TRBV20-1*06,None,TRBJ2-7*01,1
940,CRPVAGFSYELYF,TRBV20-1*05,None,TRBJ2-7*01,1
941,CRAVSVFSYEQYF,TRBV20-1*05,None,TRBJ2-7*01,1
942,CRAVAGPSYELYF,TRBV20-1*02,None,TRBJ2-7*01,1
943,CRAVAGLSYEQYF,TRBV20-1*06,None,TRBJ2-7*01,1
944,CRAVAGLSYEQYF,TRBV20-1*03,None,TRBJ2-7*01,1
945,CSAVAGFSYPQYF,TRBV20-1*02,None,TRBJ2-7*01,1
946,CRAVAGFSYEQYF,TRBV20-1*07,None,TRBJ2-7*01,1
947,CRAVAGFSYEQYF,TRBV20-1*05,None,TRBJ2-7*01,1
948,CRAVAGFSYEQYF,TRBV20-1*04,None,TRBJ2-7*01,1
949,CSAVAGFSYKQYF,TRBV20-1*07,None,TRBJ2-7*01,1
950,CSAVAGFSYLQYF,TRBV20-1*02,None,TRBJ2-7*01,1
951,CRAVAGFSYELYF,TRBV20-1*06,None,TRBJ2-7*01,1
952,CSAVAGFSYLQYF,TRBV20-1*06,None,TRBJ2-7*01,1
953,CSAVAGFSYNQYF,TRBV20-1*02,None,TRBJ2-7*01,1
954,CSAVAGFSYQHYF,TRBV20-1*06,None,TRBJ2-7*01,1
955,CSAVAGFSYERDF,TRBV20-1*03,None,TRBJ2-7*01,1
956,CSAVAGFSYQLYF,TRBV20-1*06,None,TRBJ2-7*01,1
957,CSAVAGFSYQQNF,TRBV20-1*06,None,TRBJ2-7*01,1
958,CSAVAGFSYQQYF,TRBV20-1*01,None,TRBJ2-7*01,1
959,CRAVAGFSYDQYF,TRBV20-1*06,None,TRBJ2-7*01,1
960,CSAVAGFSYQQYF,TRBV20-1*05,None,TRBJ2-7*01,1
961,CRAVAGFSYDQYF,TRBV20-1*02,None,TRBJ2-7*01,1
962,CRAVAGFSSEQYF,TRBV20-1*02,None,TRBJ2-7*01,1
963,CSAVAGFSYSQYF,TRBV20-1*03,None,TRBJ2-7*01,1
964,CSAVAGFSYKLYF,TRBV20-1*06,None,TRBJ2-7*01,1
965,CSAVAGFSYKLYF,TRBV20-1*03,None,TRBJ2-7*01,1
966,CSAVAGFSYKKYF,TRBV20-1*06,None,TRBJ2-7*01,1
967,CSAVAGFSYKKYF,TRBV20-1*02,None,TRBJ2-7*01,1
968,CSAVAGFSYERHF,TRBV20-1*02,None,TRBJ2-7*01,1
969,CSAVAGFSYERHF,TRBV20-1*06,None,TRBJ2-7*01,1
970,CRAVAGLSYDLYF,TRBV20-1*02,None,TRBJ2-7*01,1
971,CRAVAGLAYEQYF,TRBV20-1*06,None,TRBJ2-7*01,1
972,CSAVAGFSYERYF,TRBV20-1*04,None,TRBJ2-7*01,1
973,CRAVAGISYEQYF,TRBV20-1*04,None,TRBJ2-7*01,1
974,CRAVAGISYEQYF,TRBV20-1*03,None,TRBJ2-7*01,1
975,CSAVAGFSYETYF,TRBV20-1*03,None,TRBJ2-7*01,1
976,CRAVAGISYEQYF,TRBV20-1*02,None,TRBJ2-7*01,1
977,CRAVAGFYYEQYF,TRBV20-1*06,None,TRBJ2-7*01,1
978,CSAVAGFSYEYYF,TRBV20-1*06,None,TRBJ2-7*01,1
979,CSAVAGFSYGLYF,TRBV20-1*02,None,TRBJ2-7*01,1
980,CSAVAGFSYGQCF,TRBV20-1*06,None,TRBJ2-7*01,1
981,CRAVAGFYYEHYF,TRBV20-1*06,None,TRBJ2-7*01,1
982,CRAVAGFTYEQYF,TRBV20-1*02,None,TRBJ2-7*01,1
983,CRAVAGFSYERYF,TRBV20-1*06,None,TRBJ2-7*01,1
984,CRAVAGFSYERDF,TRBV20-1*03,None,TRBJ2-7*01,1
985,CYAVEGISYEQYF,TRBV20-1*03,None,TRBJ2-7*01,1
