,CDR3seq,V-region,D-region,J-region,Frequency
1,CSAVAGFSYEQYF,TRBV20-1*03,None,TRBJ2-7*01,66105
2,CSAVAGFSYEQYF,TRBV20-1*06,None,TRBJ2-7*01,64802
3,CSAVAGFSYEQYF,TRBV20-1*02,None,TRBJ2-7*01,64694
4,CSAVAGLSYEQYF,TRBV20-1*02,None,TRBJ2-7*01,199
5,CSAVAGLSYEQYF,TRBV20-1*03,None,TRBJ2-7*01,182
6,CSAVAGLSYEQYF,TRBV20-1*06,None,TRBJ2-7*01,173
7,CSAVAGSSYEQYF,TRBV20-1*02,None,TRBJ2-7*01,164
8,CSAVAGFPYEQYF,TRBV20-1*06,None,TRBJ2-7*01,161
9,CSAVAGFPYEQYF,TRBV20-1*03,None,TRBJ2-7*01,161
10,CSAVAGFPYEQYF,TRBV20-1*02,None,TRBJ2-7*01,151
11,CSAVAGSSYEQYF,TRBV20-1*06,None,TRBJ2-7*01,144
12,CSAVAGSSYEQYF,TRBV20-1*03,None,TRBJ2-7*01,133
13,CSAVAGFSYEQYF,TRBV20-1*05,None,TRBJ2-7*01,124
14,CSAVAGFSNEQYF,TRBV20-1*02,None,TRBJ2-7*01,124
15,CSAVAGFSYGQYF,TRBV20-1*06,None,TRBJ2-7*01,113
16,CSAVAGFSNEQYF,TRBV20-1*03,None,TRBJ2-7*01,112
17,CSAVAGFSNEQYF,TRBV20-1*06,None,TRBJ2-7*01,108
18,CSAVAGFSYEQYF,TRBV20-1*07,None,TRBJ2-7*01,108
19,CSAVAGFSYGQYF,TRBV20-1*03,None,TRBJ2-7*01,107
20,CSAVAGFSYEQYF,TRBV20-1*04,None,TRBJ2-7*01,106
21,CSAVAGFSCEQYF,TRBV20-1*03,None,TRBJ2-7*01,104
22,CSAVAGFSYGQYF,TRBV20-1*02,None,TRBJ2-7*01,98
23,CSAVAGFSCEQYF,TRBV20-1*06,None,TRBJ2-7*01,97
24,CSAVAGFSCEQYF,TRBV20-1*02,None,TRBJ2-7*01,96
25,CSAAAGFSYEQYF,TRBV20-1*02,None,TRBJ2-7*01,94
26,CGAVAGFSYEQYF,TRBV20-1*03,None,TRBJ2-7*01,91
27,CSAAAGFSYEQYF,TRBV20-1*03,None,TRBJ2-7*01,87
28,CSAVAGFSYEQYF,TRBV20-1*01,None,TRBJ2-7*01,85
29,CSAAAGFSYEQYF,TRBV20-1*06,None,TRBJ2-7*01,83
30,CASSYSNYGYTF,TRBV6-6*03,None,TRBJ1-2*01,78
31,CSAVAGFSYEQHF,TRBV20-1*02,None,TRBJ2-7*01,77
32,CGAVAGFSYEQYF,TRBV20-1*06,None,TRBJ2-7*01,76
33,CSAVVGFSYEQYF,TRBV20-1*06,None,TRBJ2-7*01,75
34,CSAVAGFSYEQHF,TRBV20-1*03,None,TRBJ2-7*01,74
35,CSAVAGFSYEQHF,TRBV20-1*06,None,TRBJ2-7*01,74
36,CSAVAGFSYERYF,TRBV20-1*06,None,TRBJ2-7*01,74
37,CSAVAGFSYERYF,TRBV20-1*02,None,TRBJ2-7*01,74
38,CSAVAGVSYEQYF,TRBV20-1*03,None,TRBJ2-7*01,70
39,CSAVAGFSYEKYF,TRBV20-1*02,None,TRBJ2-7*01,69
40,CSAVVGFSYEQYF,TRBV20-1*02,None,TRBJ2-7*01,67
41,CSAVVGFSYEQYF,TRBV20-1*03,None,TRBJ2-7*01,67
42,CGAVAGFSYEQYF,TRBV20-1*02,None,TRBJ2-7*01,66
43,CSAVARFSYEQYF,TRBV20-1*03,None,TRBJ2-7*01,65
44,CSAVARFSYEQYF,TRBV20-1*02,None,TRBJ2-7*01,64
45,CSAVAGFSYKQYF,TRBV20-1*06,None,TRBJ2-7*01,63
46,CSTVAGFSYEQYF,TRBV20-1*06,None,TRBJ2-7*01,63
47,CSAVAGFSYERYF,TRBV20-1*03,None,TRBJ2-7*01,63
48,CASSYGAANTEAFF,TRBV6-6*03,None,TRBJ1-1*01,62
49,CSAVAGVSYEQYF,TRBV20-1*02,None,TRBJ2-7*01,62
50,CSAVAGFSHEQYF,TRBV20-1*06,None,TRBJ2-7*01,61
51,CSAVAGFSYEKYF,TRBV20-1*06,None,TRBJ2-7*01,61
52,CSAVAGFSYKQYF,TRBV20-1*03,None,TRBJ2-7*01,60
53,CSTVAGFSYEQYF,TRBV20-1*02,None,TRBJ2-7*01,59
54,CSAVAGFSYEKYF,TRBV20-1*03,None,TRBJ2-7*01,58
55,CSAVAGFSHEQYF,TRBV20-1*02,None,TRBJ2-7*01,55
56,CSAVAGVSYEQYF,TRBV20-1*06,None,TRBJ2-7*01,55
57,CSAVAGFSYELYF,TRBV20-1*06,None,TRBJ2-7*01,54
58,CSAVAGFSYKQYF,TRBV20-1*02,None,TRBJ2-7*01,54
59,CSAVAWFSYEQYF,TRBV20-1*03,None,TRBJ2-7*01,52
60,CSAVAGFSYDQYF,TRBV20-1*02,None,TRBJ2-7*01,52
61,CSSVAGFSYEQYF,TRBV20-1*02,None,TRBJ2-7*01,51
62,CSAVAGFFYEQYF,TRBV20-1*02,None,TRBJ2-7*01,51
63,CSSVAGFSYEQYF,TRBV20-1*03,None,TRBJ2-7*01,50
64,CSVVAGFSYEQYF,TRBV20-1*03,None,TRBJ2-7*01,49
65,CSAVAWFSYEQYF,TRBV20-1*02,None,TRBJ2-7*01,49
66,CASSIGGTGLRGEQFF,TRBV19*03,None,TRBJ2-1*01,49
67,CSSVAGFSYEQYF,TRBV20-1*06,None,TRBJ2-7*01,48
68,CSAVARFSYEQYF,TRBV20-1*06,None,TRBJ2-7*01,47
69,CSAVAGFSYAQYF,TRBV20-1*06,None,TRBJ2-7*01,47
70,CSAVAEFSYEQYF,TRBV20-1*03,None,TRBJ2-7*01,46
71,CSAVAWFSYEQYF,TRBV20-1*06,None,TRBJ2-7*01,45
72,CSAVAGFSYEQCF,TRBV20-1*06,None,TRBJ2-7*01,45
73,CSAVAGFSHEQYF,TRBV20-1*03,None,TRBJ2-7*01,41
74,CSAVAGFYYEQYF,TRBV20-1*03,None,TRBJ2-7*01,41
75,CSAVAGFSYELYF,TRBV20-1*03,None,TRBJ2-7*01,41
76,CSAVAGFSYELYF,TRBV20-1*02,None,TRBJ2-7*01,41
77,CSAVAEFSYEQYF,TRBV20-1*06,None,TRBJ2-7*01,41
78,CSTVAGFSYEQYF,TRBV20-1*03,None,TRBJ2-7*01,41
79,CSAVAGFYYEQYF,TRBV20-1*06,None,TRBJ2-7*01,40
80,CASTPGAAEREQYF,TRBV25-1*01,None,TRBJ2-7*01,40
81,CRAVAGFSYEQYF,TRBV20-1*03,None,TRBJ2-7*01,39
82,CSAVAEFSYEQYF,TRBV20-1*02,None,TRBJ2-7*01,38
83,CSAVAGFSYAQYF,TRBV20-1*02,None,TRBJ2-7*01,38
84,CRAVAGFSYEQYF,TRBV20-1*02,None,TRBJ2-7*01,38
85,CSAVAGFFYEQYF,TRBV20-1*03,None,TRBJ2-7*01,38
86,CSAVTGFSYEQYF,TRBV20-1*02,None,TRBJ2-7*01,38
87,CASRLGTLETQYF,TRBV28*01,None,TRBJ2-5*01,38
88,CSAVAGFSYDQYF,TRBV20-1*03,None,TRBJ2-7*01,38
89,CSAVAGFSYEQCF,TRBV20-1*03,None,TRBJ2-7*01,37
90,CSAVAGFSYVQYF,TRBV20-1*03,None,TRBJ2-7*01,37
91,CSVVAGFSYEQYF,TRBV20-1*06,None,TRBJ2-7*01,36
92,CSVVAGFSYEQYF,TRBV20-1*02,None,TRBJ2-7*01,36
93,CSAVAVFSYEQYF,TRBV20-1*03,None,TRBJ2-7*01,36
94,CSAVAVFSYEQYF,TRBV20-1*02,None,TRBJ2-7*01,36
95,CSAVEGFSYEQYF,TRBV20-1*06,None,TRBJ2-7*01,35
96,CSAVAGFYYEQYF,TRBV20-1*02,None,TRBJ2-7*01,35
97,CSAVAGFSYEHYF,TRBV20-1*03,None,TRBJ2-7*01,35
98,CSAVAVFSYEQYF,TRBV20-1*06,None,TRBJ2-7*01,35
99,CSAVSGFSYEQYF,TRBV20-1*03,None,TRBJ2-7*01,35
100,CNAVAGFSYEQYF,TRBV20-1*03,None,TRBJ2-7*01,35
101,CSAIAGFSYEQYF,TRBV20-1*06,None,TRBJ2-7*01,34
102,CSAVAGFSYQQYF,TRBV20-1*02,None,TRBJ2-7*01,34
103,CSAVAGFSYVQYF,TRBV20-1*06,None,TRBJ2-7*01,34
104,CSAVAGFSYDQYF,TRBV20-1*06,None,TRBJ2-7*01,34
105,CNAVAGFSYEQYF,TRBV20-1*06,None,TRBJ2-7*01,33
106,CSAVEGFSYEQYF,TRBV20-1*02,None,TRBJ2-7*01,33
107,CIAVAGFSYEQYF,TRBV20-1*06,None,TRBJ2-7*01,33
108,CSAVAGFSYQQYF,TRBV20-1*03,None,TRBJ2-7*01,33
109,CSAVAGFFYEQYF,TRBV20-1*06,None,TRBJ2-7*01,32
110,CSALAGFSYEQYF,TRBV20-1*03,None,TRBJ2-7*01,32
111,CSAVEGFSYEQYF,TRBV20-1*03,None,TRBJ2-7*01,31
112,CSAVAGFSYQQYF,TRBV20-1*06,None,TRBJ2-7*01,31
113,CSAVSGFSYEQYF,TRBV20-1*02,None,TRBJ2-7*01,31
114,CSAVTGFSYEQYF,TRBV20-1*03,None,TRBJ2-7*01,31
115,CSALAGFSYEQYF,TRBV20-1*06,None,TRBJ2-7*01,31
116,CASSFGTGSYEQYF,TRBV11-3*02,None,TRBJ2-7*01,30
117,CSAVAGFSYAQYF,TRBV20-1*03,None,TRBJ2-7*01,30
118,CASSFSTCSANYGYTF,TRBV12-4*02,None,TRBJ1-2*01,30
119,CSAVTGFSYEQYF,TRBV20-1*06,None,TRBJ2-7*01,30
120,CSAVAGCSYEQYF,TRBV20-1*03,None,TRBJ2-7*01,30
121,CSAVAGFSYEHYF,TRBV20-1*02,None,TRBJ2-7*01,30
122,CSAVAGFSYVQYF,TRBV20-1*02,None,TRBJ2-7*01,30
123,CSAVAGFSYEHYF,TRBV20-1*06,None,TRBJ2-7*01,30
124,CSAVAGFTYEQYF,TRBV20-1*02,None,TRBJ2-7*01,29
125,CSAVAGFSYEQCF,TRBV20-1*02,None,TRBJ2-7*01,29
126,CRAVAGFSYEQYF,TRBV20-1*06,None,TRBJ2-7*01,28
127,CSAVAGFCYEQYF,TRBV20-1*03,None,TRBJ2-7*01,28
128,CSAVAGFAYEQYF,TRBV20-1*02,None,TRBJ2-7*01,27
129,CSALAGFSYEQYF,TRBV20-1*02,None,TRBJ2-7*01,27
130,CCAVAGFSYEQYF,TRBV20-1*06,None,TRBJ2-7*01,27
131,CCAVAGFSYEQYF,TRBV20-1*03,None,TRBJ2-7*01,27
132,CASRWDRFPVNSPLHF,TRBV7-8*03,None,TRBJ1-6*01,27
133,CSAVAGFTYEQYF,TRBV20-1*06,None,TRBJ2-7*01,26
134,CASSFGTGSYEQYF,TRBV11-2*03,None,TRBJ2-7*01,26
135,CSAGAGFSYEQYF,TRBV20-1*06,None,TRBJ2-7*01,26
136,CSAIAGFSYEQYF,TRBV20-1*03,None,TRBJ2-7*01,26
137,CSPVAGFSYEQYF,TRBV20-1*06,None,TRBJ2-7*01,26
138,CASSFSVGPTYEQYF,TRBV14*02,None,TRBJ2-7*01,26
139,CSAGAGFSYEQYF,TRBV20-1*02,None,TRBJ2-7*01,24
140,CSAVAAFSYEQYF,TRBV20-1*02,None,TRBJ2-7*01,24
141,CNAVAGFSYEQYF,TRBV20-1*02,None,TRBJ2-7*01,24
142,CSAVSGFSYEQYF,TRBV20-1*06,None,TRBJ2-7*01,24
143,CSPVAGFSYEQYF,TRBV20-1*03,None,TRBJ2-7*01,24
144,CSAVAGFSFEQYF,TRBV20-1*03,None,TRBJ2-7*01,23
145,CSAIAGFSYEQYF,TRBV20-1*02,None,TRBJ2-7*01,22
146,CSPVAGFSYEQYF,TRBV20-1*02,None,TRBJ2-7*01,22
147,CSAVAGFSFEQYF,TRBV20-1*06,None,TRBJ2-7*01,22
148,CSAVAGFSYEPYF,TRBV20-1*03,None,TRBJ2-7*01,21
149,CSAVAGYSYEQYF,TRBV20-1*06,None,TRBJ2-7*01,20
150,CASSFVTVSQPQHF,TRBV28*01,None,TRBJ1-5*01,20
151,CSAVAAFSYEQYF,TRBV20-1*03,None,TRBJ2-7*01,20
152,CSAVAGFTYEQYF,TRBV20-1*03,None,TRBJ2-7*01,20
153,CSAEAGFSYEQYF,TRBV20-1*02,None,TRBJ2-7*01,20
154,CSAVAGFSYEQDF,TRBV20-1*02,None,TRBJ2-7*01,19
155,CSAVAGCSYEQYF,TRBV20-1*06,None,TRBJ2-7*01,19
156,CSAGAGFSYEQYF,TRBV20-1*03,None,TRBJ2-7*01,18
157,CSDVAGFSYEQYF,TRBV20-1*06,None,TRBJ2-7*01,18
158,CSAVAGFSSEQYF,TRBV20-1*02,None,TRBJ2-7*01,18
159,CTAVAGFSYEQYF,TRBV20-1*03,None,TRBJ2-7*01,18
160,CIAVAGFSYEQYF,TRBV20-1*02,None,TRBJ2-7*01,18
161,CSAVAGFSYEPYF,TRBV20-1*06,None,TRBJ2-7*01,18
162,CSAVAGFSSEQYF,TRBV20-1*06,None,TRBJ2-7*01,18
163,CSAVAGFCYEQYF,TRBV20-1*02,None,TRBJ2-7*01,18
164,CSAVAGCSYEQYF,TRBV20-1*02,None,TRBJ2-7*01,17
165,CSAVGGFSYEQYF,TRBV20-1*02,None,TRBJ2-7*01,16
166,CSAVAGFCYEQYF,TRBV20-1*06,None,TRBJ2-7*01,16
167,CSAVAGFSYEQDF,TRBV20-1*06,None,TRBJ2-7*01,16
168,CSAVAGFSYEQDF,TRBV20-1*03,None,TRBJ2-7*01,16
169,CIAVAGFSYEQYF,TRBV20-1*03,None,TRBJ2-7*01,16
170,CSAVAGFAYEQYF,TRBV20-1*06,None,TRBJ2-7*01,16
171,CCAVAGFSYEQYF,TRBV20-1*02,None,TRBJ2-7*01,16
172,CSAVAGFSDEQYF,TRBV20-1*02,None,TRBJ2-7*01,16
173,CSAVAGISYEQYF,TRBV20-1*03,None,TRBJ2-7*01,16
174,CSDVAGFSYEQYF,TRBV20-1*03,None,TRBJ2-7*01,16
175,CSAVAGFSYEQNF,TRBV20-1*03,None,TRBJ2-7*01,15
176,CSAVAGISYEQYF,TRBV20-1*06,None,TRBJ2-7*01,15
177,CSVETGSTDTQYF,TRBV29-1*02,None,TRBJ2-3*01,14
178,CASSLGESGGEQYF,TRBV7-2*04,None,TRBJ2-7*01,14
179,CSAVAGFSDEQYF,TRBV20-1*06,None,TRBJ2-7*01,14
180,CSAVAGYSYEQYF,TRBV20-1*02,None,TRBJ2-7*01,14
181,CTAVAGFSYEQYF,TRBV20-1*06,None,TRBJ2-7*01,13
182,CSAVAGFSYEQNF,TRBV20-1*02,None,TRBJ2-7*01,13
183,CSAVGGFSYEQYF,TRBV20-1*03,None,TRBJ2-7*01,13
184,CSAVAGFSYEPYF,TRBV20-1*02,None,TRBJ2-7*01,12
185,CSAVPGFSYEQYF,TRBV20-1*06,None,TRBJ2-7*01,12
186,CSAVGGFSYEQYF,TRBV20-1*06,None,TRBJ2-7*01,12
187,CSAVAGYSYEQYF,TRBV20-1*03,None,TRBJ2-7*01,11
188,CSAVAGFSDEQYF,TRBV20-1*03,None,TRBJ2-7*01,11
189,CSAVAGFSFEQYF,TRBV20-1*02,None,TRBJ2-7*01,11
190,CSAISGRSLGWANVLTF,TRBV20-1*06,None,TRBJ2-6*01,11
191,CSAVAGFSYEQFF,TRBV20-1*03,None,TRBJ2-7*01,11
192,CSDVAGFSYEQYF,TRBV20-1*02,None,TRBJ2-7*01,11
193,CSAVAGFSSEQYF,TRBV20-1*03,None,TRBJ2-7*01,11
194,CTAVAGFSYEQYF,TRBV20-1*02,None,TRBJ2-7*01,10
195,CSGVAGFSYEQYF,TRBV20-1*06,None,TRBJ2-7*01,10
196,CSAVAAFSYEQYF,TRBV20-1*06,None,TRBJ2-7*01,10
197,CSAVAGISYEQYF,TRBV20-1*02,None,TRBJ2-7*01,10
198,CSAVAGFAYEQYF,TRBV20-1*03,None,TRBJ2-7*01,10
199,CSAVAGFSYEQNF,TRBV20-1*06,None,TRBJ2-7*01,9
200,CSAEAGFSYEQYF,TRBV20-1*03,None,TRBJ2-7*01,9
201,CSAVPGFSYEQYF,TRBV20-1*03,None,TRBJ2-7*01,9
202,CSAISGRSLGWANVLTF,TRBV20-1*02,None,TRBJ2-6*01,9
203,CASRPTGHVYGYTF,TRBV27*01,None,TRBJ1-2*01,9
204,CASSVTSYQETQYF,TRBV6-6*03,None,TRBJ2-5*01,9
205,CSAVAGFSYEEYF,TRBV20-1*06,None,TRBJ2-7*01,8
206,CSAISGRSLGWANVLTF,TRBV20-1*03,None,TRBJ2-6*01,8
207,CSAEAGFSYEQYF,TRBV20-1*06,None,TRBJ2-7*01,8
208,CASSLGESGGEQYF,TRBV11-3*02,None,TRBJ2-7*01,8
209,CSAVAGFSYEQFF,TRBV20-1*02,None,TRBJ2-7*01,8
210,CSGVAGFSYEQYF,TRBV20-1*02,None,TRBJ2-7*01,7
211,CSAVAGFSYEEYF,TRBV20-1*03,None,TRBJ2-7*01,7
212,CASSLQTDYNSPLHF,TRBV6-6*03,None,TRBJ1-6*02,7
213,CASSLIDEQFF,TRBV28*01,None,TRBJ2-1*01,7
214,CSGVAGFSYEQYF,TRBV20-1*03,None,TRBJ2-7*01,6
215,CSAVAGFSYEQFF,TRBV20-1*06,None,TRBJ2-7*01,6
216,CSAVPGFSYEQYF,TRBV20-1*02,None,TRBJ2-7*01,6
217,CSASSRGGSQETQYF,TRBV20-1*02,None,TRBJ2-5*01,6
218,CSAVAWFSYEKYF,TRBV20-1*03,None,TRBJ2-7*01,6
219,CASSYSNYGYTF,TRBV6-6*05,None,TRBJ1-2*01,5
220,CASSLGESGGEQYF,TRBV11-2*03,None,TRBJ2-7*01,5
221,CSAVAGFSYEEYF,TRBV20-1*02,None,TRBJ2-7*01,5
222,CVVSSGGYNKLIF,TRBV20-1*06,None,TRBJ1-6*02,5
223,CSVEDRQAKRYNEQFF,TRBV29-1*01,None,TRBJ2-1*01,5
224,CSVDEGRSNTEAFF,TRBV29-1*02,None,TRBJ1-1*01,5
225,CSAVAGFSYEQSF,TRBV20-1*03,None,TRBJ2-7*01,5
226,CASGGQNYGYTF,TRBV7-9*04,None,TRBJ1-2*01,4
227,CASKPGTSVVDTQYF,TRBV12-4*02,TRBD2*02,TRBJ2-3*01,4
228,CSAVARLSYEQYF,TRBV20-1*03,None,TRBJ2-7*01,4
229,CVVSSGGYNKLIF,TRBV20-1*03,None,TRBJ1-6*02,4
230,CASSYGAANTEAFF,TRBV6-3*01,None,TRBJ1-1*01,4
231,CASSYSNYGYTF,TRBV6-2*01,None,TRBJ1-2*01,4
232,CRAVAGFSYEQYF,TRBV20-1*05,None,TRBJ2-7*01,4
233,CSAVAGLSYEQYF,TRBV20-1*07,None,TRBJ2-7*01,4
234,CVVSSGGYNKLIF,TRBV20-1*02,None,TRBJ1-6*01,4
235,CSAVAGFSYEHYF,TRBV20-1*05,None,TRBJ2-7*01,3
236,CVVSSGGYNKLIF,TRBV20-1*02,None,TRBJ1-6*02,3
237,CVVSSGGYNKLIF,TRBV20-1*03,None,TRBJ1-6*01,3
238,CSAVAEFSYEKYF,TRBV20-1*03,None,TRBJ2-7*01,3
239,CASKPGTSVVDTQYF,TRBV12-4*02,TRBD2*01,TRBJ2-3*01,3
240,CSAGAGLSYEQYF,TRBV20-1*03,None,TRBJ2-7*01,3
241,CSAVAGFSYEKCF,TRBV20-1*06,None,TRBJ2-7*01,3
242,CASSLTGVEQFF,TRBV11-2*03,None,TRBJ2-1*01,3
243,CSAVAGFSYEYYF,TRBV20-1*02,None,TRBJ2-7*01,3
244,CSAVAVFSYEQYF,TRBV20-1*04,None,TRBJ2-7*01,3
245,CSAVAGLAYEQYF,TRBV20-1*03,None,TRBJ2-7*01,3
246,CSVEDRQAKRYNEQFF,TRBV29-1*02,None,TRBJ2-1*01,3
247,CSAVALFSYEQYF,TRBV20-1*02,None,TRBJ2-7*01,3
248,CSAVAGFSYAKYF,TRBV20-1*06,None,TRBJ2-7*01,3
249,CSAVAGFSYEQYF,TRBV20-1*03,None,TRBJ1-1*01,3
250,CSAVAGFSYEQSF,TRBV20-1*06,None,TRBJ2-7*01,3
251,CSAVAVFSYEKYF,TRBV20-1*02,None,TRBJ2-7*01,3
252,CSAVAGFCYEQYF,TRBV20-1*07,None,TRBJ2-7*01,2
253,CSAVARVSYEQYF,TRBV20-1*06,None,TRBJ2-7*01,2
254,CSAVTRFSYEQYF,TRBV20-1*03,None,TRBJ2-7*01,2
255,CSASSRGGSQETQYF,TRBV20-1*03,None,TRBJ2-5*01,2
256,CSALAGFSYQQYF,TRBV20-1*03,None,TRBJ2-7*01,2
257,CSAVAGFFYKQYF,TRBV20-1*02,None,TRBJ2-7*01,2
258,CSALAGFSYAQYF,TRBV20-1*03,None,TRBJ2-7*01,2
259,CSASSRGGSQETQYF,TRBV20-1*07,None,TRBJ2-5*01,2
260,CSAVAGLYYEQYF,TRBV20-1*02,None,TRBJ2-7*01,2
261,CSAEAGSSYEQYF,TRBV20-1*02,None,TRBJ2-7*01,2
262,CSALAGFSYEQYF,TRBV20-1*04,None,TRBJ2-7*01,2
263,CSAVAGVYYEQYF,TRBV20-1*06,None,TRBJ2-7*01,2
264,CSAVAGVSYAQYF,TRBV20-1*02,None,TRBJ2-7*01,2
265,CGAVAGFSYEQYF,TRBV20-1*05,None,TRBJ2-7*01,2
266,CSALAEFSYEQYF,TRBV20-1*03,None,TRBJ2-7*01,2
267,CSAVAWFSYQQYF,TRBV20-1*06,None,TRBJ2-7*01,2
268,CSAGAEFSYEQYF,TRBV20-1*03,None,TRBJ2-7*01,2
269,CSAIAGFSYEQYF,TRBV20-1*07,None,TRBJ2-7*01,2
270,CSAVAGVSYQQYF,TRBV20-1*02,None,TRBJ2-7*01,2
271,CSALAGLSYEQYF,TRBV20-1*02,None,TRBJ2-7*01,2
272,CRAVAWFSYEQYF,TRBV20-1*03,None,TRBJ2-7*01,2
273,CSAGAGFSYEKYF,TRBV20-1*06,None,TRBJ2-7*01,2
274,CSAVSGLSYEQYF,TRBV20-1*02,None,TRBJ2-7*01,2
275,CSAVVGFSYKQYF,TRBV20-1*06,None,TRBJ2-7*01,2
276,CSAVARFSYEKYF,TRBV20-1*06,None,TRBJ2-7*01,2
277,CRAVAGVSYEQYF,TRBV20-1*06,None,TRBJ2-7*01,2
278,CSAVAGSSYAQYF,TRBV20-1*03,None,TRBJ2-7*01,2
279,CSAVAGSSSEQYF,TRBV20-1*02,None,TRBJ2-7*01,2
280,CRVVAGFSYEQYF,TRBV20-1*06,None,TRBJ2-7*01,2
281,CSAGAGCSYEQYF,TRBV20-1*03,None,TRBJ2-7*01,2
282,CSAVEGFSYEQYF,TRBV20-1*05,None,TRBJ2-7*01,2
283,CSAGAGFYYEQYF,TRBV20-1*02,None,TRBJ2-7*01,2
284,CSAVAGVYYEQYF,TRBV20-1*02,None,TRBJ2-7*01,2
285,CSAVVWFSYEQYF,TRBV20-1*06,None,TRBJ2-7*01,2
286,CSAVAGSSCEQYF,TRBV20-1*03,None,TRBJ2-7*01,2
287,CSAVARFSYEKYF,TRBV20-1*02,None,TRBJ2-7*01,2
288,CSAGAGVSYEQYF,TRBV20-1*06,None,TRBJ2-7*01,2
289,CSAVAGWSYEQYF,TRBV20-1*02,None,TRBJ2-7*01,2
290,CSAVAGCSYERYF,TRBV20-1*02,None,TRBJ2-7*01,2
291,CSAVAGFSYQHYF,TRBV20-1*06,None,TRBJ2-7*01,2
292,CSDVAGFSYGQYF,TRBV20-1*02,None,TRBJ2-7*01,2
293,CSAVAGFTYEPYF,TRBV20-1*06,None,TRBJ2-7*01,2
294,CSSSYSNYGYTF,TRBV6-6*03,None,TRBJ1-2*01,2
295,CSAVAGFSYAKYF,TRBV20-1*03,None,TRBJ2-7*01,2
296,CSAVAGFSSQQYF,TRBV20-1*06,None,TRBJ2-7*01,2
297,CSAVAGFSSQQYF,TRBV20-1*03,None,TRBJ2-7*01,2
298,CSVVAEFSYEQYF,TRBV20-1*06,None,TRBJ2-7*01,2
299,CSAVAGFSSQHYF,TRBV20-1*03,None,TRBJ2-7*01,2
300,CSAVAGFTNEQYF,TRBV20-1*06,None,TRBJ2-7*01,2
301,CSAVAGFSYEQYF,TRBV20-1*03,None,TRBJ2-5*01,2
302,CSAVAGFTNEQYF,TRBV20-1*02,None,TRBJ2-7*01,2
303,CSVVAGFSYEKYF,TRBV20-1*06,None,TRBJ2-7*01,2
304,CSAVAGFSYEQYF,TRBV20-1*06,None,TRBJ1-2*01,2
305,CASRWDRCPVNSPLHF,TRBV7-8*03,None,TRBJ1-6*01,2
306,CSMETGSTDTQYF,TRBV29-1*03,None,TRBJ2-3*01,2
307,CSMETGSTDTQYF,TRBV29-1*02,None,TRBJ2-3*01,2
308,CSAVAGFSYEQYF,TRBV20-1*06,None,TRBJ1-6*01,2
309,CSAVAGFSYVYHF,TRBV20-1*06,None,TRBJ2-7*01,2
310,CSAVAGFSYEQYF,TRBV20-1*06,None,TRBJ2-5*01,2
311,CSAVAGFSYEQYF,TRBV20-1*02,None,TRBJ1-6*01,2
312,CASSYGAANTESFF,TRBV6-6*03,None,TRBJ1-1*01,2
313,CASRLGTLETQYF,TRBV28*01,None,TRBJ2-7*01,2
314,CASSYGAANTEAFF,TRBV6-6*05,None,TRBJ1-1*01,2
315,CSTLAGFSYEQYF,TRBV20-1*02,None,TRBJ2-7*01,2
316,CSAVAGFSYEKYF,TRBV20-1*05,None,TRBJ2-7*01,2
317,CASSLGESGGEKYF,TRBV7-2*04,None,TRBJ2-7*01,2
318,CASSLRQGGNYEQYF,TRBV27*01,None,TRBJ2-7*01,2
319,CASSLTGVEQFF,TRBV11-3*02,None,TRBJ2-1*01,2
320,CSAVAGFPYGQYF,TRBV20-1*06,None,TRBJ2-7*01,2
321,CSAVAGFSYEKYF,TRBV20-1*07,None,TRBJ2-7*01,2
322,CASSLGDSGGEQYF,TRBV7-2*04,None,TRBJ2-7*01,2
323,CASSIGGTGLRGEQFF,TRBV19*01,None,TRBJ2-1*01,2
324,CSAVAGFSYDQYF,TRBV20-1*05,None,TRBJ2-7*01,2
325,CSAVAGFSYDQYF,TRBV20-1*04,None,TRBJ2-7*01,2
326,CSSVAGFSYGQYF,TRBV20-1*06,None,TRBJ2-7*01,2
327,CSAVAGISYAQYF,TRBV20-1*03,None,TRBJ2-7*01,2
328,CSAVAGISYAQYF,TRBV20-1*06,None,TRBJ2-7*01,2
329,CSTVAGFTYEQYF,TRBV20-1*06,None,TRBJ2-7*01,2
330,CASSYGAANTEAFF,TRBV6-2*01,None,TRBJ1-1*01,2
331,CASSYGAANTEAFF,TRBV6-6*02,None,TRBJ1-1*01,2
332,CASSYSNYGYNF,TRBV6-6*01,None,TRBJ1-2*01,2
333,CASRYGAANTEAFF,TRBV6-6*05,None,TRBJ1-1*01,2
334,CASSLGESSGEQYF,TRBV7-2*04,None,TRBJ2-7*01,2
335,CSAVAGLSYDQYF,TRBV20-1*02,None,TRBJ2-7*01,2
336,CSAVAGFSYKQYF,TRBV20-1*07,None,TRBJ2-7*01,2
337,CSAVAGLSYEKYF,TRBV20-1*06,None,TRBJ2-7*01,2
338,CASGERGATETQYF,TRBV10-2*01,None,TRBJ2-5*01,2
339,CSAVAGFSYLQYF,TRBV20-1*06,None,TRBJ2-7*01,2
340,CSAVAGFSYKKYF,TRBV20-1*06,None,TRBJ2-7*01,2
341,CSAVAGFSYGQYF,TRBV20-1*07,None,TRBJ2-7*01,2
342,CASSYSNYGYTF,TRBV6-5*01,None,TRBJ1-2*01,2
343,CASTPGAAGREQYF,TRBV25-1*01,None,TRBJ2-7*01,2
344,CSGVAGFPYEQYF,TRBV20-1*06,None,TRBJ2-7*01,2
345,CSAVAGFSYTQYF,TRBV20-1*02,None,TRBJ2-7*01,2
346,CSAVAGFSCVQYF,TRBV20-1*03,None,TRBJ2-7*01,2
347,CSAVAGFSYETYF,TRBV20-1*06,None,TRBJ2-7*01,2
348,CAGRWDRFPVNSPLHF,TRBV7-8*03,None,TRBJ1-6*01,2
349,CSGVAGISYEQYF,TRBV20-1*06,None,TRBJ2-7*01,2
350,CVVSSGGYNKLIF,TRBV20-1*06,None,TRBJ1-6*01,2
351,CSAVAGFSNEQYF,TRBV20-1*05,None,TRBJ2-7*01,2
352,CSAVAGFSYQQYF,TRBV20-1*07,None,TRBJ2-7*01,1
353,CSAVAGYTYEQYF,TRBV20-1*02,None,TRBJ2-7*01,1
354,CSAVAGYYNEQYF,TRBV20-1*02,None,TRBJ2-7*01,1
355,CSAVARFSYQQYF,TRBV20-1*02,None,TRBJ2-7*01,1
356,CSAVAGFYFDQYF,TRBV20-1*06,None,TRBJ2-7*01,1
357,CSAVAKFSYEQYF,TRBV20-1*02,None,TRBJ2-7*01,1
358,CSAVAGFSYQQYF,TRBV20-1*04,None,TRBJ2-7*01,1
359,CSAVAGFYYAQYF,TRBV20-1*02,None,TRBJ2-7*01,1
360,CSAVAGFYSEQYF,TRBV20-1*06,None,TRBJ2-7*01,1
361,CSAVAGFYYAQYF,TRBV20-1*03,None,TRBJ2-7*01,1
362,CSAVALFSYEQYF,TRBV20-1*01,None,TRBJ2-7*01,1
363,CSAVAGFYYEPYF,TRBV20-1*02,None,TRBJ2-7*01,1
364,CSAVARFSYQQYF,TRBV20-1*06,None,TRBJ2-7*01,1
365,CSAVAGYSEEQYF,TRBV20-1*06,None,TRBJ2-7*01,1
366,CSAVAGFYYEQYF,TRBV20-1*05,None,TRBJ2-7*01,1
367,CSAVARLSYELYF,TRBV20-1*06,None,TRBJ2-7*01,1
368,CSAVAGYCYDQYF,TRBV20-1*02,None,TRBJ2-7*01,1
369,CSAVAGFSYQQNF,TRBV20-1*06,None,TRBJ2-7*01,1
370,CSAVARISYEQYF,TRBV20-1*03,None,TRBJ2-7*01,1
371,CSAVAGYPYEQYF,TRBV20-1*03,None,TRBJ2-7*01,1
372,CSAVAGYSCEQYF,TRBV20-1*06,None,TRBJ2-7*01,1
373,CSAVAGYSNEQYF,TRBV20-1*02,None,TRBJ2-7*01,1
374,CSAVAGFSYQQYF,TRBV20-1*03,None,TRBJ1-6*01,1
375,CSAVAGYSYEQFF,TRBV20-1*01,None,TRBJ2-7*01,1
376,CSAVAGYSYEQYF,TRBV20-1*01,None,TRBJ2-7*01,1
377,CSAVAGFSYQQYF,TRBV20-1*01,None,TRBJ2-7*01,1
378,CSAVARISYEQYF,TRBV20-1*02,None,TRBJ2-7*01,1
379,CSAVARFYYEQYF,TRBV20-1*02,None,TRBJ2-7*01,1
380,CSAVALFSYQQYF,TRBV20-1*06,None,TRBJ2-7*01,1
381,CSAVAGFYYEKYF,TRBV20-1*03,None,TRBJ2-7*01,1
382,CSAVAGFTYVQYF,TRBV20-1*03,None,TRBJ2-7*01,1
383,CSAVAGFSYVQYF,TRBV20-1*05,None,TRBJ2-7*01,1
384,CSAVAGFTYEQYF,TRBV20-1*05,None,TRBJ1-2*01,1
385,CSAVAPFSYEQYF,TRBV20-1*06,None,TRBJ2-7*01,1
386,CSAVARFSSEQNF,TRBV20-1*06,None,TRBJ2-7*01,1
387,CSAVARFSYAQYF,TRBV20-1*03,None,TRBJ2-7*01,1
388,CSAVARFSYAQYF,TRBV20-1*06,None,TRBJ2-7*01,1
389,CSAVARFSYDQYF,TRBV20-1*02,None,TRBJ2-7*01,1
390,CSAVARFSYEHYF,TRBV20-1*03,None,TRBJ2-7*01,1
391,CSAVAGFSYVPYF,TRBV20-1*06,None,TRBJ2-7*01,1
392,CSAVARFSYEKYF,TRBV20-1*03,None,TRBJ2-7*01,1
393,CSAVARFSYERYF,TRBV20-1*02,None,TRBJ2-7*01,1
394,CSAVARFSYELYF,TRBV20-1*03,None,TRBJ2-7*01,1
395,CSAVAGFSYVQCF,TRBV20-1*02,None,TRBJ2-7*01,1
396,CSAVAGFSYVQNF,TRBV20-1*06,None,TRBJ2-7*01,1
397,CSAVARFSYEQNF,TRBV20-1*02,None,TRBJ2-7*01,1
398,CSAVAGFTNEKYF,TRBV20-1*03,None,TRBJ2-7*01,1
399,CSAVARFSYEQYF,TRBV20-1*01,None,TRBJ2-7*01,1
400,CSAVAGFTDEQYF,TRBV20-1*02,None,TRBJ2-7*01,1
401,CSAVAGFYYGQYF,TRBV20-1*02,None,TRBJ2-7*01,1
402,CSAVARFSNEQYF,TRBV20-1*06,None,TRBJ2-7*01,1
403,CSAVARFFYEQYF,TRBV20-1*06,None,TRBJ2-7*01,1
404,CSAVAGFTYEKYF,TRBV20-1*02,None,TRBJ2-7*01,1
405,CSAVAGFSYTQYF,TRBV20-1*06,None,TRBJ2-7*01,1
406,CSAVARCSYEQYF,TRBV20-1*02,None,TRBJ2-7*01,1
407,CSAVARFAYEQYF,TRBV20-1*03,None,TRBJ2-7*01,1
408,CSAVAGFSYVHHF,TRBV20-1*02,None,TRBJ2-7*01,1
409,CSAVARFSYKQYF,TRBV20-1*06,None,TRBJ2-7*01,1
410,CSAVAGFSYVHYF,TRBV20-1*02,None,TRBJ2-7*01,1
411,CSAVARFAYEQYF,TRBV20-1*06,None,TRBJ2-7*01,1
412,CSAVAGFSYVLYF,TRBV20-1*03,None,TRBJ2-7*01,1
413,CSAVARFCYEQYF,TRBV20-1*02,None,TRBJ2-7*01,1
414,CSAVAGFSYVKYF,TRBV20-1*06,None,TRBJ2-7*01,1
415,CSAVARFFYEQYF,TRBV20-1*03,None,TRBJ2-7*01,1
416,CSAVAGFTYAQYF,TRBV20-1*06,None,TRBJ2-7*01,1
417,CSAVAGFSYVLYF,TRBV20-1*02,None,TRBJ2-7*01,1
418,CSAVAGFTNEQYF,TRBV20-1*03,None,TRBJ2-7*01,1
419,CSAVAQFCYEQYF,TRBV20-1*03,None,TRBJ2-7*01,1
420,CSAVAGFYYQQYF,TRBV20-1*03,None,TRBJ2-7*01,1
421,CSAVAGVYYEQYF,TRBV20-1*03,None,TRBJ2-7*01,1
422,CSAVAGISYQQYF,TRBV20-1*06,None,TRBJ2-7*01,1
423,CSAVAGLSYEKYF,TRBV20-1*02,None,TRBJ2-7*01,1
424,CSAVAGLSYEEYF,TRBV20-1*02,None,TRBJ2-7*01,1
425,CSAVAGSSYEKYF,TRBV20-1*03,None,TRBJ2-7*01,1
426,CSAVAGSSYEPYF,TRBV20-1*02,None,TRBJ2-7*01,1
427,CSAVAGLSYDHYF,TRBV20-1*03,None,TRBJ2-7*01,1
428,CSAVAGLSYAQYF,TRBV20-1*06,None,TRBJ2-7*01,1
429,CSAVAGLSYAQYF,TRBV20-1*03,None,TRBJ2-7*01,1
430,CSAVAGSSYEQNF,TRBV20-1*06,None,TRBJ2-7*01,1
431,CSAVAGLSNEHYF,TRBV20-1*04,None,TRBJ2-7*01,1
432,CSAVAGSSYEQYF,TRBV20-1*04,None,TRBJ2-7*01,1
433,CSAVAGLSDVQYF,TRBV20-1*03,None,TRBJ2-7*01,1
434,CSAVAGSSYEQYF,TRBV20-1*05,None,TRBJ2-7*01,1
435,CSAVAGLSDEQYF,TRBV20-1*06,None,TRBJ2-7*01,1
436,CSAVAGSSYERYF,TRBV20-1*03,None,TRBJ2-7*01,1
437,CSAVAGLPYEQYF,TRBV20-1*03,None,TRBJ2-7*01,1
438,CSAVAGSSYGQYF,TRBV20-1*02,None,TRBJ2-7*01,1
439,CSAVAGLPYEQYF,TRBV20-1*02,None,TRBJ2-7*01,1
440,CSAVAGLDYEQYF,TRBV20-1*05,None,TRBJ2-7*01,1
441,CSAVAGLAYEQYF,TRBV20-1*07,None,TRBJ2-7*01,1
442,CSAVAGIYYEQYF,TRBV20-1*03,None,TRBJ2-7*01,1
443,CSAVAGSSYGQYF,TRBV20-1*03,None,TRBJ2-7*01,1
444,CSAVAGSSNEQYF,TRBV20-1*02,None,TRBJ2-7*01,1
445,CSAVARSSYEQYF,TRBV20-1*02,None,TRBJ2-7*01,1
446,CSAVAGSSHEQYF,TRBV20-1*02,None,TRBJ2-7*01,1
447,CSAVAGLSYETYF,TRBV20-1*01,None,TRBJ2-7*01,1
448,CSAVAGLSYQQYF,TRBV20-1*06,None,TRBJ2-7*01,1
449,CSAVAGLSYQQYF,TRBV20-1*03,None,TRBJ2-7*01,1
450,CSAVAGLSYTQYF,TRBV20-1*02,None,TRBJ2-7*01,1
451,CSAVAGLSYKQYF,TRBV20-1*06,None,TRBJ2-7*01,1
452,CSAVAGLSYKQYF,TRBV20-1*02,None,TRBJ2-7*01,1
453,CSAVAGLSYVQYF,TRBV20-1*03,None,TRBJ2-7*01,1
454,CSAVAGLTYEKYF,TRBV20-1*06,None,TRBJ1-2*01,1
455,CSAVAGLTYEQYF,TRBV20-1*02,None,TRBJ2-7*01,1
456,CSAVAGLYHEQYF,TRBV20-1*02,None,TRBJ2-7*01,1
457,CSAVAGNSYEQYF,TRBV20-1*06,None,TRBJ2-7*01,1
458,CSAVAGSSFEHYF,TRBV20-1*02,None,TRBJ2-7*01,1
459,CSAVAGLSYEQYF,TRBV20-1*06,None,TRBJ2-1*01,1
460,CSAVAGLSYEQYF,TRBV20-1*05,None,TRBJ2-7*01,1
461,CSAVAGPSYEQYF,TRBV20-1*02,None,TRBJ2-7*01,1
462,CSAVAGSNYEQYF,TRBV20-1*02,None,TRBJ2-7*01,1
463,CSAVAGLSYEQYF,TRBV20-1*04,None,TRBJ2-7*01,1
464,CSAVAGSPYEQYF,TRBV20-1*03,None,TRBJ2-7*01,1
465,CSAVAGSPYEQYF,TRBV20-1*06,None,TRBJ2-7*01,1
466,CSAVAGLSYEQYF,TRBV20-1*02,None,TRBJ1-6*01,1
467,CSAVAGLSYEPYF,TRBV20-1*02,None,TRBJ2-7*01,1
468,CSAVAGISYYQYF,TRBV20-1*02,None,TRBJ2-7*01,1
469,CSAVAGSTYDQYF,TRBV20-1*02,None,TRBJ2-7*01,1
470,CSAVAGFYYGQYF,TRBV20-1*03,None,TRBJ2-7*01,1
471,CSAVAGVAYEQYF,TRBV20-1*02,None,TRBJ2-7*01,1
472,CSAVAGVSYEQFF,TRBV20-1*06,None,TRBJ2-7*01,1
473,CSAVAGISYEKNF,TRBV20-1*03,None,TRBJ2-7*01,1
474,CSAVAGISYEHYF,TRBV20-1*06,None,TRBJ2-7*01,1
475,CSAVAGVSYEQHF,TRBV20-1*02,None,TRBJ2-7*01,1
476,CSAVAGVSYEQYF,TRBV20-1*02,None,TRBJ1-6*01,1
477,CSAVAGISYAQYF,TRBV20-1*02,None,TRBJ2-7*01,1
478,CSAVAGISHEQYF,TRBV20-1*03,None,TRBJ2-7*01,1
479,CSAVAGISDEQYF,TRBV20-1*02,None,TRBJ2-7*01,1
480,CSAVAGIPYEQYF,TRBV20-1*02,None,TRBJ2-7*01,1
481,CSAVAGIAYEQYF,TRBV20-1*06,None,TRBJ2-7*01,1
482,CSAVAGHSYEQYF,TRBV20-1*02,None,TRBJ2-7*01,1
483,CSAVAGVSYGQYF,TRBV20-1*03,None,TRBJ2-7*01,1
484,CSAVAGGAYEQDF,TRBV20-1*06,TRBD2*01,TRBJ2-7*01,1
485,CSAVAGVSYQQYF,TRBV20-1*06,None,TRBJ2-7*01,1
486,CSAVAGVSYVLYF,TRBV20-1*05,None,TRBJ2-7*01,1
487,CSAVAGVSYVQYF,TRBV20-1*06,None,TRBJ2-7*01,1
488,CSAVAGVSYVQYF,TRBV20-1*07,None,TRBJ2-7*01,1
489,CSAVAGVTYEQYF,TRBV20-1*06,None,TRBJ2-7*01,1
490,CSAVAGVYYEQYF,TRBV20-1*02,None,TRBJ1-2*01,1
491,CSAVAGFYYKQYF,TRBV20-1*03,None,TRBJ2-7*01,1
492,CSAVAGFYYGQYF,TRBV20-1*06,None,TRBJ2-7*01,1
493,CSAVAGVSYELYF,TRBV20-1*02,None,TRBJ2-7*01,1
494,CSAVAGVSYEHYF,TRBV20-1*06,None,TRBJ2-7*01,1
495,CSAVAGVSYEHYF,TRBV20-1*02,None,TRBJ2-7*01,1
496,CSAVAGISYERYF,TRBV20-1*06,None,TRBJ2-7*01,1
497,CSAVAGVAYEQYF,TRBV20-1*06,None,TRBJ1-6*02,1
498,CSAVAGVAYEQYF,TRBV20-1*06,None,TRBJ2-7*01,1
499,CSAVAGVCYEQYF,TRBV20-1*02,None,TRBJ1-6*02,1
500,CSAVAGVCYQQYF,TRBV20-1*03,None,TRBJ2-7*01,1
501,CSAVAGVDYEQYF,TRBV20-1*07,None,TRBJ2-7*01,1
502,CSAVAGVFYEQYF,TRBV20-1*02,None,TRBJ2-7*01,1
503,CSAVAGVPYEQYF,TRBV20-1*06,None,TRBJ2-7*01,1
504,CSAVAGVSCEQYF,TRBV20-1*03,None,TRBJ2-7*01,1
505,CSAVAGVSHEQYF,TRBV20-1*02,None,TRBJ2-7*01,1
506,CSAVAGISYEQYF,TRBV20-1*07,None,TRBJ2-7*01,1
507,CSAVAGVSYEEYF,TRBV20-1*06,None,TRBJ2-7*01,1
508,CSAVAGVSNEQYF,TRBV20-1*03,None,TRBJ2-7*01,1
509,CSAVAGVSSAQYF,TRBV20-1*02,None,TRBJ2-7*01,1
510,CSAVAGISYEPYF,TRBV20-1*02,None,TRBJ2-7*01,1
511,CSAVAGVSSEQYF,TRBV20-1*06,None,TRBJ2-7*01,1
512,CSAVAGVSSQQYF,TRBV20-1*03,None,TRBJ2-7*01,1
513,CSAVAGISYELYF,TRBV20-1*03,None,TRBJ2-7*01,1
514,CSAVAGVSYDQYF,TRBV20-1*02,None,TRBJ2-7*01,1
515,CSAVAGVSYEEYF,TRBV20-1*03,None,TRBJ2-7*01,1
516,CSAVAGISYEKYF,TRBV20-1*03,None,TRBJ2-7*01,1
517,CSAVARLSYEQYF,TRBV20-1*06,None,TRBJ2-7*01,1
518,CAAVAGSSYEQYF,TRBV13*02,None,TRBJ2-7*01,1
519,CSAVARSSYEQYF,TRBV20-1*03,None,TRBJ2-7*01,1
520,CSTVAGFTYDQYF,TRBV20-1*03,None,TRBJ2-7*01,1
521,CSTAAGFSYEQYF,TRBV20-1*03,None,TRBJ2-7*01,1
522,CSSVTGLSSEQYF,TRBV20-1*06,None,TRBJ2-7*01,1
523,CSSVEGFSYEQYF,TRBV20-1*06,None,TRBJ2-7*01,1
524,CSSVAWFSYEQYF,TRBV20-1*02,None,TRBJ2-7*01,1
525,CSSVAGVSYEQYF,TRBV20-1*06,None,TRBJ2-7*01,1
526,CSSVAGVSYEEYF,TRBV20-1*03,None,TRBJ2-7*01,1
527,CSSVAGSSYEQYF,TRBV20-1*06,None,TRBJ2-7*01,1
528,CSSVAGSSYEQYF,TRBV20-1*05,None,TRBJ2-7*01,1
529,CSSVAGLSYKQYF,TRBV20-1*03,None,TRBJ2-7*01,1
530,CSSVAGLDYDQYF,TRBV20-1*07,None,TRBJ2-7*01,1
531,CSSVAGFYYEQYF,TRBV20-1*02,None,TRBJ2-7*01,1
532,CSSVAGFSYEQNF,TRBV20-1*03,None,TRBJ2-7*01,1
533,CSSVAGFSYEKYF,TRBV20-1*03,None,TRBJ2-7*01,1
534,CSSVAGFSYEKYF,TRBV20-1*02,None,TRBJ2-7*01,1
535,CSSVAGFSYEHYF,TRBV20-1*06,None,TRBJ2-7*01,1
536,CSSVAGFSYDQYF,TRBV20-1*03,None,TRBJ2-7*01,1
537,CSSVAGFSYDQYF,TRBV20-1*01,None,TRBJ2-7*01,1
538,CSSVAGFSYAQYF,TRBV20-1*03,None,TRBJ2-7*01,1
539,CSSVAGFSCEQYF,TRBV20-1*02,None,TRBJ2-7*01,1
540,CSTAAGYSYEQYF,TRBV20-1*03,None,TRBJ2-7*01,1
541,CSTGAGFSYEQYF,TRBV20-1*02,None,TRBJ2-7*01,1
542,CSTGPGTSYEQYF,TRBV2*02,None,TRBJ2-7*01,1
543,CSTVAGFSYDQYF,TRBV20-1*06,None,TRBJ2-7*01,1
544,CSTVAGFTNEQYF,TRBV20-1*06,None,TRBJ2-7*01,1
545,CSTVAGFSYGQYF,TRBV20-1*02,None,TRBJ2-7*01,1
546,CSTVAGFSYEQYF,TRBV20-1*07,None,TRBJ2-7*01,1
547,CSTVAGFSYEQYF,TRBV20-1*04,None,TRBJ2-7*01,1
548,CSTVAGFSYEQSF,TRBV20-1*06,None,TRBJ2-7*01,1
549,CSTVAGFSYEQDF,TRBV20-1*02,None,TRBJ2-7*01,1
550,CSTVAGFSYEKYF,TRBV20-1*06,None,TRBJ2-7*01,1
551,CSTVAGFSYEKYF,TRBV20-1*03,None,TRBJ2-7*01,1
552,CSTVAGFSYDQYF,TRBV20-1*02,None,TRBJ2-7*01,1
553,CSTLAGFSYEQYF,TRBV20-1*03,None,TRBJ2-7*01,1
554,CSTVAGFSYAQYF,TRBV20-1*06,None,TRBJ2-7*01,1
555,CSTVAGFPYEQYF,TRBV20-1*02,None,TRBJ2-7*01,1
556,CSTVAGFDHEQYF,TRBV20-1*06,None,TRBJ1-6*02,1
557,CSTVAGFCYEQSF,TRBV20-1*03,None,TRBJ2-7*01,1
558,CSTVAAFSYEQYF,TRBV20-1*06,None,TRBJ2-7*01,1
559,CSTVAAFSYEQYF,TRBV20-1*03,None,TRBJ2-7*01,1
560,CSTVAAFSYEQYF,TRBV20-1*02,None,TRBJ2-7*01,1
561,CSTLAGLSYEQYF,TRBV20-1*03,None,TRBJ2-7*01,1
562,CSSVAGFFYEQYF,TRBV20-1*03,None,TRBJ2-7*01,1
563,CSSVAGFCYEQYF,TRBV20-1*03,None,TRBJ2-7*01,1
564,CSSVAGFAYEQYF,TRBV20-1*03,None,TRBJ2-7*01,1
565,CSGVAVFSYEQYF,TRBV20-1*03,None,TRBJ2-7*01,1
566,CSNVAGFSYEQYF,TRBV20-1*02,None,TRBJ2-7*01,1
567,CSLVAGFSYEQYF,TRBV20-1*03,None,TRBJ2-7*01,1
568,CSLVAGFSYEKYF,TRBV20-1*06,None,TRBJ2-7*01,1
569,CSIVAGFSYEQYF,TRBV20-1*02,None,TRBJ2-7*01,1
570,CSIGTAASSHTYEQYF,TRBV20-1*02,None,TRBJ2-7*01,1
571,CSGVGGFTYEQYF,TRBV20-1*02,None,TRBJ2-7*01,1
572,CSGVEGFSYEQYF,TRBV20-1*03,None,TRBJ2-7*01,1
573,CSGVAWFYYDQYF,TRBV20-1*06,None,TRBJ2-7*01,1
574,CSGVARYSYEQYF,TRBV20-1*03,None,TRBJ2-7*01,1
575,CSPVAGFAYEQYF,TRBV20-1*02,None,TRBJ2-7*01,1
576,CSGVARFSYEQYF,TRBV20-1*03,None,TRBJ2-7*01,1
577,CSGVAGISYEQYF,TRBV20-1*03,None,TRBJ2-7*01,1
578,CSGVAGISYEQYF,TRBV20-1*02,None,TRBJ2-7*01,1
579,CSGVAGFSYQQYF,TRBV20-1*02,None,TRBJ2-7*01,1
580,CSGVAGFSYEQYF,TRBV20-1*03,None,TRBJ2-6*01,1
581,CSGVAGFSYEQYF,TRBV20-1*03,None,TRBJ2-5*01,1
582,CSGVAGFSYEQYF,TRBV20-1*01,None,TRBJ2-7*01,1
583,CSGVAGFSYAQYF,TRBV20-1*06,None,TRBJ2-7*01,1
584,CSPGAGFSYEKYF,TRBV20-1*02,None,TRBJ2-7*01,1
585,CSPVAGFSYDQYF,TRBV20-1*02,None,TRBJ2-7*01,1
586,CSSVAGFAYAQYF,TRBV20-1*06,None,TRBJ2-7*01,1
587,CSSGAGFSYEQYF,TRBV20-1*02,None,TRBJ2-7*01,1
588,CSSVAEFSYEKYF,TRBV20-1*03,None,TRBJ2-7*01,1
589,CSSVAAFSYEQYF,TRBV20-1*02,None,TRBJ2-7*01,1
590,CSSSYGAANTEAFF,TRBV6-6*03,None,TRBJ1-1*01,1
591,CSSSYAAATTEAFF,TRBV6-6*03,None,TRBJ1-1*01,1
592,CSSSIWGTGFRGEQYF,TRBV19*02,None,TRBJ2-1*01,1
593,CSSREGFSYEQYF,TRBV20-1*02,None,TRBJ2-7*01,1
594,CSSLAGFSYEQYF,TRBV20-1*02,None,TRBJ2-7*01,1
595,CSSIAGFSYEQYF,TRBV20-1*03,None,TRBJ2-7*01,1
596,CSRSIGGTGLRCEQFF,TRBV19*01,None,TRBJ2-1*01,1
597,CSPVAGFSYELYF,TRBV20-1*02,None,TRBJ2-7*01,1
598,CSPVGGFSYEQYF,TRBV20-1*03,None,TRBJ1-6*01,1
599,CSPVEGFSYEQYF,TRBV20-1*06,None,TRBJ2-7*01,1
600,CSPVEGFCYEQYF,TRBV20-1*02,None,TRBJ2-7*01,1
601,CSPVAGSSYAQYF,TRBV20-1*03,None,TRBJ2-7*01,1
602,CSPVAGLSYEQYF,TRBV20-1*06,None,TRBJ2-7*01,1
603,CSPVAGFYYEQYF,TRBV20-1*02,None,TRBJ2-7*01,1
604,CSPVAGFSYERYF,TRBV20-1*03,None,TRBJ2-7*01,1
605,CSPVAGFSYEQYF,TRBV20-1*04,None,TRBJ2-7*01,1
606,CSTVAGFTYAQYF,TRBV20-1*03,None,TRBJ2-7*01,1
607,CSTVAGFYYDQYF,TRBV20-1*06,None,TRBJ2-7*01,1
608,CSAVARSSYEQYF,TRBV20-1*06,None,TRBJ2-7*01,1
609,CSTVAGISYEQYF,TRBV20-1*06,None,TRBJ2-7*01,1
610,CTAVAGFSYQQYF,TRBV20-1*02,None,TRBJ2-7*01,1
611,CTAVAGFSYQHYF,TRBV20-1*02,None,TRBJ2-7*01,1
612,CTAVAGFSYEQYF,TRBV20-1*07,None,TRBJ2-7*01,1
613,CTAVAGFSCEQYF,TRBV20-1*03,None,TRBJ2-7*01,1
614,CTAVAAFSYEQYF,TRBV20-1*03,None,TRBJ2-7*01,1
615,CTAGQGFSYEQYF,TRBV20-1*06,None,TRBJ2-7*01,1
616,CTAGAGFPYEQSF,TRBV20-1*07,None,TRBJ2-7*01,1
617,CTAAAGFSYEQYF,TRBV20-1*03,None,TRBJ2-7*01,1
618,CSYVEGFCYEQYF,TRBV20-1*03,None,TRBJ2-7*01,1
619,CSYVAAFSYEQYF,TRBV20-1*03,None,TRBJ2-7*01,1
620,CSVVTSLGHPQHF,TRBV29-1*02,None,TRBJ1-5*01,1
621,CSVVTGFSYEQYF,TRBV20-1*03,None,TRBJ2-7*01,1
622,CSVVEGFSYEKYF,TRBV20-1*06,None,TRBJ2-7*01,1
623,CSVVARFSHEQYF,TRBV20-1*03,None,TRBJ2-7*01,1
624,CSVVAGVSQAQYF,TRBV20-1*02,None,TRBJ2-7*01,1
625,CSVVAGSSDTQYF,TRBV29-1*02,None,TRBJ2-3*01,1
626,CSVVAGLSYEQYF,TRBV20-1*02,None,TRBJ2-7*01,1
627,CSVVAGFTYEQYF,TRBV20-1*03,None,TRBJ2-7*01,1
628,CSVVAGFSYVQYF,TRBV20-1*03,None,TRBJ2-7*01,1
629,CTAVAGFSYVQYF,TRBV20-1*06,None,TRBJ2-7*01,1
630,CTAVAGFYYEQYF,TRBV20-1*06,None,TRBJ2-7*01,1
631,CTAVAGSSYDQYF,TRBV20-1*03,None,TRBJ2-7*01,1
632,CTSSFATGSYEQYF,TRBV7-2*03,None,TRBJ2-7*01,1
633,CVVSSGCYNKLIF,TRBV20-1*06,None,TRBJ1-6*01,1
634,CVSSYSNYGYTF,TRBV6-6*03,None,TRBJ1-2*01,1
635,CVSSIGVTGLTGHQFF,TRBV19*03,None,TRBJ2-1*01,1
636,CVRSYSGYVYTF,TRBV6-2*01,None,TRBJ1-2*01,1
637,CVARFYYEQYF,TRBV20-1*03,None,TRBJ2-7*01,1
638,CTTAAGFYYQHYF,TRBV20-1*02,None,TRBJ2-7*01,1
639,CTSVAGLCYEQYF,TRBV20-1*04,None,TRBJ2-3*01,1
640,CTSSYGAAITEAYF,TRBV6-6*03,None,TRBJ1-1*01,1
641,CTSRYSNYGYTF,TRBV6-6*05,None,TRBJ1-2*01,1
642,CTAVAGSSYEQYF,TRBV20-1*02,None,TRBJ2-7*01,1
643,CTPMFSTCSANYGYTF,TRBV6-2*01,None,TRBJ1-2*01,1
644,CTGVAGYSNEQYF,TRBV20-1*02,None,TRBJ2-7*01,1
645,CTGVAGFSYEQNF,TRBV20-1*02,None,TRBJ2-7*01,1
646,CTGGAGFSYEQYF,TRBV20-1*02,None,TRBJ2-7*01,1
647,CTAVTGFAYEKYF,TRBV20-1*02,None,TRBJ2-7*01,1
648,CTAVLGSSSEHYF,TRBV20-1*03,None,TRBJ1-6*01,1
649,CTAVARFSYEQYF,TRBV20-1*06,None,TRBJ2-7*01,1
650,CTAVAGVSSVQYF,TRBV20-1*03,None,TRBJ1-2*01,1
651,CSVVAGFSYKQYF,TRBV20-1*02,None,TRBJ2-7*01,1
652,CSVVAGFSYEWNF,TRBV20-1*02,None,TRBJ2-7*01,1
653,CSVVAGFSYERYF,TRBV20-1*06,None,TRBJ2-7*01,1
654,CSTVARFSYEQYF,TRBV20-1*02,None,TRBJ2-7*01,1
655,CSTVTGFSYEQYF,TRBV20-1*06,None,TRBJ2-7*01,1
656,CSTVTGCSYKQYF,TRBV20-1*03,None,TRBJ2-7*01,1
657,CSTVAWFSYAQYF,TRBV20-1*06,None,TRBJ2-7*01,1
658,CSTVAWFSNKQYF,TRBV20-1*02,None,TRBJ2-7*01,1
659,CSTVAWFPYVQYF,TRBV20-1*02,None,TRBJ2-7*01,1
660,CSTVAVFSYEQYF,TRBV20-1*02,None,TRBJ2-7*01,1
661,CSTVASFTYDQYF,TRBV20-1*05,None,TRBJ2-7*01,1
662,CSTVARYSYEQYF,TRBV20-1*06,None,TRBJ2-7*01,1
663,CSTVARFSYEQYF,TRBV20-1*01,None,TRBJ2-7*01,1
664,CSVAEGFSYEKYF,TRBV20-1*03,None,TRBJ2-7*01,1
665,CSTVAGYTYVQYF,TRBV20-1*03,None,TRBJ2-7*01,1
666,CSTVAGYSYEQYF,TRBV20-1*06,None,TRBJ2-7*01,1
667,CSTVAGVSYEQYF,TRBV20-1*03,None,TRBJ2-7*01,1
668,CSTVAGSTYEQYF,TRBV20-1*03,None,TRBJ2-7*01,1
669,CSTVAGSSYEQYF,TRBV20-1*03,None,TRBJ2-7*01,1
670,CSTVAGSSYEQYF,TRBV20-1*02,None,TRBJ2-7*01,1
671,CSTVAGSSYEQYF,TRBV20-1*02,None,TRBJ2-5*01,1
672,CSTVAGLSYEQYF,TRBV20-1*06,None,TRBJ2-7*01,1
673,CSTVVGFSNEQYF,TRBV20-1*06,None,TRBJ2-7*01,1
674,CSVEDRQAKRYNEQYF,TRBV29-1*01,None,TRBJ2-1*01,1
675,CSVVAGFSYEQFF,TRBV20-1*06,None,TRBJ2-7*01,1
676,CSVVAGCSYEQYF,TRBV20-1*06,None,TRBJ2-7*01,1
677,CSVVAGFSYELYF,TRBV20-1*03,None,TRBJ2-7*01,1
678,CSVVAGFSYEKYF,TRBV20-1*02,None,TRBJ2-7*01,1
679,CSVVAGFSYEKNF,TRBV20-1*03,None,TRBJ2-7*01,1
680,CSVVAGFSYDKYF,TRBV20-1*02,None,TRBJ2-7*01,1
681,CSVVAGFSNEQYF,TRBV20-1*06,None,TRBJ2-7*01,1
682,CSVVAGFSHEQYF,TRBV20-1*06,None,TRBJ2-7*01,1
683,CSVVAGFSCEQYF,TRBV20-1*02,None,TRBJ2-7*01,1
684,CSVVAGFCYEQYF,TRBV20-1*02,None,TRBJ2-7*01,1
685,CSVVAEFCYEQYF,TRBV20-1*03,None,TRBJ2-7*01,1
686,CSVETGSIDTRYF,TRBV29-1*02,None,TRBJ2-3*01,1
687,CSVVAAFSYEQYF,TRBV20-1*02,None,TRBJ2-7*01,1
688,CSVVAAFSYAQYF,TRBV20-1*03,None,TRBJ2-7*01,1
689,CSVLAGFSYEQYF,TRBV20-1*02,None,TRBJ2-7*01,1
690,CSVGTLGGHPQHF,TRBV29-1*02,None,TRBJ1-5*01,1
691,CSVGAGIYYEQYF,TRBV20-1*03,None,TRBJ2-7*01,1
692,CSVGAGFSYEQYF,TRBV20-1*06,None,TRBJ2-7*01,1
693,CSVGAGFSYEQYF,TRBV20-1*02,None,TRBJ2-7*01,1
694,CSVETGSTATQYF,TRBV29-1*02,None,TRBJ2-3*01,1
695,CSGVAGFPYEQYF,TRBV20-1*04,None,TRBJ2-7*01,1
696,CSGVAGFLSEQYF,TRBV20-1*06,None,TRBJ2-7*01,1
697,CSGVAGFCCEQYF,TRBV20-1*06,None,TRBJ2-1*01,1
698,CSGVAGFAYEQYF,TRBV20-1*03,None,TRBJ2-7*01,1
699,CSAVEGFSYEHYF,TRBV20-1*02,None,TRBJ2-7*01,1
700,CSAVEGFSYDQYF,TRBV20-1*07,None,TRBJ2-7*01,1
701,CSAVEGFSYAQYF,TRBV20-1*03,None,TRBJ2-7*01,1
702,CSAVEGFSNEQYF,TRBV20-1*02,None,TRBJ2-7*01,1
703,CSAVEGFPYEQYF,TRBV20-1*02,None,TRBJ2-7*01,1
704,CSAVEGFFYEQYF,TRBV20-1*04,None,TRBJ2-7*01,1
705,CSAVEGFCYKQYF,TRBV20-1*03,None,TRBJ2-7*01,1
706,CSAVEGFCYEQYF,TRBV20-1*03,None,TRBJ2-7*01,1
707,CSAVEEFSYEQYF,TRBV20-1*06,None,TRBJ2-7*01,1
708,CSAVEEFSYEKYF,TRBV20-1*06,None,TRBJ2-7*01,1
709,CSAVAWVYYEQYF,TRBV20-1*06,None,TRBJ2-7*01,1
710,CSAVAWVSYEQYF,TRBV20-1*03,None,TRBJ2-7*01,1
711,CSAVAWSSYEQYF,TRBV20-1*02,None,TRBJ2-7*01,1
712,CSAVAWLSYEQYF,TRBV20-1*03,None,TRBJ2-7*01,1
713,CSAVAWLSYEQYF,TRBV20-1*02,None,TRBJ2-7*01,1
714,CSAVAGFSYQLHF,TRBV20-1*03,None,TRBJ2-7*01,1
715,CSAVAWFYYEQYF,TRBV20-1*02,None,TRBJ2-7*01,1
716,CSAVAWFWYEKYF,TRBV20-1*03,None,TRBJ2-7*01,1
717,CSAVAWFTYERYF,TRBV20-1*05,None,TRBJ2-7*01,1
718,CSAVEGFSYEQYF,TRBV20-1*01,None,TRBJ2-7*01,1
719,CSAVEGFSYEQYF,TRBV20-1*04,None,TRBJ2-7*01,1
720,CSAVEGFSYERYF,TRBV20-1*06,None,TRBJ2-7*01,1
721,CSAVGGFSYEQYF,TRBV20-1*07,None,TRBJ2-7*01,1
722,CSAVPGFSYVQYF,TRBV20-1*06,None,TRBJ2-7*01,1
723,CSAVPGFSYEQYF,TRBV20-1*05,None,TRBJ2-7*01,1
724,CSAVPGFSYEQYF,TRBV20-1*04,None,TRBJ2-7*01,1
725,CSAVPGCSYEQYF,TRBV20-1*03,None,TRBJ2-7*01,1
726,CSAVGRFSYEQYF,TRBV20-1*03,None,TRBJ2-7*01,1
727,CSAVGGYSYEQYF,TRBV20-1*02,None,TRBJ2-7*01,1
728,CSAVGGLSYEQYF,TRBV20-1*03,None,TRBJ2-7*01,1
729,CSAVGGLSFEQYF,TRBV20-1*03,None,TRBJ2-7*01,1
730,CSAVGGFSYEHYF,TRBV20-1*06,None,TRBJ2-7*01,1
731,CSAVEGFTYEQYF,TRBV20-1*06,None,TRBJ2-7*01,1
732,CSAVGASNYEQYF,TRBV20-1*03,None,TRBJ2-7*01,1
733,CSAVEWFSYEQYF,TRBV20-1*03,None,TRBJ2-7*01,1
734,CSAVEVFSYEQYF,TRBV20-1*02,None,TRBJ2-7*01,1
735,CSAVEGVSYEKYF,TRBV20-1*03,None,TRBJ2-7*01,1
736,CSAVEGSSYEQYF,TRBV20-1*06,None,TRBJ2-7*01,1
737,CSAVEGPSYEQYF,TRBV20-1*03,None,TRBJ2-7*01,1
738,CSAVEGISYEQYF,TRBV20-1*04,None,TRBJ2-7*01,1
739,CSAVEGFYYEQYF,TRBV20-1*02,None,TRBJ2-7*01,1
740,CSAVAWFTYEQYF,TRBV20-1*06,None,TRBJ2-7*01,1
741,CSAVAWFTYEQYF,TRBV20-1*03,None,TRBJ2-7*01,1
742,CSAVAWFSYGQYF,TRBV20-1*02,None,TRBJ2-7*01,1
743,CSAVAVFSYDQYF,TRBV20-1*03,None,TRBJ2-7*01,1
744,CSAVAVFSYVQYF,TRBV20-1*03,None,TRBJ2-7*01,1
745,CSAVAVFSYQQYF,TRBV20-1*02,None,TRBJ2-7*01,1
746,CSAVAVFSYLYYF,TRBV20-1*06,None,TRBJ2-7*01,1
747,CSAVAVFSYKQYF,TRBV20-1*06,None,TRBJ2-7*01,1
748,CSAVAVFSYEQYF,TRBV20-1*05,None,TRBJ2-7*01,1
749,CSAVAVFSYEQNF,TRBV20-1*06,None,TRBJ2-7*01,1
750,CSAVAVFSYEHYF,TRBV20-1*06,None,TRBJ2-7*01,1
751,CSAVAVFSYEHYF,TRBV20-1*03,None,TRBJ2-7*01,1
752,CSAVAVFSCEQYF,TRBV20-1*03,None,TRBJ2-7*01,1
753,CSAVAVFTYEQYF,TRBV20-1*03,None,TRBJ2-7*01,1
754,CSAVAVFCYKQYF,TRBV20-1*03,None,TRBJ2-7*01,1
755,CSAVAVFAYEQYF,TRBV20-1*02,None,TRBJ2-7*01,1
756,CSAVAVCFYKQYF,TRBV20-1*02,None,TRBJ2-7*01,1
757,CSAVATFAYEHYF,TRBV20-1*02,None,TRBJ2-7*01,1
758,CSAVARYSYEQYF,TRBV20-1*06,None,TRBJ2-7*01,1
759,CSAVARYSYEKYF,TRBV20-1*02,None,TRBJ2-7*01,1
760,CSAVARTSYEQYF,TRBV20-1*03,None,TRBJ2-7*01,1
761,CSAVARSTYEQYF,TRBV20-1*03,None,TRBJ2-7*01,1
762,CSAVAVFTYEQYF,TRBV20-1*02,None,TRBJ2-7*01,1
763,CSAVAVISYEQYF,TRBV20-1*03,None,TRBJ2-7*01,1
764,CSAVAWFSYERYF,TRBV20-1*03,None,TRBJ2-7*01,1
765,CSAVAWFSYDKYF,TRBV20-1*03,None,TRBJ2-7*01,1
766,CSAVAWFSYEQYF,TRBV20-1*05,None,TRBJ2-7*01,1
767,CSAVAWFSYEQYF,TRBV20-1*04,None,TRBJ2-7*01,1
768,CSAVAWFSYEQNF,TRBV20-1*02,None,TRBJ2-7*01,1
769,CSAVAWFSYEPYF,TRBV20-1*02,None,TRBJ2-7*01,1
770,CSAVAWFSYELYF,TRBV20-1*06,None,TRBJ2-7*01,1
771,CSAVAWFSYELYF,TRBV20-1*03,None,TRBJ2-7*01,1
772,CSAVAWFSYEKYF,TRBV20-1*06,None,TRBJ2-7*01,1
773,CSAVAWFSYDQYF,TRBV20-1*03,None,TRBJ2-7*01,1
774,CSAVAWFSHEQYF,TRBV20-1*02,None,TRBJ2-7*01,1
775,CSAVAVLSYEQYF,TRBV20-1*02,None,TRBJ2-7*01,1
776,CSAVAWFFYEQYF,TRBV20-1*03,None,TRBJ2-7*01,1
777,CSAVAWFCYEQYF,TRBV20-1*03,None,TRBJ2-7*01,1
778,CSAVAWFAYEQYF,TRBV20-1*03,None,TRBJ2-7*01,1
779,CSAVAVVSYEQYF,TRBV20-1*03,None,TRBJ2-7*01,1
780,CSAVAVSSYEQYF,TRBV20-1*05,None,TRBJ2-7*01,1
781,CSAVAVSSYEQYF,TRBV20-1*03,None,TRBJ2-7*01,1
782,CSAVAVLSYVQYF,TRBV20-1*03,None,TRBJ2-7*01,1
783,CSAVAVLSYEQYF,TRBV20-1*06,None,TRBJ2-7*01,1
784,CSAVPGFTYEQYF,TRBV20-1*06,None,TRBJ2-7*01,1
785,CSAVPGVSYAQYF,TRBV20-1*03,None,TRBJ2-7*01,1
786,CSAVPTFTYEQYF,TRBV20-1*02,None,TRBJ2-7*01,1
787,CSDVAGFSKHQYF,TRBV20-1*06,None,TRBJ2-7*01,1
788,CSDVAGPSDKQYF,TRBV20-1*02,None,TRBJ2-7*01,1
789,CSDVAGLSYKQYF,TRBV20-1*03,None,TRBJ2-7*01,1
790,CSDVAGFSYKQYF,TRBV20-1*06,None,TRBJ2-7*01,1
791,CSDVAGFSYEQYF,TRBV20-1*04,None,TRBJ2-7*01,1
792,CSDVAGFSYEKYF,TRBV20-1*02,None,TRBJ2-7*01,1
793,CSDVAGFSSEQYF,TRBV20-1*06,None,TRBJ2-7*01,1
794,CSDVAGFSSEEYF,TRBV20-1*06,None,TRBJ2-7*01,1
795,CSDVAGFSSEDYF,TRBV20-1*03,None,TRBJ2-7*01,1
796,CSDVAGFSFEQYF,TRBV20-1*02,None,TRBJ2-7*01,1
797,CSDVAGVSYEQYF,TRBV20-1*05,None,TRBJ2-7*01,1
798,CSDVAGFCYQQYF,TRBV20-1*06,None,TRBJ2-7*01,1
799,CSDVAGFCYEQYF,TRBV20-1*02,None,TRBJ2-7*01,1
800,CSDVAGCSYGQYF,TRBV20-1*02,None,TRBJ2-7*01,1
801,CSDVAGCSYEQYF,TRBV20-1*02,None,TRBJ2-7*01,1
802,CSDVAEFSYAQYF,TRBV20-1*02,None,TRBJ2-7*01,1
803,CSDLEGFSYEQYF,TRBV20-1*03,None,TRBJ2-7*01,1
804,CSDGAGFSYEQYF,TRBV20-1*02,None,TRBJ2-7*01,1
805,CSCVAGFSYEQYF,TRBV20-1*06,None,TRBJ2-7*01,1
806,CSDVAGSSDTQYF,TRBV20-1*03,None,TRBJ2-7*01,1
807,CSDVARFSYEQYF,TRBV20-1*03,None,TRBJ2-7*01,1
808,CSAVVRFSYEQYF,TRBV20-1*03,None,TRBJ2-7*01,1
809,CSGEAGFSYEQYF,TRBV20-1*02,None,TRBJ2-7*01,1
810,CSGVAGCSYEQYF,TRBV20-1*03,None,TRBJ2-7*01,1
811,CSGVADYSYEQYF,TRBV20-1*06,None,TRBJ2-7*01,1
812,CSGSAGFYYEEYF,TRBV20-1*02,None,TRBJ2-7*01,1
813,CSGLAGFWYKQYF,TRBV20-1*07,None,TRBJ2-7*01,1
814,CSGLAGFSYKQYF,TRBV20-1*05,None,TRBJ2-7*01,1
815,CSGLAGFSYEEYF,TRBV20-1*03,None,TRBJ2-7*01,1
816,CSGLAGFSHEQYF,TRBV20-1*01,None,TRBJ2-7*01,1
817,CSGGAGISYELYF,TRBV20-1*07,None,TRBJ1-1*01,1
818,CSFVTGFSYEQYF,TRBV20-1*01,None,TRBJ2-7*01,1
819,CSDVPGFSYKQYF,TRBV20-1*06,None,TRBJ2-7*01,1
820,CSFVEGFSYEQYF,TRBV20-1*06,None,TRBJ2-7*01,1
821,CSFVAGLFDEQYF,TRBV20-1*06,None,TRBJ2-7*01,1
822,CSFVAGFSYQQYF,TRBV20-1*03,None,TRBJ2-7*01,1
823,CSEVAGFSYEQYF,TRBV20-1*03,None,TRBJ2-7*01,1
824,CSDVTGLSYEPYF,TRBV20-1*06,None,TRBJ2-7*01,1
825,CSDVTGFSSEQYF,TRBV20-1*02,None,TRBJ2-7*01,1
826,CSDVTEFSYEQYF,TRBV20-1*03,None,TRBJ2-7*01,1
827,CSDVSGVYYQQYF,TRBV20-1*06,None,TRBJ2-7*01,1
828,CSCVAGFSYEQYF,TRBV20-1*02,None,TRBJ2-7*01,1
829,CSAVVGYEYEQYF,TRBV20-1*06,None,TRBJ2-7*01,1
830,CSAVPWFPYGQYF,TRBV20-1*07,None,TRBJ2-7*01,1
831,CSAVSGFSYVRYF,TRBV20-1*06,None,TRBJ2-7*01,1
832,CSAVTGFFSVQYF,TRBV20-1*06,None,TRBJ2-7*01,1
833,CSAVSWFSYEQYF,TRBV20-1*06,None,TRBJ2-7*01,1
834,CSAVSWFSYEQYF,TRBV20-1*02,None,TRBJ2-7*01,1
835,CSAVSRFSYEQYF,TRBV20-1*06,None,TRBJ2-7*01,1
836,CSAVSGVSYEQYF,TRBV20-1*07,None,TRBJ2-7*01,1
837,CSAVSGVSYEQYF,TRBV20-1*02,None,TRBJ2-7*01,1
838,CSAVSGSSYQQYF,TRBV20-1*03,None,TRBJ2-7*01,1
839,CSAVSGLSYEQYF,TRBV20-1*03,None,TRBJ2-7*01,1
840,CSAVSGFSYLHYF,TRBV20-1*02,None,TRBJ2-7*01,1
841,CSAVTGFSYEEYF,TRBV20-1*02,None,TRBJ2-7*01,1
842,CSAVSGFSYGQYF,TRBV20-1*03,None,TRBJ2-7*01,1
843,CSAVSGFSYETYF,TRBV20-1*03,None,TRBJ2-7*01,1
844,CSAVSGFSYEQYF,TRBV20-1*07,None,TRBJ2-7*01,1
845,CSAVSGFSYEKYF,TRBV20-1*03,None,TRBJ2-7*01,1
846,CSAVSGFSYAQYF,TRBV20-1*03,None,TRBJ2-7*01,1
847,CSAVSGFPYEEYF,TRBV20-1*02,None,TRBJ2-7*01,1
848,CSAVSEFSYEQYF,TRBV20-1*03,None,TRBJ2-7*01,1
849,CSAVSAFSYEYHF,TRBV20-1*02,None,TRBJ2-7*01,1
850,CSAVTGFSCEQYF,TRBV20-1*02,None,TRBJ2-7*01,1
851,CSAVTGFSYEQYF,TRBV20-1*04,None,TRBJ2-7*01,1
852,CSAVVGLSYEQYF,TRBV20-1*06,None,TRBJ2-7*01,1
853,CSAVVEFSYEQYF,TRBV20-1*02,None,TRBJ2-7*01,1
854,CSAVVGLSYEQYF,TRBV20-1*03,None,TRBJ2-7*01,1
855,CSAVVGFSYQQYF,TRBV20-1*06,None,TRBJ2-7*01,1
856,CSAVVGFSYQQYF,TRBV20-1*02,None,TRBJ2-7*01,1
857,CSAVVGFSYGQYF,TRBV20-1*03,None,TRBJ2-7*01,1
858,CSAVVGFSYERYF,TRBV20-1*06,None,TRBJ2-7*01,1
859,CSAVVGFSYEQYF,TRBV20-1*04,None,TRBJ2-7*01,1
860,CSAVVGFSYAQYF,TRBV20-1*02,None,TRBJ2-7*01,1
861,CSAVVEFSYERYF,TRBV20-1*06,None,TRBJ2-7*01,1
862,CSAVVAFSYEQYF,TRBV20-1*05,None,TRBJ2-7*01,1
863,CSAVTGFSYEQYF,TRBV20-1*07,None,TRBJ2-7*01,1
864,CSAVTVYSSLHHF,TRBV20-1*02,None,TRBJ2-7*01,1
865,CSAVTVFSYEQYF,TRBV20-1*03,None,TRBJ2-7*01,1
866,CSAVTGSSYEQYF,TRBV20-1*03,None,TRBJ2-7*01,1
867,CSAVTGLSSVQYF,TRBV20-1*02,None,TRBJ2-7*01,1
868,CSAVTGFTYEQYF,TRBV20-1*06,None,TRBJ2-7*01,1
869,CSAVTGFSYVQYF,TRBV20-1*06,None,TRBJ2-7*01,1
870,CSAVTGFSYGQYF,TRBV20-1*06,None,TRBJ2-7*01,1
871,CSAVTGFSYGHYF,TRBV20-1*02,None,TRBJ2-7*01,1
872,CSAVAWFYYEQYF,TRBV20-1*06,None,TRBJ2-7*01,1
873,CSAVAGFSYEHHF,TRBV20-1*02,None,TRBJ2-7*01,1
874,CSAVAGFSYMQYF,TRBV20-1*03,None,TRBJ2-7*01,1
875,CASTPGAAEGEQYF,TRBV25-1*01,None,TRBJ2-7*01,1
876,CCAVAGFTYEQYF,TRBV20-1*02,None,TRBJ2-7*01,1
877,CCAVAGFSYEKYF,TRBV20-1*02,None,TRBJ2-7*01,1
878,CCAVAGFAYEQYF,TRBV20-1*06,None,TRBJ2-7*01,1
879,CCAVAGFAYEQYF,TRBV20-1*02,None,TRBJ2-7*01,1
880,CCAVAEFSYEQYF,TRBV20-1*06,None,TRBJ2-7*01,1
881,CCALGGFPYELYF,TRBV20-1*03,None,TRBJ2-7*01,1
882,CCAEAGITYAQYF,TRBV20-1*02,None,TRBJ2-7*01,1
883,CATTPGAAEREQYF,TRBV25-1*01,None,TRBJ2-7*01,1
884,CATSTGGVQPQYF,TRBV28*01,None,TRBJ1-5*01,1
885,CATRDRAFQETQYF,TRBV6-6*05,None,TRBJ2-5*01,1
886,CATGQGTSYEQYF,TRBV2*02,None,TRBJ2-7*01,1
887,CASTYSNYGYTF,TRBV6-6*03,None,TRBJ1-2*01,1
888,CASTPGATEREQYF,TRBV25-1*01,None,TRBJ2-7*01,1
889,CASTPGAGGREQYF,TRBV25-1*01,None,TRBJ2-7*01,1
890,CASTPGAAESHYYF,TRBV11-3*03,None,TRBJ2-7*01,1
891,CASTPGAAEREQHF,TRBV25-1*01,None,TRBJ2-7*01,1
892,CASTPGAAERAQYF,TRBV25-1*01,None,TRBJ2-7*01,1
893,CCAVAGLSYEQYF,TRBV20-1*02,None,TRBJ2-7*01,1
894,CCAVAVFSYEQYF,TRBV20-1*06,None,TRBJ2-7*01,1
895,CCAVAWLSYEQYF,TRBV20-1*06,None,TRBJ2-7*01,1
896,CDSSFSTCSANYGYTF,TRBV12-4*02,None,TRBJ1-2*01,1
897,CGAVAGFSYEQCF,TRBV20-1*02,None,TRBJ2-7*01,1
898,CGAVAGFSYELYF,TRBV20-1*06,None,TRBJ2-7*01,1
899,CGAVAGFSYEAYF,TRBV20-1*06,None,TRBJ2-7*01,1
900,CGAVAGFPYEQYF,TRBV20-1*06,None,TRBJ2-7*01,1
901,CGAGAGFSYEQYF,TRBV20-1*06,None,TRBJ2-7*01,1
902,CGAGAGFSYEQYF,TRBV20-1*02,None,TRBJ2-7*01,1
903,CFAVAGFPYEQYF,TRBV20-1*02,None,TRBJ2-7*01,1
904,CDSSFSTCSANYGYTF,TRBV12-4*01,None,TRBJ1-2*01,1
905,CCAVEGFSYEQYF,TRBV20-1*02,None,TRBJ2-7*01,1
906,CDSRVLGAEAQYF,TRBV28*01,None,TRBJ2-5*01,1
907,CDAVAGFSYEQYF,TRBV20-1*06,None,TRBJ2-7*01,1
908,CCSVAGFSYEQYF,TRBV20-1*03,None,TRBJ2-7*01,1
909,CCSRWDRFPVNSPLHF,TRBV11-2*01,None,TRBJ1-6*01,1
910,CCAVVGFSYEQYF,TRBV20-1*06,None,TRBJ2-7*01,1
911,CCAVSAVSYEQYF,TRBV20-1*01,None,TRBJ2-7*01,1
912,CCAVEGLYYDRYF,TRBV20-1*03,None,TRBJ2-7*01,1
913,CASTPGAAEGKQYF,TRBV25-1*01,None,TRBJ2-7*01,1
914,CASTIGGTGLRGEQFF,TRBV19*03,None,TRBJ2-1*01,1
915,CASSYGAANTEVFF,TRBV6-3*01,None,TRBJ1-1*01,1
916,CASTFTTRSANYGYTF,TRBV3-1*01,None,TRBJ1-2*01,1
917,CASSYGTANTEAFF,TRBV6-6*03,None,TRBJ1-1*01,1
918,CASSYGTANTEAFF,TRBV6-6*02,None,TRBJ1-1*01,1
919,CASSYGTANNEAYF,TRBV6-6*05,None,TRBJ2-7*01,1
920,CASSYGPANTEVLF,TRBV6-6*03,None,TRBJ1-1*01,1
921,CASSYGPANTEAFF,TRBV6-6*03,None,TRBJ1-1*01,1
922,CASSYGAVNTEAFF,TRBV6-6*03,None,TRBJ1-1*01,1
923,CASSYGAVNTEAFF,TRBV6-3*01,None,TRBJ1-1*01,1
924,CASSYGAVNNEDFF,TRBV6-6*03,None,TRBJ1-1*01,1
925,CASSYGATNTKAFF,TRBV6-6*03,None,TRBJ1-1*01,1
926,CASSYGASNTEAFF,TRBV6-6*03,None,TRBJ1-1*01,1
927,CASSYGASNTEAFF,TRBV6-5*01,None,TRBJ1-1*01,1
928,CASSYGASNNDAVF,TRBV6-6*03,None,TRBJ1-1*01,1
929,CASSYGAGNTEAFF,TRBV6-6*03,None,TRBJ1-1*01,1
930,CASSYGAEPTEAFF,TRBV6-6*05,None,TRBJ1-1*01,1
931,CASSYGAATTEAFF,TRBV6-6*03,None,TRBJ1-1*01,1
932,CASSYGAASTEAFF,TRBV11-3*02,None,TRBJ1-1*01,1
933,CASSYGAANTGAFF,TRBV6-6*03,None,TRBJ1-1*01,1
934,CASSYGTGTYEEYF,TRBV6-6*05,None,TRBJ2-7*01,1
935,CASSYRAAKTTDFF,TRBV6-6*03,None,TRBJ1-1*01,1
936,CASSYRAATTVASF,TRBV6-5*01,None,TRBJ1-1*01,1
937,CASSYSNYGHTF,TRBV6-6*03,None,TRBJ1-2*01,1
938,CASSYVTGKTEAFF,TRBV6-2*01,None,TRBJ1-1*01,1
939,CASSYVAANTEPFF,TRBV6-6*03,None,TRBJ1-1*01,1
940,CASSYTSEQTAHYF,TRBV6-6*03,None,TRBJ1-1*01,1
941,CASSYSTYGYTF,TRBV6-6*03,None,TRBJ1-2*01,1
942,CASSYSNYGYTF,TRBV9*03,None,TRBJ1-2*01,1
943,CASSYSNYGYTF,TRBV6-6*01,None,TRBJ1-2*01,1
944,CASSYSNYGYTF,TRBV6-3*01,None,TRBJ1-2*01,1
945,CASSYSNYAYTF,TRBV6-6*03,None,TRBJ1-2*01,1
946,CASSYRADKTEPFF,TRBV6-6*03,None,TRBJ1-1*01,1
947,CASSYSNSGYTF,TRBV6-6*05,None,TRBJ1-2*01,1
948,CASSYSNDGYTF,TRBV6-6*03,None,TRBJ1-2*01,1
949,CASSYSNCGYTF,TRBV6-2*01,None,TRBJ1-2*01,1
950,CASSYSHTGYTF,TRBV6-6*03,None,TRBJ1-2*01,1
951,CASSYSDYGYTF,TRBV6-6*03,None,TRBJ1-2*01,1
952,CASSYRTYGFTF,TRBV6-5*01,None,TRBJ1-2*01,1
953,CASSYRNYGYTF,TRBV6-6*03,None,TRBJ1-2*01,1
954,CGAVAGFSYEQCF,TRBV20-1*06,None,TRBJ2-7*01,1
955,CGAVAGFSYEQRF,TRBV20-1*06,None,TRBJ2-7*01,1
956,CGAVAGFSYEQYF,TRBV20-1*07,None,TRBJ2-7*01,1
957,CGAVAGFSYKQYF,TRBV20-1*06,None,TRBJ2-7*01,1
958,CPSSVTSYQTTQYF,TRBV6-6*03,None,TRBJ2-5*01,1
959,CPSSFGTGSYEKYF,TRBV11-3*03,None,TRBJ2-7*01,1
960,CPSSCGAVTTQVFF,TRBV6-5*01,None,TRBJ1-1*01,1
961,CPGRSRLANTEAFF,TRBV10-3*04,None,TRBJ1-1*01,1
962,CPAVAGFSYLHYF,TRBV20-1*03,None,TRBJ2-7*01,1
963,CNPVAGFSYEQYF,TRBV20-1*02,None,TRBJ2-7*01,1
964,CNCVAGFSSEQNF,TRBV20-1*06,None,TRBJ2-7*01,1
965,CNAVSAFSYAQYF,TRBV20-1*02,None,TRBJ2-7*01,1
966,CNAVEGFSYEQYF,TRBV20-1*03,None,TRBJ2-7*01,1
967,CNAVEGFSYEQYF,TRBV20-1*02,None,TRBJ2-7*01,1
968,CNAVAWFSYEKYF,TRBV20-1*02,None,TRBJ2-7*01,1
969,CNAVARYSYEQYF,TRBV20-1*06,None,TRBJ2-7*01,1
970,CNAVAGLSYEQYF,TRBV20-1*06,None,TRBJ2-7*01,1
971,CNAVAGLSYEQYF,TRBV20-1*03,None,TRBJ2-7*01,1
972,CNAVAGFSYEQYF,TRBV20-1*07,None,TRBJ2-7*01,1
973,CNAVAGFSYEQCF,TRBV20-1*03,None,TRBJ2-7*01,1
974,CNAVAGFSYDKYF,TRBV20-1*05,None,TRBJ2-7*01,1
975,CPSSYGAANTHFLF,TRBV6-6*03,None,TRBJ1-1*01,1
976,CRAAAGFSYAQYF,TRBV20-1*02,None,TRBJ2-7*01,1
977,CRAAAGFSYEQYF,TRBV20-1*03,None,TRBJ2-7*01,1
978,CRAVAGFSYAQYF,TRBV20-1*06,None,TRBJ2-7*01,1
979,CRAVAGFSYQQYF,TRBV20-1*06,None,TRBJ2-7*01,1
980,CRAVAGFSYKQYF,TRBV20-1*06,None,TRBJ2-7*01,1
981,CRAVAGFSYEQYF,TRBV20-1*07,None,TRBJ2-7*01,1
982,CRAVAGFSYEQYF,TRBV20-1*01,None,TRBJ2-7*01,1
983,CRAVAGFSYEKYF,TRBV20-1*02,None,TRBJ2-7*01,1
984,CRAVAGFSYEHYF,TRBV20-1*02,None,TRBJ2-7*01,1
985,CRAVAGFSYDQYF,TRBV20-1*03,None,TRBJ2-7*01,1
986,CRAVAGFSYAQYF,TRBV20-1*03,None,TRBJ2-7*01,1
987,CRAETGFSYEQYF,TRBV20-1*03,None,TRBJ2-7*01,1
988,CRAVAGFSSEQYF,TRBV20-1*06,None,TRBJ2-7*01,1
989,CRAVAGFPYEQYF,TRBV20-1*06,None,TRBJ2-7*01,1
990,CRAVAGFAYEQYF,TRBV20-1*06,None,TRBJ2-7*01,1
991,CRALAGFSYAQYF,TRBV20-1*03,None,TRBJ2-7*01,1
992,CRAGAGFSYGQYF,TRBV20-1*02,None,TRBJ2-7*01,1
993,CRAGAGFSYEQYF,TRBV20-1*06,None,TRBJ2-7*01,1
994,CRAGAGFSYEQYF,TRBV20-1*02,None,TRBJ2-7*01,1
995,CNAVAGFSCEQYF,TRBV20-1*02,None,TRBJ2-7*01,1
996,CNAVAGFAHEQYF,TRBV20-1*03,None,TRBJ2-7*01,1
997,CMFVAGFSYEQYF,TRBV20-1*06,None,TRBJ2-7*01,1
998,CGSSDSNYGYSF,TRBV6-4*02,None,TRBJ2-7*01,1
999,CIAVAGFSYAQYF,TRBV20-1*01,None,TRBJ2-7*01,1
1000,CIAVAGFSSEPYF,TRBV20-1*03,None,TRBJ2-7*01,1
1001,CIAVAGCSYEPYF,TRBV20-1*03,None,TRBJ2-7*01,1
1002,CIAGAGFSYEQYF,TRBV20-1*06,None,TRBJ2-7*01,1
1003,CHAVAGFSYEQYF,TRBV20-1*03,None,TRBJ2-7*01,1
1004,CGWSGEYSNEQYF,TRBV20-1*06,None,TRBJ2-7*01,1
1005,CGVVAWFSYERYF,TRBV20-1*03,None,TRBJ2-7*01,1
1006,CGSSCSTCSANYGYTF,TRBV12-4*02,None,TRBJ1-2*01,1
1007,CIAVAGFSYEKYF,TRBV20-1*02,None,TRBJ2-7*01,1
1008,CGGSYGAANTEAFF,TRBV10-3*04,None,TRBJ1-1*01,1
1009,CGCSARSYVQNF,TRBV27*01,None,TRBJ1-2*01,1
1010,CGAVVGFSYEQYF,TRBV20-1*02,None,TRBJ2-7*01,1
1011,CGAVTRYSDKQYF,TRBV20-1*04,None,TRBJ2-7*01,1
1012,CGAVAGSSYEQYF,TRBV20-1*06,None,TRBJ2-7*01,1
1013,CGAVAGSSYEQYF,TRBV20-1*03,None,TRBJ2-7*01,1
1014,CGAVAGFSYQQYF,TRBV20-1*06,None,TRBJ2-7*01,1
1015,CIAVAGFSYDQYF,TRBV20-1*06,None,TRBJ2-7*01,1
1016,CIAVAGFSYEQCF,TRBV20-1*02,None,TRBJ2-7*01,1
1017,CMAVAGDTYEQNF,TRBV20-1*06,None,TRBJ2-7*01,1
1018,CIPVAGSSYEQYF,TRBV20-1*06,None,TRBJ2-7*01,1
1019,CMAVAGCSYEQYF,TRBV20-1*05,None,TRBJ2-7*01,1
1020,CLNSLSYNRQFF,TRBV2*02,None,TRBJ2-1*01,1
1021,CLAVAGFSYEQYF,TRBV20-1*06,None,TRBJ2-7*01,1
1022,CKVVAGFSYDQYF,TRBV20-1*05,None,TRBJ2-7*01,1
1023,CIVGTSVGQPQYF,TRBV20-1*03,None,TRBJ1-5*01,1
1024,CISVAGFSYEQYF,TRBV20-1*02,None,TRBJ2-7*01,1
1025,CIPVAWFSYEQYF,TRBV20-1*07,None,TRBJ2-7*01,1
1026,CIFFFFFSYEQYF,TRBV20-1*03,None,TRBJ2-7*01,1
1027,CIAVAGFSYEQYF,TRBV20-1*04,None,TRBJ2-7*01,1
1028,CIAVVGFSYEQYF,TRBV20-1*06,None,TRBJ2-7*01,1
1029,CIAVARFSYEQYF,TRBV20-1*03,None,TRBJ2-7*01,1
1030,CIAVAGVSYEQYF,TRBV20-1*03,None,TRBJ2-7*01,1
1031,CIAVAGSSYEQYF,TRBV20-1*03,None,TRBJ2-7*01,1
1032,CIAVAGLSYEQYF,TRBV20-1*06,None,TRBJ2-7*01,1
1033,CIAVAGFTYEQYF,TRBV20-1*02,None,TRBJ2-7*01,1
1034,CIAVAGFSYQQYF,TRBV20-1*03,None,TRBJ2-7*01,1
1035,CASSYGAANTEVFF,TRBV6-6*05,None,TRBJ1-1*01,1
1036,CASSYGAANTEDFF,TRBV6-6*03,None,TRBJ1-1*01,1
1037,CSAVAGFSYLQYF,TRBV20-1*02,None,TRBJ2-7*01,1
1038,CASRLGALETQYF,TRBV28*01,None,TRBJ2-5*01,1
1039,CASRWDRVPVNSLLHF,TRBV7-8*03,None,TRBJ1-6*01,1
1040,CASRWDRSPVNSPHYF,TRBV7-3*05,None,TRBJ1-6*01,1
1041,CASRWDRLPVNSPLHF,TRBV7-8*03,None,TRBJ1-6*01,1
1042,CASRWDRFPVNSPLHF,TRBV7-3*04,None,TRBJ1-6*01,1
1043,CASRWDRFPVNSLLHF,TRBV7-8*03,None,TRBJ1-6*01,1
1044,CASRWDGSPVNSPLHF,TRBV3-1*01,None,TRBJ1-6*01,1
1045,CASRLVTLEAQYF,TRBV28*01,None,TRBJ2-5*01,1
1046,CASRLGTVGTQYF,TRBV28*01,None,TRBJ2-5*01,1
1047,CASRLGTVETQYF,TRBV28*01,None,TRBJ2-5*01,1
1048,CASRLGTLGTQYF,TRBV28*01,None,TRBJ2-5*01,1
1049,CASRLGTLETRYF,TRBV28*01,None,TRBJ2-5*01,1
1050,CASRLGTLETHYF,TRBV28*01,None,TRBJ2-5*01,1
1051,CASRLGTLEKQYF,TRBV28*01,None,TRBJ2-5*01,1
1052,CASRLGTLDTQYF,TRBV28*01,None,TRBJ2-5*01,1
1053,CASRLGSLETQYF,TRBV28*01,None,TRBJ2-5*01,1
1054,CASRLGPLETQYF,TRBV28*01,None,TRBJ2-5*01,1
1055,CASRLGESGSEQYF,TRBV11-2*03,None,TRBJ2-7*01,1
1056,CASRWDSVPVNSPLHF,TRBV7-8*03,None,TRBJ1-6*01,1
1057,CASRWKRFPVNSPLHF,TRBV7-8*03,None,TRBJ1-6*01,1
1058,CASRWKRIPVNSPFHF,TRBV11-3*02,None,TRBJ1-6*01,1
1059,CASSFGAGSYEQYF,TRBV11-3*02,None,TRBJ2-7*01,1
1060,CASSFGTGFYEQYF,TRBV11-3*02,None,TRBJ2-7*01,1
1061,CASSFGTGAYEQYF,TRBV7-2*04,TRBD1*01,TRBJ2-7*01,1
1062,CASSFGTESYEQYF,TRBV11-3*02,None,TRBJ2-7*01,1
1063,CASSFGSGGCEQYF,TRBV11-2*03,None,TRBJ2-7*01,1
1064,CASSFGKGSYEQYF,TRBV11-3*02,None,TRBJ2-7*01,1
1065,CASSFGESGGGQYF,TRBV11-2*03,None,TRBJ2-7*01,1
1066,CASSFGAGTTEAFF,TRBV6-6*05,None,TRBJ1-1*01,1
1067,CASSFATCSANYGYTF,TRBV28*01,None,TRBJ1-2*01,1
1068,CASRYGAANSEAYF,TRBV6-6*05,None,TRBJ1-1*01,1
1069,CASSDRAAKKEPFF,TRBV6-6*03,None,TRBJ2-5*01,1
1070,CASSCSTCSANYGYTF,TRBV12-4*02,None,TRBJ1-2*01,1
1071,CASSASSYKETQYF,TRBV6-9*01,None,TRBJ2-5*01,1
1072,CASRYSSTGELFF,TRBV28*01,None,TRBJ2-2*01,1
1073,CASRYGAMNTEAFF,TRBV12-4*02,None,TRBJ1-1*01,1
1074,CASRYGAENTQALF,TRBV6-6*03,None,TRBJ1-1*01,1
1075,CASRYGAANTEVFF,TRBV11-3*02,None,TRBJ1-1*01,1
1076,CASRLGESGGEQYF,TRBV11-3*02,None,TRBJ2-7*01,1
1077,CASRIGTVDTQYF,TRBV28*01,None,TRBJ2-5*01,1
1078,CASSYGAANTEAVF,TRBV6-6*03,None,TRBJ1-1*01,1
1079,CASRFSTCSANYGYTF,TRBV12-4*02,None,TRBJ1-2*01,1
1080,CARSFSTCWANYGYTF,TRBV12-4*02,None,TRBJ1-2*01,1
1081,CARSFGTGSYEQYF,TRBV11-3*02,None,TRBJ2-7*01,1
1082,CARSFGTGSYEQYF,TRBV11-2*03,None,TRBJ2-7*01,1
1083,CARRLGTLDTYHF,TRBV6-6*03,None,TRBJ2-5*01,1
1084,CARGYSAANTEAFF,TRBV6-6*04,None,TRBJ1-1*01,1
1085,CANSYSNYGYTF,TRBV10-3*03,None,TRBJ1-2*01,1
1086,CALSSSVQTSYERHF,TRBV14*02,None,TRBJ2-6*01,1
1087,CAISYSNYGYTF,TRBV6-6*03,None,TRBJ1-2*01,1
1088,CAISYAAATTDTLF,TRBV10-3*01,None,TRBJ1-1*01,1
1089,CAISFGTGSYEQYF,TRBV11-3*02,None,TRBJ2-7*01,1
1090,CAIRDSTYGYTF,TRBV6-6*05,None,TRBJ1-2*01,1
1091,CAGTPGAAEREQYF,TRBV25-1*01,None,TRBJ2-7*01,1
1092,CAGSYSNYGYTF,TRBV6-6*03,None,TRBJ1-2*01,1
1093,CAGSYGAAKTEAFF,TRBV6-7*01,None,TRBJ1-1*01,1
1094,CAGSFGTGSYEQYF,TRBV11-2*03,None,TRBJ2-7*01,1
1095,CAGRFVIVNQPQHF,TRBV28*01,None,TRBJ1-5*01,1
1096,CACSYSKYVYNF,TRBV6-6*03,None,TRBJ1-2*01,1
1097,CARSGMEGQGALYGYTF,TRBV28*01,TRBD1*01,TRBJ1-2*01,1
1098,CARSIGGTGLRGEQFF,TRBV19*03,None,TRBJ2-1*01,1
1099,CARSLGESDGEQYF,TRBV13*01,None,TRBJ2-7*01,1
1100,CASGLGTLETQYF,TRBV28*01,None,TRBJ2-5*01,1
1101,CASNTGAAERQHYF,TRBV25-1*01,None,TRBJ2-7*01,1
1102,CASKPWTSVVDTRYF,TRBV12-4*02,None,TRBJ2-3*01,1
1103,CASKPWTNVVDTQYF,TRBV12-4*02,None,TRBJ2-3*01,1
1104,CASKPGTSVVNTQYF,TRBV12-4*02,TRBD2*02,TRBJ2-3*01,1
1105,CASKPGTSVVDTLYF,TRBV12-4*02,TRBD2*01,TRBJ2-3*01,1
1106,CASIWDRFPVNSPLHF,TRBV11-3*01,None,TRBJ1-6*01,1
1107,CASILETRGYTF,TRBV11-1*01,None,TRBJ1-2*01,1
1108,CASGGQNYGYTF,TRBV11-3*03,None,TRBJ1-2*01,1
1109,CARSLGESGGEQYF,TRBV7-2*04,None,TRBJ2-7*01,1
1110,CASGGQNYGYTF,TRBV11-2*03,None,TRBJ1-2*01,1
1111,CASGERGATETQYF,TRBV10-2*01,None,TRBJ2-7*01,1
1112,CASGERGATETQYF,TRBV10-2*01,None,TRBJ2-1*01,1
1113,CASGERGATATQYF,TRBV10-2*01,None,TRBJ2-5*01,1
1114,CASFYGAANTEAFF,TRBV6-6*03,None,TRBJ1-1*01,1
1115,CARSYSNYAYTF,TRBV6-6*03,None,TRBJ1-2*01,1
1116,CARSYGAANTEAFF,TRBV6-6*03,None,TRBJ1-1*01,1
1117,CASSFGTGPYEQYF,TRBV11-3*02,None,TRBJ2-7*01,1
1118,CASSFGTGSYEKYF,TRBV11-3*02,None,TRBJ2-7*01,1
1119,CASSFGTGSYEQSF,TRBV11-2*03,None,TRBJ2-7*01,1
1120,CASSFGTGSYEQYF,TRBV5-4*03,None,TRBJ2-7*01,1
1121,CASSSWSYNYGYNF,TRBV11-2*03,None,TRBJ1-2*01,1
1122,CASSPSYNEQFF,TRBV27*01,None,TRBJ2-1*01,1
1123,CASSLVDEQFF,TRBV28*01,None,TRBJ2-1*01,1
1124,CASSLTGVEQFF,TRBV7-3*05,None,TRBJ2-1*01,1
1125,CASSLRESGGEQYF,TRBV11-3*02,None,TRBJ2-7*01,1
1126,CASSLRESGDEQYF,TRBV7-2*04,None,TRBJ2-7*01,1
1127,CASSLRDSGGEHYF,TRBV11-2*03,None,TRBJ2-7*01,1
1128,CASSLIDEQFF,TRBV12-4*02,None,TRBJ2-1*01,1
1129,CASSLGTGAYEQYF,TRBV11-2*03,TRBD1*01,TRBJ2-7*01,1
1130,CASSLGQSVGQLYF,TRBV11-2*02,None,TRBJ2-7*01,1
1131,CASSLGKSGGEQYF,TRBV7-2*04,None,TRBJ2-7*01,1
1132,CASSLGGSGGEQYF,TRBV11-2*03,None,TRBJ2-7*01,1
1133,CASSLGEYDGEQYF,TRBV11-2*03,None,TRBJ2-7*01,1
1134,CASSLGESGSEQYF,TRBV7-2*04,None,TRBJ2-7*01,1
1135,CASSLGESGGVKYF,TRBV11-3*02,None,TRBJ2-7*01,1
1136,CASSLGESGGKQYF,TRBV7-2*04,None,TRBJ2-7*01,1
1137,CASSLGESGGEQYF,TRBV7-3*04,None,TRBJ2-7*01,1
1138,CASSTGCTGLMGEQFF,TRBV19*03,None,TRBJ2-1*01,1
1139,CASSVASYQETQYF,TRBV6-6*03,None,TRBJ2-5*01,1
1140,CASSVTAENATQYF,TRBV6-6*03,None,TRBJ2-7*01,1
1141,CASSYGAANNEAFF,TRBV6-3*01,None,TRBJ1-1*01,1
1142,CASSYGAANTEAFF,TRBV6-5*01,None,TRBJ1-1*01,1
1143,CASSYGAANTEAFF,TRBV27*01,None,TRBJ1-1*01,1
1144,CASSYGAANTEACF,TRBV6-5*01,None,TRBJ1-1*01,1
1145,CASSYGAANTEACF,TRBV12-3*01,None,TRBJ1-1*01,1
1146,CASSYGAANTDALF,TRBV6-6*03,None,TRBJ1-1*01,1
1147,CASSYGAANSEAFF,TRBV6-6*03,None,TRBJ1-1*01,1
1148,CASSYGAANNEDFF,TRBV6-6*03,None,TRBJ1-1*01,1
1149,CASSYGAANAEAFF,TRBV6-6*03,None,TRBJ1-1*01,1
1150,CASSVTSYQETQYF,TRBV6-6*03,None,TRBJ2-7*01,1
1151,CASSYGAANAEAFF,TRBV11-2*02,None,TRBJ1-1*01,1
1152,CASSYGAAIPAFFF,TRBV6-6*03,None,TRBJ1-1*01,1
1153,CASSYGAAIAEVFF,TRBV6-6*02,None,TRBJ1-1*01,1
1154,CASSYGAAHTHVLF,TRBV6-6*02,None,TRBJ1-1*01,1
1155,CASSYEAANTEAFF,TRBV6-6*05,None,TRBJ1-1*01,1
1156,CASSYEAANTEAFF,TRBV6-6*03,None,TRBJ1-1*01,1
1157,CASSYCNYGYTF,TRBV6-6*03,None,TRBJ1-2*01,1
1158,CASSLGESGGEQYF,TRBV5-4*03,None,TRBJ2-7*01,1
1159,CASSLGESGGEQYF,TRBV11-3*03,None,TRBJ2-7*01,1
1160,CASSLGESGGEMYF,TRBV7-2*04,None,TRBJ2-7*01,1
1161,CASSFSSCSANYGYTF,TRBV12-4*02,None,TRBJ1-2*01,1
1162,CASSFSTFAANYGYTF,TRBV12-4*02,None,TRBJ1-2*01,1
1163,CASSFSTCSVNYGHNF,TRBV12-4*02,None,TRBJ1-2*01,1
1164,CASSFSTCSASYGYTF,TRBV12-4*02,None,TRBJ1-2*01,1
1165,CASSFSTCSANYVYTF,TRBV12-4*02,None,TRBJ1-2*01,1
1166,CASSFSTCSANYGYTF,TRBV6-3*01,None,TRBJ1-2*01,1
1167,CASSFSTCSANLGYTF,TRBV12-4*02,None,TRBJ1-2*01,1
1168,CASSFSSCSVNYGYTF,TRBV12-4*02,None,TRBJ1-2*01,1
1169,CASSFSPCSPNYGYTF,TRBV12-4*02,None,TRBJ1-2*01,1
1170,CASSFSTSSANYGYTF,TRBV12-4*02,None,TRBJ1-2*01,1
1171,CASSFSLGPTSEQYF,TRBV14*02,None,TRBJ2-7*01,1
1172,CASSFNIGPTYEQYF,TRBV14*02,None,TRBJ2-7*01,1
1173,CASSFGVGPTYEQYF,TRBV14*02,None,TRBJ2-7*01,1
1174,CASSFGTVSYEQYF,TRBV7-2*02,None,TRBJ2-7*01,1
1175,CASSFGTGSYKQYF,TRBV11-3*02,None,TRBJ2-7*01,1
1176,CASSFGTGSYKQYF,TRBV11-2*03,None,TRBJ2-7*01,1
1177,CASSFGTGSYEQYF,TRBV7-3*05,None,TRBJ2-7*01,1
1178,CASSFSTLSANYGQSF,TRBV12-4*02,None,TRBJ1-2*01,1
1179,CASSFSVGPAYEQYF,TRBV14*02,None,TRBJ2-7*01,1
1180,CASSLGESGGEKYF,TRBV7-3*04,None,TRBJ2-7*01,1
1181,CASSIGATGLRGEQFF,TRBV19*03,None,TRBJ2-1*01,1
1182,CASSLGESGAEQYF,TRBV11-3*02,None,TRBJ2-7*01,1
1183,CASSLGESCGEQYF,TRBV11-2*03,None,TRBJ2-7*01,1
1184,CASSLGEPGGEQNF,TRBV7-2*04,None,TRBJ2-7*01,1
1185,CASSLGASGGEQYF,TRBV7-2*04,None,TRBJ2-7*01,1
1186,CASSITMTGPEQFF,TRBV27*01,None,TRBJ2-1*01,1
1187,CASSIGRTGLRGEQFF,TRBV19*03,None,TRBJ2-1*01,1
1188,CASSIGCTGLRGEQFF,TRBV19*03,None,TRBJ2-1*01,1
1189,CASSHCYNGQSF,TRBV2*02,None,TRBJ2-1*01,1
1190,CASSFSVGPTDEQYF,TRBV14*02,None,TRBJ2-7*01,1
1191,CASSFVTVSQPQHF,TRBV6-7*01,None,TRBJ1-5*01,1
1192,CASSFVTVSQPHHF,TRBV28*01,None,TRBJ1-5*01,1
1193,CASSFVTVSQHQHF,TRBV28*01,None,TRBJ1-5*01,1
1194,CASSFVTVRQPQHF,TRBV28*01,None,TRBJ1-5*01,1
1195,CASSFVTGSYEQYF,TRBV7-2*04,None,TRBJ2-7*01,1
1196,CASSFVAGSYEQYF,TRBV11-3*02,None,TRBJ2-7*01,1
1197,CASSFSVGTTYEQYF,TRBV14*02,None,TRBJ2-7*01,1
1198,CRAVAGFTYAQYF,TRBV20-1*06,None,TRBJ2-7*01,1
1199,CRAVAGISYEHYF,TRBV20-1*06,None,TRBJ2-7*01,1
1200,CRAVAGLSYEQYF,TRBV20-1*02,None,TRBJ2-7*01,1
1201,CSAVAGFCYEQHF,TRBV20-1*03,None,TRBJ2-7*01,1
1202,CSAVAGFPCEQYF,TRBV20-1*02,None,TRBJ2-7*01,1
1203,CSAVAGFNYEQYF,TRBV20-1*02,None,TRBJ2-7*01,1
1204,CSAVAGFLYEQYF,TRBV20-1*06,None,TRBJ2-7*01,1
1205,CSAVAGFHYEQYF,TRBV20-1*02,None,TRBJ2-7*01,1
1206,CSAVAGFGYEQYF,TRBV20-1*03,None,TRBJ2-7*01,1
1207,CSAVAGFGYEQYF,TRBV20-1*02,None,TRBJ2-7*01,1
1208,CSAVAGFFYEQYF,TRBV20-1*05,None,TRBJ2-7*01,1
1209,CSAVAGFFYEQYF,TRBV20-1*04,None,TRBJ2-7*01,1
1210,CSAVAGFFYEKYF,TRBV20-1*06,None,TRBJ2-7*01,1
1211,CSAVAGFFYEHYF,TRBV20-1*06,None,TRBJ2-7*01,1
1212,CSAVAGFFNEQYF,TRBV20-1*06,None,TRBJ2-7*01,1
1213,CSAVAGFFHEQYF,TRBV20-1*06,None,TRBJ2-7*01,1
1214,CSAVAGFFHEQYF,TRBV20-1*03,None,TRBJ2-7*01,1
1215,CSAVAGFDYEQYF,TRBV20-1*06,None,TRBJ2-7*01,1
1216,CSAVAGFDYEQYF,TRBV20-1*02,None,TRBJ2-7*01,1
1217,CSAVAGFCYVQYF,TRBV20-1*02,None,TRBJ2-7*01,1
1218,CSAVAGFCYLQYF,TRBV20-1*06,None,TRBJ2-7*01,1
1219,CSAVAGFPYEHYF,TRBV20-1*03,None,TRBJ2-7*01,1
1220,CSAVAGFPYKQYF,TRBV29-1*03,None,TRBJ2-7*01,1
1221,CSAVAGFPYVQYF,TRBV20-1*03,None,TRBJ2-7*01,1
1222,CSAVAGFSDEHYF,TRBV20-1*03,None,TRBJ2-7*01,1
1223,CSAVAGFSNEKYF,TRBV20-1*02,None,TRBJ2-7*01,1
1224,CSAVAGFSNDQYF,TRBV20-1*02,None,TRBJ2-7*01,1
1225,CSAVAGFSHEQFF,TRBV20-1*03,None,TRBJ2-7*01,1
1226,CSAVAGFSHEEYF,TRBV20-1*03,None,TRBJ2-7*01,1
1227,CSAVAGFSHDQYF,TRBV20-1*06,None,TRBJ2-7*01,1
1228,CSAVAGFSFELYF,TRBV20-1*02,None,TRBJ2-7*01,1
1229,CSAVAGFSFAQYF,TRBV20-1*06,None,TRBJ2-7*01,1
1230,CSAVAGFSDAQYF,TRBV20-1*03,None,TRBJ2-7*01,1
1231,CSAVAGFSCDQYF,TRBV20-1*02,None,TRBJ2-7*01,1
1232,CSAVAGFSCQQYF,TRBV20-1*06,None,TRBJ2-7*01,1
1233,CSAVAGFSCLQYF,TRBV20-1*06,None,TRBJ2-7*01,1
1234,CSAVAGFSCKQYF,TRBV20-1*02,None,TRBJ2-7*01,1
1235,CSAVAGFSCGQYF,TRBV20-1*06,None,TRBJ2-7*01,1
1236,CSAVAGFSCERYF,TRBV20-1*02,None,TRBJ2-7*01,1
1237,CSAVAGFSCELYF,TRBV20-1*02,None,TRBJ2-7*01,1
1238,CSAVAGFSCEKYF,TRBV20-1*06,None,TRBJ2-7*01,1
1239,CSAVAGFCYERYF,TRBV20-1*03,None,TRBJ2-7*01,1
1240,CSAVAGFCSLQYF,TRBV20-1*02,None,TRBJ2-7*01,1
1241,CRAVAGVSSEQYF,TRBV20-1*02,None,TRBJ2-7*01,1
1242,CSAVAGFCSEQYF,TRBV20-1*03,None,TRBJ2-7*01,1
1243,CSAVAGCSYELYF,TRBV20-1*06,None,TRBJ2-7*01,1
1244,CSAVAGCSYEKYF,TRBV20-1*06,None,TRBJ2-7*01,1
1245,CSAVAGCSSEYYF,TRBV20-1*03,None,TRBJ2-7*01,1
1246,CSAVAGCAYEQYF,TRBV20-1*06,None,TRBJ2-7*01,1
1247,CSAVAGCAYEQYF,TRBV20-1*03,None,TRBJ2-7*01,1
1248,CSAVAGASYEQYF,TRBV20-1*02,None,TRBJ2-7*01,1
1249,CSAVAFFSYEQYF,TRBV20-1*02,None,TRBJ2-7*01,1
1250,CSAVAEVSYVQYF,TRBV20-1*03,None,TRBJ2-7*01,1
1251,CSAVAELSYEQYF,TRBV20-1*06,None,TRBJ2-7*01,1
1252,CSAVAELSYEQYF,TRBV20-1*02,None,TRBJ2-7*01,1
1253,CSAVAEFYYEQYF,TRBV20-1*02,None,TRBJ2-7*01,1
1254,CSAVAEFTYEQYF,TRBV20-1*01,None,TRBJ2-7*01,1
1255,CSAVAEFSYERYF,TRBV20-1*02,None,TRBJ2-7*01,1
1256,CSAVAEFSYEQYF,TRBV20-1*05,None,TRBJ2-7*01,1
1257,CSAVAEFSYEPYF,TRBV20-1*03,None,TRBJ2-7*01,1
1258,CSAVAEFSYEKYF,TRBV20-1*06,None,TRBJ2-7*01,1
1259,CSAVAEFSYEKYF,TRBV20-1*02,None,TRBJ2-7*01,1
1260,CSAVAGCSYEQFF,TRBV20-1*02,None,TRBJ2-7*01,1
1261,CSAVAGCSYEQYF,TRBV20-1*04,None,TRBJ2-7*01,1
1262,CSAVAGCSYEQYF,TRBV20-1*05,None,TRBJ2-7*01,1
1263,CSAVAGFAYEKYF,TRBV20-1*06,None,TRBJ2-7*01,1
1264,CSAVAGFAYQQHF,TRBV20-1*03,None,TRBJ2-7*01,1
1265,CSAVAGFAYKQYF,TRBV20-1*06,None,TRBJ2-7*01,1
1266,CSAVAGFAYKKYF,TRBV20-1*02,None,TRBJ2-7*01,1
1267,CSAVAGFAYGQDF,TRBV20-1*02,None,TRBJ2-7*01,1
1268,CSAVAGFAYEQYF,TRBV20-1*05,None,TRBJ2-7*01,1
1269,CSAVAGFAYELYF,TRBV20-1*02,None,TRBJ2-7*01,1
1270,CSAVAGFAYEKYF,TRBV20-1*07,None,TRBJ2-7*01,1
1271,CSAVAGFAYEHYF,TRBV20-1*06,None,TRBJ2-7*01,1
1272,CSAVAGCSYGQYF,TRBV20-1*02,None,TRBJ2-7*01,1
1273,CSAVAGFAYEHYF,TRBV20-1*02,None,TRBJ2-7*01,1
1274,CSAVAGFAYDQYF,TRBV20-1*06,None,TRBJ2-7*01,1
1275,CSAVAGFAYDQYF,TRBV20-1*02,None,TRBJ2-7*01,1
1276,CSAVAGFAYDKYF,TRBV20-1*02,None,TRBJ2-7*01,1
1277,CSAVAGFANEQYF,TRBV20-1*02,None,TRBJ2-7*01,1
1278,CSAVAGCSYVQYF,TRBV20-1*04,None,TRBJ2-7*01,1
1279,CSAVAGCSYKQYF,TRBV20-1*02,None,TRBJ2-7*01,1
1280,CSAVAGFSNEQYF,TRBV20-1*04,None,TRBJ2-7*01,1
1281,CSAVAGFSNGQYF,TRBV20-1*02,None,TRBJ2-7*01,1
1282,CSAVAGFSNVQYF,TRBV20-1*06,None,TRBJ2-7*01,1
1283,CSAVAGFSSEHYF,TRBV20-1*03,None,TRBJ2-7*01,1
1284,CSAVAGFSYEQYF,TRBV20-1*06,None,TRBJ2-2*01,1
1285,CSAVAGFSYEQYF,TRBV20-1*06,None,TRBJ2-1*01,1
1286,CSAVAGFSYEQYF,TRBV20-1*06,None,TRBJ1-6*02,1
1287,CSAVAGFSYEQYF,TRBV20-1*05,None,TRBJ1-1*01,1
1288,CSAVAGFSYEQYF,TRBV20-1*03,None,TRBJ2-3*01,1
1289,CSAVAGFSYEQYF,TRBV20-1*03,None,TRBJ2-1*01,1
1290,CSAVAGFSYEQYF,TRBV20-1*03,None,TRBJ1-6*01,1
1291,CSAVAGFSYEQYF,TRBV20-1*02,None,TRBJ1-6*02,1
1292,CSAVAGFSYEQTF,TRBV20-1*03,None,TRBJ1-6*02,1
1293,CSAVAGFSYEQSF,TRBV20-1*07,None,TRBJ2-7*01,1
1294,CSAVAGFSYEQSF,TRBV20-1*02,None,TRBJ2-7*01,1
1295,CSAVAGFSYEQRF,TRBV20-1*03,None,TRBJ2-7*01,1
1296,CSAVAGFSYEQQF,TRBV20-1*03,None,TRBJ2-7*01,1
1297,CSAVAGFSYEQHF,TRBV20-1*01,None,TRBJ2-7*01,1
1298,CSAVAGFSYEQCF,TRBV20-1*07,None,TRBJ2-7*01,1
1299,CSAVAGFSYEPYF,TRBV20-1*04,None,TRBJ2-7*01,1
1300,CSAVAGFSYEPFF,TRBV20-1*06,None,TRBJ2-7*01,1
1301,CSAVAGFSYEQYF,TRBV20-1*06,None,TRBJ2-6*01,1
1302,CSAVAGFSYERNF,TRBV20-1*06,None,TRBJ2-7*01,1
1303,CSAVAGFSYESYF,TRBV20-1*02,None,TRBJ2-7*01,1
1304,CSAVAGFSYGRYF,TRBV20-1*06,None,TRBJ2-7*01,1
1305,CSAVAGFSYLQYF,TRBV20-1*01,None,TRBJ2-7*01,1
1306,CSAVAGFSYKQYF,TRBV20-1*05,None,TRBJ2-7*01,1
1307,CSAVAGFSYKQNF,TRBV20-1*03,None,TRBJ2-7*01,1
1308,CSAVAGFSYKKYF,TRBV20-1*03,None,TRBJ2-7*01,1
1309,CSAVAGFSYHQYF,TRBV20-1*06,None,TRBJ2-7*01,1
1310,CSAVAGFSYHQYF,TRBV20-1*02,None,TRBJ2-7*01,1
1311,CSAVAGFSYHLYF,TRBV20-1*02,None,TRBJ2-7*01,1
1312,CSAVAGFSYGQYF,TRBV20-1*06,None,TRBJ1-2*01,1
1313,CSAVAGFSYETYF,TRBV20-1*03,None,TRBJ2-7*01,1
1314,CSAVAGFSYGQYF,TRBV20-1*05,None,TRBJ2-7*01,1
1315,CSAVAGFSYGQYF,TRBV20-1*05,None,TRBJ2-2*01,1
1316,CSAVAGFSYGQYF,TRBV20-1*02,None,TRBJ1-2*01,1
1317,CSAVAGFSYGKYF,TRBV20-1*03,None,TRBJ2-7*01,1
1318,CSAVAGFSYGEYF,TRBV20-1*01,None,TRBJ2-7*01,1
1319,CSAVAGFSYEYYF,TRBV20-1*06,None,TRBJ2-7*01,1
1320,CSAVAGFSYEYCF,TRBV20-1*06,None,TRBJ2-7*01,1
1321,CSAVAGFSYEPDF,TRBV20-1*02,None,TRBJ2-7*01,1
1322,CSAVAGFSYEPCF,TRBV20-1*03,None,TRBJ2-7*01,1
1323,CSAVAGFSYEMYF,TRBV20-1*03,None,TRBJ2-7*01,1
1324,CSAVAGFSSLQYF,TRBV20-1*02,None,TRBJ2-7*01,1
1325,CSAVAGFSYAQSF,TRBV20-1*03,None,TRBJ2-7*01,1
1326,CSAVAGFSYAKYF,TRBV20-1*02,None,TRBJ2-7*01,1
1327,CSAVAGFSSVQYF,TRBV20-1*06,None,TRBJ2-7*01,1
1328,CSAVAGFSSQQYF,TRBV20-1*02,None,TRBJ2-7*01,1
1329,CSAVAGFSSQQYF,TRBV20-1*01,None,TRBJ2-7*01,1
1330,CSAVAGFSSQQHF,TRBV20-1*07,None,TRBJ2-7*01,1
1331,CSAVAGFSSQQHF,TRBV20-1*02,None,TRBJ2-7*01,1
1332,CSAVAGFSSGQYF,TRBV20-1*03,None,TRBJ2-7*01,1
1333,CSAVAGFSYAYYF,TRBV20-1*03,None,TRBJ2-7*01,1
1334,CSAVAGFSSGQYF,TRBV20-1*02,None,TRBJ2-7*01,1
1335,CSAVAGFSSEQYF,TRBV20-1*05,None,TRBJ2-7*01,1
1336,CSAVAGFSSEQYF,TRBV20-1*04,None,TRBJ2-7*01,1
1337,CSAVAGFSSEQFF,TRBV20-1*03,None,TRBJ2-7*01,1
1338,CSAVAGFSSEQDF,TRBV20-1*06,None,TRBJ2-7*01,1
1339,CSAVAGFSSEPYF,TRBV20-1*06,None,TRBJ2-7*01,1
1340,CSAVAGFSSEKYF,TRBV20-1*03,None,TRBJ2-7*01,1
1341,CSAVAGFSYAQYF,TRBV20-1*07,None,TRBJ2-7*01,1
1342,CSAVAGFSYDHYF,TRBV20-1*02,None,TRBJ2-7*01,1
1343,CSAVAGFSYEKYF,TRBV20-1*06,None,TRBJ2-5*01,1
1344,CSAVAGFSYEENF,TRBV20-1*06,None,TRBJ2-7*01,1
1345,CSAVAGFSYEKYF,TRBV20-1*04,None,TRBJ2-7*01,1
1346,CSAVAGFSYEKYF,TRBV20-1*03,None,TRBJ1-1*01,1
1347,CSAVAGFSYEKNF,TRBV20-1*02,None,TRBJ2-7*01,1
1348,CSAVAGFSYEHYF,TRBV20-1*07,None,TRBJ2-7*01,1
1349,CSAVAGFSYEHHF,TRBV20-1*06,None,TRBJ2-7*01,1
1350,CACSFGESGGEQYF,TRBV11-3*02,None,TRBJ2-7*01,1
1351,CSAVAGFSYEGYF,TRBV20-1*06,None,TRBJ2-7*01,1
1352,CSAVAGFSYEDYF,TRBV20-1*02,None,TRBJ2-7*01,1
1353,CSAVAGFSYDKYF,TRBV20-1*02,None,TRBJ2-7*01,1
1354,CSAVAGFSYEAYF,TRBV20-1*03,None,TRBJ2-7*01,1
1355,CSAVAGFSYEAYF,TRBV20-1*02,None,TRBJ2-7*01,1
1356,CSAVAGFSYDQYF,TRBV20-1*07,None,TRBJ2-7*01,1
1357,CSAVAGFSYDQHF,TRBV20-1*06,None,TRBJ2-7*01,1
1358,CSAVAGFSYDPYF,TRBV20-1*06,None,TRBJ2-7*01,1
1359,CSAVAGFSYDLYF,TRBV20-1*06,None,TRBJ2-7*01,1
1360,CSAVAGFSYDKYF,TRBV20-1*07,None,TRBJ2-7*01,1
1361,CSAVAEFSSQQYF,TRBV20-1*02,None,TRBJ2-7*01,1
1362,CSAVAEFSCEQYF,TRBV20-1*02,None,TRBJ2-7*01,1
1363,CSAVAEFCYEQYF,TRBV20-1*03,None,TRBJ2-7*01,1
1364,CSAGAGFSYKQYF,TRBV20-1*06,None,TRBJ2-7*01,1
1365,CSAESGFSYEQYF,TRBV20-1*06,None,TRBJ2-7*01,1
1366,CSAESGFSYEQYF,TRBV20-1*02,None,TRBJ2-7*01,1
1367,CSAEEGFSYEQYF,TRBV20-1*02,None,TRBJ2-7*01,1
1368,CSAEAVFSYELYF,TRBV20-1*03,None,TRBJ2-7*01,1
1369,CSAEARFSYELYF,TRBV20-1*02,None,TRBJ1-6*01,1
1370,CSAEARFSYAQYF,TRBV20-1*02,None,TRBJ2-7*01,1
1371,CSAEAGVSYGQYF,TRBV20-1*02,None,TRBJ2-7*01,1
1372,CSAEAGVSYEQYF,TRBV20-1*02,None,TRBJ2-7*01,1
1373,CSAEAGVAYEQYF,TRBV20-1*02,None,TRBJ2-7*01,1
1374,CSAEAGSYYEQYF,TRBV20-1*03,None,TRBJ2-7*01,1
1375,CSAEAGISYEQFF,TRBV20-1*03,None,TRBJ1-1*01,1
1376,CSAEAGFSYELYF,TRBV20-1*03,None,TRBJ2-7*01,1
1377,CSAEAGFPYEQYF,TRBV20-1*02,None,TRBJ2-7*01,1
1378,CSAEAGFFYEQYF,TRBV20-1*02,None,TRBJ2-7*01,1
1379,CSAEAGFCYEQYF,TRBV20-1*02,None,TRBJ2-7*01,1
1380,CSAEAEFSYEQYF,TRBV20-1*02,None,TRBJ2-7*01,1
1381,CSAEAAFYYEEYF,TRBV20-1*02,None,TRBJ2-7*01,1
1382,CSAESLPNYLRYF,TRBV20-1*03,None,TRBJ2-7*01,1
1383,CSAFAGFSYEQYF,TRBV20-1*02,None,TRBJ2-7*01,1
1384,CSAGAAFSYEQYF,TRBV20-1*03,None,TRBJ2-7*01,1
1385,CSAGAGFSYDQYF,TRBV20-1*06,None,TRBJ2-7*01,1
1386,CSAGAGFSYGQYF,TRBV20-1*02,None,TRBJ2-7*01,1
1387,CSAGAGFSYEQYF,TRBV20-1*07,None,TRBJ2-7*01,1
1388,CSAGAGFSYEQYF,TRBV20-1*05,None,TRBJ2-7*01,1
1389,CSAGAGFSYELYF,TRBV20-1*04,None,TRBJ2-7*01,1
1390,CSAGAGFSYEKYF,TRBV20-1*02,None,TRBJ2-7*01,1
1391,CSAGAGFSYEHYF,TRBV20-1*03,None,TRBJ2-7*01,1
1392,CSAGAGFSYEESF,TRBV20-1*02,None,TRBJ2-7*01,1
1393,CSAGAGFSFEQYF,TRBV20-1*03,None,TRBJ2-7*01,1
1394,CSAGAEFCYEKYF,TRBV20-1*03,None,TRBJ2-7*01,1
1395,CSAGAGFCYEQYF,TRBV20-1*06,None,TRBJ2-7*01,1
1396,CSAGAGFAYKQFF,TRBV20-1*06,None,TRBJ2-4*01,1
1397,CSAGAGFAYEQYF,TRBV20-1*02,None,TRBJ2-7*01,1
1398,CSAGAGCSYEQYF,TRBV20-1*02,None,TRBJ2-7*01,1
1399,CSAGAGASYEQCF,TRBV20-1*03,None,TRBJ2-7*01,1
1400,CSAGAEFSYEQYF,TRBV20-1*05,None,TRBJ2-7*01,1
1401,CSAGAEFSYEEYF,TRBV20-1*01,None,TRBJ2-7*01,1
1402,CSAASVLSYEHYF,TRBV20-1*03,None,TRBJ2-7*01,1
1403,CSAASGFSYEQYF,TRBV20-1*03,None,TRBJ2-7*01,1
1404,CSAAPGFSYEQYF,TRBV20-1*06,None,TRBJ2-7*01,1
1405,CRAVEGFSYEQYF,TRBV20-1*06,None,TRBJ2-7*01,1
1406,CRFVAGVSYEQYF,TRBV20-1*02,None,TRBJ2-7*01,1
1407,CRDVAGFSYEQYF,TRBV20-1*02,None,TRBJ2-7*01,1
1408,CRAVSGSSYEQYF,TRBV20-1*06,None,TRBJ2-7*01,1
1409,CRAVPGFSYEQYF,TRBV20-1*04,None,TRBJ2-7*01,1
1410,CRAVPGFSYAQHF,TRBV20-1*03,None,TRBJ2-7*01,1
1411,CRAVGGFSYEQYF,TRBV20-1*03,None,TRBJ2-7*01,1
1412,CRAVEGVSYEQYF,TRBV20-1*06,None,TRBJ2-7*01,1
1413,CRAVEEFSYEQYF,TRBV20-1*06,None,TRBJ2-7*01,1
1414,CRSFAGFSYAQYF,TRBV20-1*05,None,TRBJ2-7*01,1
1415,CRAVAWFSYEQYF,TRBV20-1*06,None,TRBJ2-7*01,1
1416,CRAVAVFSYQQYF,TRBV20-1*06,None,TRBJ2-7*01,1
1417,CRAVARVSYEQYF,TRBV20-1*06,None,TRBJ2-7*01,1
1418,CRAVARFSDEQYF,TRBV20-1*02,None,TRBJ2-7*01,1
1419,CRAVAGYSYGQYF,TRBV20-1*02,None,TRBJ2-7*01,1
1420,CRAVAGYSYEQYF,TRBV20-1*03,None,TRBJ2-7*01,1
1421,CRAVAGVSYEQYF,TRBV20-1*03,None,TRBJ2-7*01,1
1422,CRGVAGFSYEQYF,TRBV20-1*02,None,TRBJ2-7*01,1
1423,CRSVAGFAYEQDF,TRBV20-1*06,None,TRBJ2-7*01,1
1424,CSAAAVFSYEQYF,TRBV20-1*03,None,TRBJ2-7*01,1
1425,CSAAAGFSYVQYF,TRBV20-1*02,None,TRBJ2-7*01,1
1426,CSAAARGSYEQYF,TRBV20-1*02,None,TRBJ2-1*01,1
1427,CSAAARFSYEQYF,TRBV20-1*06,None,TRBJ2-7*01,1
1428,CSAAAGSSYEQYF,TRBV20-1*06,None,TRBJ2-7*01,1
1429,CSAAAGSDHEQYF,TRBV20-1*02,None,TRBJ2-7*01,1
1430,CSAAAGFYYEQYF,TRBV20-1*06,None,TRBJ2-7*01,1
1431,CSAAAGFYYEQYF,TRBV20-1*04,None,TRBJ2-7*01,1
1432,CSAAAGFSYVQYF,TRBV20-1*03,None,TRBJ2-7*01,1
1433,CSAAAGFSSEQYF,TRBV20-1*03,None,TRBJ2-7*01,1
1434,CRSVAGFSYEQYF,TRBV20-1*03,None,TRBJ2-7*01,1
1435,CSAAAGFSHEQYF,TRBV20-1*06,None,TRBJ2-7*01,1
1436,CSAAAGFSCEQYF,TRBV20-1*06,None,TRBJ2-7*01,1
1437,CSAAAGFAYEQYF,TRBV20-1*06,None,TRBJ2-7*01,1
1438,CSAAAEFSYVQYF,TRBV20-1*06,None,TRBJ2-7*01,1
1439,CRVVAGFSYVQYF,TRBV20-1*06,None,TRBJ2-7*01,1
1440,CRTVAGFSYEQYF,TRBV20-1*06,None,TRBJ2-7*01,1
1441,CRTVAGFSYEQYF,TRBV20-1*02,None,TRBJ2-7*01,1
1442,CSAGAGFSYKQYF,TRBV20-1*02,None,TRBJ2-7*01,1
1443,CSAGAGGSYEQYF,TRBV20-1*03,None,TRBJ2-7*01,1
1444,CSAVAEFAYEKYF,TRBV20-1*03,None,TRBJ2-7*01,1
1445,CSAGAGLSYERYF,TRBV20-1*06,None,TRBJ2-7*01,1
1446,CSAVAAFSCEQYF,TRBV20-1*06,None,TRBJ2-7*01,1
1447,CSAVAAFSAERYF,TRBV20-1*06,None,TRBJ2-7*01,1
1448,CSAVAAFAYEQYF,TRBV20-1*02,None,TRBJ2-7*01,1
1449,CSAVAAASWGHNF,TRBV20-1*02,None,TRBJ2-7*01,1
1450,CSATAGFSYEQYF,TRBV20-1*06,None,TRBJ2-7*01,1
1451,CSASSRGSSQETQYF,TRBV20-1*02,None,TRBJ2-5*01,1
1452,CSASSRGGSQVTQYF,TRBV20-1*05,None,TRBJ2-5*01,1
1453,CSASSRGGSQETQYF,TRBV20-1*04,None,TRBJ2-5*01,1
1454,CSASSRGGLQETQYF,TRBV20-1*03,None,TRBJ2-5*01,1
1455,CSASDWQGSYNEQFF,TRBV20-1*07,None,TRBJ2-1*01,1
1456,CSASARVGSQEYQYF,TRBV20-1*03,None,TRBJ2-5*01,1
1457,CSASAGFSYQHYF,TRBV20-1*03,None,TRBJ2-7*01,1
1458,CSASAGFSYEQYF,TRBV20-1*02,None,TRBJ2-7*01,1
1459,CSAMAGFSYEQYF,TRBV20-1*03,None,TRBJ2-7*01,1
1460,CSAMAGFSYEQYF,TRBV20-1*02,None,TRBJ2-7*01,1
1461,CSALSGFSYEQYF,TRBV20-1*02,None,TRBJ2-7*01,1
1462,CSALARFSYEQYF,TRBV20-1*03,None,TRBJ2-7*01,1
1463,CSAVAAFSSLQYF,TRBV20-1*05,None,TRBJ2-7*01,1
1464,CSAVAAFSYAQYF,TRBV20-1*06,None,TRBJ2-7*01,1
1465,CSAVAAFSYEKNF,TRBV20-1*06,None,TRBJ2-7*01,1
1466,CSAVAAISYEQFF,TRBV20-1*04,None,TRBJ2-7*01,1
1467,CSAVACFSYEQYF,TRBV20-1*03,None,TRBJ2-7*01,1
1468,CSAVAAVSYEQYF,TRBV20-1*03,None,TRBJ2-7*01,1
1469,CSAVAASSYEQYF,TRBV20-1*02,None,TRBJ2-7*01,1
1470,CSAVAASFYEQYF,TRBV20-1*05,None,TRBJ2-7*01,1
1471,CSAVAALSYEKYF,TRBV20-1*07,None,TRBJ2-7*01,1
1472,CSAVAALSYEHYF,TRBV20-1*02,None,TRBJ2-7*01,1
1473,CSAVAALSYAQYF,TRBV20-1*02,None,TRBJ2-7*01,1
1474,CSAVAAFYYEQYF,TRBV20-1*03,None,TRBJ2-7*01,1
1475,CSAVAAFSYEKYF,TRBV20-1*02,None,TRBJ2-7*01,1
1476,CSAVAAFTYEQYF,TRBV20-1*03,None,TRBJ2-7*01,1
1477,CSAVAAFSYQQYF,TRBV20-1*02,None,TRBJ2-7*01,1
1478,CSAVAAFSYKQYF,TRBV20-1*02,None,TRBJ2-7*01,1
1479,CSAVAAFSYGQYF,TRBV20-1*06,None,TRBJ2-7*01,1
1480,CSAVAAFSYEYYF,TRBV20-1*02,None,TRBJ2-7*01,1
1481,CSAVAAFSYEQYF,TRBV20-1*07,None,TRBJ2-7*01,1
1482,CSAVAAFSYEQNF,TRBV20-1*06,None,TRBJ2-7*01,1
1483,CSALAGYSYEQYF,TRBV20-1*06,None,TRBJ2-7*01,1
1484,CSALAGYSYEQYF,TRBV20-1*03,None,TRBJ2-7*01,1
1485,CSALAGVSYVYHF,TRBV20-1*03,None,TRBJ2-7*01,1
1486,CSAIAGFSSEQYF,TRBV20-1*03,None,TRBJ2-7*01,1
1487,CSAISGRSLGWPNVLTF,TRBV20-1*03,None,TRBJ2-6*01,1
1488,CSAISGRSLGWANVLTF,TRBV20-1*05,TRBD2*02,TRBJ2-6*01,1
1489,CSAISGRSLGWANVLTF,TRBV20-1*05,None,TRBJ2-6*01,1
1490,CSAIIGRSLGWANVLTF,TRBV20-1*03,None,TRBJ2-6*01,1
1491,CSAIARFSYEQYF,TRBV20-1*06,None,TRBJ2-7*01,1
1492,CSAIARFSYEQYF,TRBV20-1*05,None,TRBJ2-7*01,1
1493,CSAIAGFSYEQYF,TRBV20-1*03,None,TRBJ2-5*01,1
1494,CSAGLGFSYELYF,TRBV20-1*06,None,TRBJ2-7*01,1
1495,CSAISGSSLGWANVLTF,TRBV20-1*04,None,TRBJ2-6*01,1
1496,CSAGGGFSHEQYF,TRBV20-1*02,None,TRBJ2-7*01,1
1497,CSAGEGFYYEQYF,TRBV20-1*06,None,TRBJ2-7*01,1
1498,CSAGARFSYEQSF,TRBV20-1*01,None,TRBJ2-7*01,1
1499,CSAGAGVSYGQYF,TRBV20-1*03,None,TRBJ2-7*01,1
1500,CSAGAGVSYEQYF,TRBV20-1*02,None,TRBJ2-7*01,1
1501,CSAGAGVAYEQYF,TRBV20-1*03,None,TRBJ2-7*01,1
1502,CSAGAGSSYEQYF,TRBV20-1*06,None,TRBJ2-7*01,1
1503,CSAISGRSLRWPNVLTF,TRBV20-1*06,None,TRBJ2-6*01,1
1504,CSALAAFSYEQYF,TRBV20-1*05,None,TRBJ2-7*01,1
1505,CSALAGSSYEQYF,TRBV20-1*02,None,TRBJ2-7*01,1
1506,CSALAGFSYEHYF,TRBV20-1*02,None,TRBJ2-7*01,1
1507,CSALAGLCHEQYF,TRBV20-1*06,None,TRBJ2-7*01,1
1508,CSALAGFTYEQYF,TRBV20-1*02,None,TRBJ2-7*01,1
1509,CSALAGFSYVHYF,TRBV20-1*03,None,TRBJ2-7*01,1
1510,CSALAGFSYERYF,TRBV20-1*03,None,TRBJ2-7*01,1
1511,CSALAGFSYEQYF,TRBV20-1*05,None,TRBJ2-7*01,1
1512,CSALAGFSYEQHF,TRBV20-1*06,None,TRBJ2-7*01,1
1513,CSALAGFSYEPYF,TRBV20-1*02,None,TRBJ2-7*01,1
1514,CSALAGFSYEEYF,TRBV20-1*02,None,TRBJ2-7*01,1
1515,CSALAGCSYEQYF,TRBV20-1*02,None,TRBJ2-7*01,1
1516,CSALAGFSYAQYF,TRBV20-1*02,None,TRBJ2-7*01,1
1517,CSALAGFSSQLYF,TRBV20-1*02,None,TRBJ2-7*01,1
1518,CSALAGFSSEYYF,TRBV20-1*02,None,TRBJ2-7*01,1
1519,CSALAGFSDEQYF,TRBV20-1*02,None,TRBJ2-7*01,1
1520,CSALAGFSCEQYF,TRBV20-1*03,None,TRBJ2-7*01,1
1521,CSALAGFPYEQYF,TRBV20-1*03,None,TRBJ2-7*01,1
1522,CSALAGFFYVQYF,TRBV20-1*02,None,TRBJ2-7*01,1
1523,CWAVGGFSYQLYF,TRBV20-1*05,None,TRBJ2-7*01,1
