,CDR3seq,V-region,D-region,J-region,Frequency
1,CSAVAGFSYEQYF,TRBV20-1*03,None,TRBJ2-7*01,44131
2,CSAVAGFSYEQYF,TRBV20-1*06,None,TRBJ2-7*01,43654
3,CSAVAGFSYEQYF,TRBV20-1*02,None,TRBJ2-7*01,43305
4,CSAVAGLSYEQYF,TRBV20-1*03,None,TRBJ2-7*01,147
5,CSAVAGFSYERYF,TRBV20-1*02,None,TRBJ2-7*01,139
6,CSAVAGFSYGQYF,TRBV20-1*02,None,TRBJ2-7*01,132
7,CSAVAGLSYEQYF,TRBV20-1*06,None,TRBJ2-7*01,132
8,CSAVAGFPYEQYF,TRBV20-1*03,None,TRBJ2-7*01,131
9,CSAVAGFSYGQYF,TRBV20-1*03,None,TRBJ2-7*01,129
10,CSAVAGLSYEQYF,TRBV20-1*02,None,TRBJ2-7*01,122
11,CSAVAGFSYERYF,TRBV20-1*06,None,TRBJ2-7*01,121
12,CSAVAGFPYEQYF,TRBV20-1*06,None,TRBJ2-7*01,118
13,CSAVAGFPYEQYF,TRBV20-1*02,None,TRBJ2-7*01,115
14,CSAVAGFSYGQYF,TRBV20-1*06,None,TRBJ2-7*01,114
15,CSAVAGSSYEQYF,TRBV20-1*02,None,TRBJ2-7*01,113
16,CSAVAGFSYERYF,TRBV20-1*03,None,TRBJ2-7*01,109
17,CSAVAGSSYEQYF,TRBV20-1*06,None,TRBJ2-7*01,109
18,CSAVAGSSYEQYF,TRBV20-1*03,None,TRBJ2-7*01,109
19,CSAVAGFSYEQYF,TRBV20-1*05,None,TRBJ2-7*01,108
20,CSAVAGFSYEQYF,TRBV20-1*07,None,TRBJ2-7*01,93
21,CGAVAGFSYEQYF,TRBV20-1*06,None,TRBJ2-7*01,90
22,CSAVAGFSYEQYF,TRBV20-1*04,None,TRBJ2-7*01,87
23,CSAAAGFSYEQYF,TRBV20-1*03,None,TRBJ2-7*01,84
24,CGAVAGFSYEQYF,TRBV20-1*03,None,TRBJ2-7*01,80
25,CSAVAGFSYEQYF,TRBV20-1*01,None,TRBJ2-7*01,80
26,CSAAAGFSYEQYF,TRBV20-1*02,None,TRBJ2-7*01,76
27,CGAVAGFSYEQYF,TRBV20-1*02,None,TRBJ2-7*01,71
28,CSAAAGFSYEQYF,TRBV20-1*06,None,TRBJ2-7*01,69
29,CSAVAGFSHEQYF,TRBV20-1*02,None,TRBJ2-7*01,67
30,CSAVAGFSYEQHF,TRBV20-1*03,None,TRBJ2-7*01,65
31,CSAVARFSYEQYF,TRBV20-1*06,None,TRBJ2-7*01,62
32,CSAVAGFSCEQYF,TRBV20-1*03,None,TRBJ2-7*01,61
33,CSAVAGFSCEQYF,TRBV20-1*02,None,TRBJ2-7*01,59
34,CSAVVGFSYEQYF,TRBV20-1*03,None,TRBJ2-7*01,58
35,CSTVAGFSYEQYF,TRBV20-1*03,None,TRBJ2-7*01,58
36,CSAVAGFSHEQYF,TRBV20-1*06,None,TRBJ2-7*01,57
37,CSAVARFSYEQYF,TRBV20-1*03,None,TRBJ2-7*01,57
38,CSAVAGFSYKQYF,TRBV20-1*02,None,TRBJ2-7*01,56
39,CSAVARFSYEQYF,TRBV20-1*02,None,TRBJ2-7*01,56
40,CSAVAGFSYEQHF,TRBV20-1*02,None,TRBJ2-7*01,56
41,CSTVAGFSYEQYF,TRBV20-1*06,None,TRBJ2-7*01,55
42,CSTVAGFSYEQYF,TRBV20-1*02,None,TRBJ2-7*01,54
43,CSAVAGVSYEQYF,TRBV20-1*02,None,TRBJ2-7*01,54
44,CSAVAGVSYEQYF,TRBV20-1*06,None,TRBJ2-7*01,54
45,CSAVAGFSYKQYF,TRBV20-1*06,None,TRBJ2-7*01,54
46,CSAVAGFSYEQCF,TRBV20-1*03,None,TRBJ2-7*01,54
47,CSAVAGFSCEQYF,TRBV20-1*06,None,TRBJ2-7*01,51
48,CSAVAGFSHEQYF,TRBV20-1*03,None,TRBJ2-7*01,50
49,CSAVAGFSYKQYF,TRBV20-1*03,None,TRBJ2-7*01,50
50,CSAVAGFSYEKYF,TRBV20-1*06,None,TRBJ2-7*01,48
51,CSAVAGFSYEQHF,TRBV20-1*06,None,TRBJ2-7*01,47
52,CSAVAGFSYEQCF,TRBV20-1*06,None,TRBJ2-7*01,47
53,CSAVVGFSYEQYF,TRBV20-1*02,None,TRBJ2-7*01,46
54,CSAVVGFSYEQYF,TRBV20-1*06,None,TRBJ2-7*01,45
55,CSAVEGFSYEQYF,TRBV20-1*03,None,TRBJ2-7*01,44
56,CSVVAGFSYEQYF,TRBV20-1*02,None,TRBJ2-7*01,44
57,CSAVAEFSYEQYF,TRBV20-1*06,None,TRBJ2-7*01,40
58,CSAIAGFSYEQYF,TRBV20-1*03,None,TRBJ2-7*01,39
59,CSAVAGFSYEQCF,TRBV20-1*02,None,TRBJ2-7*01,37
60,CSAVAEFSYEQYF,TRBV20-1*03,None,TRBJ2-7*01,37
61,CSAVAGFSYEKYF,TRBV20-1*02,None,TRBJ2-7*01,36
62,CSAVAGVSYEQYF,TRBV20-1*03,None,TRBJ2-7*01,36
63,CSAVAGFSYEKYF,TRBV20-1*03,None,TRBJ2-7*01,35
64,CSVVAGFSYEQYF,TRBV20-1*06,None,TRBJ2-7*01,35
65,CSAIAGFSYEQYF,TRBV20-1*02,None,TRBJ2-7*01,34
66,CSAVAGFYYEQYF,TRBV20-1*03,None,TRBJ2-7*01,34
67,CSAVAEFSYEQYF,TRBV20-1*02,None,TRBJ2-7*01,34
68,CSAVAGFYYEQYF,TRBV20-1*02,None,TRBJ2-7*01,33
69,CSAVAWFSYEQYF,TRBV20-1*02,None,TRBJ2-7*01,32
70,CSAVAGFFYEQYF,TRBV20-1*06,None,TRBJ2-7*01,31
71,CSAVAGFYYEQYF,TRBV20-1*06,None,TRBJ2-7*01,31
72,CSAVAGFTYEQYF,TRBV20-1*02,None,TRBJ2-7*01,31
73,CSAVEGFSYEQYF,TRBV20-1*06,None,TRBJ2-7*01,30
74,CSSVAGFSYEQYF,TRBV20-1*02,None,TRBJ2-7*01,30
75,CASSFSVGPTYEQYF,TRBV14*02,None,TRBJ2-7*01,30
76,CSAVEGFSYEQYF,TRBV20-1*02,None,TRBJ2-7*01,29
77,CSAVAGFFYEQYF,TRBV20-1*02,None,TRBJ2-7*01,29
78,CSAVAGFTYEQYF,TRBV20-1*03,None,TRBJ2-7*01,29
79,CSAVAGFSYVQYF,TRBV20-1*06,None,TRBJ2-7*01,29
80,CSAVAWFSYEQYF,TRBV20-1*06,None,TRBJ2-7*01,28
81,CSAVTGFSYEQYF,TRBV20-1*03,None,TRBJ2-7*01,28
82,CSAVAGFFYEQYF,TRBV20-1*03,None,TRBJ2-7*01,28
83,CASSFGTGSYEQYF,TRBV11-2*03,None,TRBJ2-7*01,27
84,CRAVAGFSYEQYF,TRBV20-1*06,None,TRBJ2-7*01,27
85,CRAVAGFSYEQYF,TRBV20-1*02,None,TRBJ2-7*01,27
86,CSVVAGFSYEQYF,TRBV20-1*03,None,TRBJ2-7*01,27
87,CSAVAGFSYDQYF,TRBV20-1*03,None,TRBJ2-7*01,27
88,CSAVAVFSYEQYF,TRBV20-1*06,None,TRBJ2-7*01,27
89,CSAVAGFSYEHYF,TRBV20-1*02,None,TRBJ2-7*01,26
90,CSAVTGFSYEQYF,TRBV20-1*02,None,TRBJ2-7*01,26
91,CSAEAGFSYEQYF,TRBV20-1*02,None,TRBJ2-7*01,26
92,CASSGMEGQGALYGYTF,TRBV28*01,TRBD1*01,TRBJ1-2*01,26
93,CRAVAGFSYEQYF,TRBV20-1*03,None,TRBJ2-7*01,25
94,CNAVAGFSYEQYF,TRBV20-1*06,None,TRBJ2-7*01,25
95,CNAVAGFSYEQYF,TRBV20-1*03,None,TRBJ2-7*01,25
96,CSAVAGFSYAQYF,TRBV20-1*03,None,TRBJ2-7*01,25
97,CSAVAGFSYAQYF,TRBV20-1*06,None,TRBJ2-7*01,24
98,CASRWDRFPVNSPLHF,TRBV7-8*03,None,TRBJ1-6*01,24
99,CASSFGTGSYEQYF,TRBV11-3*02,None,TRBJ2-7*01,24
100,CSAVAGFSYVQYF,TRBV20-1*02,None,TRBJ2-7*01,24
101,CSSVAGFSYEQYF,TRBV20-1*03,None,TRBJ2-7*01,24
102,CSAVSGFSYEQYF,TRBV20-1*03,None,TRBJ2-7*01,24
103,CSAVAGFSYAQYF,TRBV20-1*02,None,TRBJ2-7*01,23
104,CSAVAGFCYEQYF,TRBV20-1*02,None,TRBJ2-7*01,23
105,CSAVAGFSYVQYF,TRBV20-1*03,None,TRBJ2-7*01,22
106,CSSVAGFSYEQYF,TRBV20-1*06,None,TRBJ2-7*01,22
107,CSALAGFSYEQYF,TRBV20-1*02,None,TRBJ2-7*01,21
108,CSAVAGFSYDQYF,TRBV20-1*06,None,TRBJ2-7*01,21
109,CSAIAGFSYEQYF,TRBV20-1*06,None,TRBJ2-7*01,21
110,CSAVAGFSYEPYF,TRBV20-1*03,None,TRBJ2-7*01,21
111,CSAVAVFSYEQYF,TRBV20-1*02,None,TRBJ2-7*01,21
112,CSAVAGFSYEHYF,TRBV20-1*06,None,TRBJ2-7*01,21
113,CSAVTGFSYEQYF,TRBV20-1*06,None,TRBJ2-7*01,21
114,CSAVAGCSYEQYF,TRBV20-1*02,None,TRBJ2-7*01,21
115,CSAVAGFCYEQYF,TRBV20-1*06,None,TRBJ2-7*01,20
116,CSAVAGFSYELYF,TRBV20-1*02,None,TRBJ2-7*01,19
117,CSAVAGFSYEHYF,TRBV20-1*03,None,TRBJ2-7*01,19
118,CSAVAWFSYEQYF,TRBV20-1*03,None,TRBJ2-7*01,19
119,CSAVAGFSYQQYF,TRBV20-1*06,None,TRBJ2-7*01,19
120,CNAVAGFSYEQYF,TRBV20-1*02,None,TRBJ2-7*01,18
121,CSAVAGFSYELYF,TRBV20-1*06,None,TRBJ2-7*01,18
122,CSAVAGFAYEQYF,TRBV20-1*06,None,TRBJ2-7*01,18
123,CSAVAGFSYELYF,TRBV20-1*03,None,TRBJ2-7*01,17
124,CSVEQGPRGTQYF,TRBV29-1*02,None,TRBJ2-3*01,17
125,CSAVAGFSYEQNF,TRBV20-1*06,None,TRBJ2-7*01,16
126,CSAVAGFAYEQYF,TRBV20-1*03,None,TRBJ2-7*01,16
127,CSDVAGFSYEQYF,TRBV20-1*02,None,TRBJ2-7*01,16
128,CSALAGFSYEQYF,TRBV20-1*06,None,TRBJ2-7*01,16
129,CSAVAGFSYDQYF,TRBV20-1*02,None,TRBJ2-7*01,16
130,CSAVAGFSYQQYF,TRBV20-1*02,None,TRBJ2-7*01,16
131,CASSRVSYNEQFF,TRBV28*01,None,TRBJ2-1*01,15
132,CSAVAGCSYEQYF,TRBV20-1*03,None,TRBJ2-7*01,15
133,CSAVAVFSYEQYF,TRBV20-1*03,None,TRBJ2-7*01,15
134,CSAGAGFSYEQYF,TRBV20-1*06,None,TRBJ2-7*01,15
135,CSAVSGFSYEQYF,TRBV20-1*02,None,TRBJ2-7*01,15
136,CAWSRWEADYNNEQFF,TRBV30*04,None,TRBJ2-1*01,15
137,CSALAGFSYEQYF,TRBV20-1*03,None,TRBJ2-7*01,14
138,CIAVAGFSYEQYF,TRBV20-1*03,None,TRBJ2-7*01,14
139,CSAGAGFSYEQYF,TRBV20-1*03,None,TRBJ2-7*01,14
140,CSAVAGFTYEQYF,TRBV20-1*06,None,TRBJ2-7*01,14
141,CSAVAGFSYQQYF,TRBV20-1*03,None,TRBJ2-7*01,14
142,CSAVAGFCYEQYF,TRBV20-1*03,None,TRBJ2-7*01,13
143,CSAVAGFSFEQYF,TRBV20-1*03,None,TRBJ2-7*01,13
144,CSAVSGFSYEQYF,TRBV20-1*06,None,TRBJ2-7*01,13
145,CSAVAGCSYEQYF,TRBV20-1*06,None,TRBJ2-7*01,13
146,CSAVAGFSYEPYF,TRBV20-1*02,None,TRBJ2-7*01,13
147,CSAVGGFSYEQYF,TRBV20-1*03,None,TRBJ2-7*01,13
148,CSAVAGFSNEQYF,TRBV20-1*02,None,TRBJ2-7*01,13
149,CCAVAGFSYEQYF,TRBV20-1*03,None,TRBJ2-7*01,13
150,CSAGAGFSYEQYF,TRBV20-1*02,None,TRBJ2-7*01,13
151,CSAVAGFSFEQYF,TRBV20-1*06,None,TRBJ2-7*01,12
152,CASNLRGTRGYGYTF,TRBV27*01,None,TRBJ1-2*01,12
153,CSAVAGFSYEQNF,TRBV20-1*02,None,TRBJ2-7*01,12
154,CASSQDPEAVYGYTF,TRBV4-3*01,None,TRBJ1-2*01,12
155,CSAVAAFSYEQYF,TRBV20-1*06,None,TRBJ2-7*01,12
156,CSAVAGFSSEQYF,TRBV20-1*03,None,TRBJ2-7*01,12
157,CSAVAGFSSEQYF,TRBV20-1*02,None,TRBJ2-7*01,11
158,CSAVAGFAYEQYF,TRBV20-1*02,None,TRBJ2-7*01,11
159,CSAVAGYSYEQYF,TRBV20-1*02,None,TRBJ2-7*01,11
160,CSAVAGFSYEQNF,TRBV20-1*03,None,TRBJ2-7*01,11
161,CCAVAGFSYEQYF,TRBV20-1*02,None,TRBJ2-7*01,11
162,CSPVAGFSYEQYF,TRBV20-1*06,None,TRBJ2-7*01,11
163,CSPVAGFSYEQYF,TRBV20-1*03,None,TRBJ2-7*01,11
164,CSAVAGFSDEQYF,TRBV20-1*02,None,TRBJ2-7*01,10
165,CASSWTGTGGEKLFF,TRBV27*01,TRBD1*01,TRBJ1-4*01,10
166,CSAVAGISYEQYF,TRBV20-1*03,None,TRBJ2-7*01,10
167,CSAEAGFSYEQYF,TRBV20-1*03,None,TRBJ2-7*01,10
168,CSAVPGFSYEQYF,TRBV20-1*03,None,TRBJ2-7*01,10
169,CASSRDRGSNQPQHF,TRBV14*02,None,TRBJ1-5*01,9
170,CIAVAGFSYEQYF,TRBV20-1*06,None,TRBJ2-7*01,9
171,CSAVAGFSSEQYF,TRBV20-1*06,None,TRBJ2-7*01,9
172,CSGVAGFSYEQYF,TRBV20-1*02,None,TRBJ2-7*01,9
173,CSAVAGISYEQYF,TRBV20-1*06,None,TRBJ2-7*01,9
174,CSAVGGFSYEQYF,TRBV20-1*06,None,TRBJ2-7*01,9
175,CSAVAGFSYEPYF,TRBV20-1*06,None,TRBJ2-7*01,9
176,CSAVAAFSYEQYF,TRBV20-1*03,None,TRBJ2-7*01,9
177,CSVHRGPNTEAFF,TRBV29-1*02,None,TRBJ1-1*01,9
178,CASRSLDRGRTDTQYF,TRBV12-4*02,None,TRBJ2-3*01,8
179,CSAVAGFSDEQYF,TRBV20-1*06,None,TRBJ2-7*01,8
180,CSAVAGFSDEQYF,TRBV20-1*03,None,TRBJ2-7*01,8
181,CSAVAGFSNEQYF,TRBV20-1*03,None,TRBJ2-7*01,8
182,CASSPWTDNYGYTF,TRBV11-2*03,None,TRBJ1-2*01,8
183,CSDVAGFSYEQYF,TRBV20-1*03,None,TRBJ2-7*01,8
184,CSAVPGFSYEQYF,TRBV20-1*02,None,TRBJ2-7*01,7
185,CSAVAAFSYEQYF,TRBV20-1*02,None,TRBJ2-7*01,7
186,CTAVAGFSYEQYF,TRBV20-1*06,None,TRBJ2-7*01,7
187,CSAVAGYSYEQYF,TRBV20-1*03,None,TRBJ2-7*01,6
188,CSAVAGYSYEQYF,TRBV20-1*06,None,TRBJ2-7*01,6
189,CASSYHANTGELFF,TRBV6-5*01,None,TRBJ2-2*01,6
190,CATRDRAFQETQYF,TRBV6-6*05,None,TRBJ2-5*01,6
191,CSAVAGFSFEQYF,TRBV20-1*02,None,TRBJ2-7*01,6
192,CSGVAGFSYEQYF,TRBV20-1*03,None,TRBJ2-7*01,6
193,CSAVGGFSYEQYF,TRBV20-1*02,None,TRBJ2-7*01,6
194,CSAVAGISYEQYF,TRBV20-1*02,None,TRBJ2-7*01,6
195,CASSYHANTGELFF,TRBV6-2*01,None,TRBJ2-2*01,6
196,CTAVAGFSYEQYF,TRBV20-1*02,None,TRBJ2-7*01,5
197,CIAVAGFSYEQYF,TRBV20-1*02,None,TRBJ2-7*01,5
198,CSAVAGFSYEEYF,TRBV20-1*03,None,TRBJ2-7*01,5
199,CALRSQAGTALIF,TRBV6-9*01,None,TRBJ1-6*01,5
200,CSDVAGFSYEQYF,TRBV20-1*06,None,TRBJ2-7*01,5
201,CASSYHANTGELFF,TRBV6-6*01,None,TRBJ2-2*01,5
202,CASSYHANTGELFF,TRBV6-6*03,None,TRBJ2-2*01,4
203,CSAEAGFSYEQYF,TRBV20-1*06,None,TRBJ2-7*01,4
204,CSPVAGFSYEQYF,TRBV20-1*02,None,TRBJ2-7*01,4
205,CASSPWTDNYGYTF,TRBV11-3*02,None,TRBJ1-2*01,4
206,CASSQDPEAVYGYTF,TRBV4-3*04,None,TRBJ1-2*01,4
207,CASSQGGAVSYEQFF,TRBV4-1*02,None,TRBJ2-1*01,4
208,CASSLVTGTTDTQYF,TRBV11-3*03,None,TRBJ2-3*01,4
209,CSAVAGFSNEQYF,TRBV20-1*06,None,TRBJ2-7*01,4
210,CCAVAGFSYEQYF,TRBV20-1*06,None,TRBJ2-7*01,4
211,CSAVAGFSYEQDF,TRBV20-1*06,None,TRBJ2-7*01,4
212,CSVGQATGTEAFF,TRBV29-1*02,None,TRBJ1-1*01,4
213,CASSYHANTGELFF,TRBV6-3*01,None,TRBJ2-2*01,4
214,CSAVAGFSYEEYF,TRBV20-1*02,None,TRBJ2-7*01,4
215,CASSPGQGAGDTQYF,TRBV18*01,TRBD1*01,TRBJ2-3*01,4
216,CSGVAGFSYEQYF,TRBV20-1*06,None,TRBJ2-7*01,4
217,CSAVAGFSYEEYF,TRBV20-1*06,None,TRBJ2-7*01,4
218,CSAVAGFSYAKYF,TRBV20-1*06,None,TRBJ2-7*01,3
219,CSAVAGFSYEQSF,TRBV20-1*03,None,TRBJ2-7*01,3
220,CATRDRAFQETQYF,TRBV6-6*03,None,TRBJ2-5*01,3
221,CSAVAGVSYEQYF,TRBV20-1*07,None,TRBJ2-7*01,3
222,CSAVPGFSYEQYF,TRBV20-1*06,None,TRBJ2-7*01,3
223,CSAVAGFSYEQDF,TRBV20-1*02,None,TRBJ2-7*01,3
224,CSDVAGLSYEQYF,TRBV20-1*06,None,TRBJ2-7*01,3
225,CSAVAGFSYEQDF,TRBV20-1*03,None,TRBJ2-7*01,3
226,CSSVAGFSYEQYF,TRBV20-1*04,None,TRBJ2-7*01,3
227,CSAVAGLSYEQYF,TRBV20-1*05,None,TRBJ2-7*01,3
228,CSVVAGFSYEKYF,TRBV20-1*03,None,TRBJ2-7*01,3
229,CSAVAGFSYAKYF,TRBV20-1*03,None,TRBJ2-7*01,3
230,CTAVAGFSYEQYF,TRBV20-1*03,None,TRBJ2-7*01,3
231,CSALAGFSYEQYF,TRBV20-1*04,None,TRBJ2-7*01,3
232,CSAVAGFSYEQSF,TRBV20-1*06,None,TRBJ2-7*01,3
233,CASSLVTGTTDTQYF,TRBV7-9*04,None,TRBJ2-3*01,3
234,CSAVAGFSSEKYF,TRBV20-1*06,None,TRBJ2-7*01,2
235,CASSQDPEAVYGYTF,TRBV4-3*03,None,TRBJ1-2*01,2
236,CSAVAEFSYDQYF,TRBV20-1*06,None,TRBJ2-7*01,2
237,CSAVAGFSYEQYF,TRBV20-1*02,None,TRBJ2-5*01,2
238,CSAVAGVAYEQYF,TRBV20-1*02,None,TRBJ2-7*01,2
239,CSPLAGFSYEQYF,TRBV20-1*03,None,TRBJ2-7*01,2
240,CSAGAGFSYAQYF,TRBV20-1*06,None,TRBJ2-7*01,2
241,CSAVAGFYYEQYF,TRBV20-1*05,None,TRBJ2-7*01,2
242,CSAVAGISYEQYF,TRBV20-1*07,None,TRBJ2-7*01,2
243,CSALAGFSYEKYF,TRBV20-1*02,None,TRBJ2-7*01,2
244,CSAVAGFSYEQYF,TRBV20-1*06,None,TRBJ1-2*01,2
245,CSPVAGFSYGQYF,TRBV20-1*03,None,TRBJ2-7*01,2
246,CSAVAEFSYEKYF,TRBV20-1*02,None,TRBJ2-7*01,2
247,CASSQDPEAVYGYTF,TRBV4-3*02,None,TRBJ1-2*01,2
248,CSAVAGFSYETYF,TRBV20-1*06,None,TRBJ2-7*01,2
249,CSAVAWFSYEKYF,TRBV20-1*03,None,TRBJ2-7*01,2
250,CRAVAGFSYERYF,TRBV20-1*06,None,TRBJ2-7*01,2
251,CSAVVGFSYERYF,TRBV20-1*02,None,TRBJ2-7*01,2
252,CSAVAGFTYEKYF,TRBV20-1*06,None,TRBJ2-7*01,2
253,CSAVAGFSYVQYF,TRBV20-1*07,None,TRBJ2-7*01,2
254,CSAVAGFYYAQYF,TRBV20-1*02,None,TRBJ2-7*01,2
255,CSAVAGFSYVQHF,TRBV20-1*03,None,TRBJ2-7*01,2
256,CSAVAGLSYAQYF,TRBV20-1*03,None,TRBJ2-7*01,2
257,CSAVAGGSYEQYF,TRBV20-1*03,TRBD2*01,TRBJ2-7*01,2
258,CTAVAGFSYGQYF,TRBV20-1*03,None,TRBJ2-7*01,2
259,CSAVARLSYEQYF,TRBV20-1*02,None,TRBJ2-7*01,2
260,CSAVAGFNYEQYF,TRBV20-1*06,None,TRBJ2-7*01,2
261,CSAAAGLSYEQYF,TRBV20-1*03,None,TRBJ2-7*01,2
262,CSAVAGVSYEHYF,TRBV20-1*06,None,TRBJ2-7*01,2
263,CSAVAGFSYGQYF,TRBV20-1*07,None,TRBJ2-7*01,2
264,CSAVAGISYGQYF,TRBV20-1*03,None,TRBJ2-7*01,2
265,CSAVAGFSYEYYF,TRBV20-1*06,None,TRBJ2-7*01,2
266,CSAVAGCSYEQYF,TRBV20-1*07,None,TRBJ2-7*01,2
267,CSAVAAFYYEQYF,TRBV20-1*06,None,TRBJ2-7*01,2
268,CSAVSGFSYEQYF,TRBV20-1*05,None,TRBJ2-7*01,2
269,CSTVAGSSYEQYF,TRBV20-1*06,None,TRBJ2-7*01,2
270,CSAVAGLSYEQYF,TRBV20-1*07,None,TRBJ2-7*01,2
271,CSAVAGSSYEQYF,TRBV20-1*04,None,TRBJ2-7*01,2
272,CSAVAGFSYKQYF,TRBV20-1*01,None,TRBJ2-7*01,2
273,CGAAAGFSYEQYF,TRBV20-1*03,None,TRBJ2-7*01,2
274,CASSFGTGSYEQYF,TRBV7-2*02,None,TRBJ2-7*01,2
275,CSAVAGSSYERYF,TRBV20-1*06,None,TRBJ2-7*01,1
276,CSAVAGSSYERYF,TRBV20-1*05,None,TRBJ2-7*01,1
277,CSAVAGSSYGQYF,TRBV20-1*02,None,TRBJ2-7*01,1
278,CSVGPGFSYEQYF,TRBV20-1*02,None,TRBJ2-7*01,1
279,CSAVAGSSYGQYF,TRBV20-1*03,None,TRBJ2-7*01,1
280,CSVGAVTGDDAYF,TRBV29-1*02,None,TRBJ1-1*01,1
281,CSAVAGVFYEQYF,TRBV20-1*06,None,TRBJ2-7*01,1
282,CSAVAGSSYQHYF,TRBV20-1*06,None,TRBJ2-7*01,1
283,CSTVAGSSYEQYF,TRBV20-1*03,None,TRBJ2-7*01,1
284,CSAVAGVSYEQYF,TRBV20-1*06,None,TRBJ1-6*01,1
285,CSTVAGFSYKQYF,TRBV20-1*06,None,TRBJ2-7*01,1
286,CSAVAGVSYEQYF,TRBV20-1*05,None,TRBJ2-7*01,1
287,CSTVAGFSYVQYF,TRBV20-1*01,None,TRBJ2-7*01,1
288,CSAVAGVSYERYF,TRBV20-1*03,None,TRBJ2-7*01,1
289,CSAVAGVSYGHYF,TRBV20-1*02,None,TRBJ2-7*01,1
290,CSTVAGFTYKQYF,TRBV20-1*06,None,TRBJ2-7*01,1
291,CSAVAGVSYEQDF,TRBV20-1*07,None,TRBJ2-7*01,1
292,CSAVAGVSYEQDF,TRBV20-1*03,None,TRBJ2-7*01,1
293,CSAVAGVSYEPYF,TRBV20-1*03,None,TRBJ2-7*01,1
294,CSTVAGLFYEQYF,TRBV20-1*03,None,TRBJ2-7*01,1
295,CSAVAGVSYELYF,TRBV20-1*06,None,TRBJ2-7*01,1
296,CSAVAGVSYEKYF,TRBV20-1*02,None,TRBJ2-7*01,1
297,CSTVAGLSYEQYF,TRBV20-1*02,None,TRBJ2-7*01,1
298,CSAVAGVSYGQYF,TRBV20-1*02,None,TRBJ2-7*01,1
299,CSVEAGFSYEQYF,TRBV20-1*02,None,TRBJ2-7*01,1
300,CSAVAGVSYAQYF,TRBV20-1*03,None,TRBJ2-7*01,1
301,CSTVARFSYEQYF,TRBV20-1*01,None,TRBJ2-7*01,1
302,CSAVAGVSCEQYF,TRBV20-1*03,None,TRBJ2-7*01,1
303,CSAVAGVPYGQYF,TRBV20-1*02,None,TRBJ2-7*01,1
304,CSAVAGVSYQQYF,TRBV20-1*02,None,TRBJ2-7*01,1
305,CSTVAVFSYAQYF,TRBV20-1*06,None,TRBJ2-7*01,1
306,CSAVAGVSYVQYF,TRBV20-1*03,None,TRBJ2-7*01,1
307,CSAVAGVAYEQYF,TRBV20-1*06,None,TRBJ2-7*01,1
308,CSAVAGVAYEQYF,TRBV20-1*03,None,TRBJ2-7*01,1
309,CSAVAGSYYERYF,TRBV20-1*05,None,TRBJ2-7*01,1
310,CSAVAGSYYEQYF,TRBV20-1*02,None,TRBJ2-7*01,1
311,CSAVAGVSYVYYF,TRBV20-1*03,None,TRBJ2-7*01,1
312,CSAVAGSTYEQYF,TRBV20-1*02,None,TRBJ2-7*01,1
313,CSVAAGFSYEQYF,TRBV20-1*06,None,TRBJ2-7*01,1
314,CSFVAWFSYEQYF,TRBV20-1*06,None,TRBJ2-7*01,1
315,CSAVAGSSFDQYF,TRBV20-1*02,None,TRBJ2-7*01,1
316,CSAVAGSSYEQSF,TRBV20-1*07,None,TRBJ2-7*01,1
317,CSAVAGLSYELYF,TRBV20-1*06,None,TRBJ2-7*01,1
318,CTAVAGFTYEQYF,TRBV20-1*02,None,TRBJ2-7*01,1
319,CSAVAGLPYEQYF,TRBV20-1*06,None,TRBJ2-7*01,1
320,CSAVAGLSHEQYF,TRBV20-1*03,None,TRBJ2-7*01,1
321,CSAVAGLSYAKYF,TRBV20-1*03,None,TRBJ2-7*01,1
322,CSAVAGLSYAQYF,TRBV20-1*02,None,TRBJ2-7*01,1
323,CSAVAGLSYEHYF,TRBV20-1*02,None,TRBJ2-7*01,1
324,CSAVAGLSYEKYF,TRBV20-1*02,None,TRBJ2-7*01,1
325,CTAVAGFSYKQYF,TRBV20-1*06,None,TRBJ2-7*01,1
326,CSAVAGLSYEPYF,TRBV20-1*02,None,TRBJ2-7*01,1
327,CSYVAGFSYEQYF,TRBV20-1*03,None,TRBJ2-7*01,1
328,CSAVAGLSYEQCF,TRBV20-1*03,None,TRBJ2-7*01,1
329,CSAVAGLSYEQHF,TRBV20-1*03,None,TRBJ2-7*01,1
330,CSAVAGLSYEQNF,TRBV20-1*03,None,TRBJ2-7*01,1
331,CTAVAGFSYEKYF,TRBV20-1*06,None,TRBJ2-7*01,1
332,CTAVAGFSYDLYF,TRBV20-1*03,None,TRBJ2-7*01,1
333,CTAVAGFPYEQYF,TRBV20-1*06,None,TRBJ2-7*01,1
334,CTAIARPYYEHYF,TRBV20-1*04,None,TRBJ1-6*01,1
335,CSAVAGLSYERYF,TRBV20-1*03,None,TRBJ2-7*01,1
336,CTAVAGFTYEQYF,TRBV20-1*05,None,TRBJ2-7*01,1
337,CTAVARFSYEQYF,TRBV20-1*03,None,TRBJ2-7*01,1
338,CSAVAGLPYEQYF,TRBV20-1*02,None,TRBJ2-7*01,1
339,CTAVAVFSYEQNF,TRBV20-1*06,None,TRBJ2-7*01,1
340,CTVVAGFSYEQYF,TRBV20-1*06,None,TRBJ2-7*01,1
341,CTTVEGFSYEQYF,TRBV20-1*03,None,TRBJ2-7*01,1
342,CTPVAGFSYEQYF,TRBV20-1*07,None,TRBJ2-7*01,1
343,CSAVAGISYERYF,TRBV20-1*03,None,TRBJ2-7*01,1
344,CSAVAGISYGQYF,TRBV20-1*06,None,TRBJ2-7*01,1
345,CSAVAGISYKQYF,TRBV20-1*06,None,TRBJ2-7*01,1
346,CSAVAGISYVQYF,TRBV20-1*02,None,TRBJ2-7*01,1
347,CSAVAGISYVQYF,TRBV20-1*06,None,TRBJ2-7*01,1
348,CSAVAGITYEQYF,TRBV20-1*06,None,TRBJ2-7*01,1
349,CSAVAGIYYEQYF,TRBV20-1*02,None,TRBJ2-7*01,1
350,CSAVAGLCSDQYF,TRBV20-1*02,None,TRBJ2-7*01,1
351,CSAVAGLCYEQYF,TRBV20-1*03,None,TRBJ2-7*01,1
352,CSAVAGLCYEQYF,TRBV20-1*06,None,TRBJ2-7*01,1
353,CSAVAGLDYEQYF,TRBV20-1*06,None,TRBJ2-7*01,1
354,CTGVAGFSYEYYF,TRBV20-1*06,None,TRBJ2-7*01,1
355,CSAVAGLFYEQYF,TRBV20-1*03,None,TRBJ2-7*01,1
356,CTAVEGVSYEQYF,TRBV20-1*05,None,TRBJ2-7*01,1
357,CTAFAGFFYEQYF,TRBV20-1*03,None,TRBJ2-7*01,1
358,CSAVAGLSYERYF,TRBV20-1*06,None,TRBJ2-7*01,1
359,CSVGVGFSYEKYF,TRBV20-1*02,None,TRBJ2-7*01,1
360,CSAVAGSSYDKYF,TRBV20-1*02,None,TRBJ2-7*01,1
361,CSAVAGSSNEQYF,TRBV20-1*03,None,TRBJ2-7*01,1
362,CSVVAGFSYERYF,TRBV20-1*06,None,TRBJ2-7*01,1
363,CSVVAGFSYERYF,TRBV20-1*03,None,TRBJ2-7*01,1
364,CSVVAGFSYEQYF,TRBV20-1*07,None,TRBJ2-7*01,1
365,CSAVAGSSYAKYF,TRBV20-1*05,None,TRBJ2-7*01,1
366,CSAVAGSSYAQYF,TRBV20-1*03,None,TRBJ2-7*01,1
367,CSVVAGFSYEQYF,TRBV20-1*04,None,TRBJ2-7*01,1
368,CSVVAGFSCEQYF,TRBV20-1*03,None,TRBJ2-7*01,1
369,CSVVAGCVNEQCF,TRBV20-1*06,None,TRBJ2-7*01,1
370,CSAVAGLSYTKNF,TRBV20-1*06,None,TRBJ2-7*01,1
371,CSVVAEFSYEQYF,TRBV20-1*03,None,TRBJ2-7*01,1
372,CSVLSGFSYEQYF,TRBV20-1*06,None,TRBJ2-7*01,1
373,CSVIAGFSYEQYF,TRBV20-1*07,None,TRBJ2-7*01,1
374,CSAVAGSSYEEYF,TRBV20-1*02,None,TRBJ2-7*01,1
375,CSAVAGSSYEHYF,TRBV20-1*06,None,TRBJ2-7*01,1
376,CSAVAGSSYEKYF,TRBV20-1*03,None,TRBJ2-7*01,1
377,CSAVAGSSYELYF,TRBV20-1*06,None,TRBJ2-7*01,1
378,CSAVAGSSYEQSF,TRBV20-1*03,None,TRBJ2-7*01,1
379,CSAVAGSSDEQYF,TRBV20-1*06,None,TRBJ2-7*01,1
380,CSAVAGSPYEQYF,TRBV20-1*02,None,TRBJ2-7*01,1
381,CSAVAGSPNEQYF,TRBV20-1*01,None,TRBJ2-7*01,1
382,CSVVAGFSYGQYF,TRBV20-1*06,None,TRBJ1-1*01,1
383,CSAVAGLSYVQYF,TRBV20-1*06,None,TRBJ2-7*01,1
384,CSAVAGLTNEQYF,TRBV20-1*02,None,TRBJ2-7*01,1
385,CSYVAGFSYEQYF,TRBV20-1*02,None,TRBJ2-7*01,1
386,CSWAAGYSNEQYF,TRBV20-1*02,None,TRBJ2-7*01,1
387,CSVVVGFSYEQYF,TRBV20-1*02,None,TRBJ2-7*01,1
388,CSVVEWFSYDQYF,TRBV20-1*03,None,TRBJ2-7*01,1
389,CSAVAGLTYEQYF,TRBV20-1*06,None,TRBJ2-7*01,1
390,CSAVAGPSYAQYF,TRBV20-1*03,None,TRBJ2-7*01,1
391,CSAVAGPSYEQYF,TRBV20-1*06,None,TRBJ2-7*01,1
392,CSVVEGFSYEQYF,TRBV20-1*03,None,TRBJ2-7*01,1
393,CSVVARYSYEKYF,TRBV20-1*02,None,TRBJ2-7*01,1
394,CSVVARFSYEQYF,TRBV20-1*06,None,TRBJ2-7*01,1
395,CSAVAGPSYERYF,TRBV20-1*06,None,TRBJ2-7*01,1
396,CSVVAGLSYEQNF,TRBV20-1*03,None,TRBJ2-7*01,1
397,CSAVAGSCYEQYF,TRBV20-1*02,None,TRBJ2-7*01,1
398,CSAVAGSFYEQYF,TRBV20-1*06,None,TRBJ2-7*01,1
399,CSVVAGFSYGQYF,TRBV20-1*06,None,TRBJ2-7*01,1
400,CSTVAGFSYGQYF,TRBV20-1*06,None,TRBJ2-7*01,1
401,CSAVARCCYEQYF,TRBV20-1*03,None,TRBJ2-7*01,1
402,CSAVAGVTYEQYF,TRBV20-1*02,None,TRBJ2-7*01,1
403,CSAVSGFSYEQYF,TRBV20-1*04,None,TRBJ2-7*01,1
404,CSAVGVFSYEQYF,TRBV20-1*06,None,TRBJ2-7*01,1
405,CSAVGWSSYEQYF,TRBV20-1*02,None,TRBJ2-7*01,1
406,CSAVPAFSYEQYF,TRBV20-1*06,None,TRBJ2-7*01,1
407,CSAVPGFSYDQYF,TRBV20-1*02,None,TRBJ2-7*01,1
408,CSAVPGFSYEKYF,TRBV20-1*02,None,TRBJ2-7*01,1
409,CSAVPGFSYEQNF,TRBV20-1*03,None,TRBJ2-7*01,1
410,CSAVPGFYYEQYF,TRBV20-1*03,None,TRBJ2-7*01,1
411,CSAVPGLYSESYF,TRBV20-1*02,None,TRBJ2-7*01,1
412,CSAVPWFPYEQYF,TRBV20-1*06,None,TRBJ2-7*01,1
413,CSAVPWFSYEEYF,TRBV20-1*06,None,TRBJ2-7*01,1
414,CSAVPWFSYEQYF,TRBV20-1*06,None,TRBJ2-7*01,1
415,CSAVSGFCYEQYF,TRBV20-1*03,None,TRBJ2-7*01,1
416,CSAVSGFCYEQYF,TRBV20-1*06,None,TRBJ2-7*01,1
417,CSMETGSTDTEYF,TRBV29-1*02,None,TRBJ2-3*01,1
418,CSAVSGFFYEQYF,TRBV20-1*03,None,TRBJ2-7*01,1
419,CSAVSGFSCEQYF,TRBV20-1*01,None,TRBJ2-7*01,1
420,CSAVSGFSCEQYF,TRBV20-1*06,None,TRBJ2-7*01,1
421,CSAVSGFSSQHYF,TRBV20-1*04,None,TRBJ2-7*01,1
422,CSAVSGFSYAQYF,TRBV20-1*03,None,TRBJ2-7*01,1
423,CSAVSGFSYEQHF,TRBV20-1*06,None,TRBJ2-7*01,1
424,CSLVAGFCYEQYF,TRBV20-1*02,None,TRBJ2-7*01,1
425,CSAVGGLSYEQYF,TRBV20-1*04,None,TRBJ2-7*01,1
426,CSAVGGLSYEQYF,TRBV20-1*02,None,TRBJ2-7*01,1
427,CSAVGGISYEQYF,TRBV20-1*02,None,TRBJ2-7*01,1
428,CSAVEGFSYEQYF,TRBV20-1*07,None,TRBJ2-7*01,1
429,CSAVAWVSYEQYF,TRBV20-1*04,None,TRBJ2-7*01,1
430,CSAVAWVSYEQYF,TRBV20-1*06,None,TRBJ2-7*01,1
431,CSAVEGFLYEQYF,TRBV20-1*06,None,TRBJ2-7*01,1
432,CSAVEGFSHEQYF,TRBV20-1*03,None,TRBJ2-7*01,1
433,CSAVEGFSYDQYF,TRBV20-1*02,None,TRBJ2-7*01,1
434,CSPVAGVSYEQYF,TRBV20-1*06,None,TRBJ2-7*01,1
435,CSPVAGLSYEQYF,TRBV20-1*03,None,TRBJ2-7*01,1
436,CSAVEGFSYEQYF,TRBV20-1*05,None,TRBJ2-7*01,1
437,CSPVAGFTYEQYF,TRBV20-1*03,None,TRBJ2-7*01,1
438,CSAVEGFSYKQYF,TRBV20-1*02,None,TRBJ2-7*01,1
439,CSAVGGFSYGQYF,TRBV20-1*02,None,TRBJ2-7*01,1
440,CSAVEGFSYKQYF,TRBV20-1*06,None,TRBJ2-7*01,1
441,CSAVEGLSYEQYF,TRBV20-1*03,None,TRBJ2-7*01,1
442,CSAVEGVSYEQYF,TRBV20-1*02,None,TRBJ2-7*01,1
443,CSAVEWFSYEQYF,TRBV20-1*02,None,TRBJ2-7*01,1
444,CSAVGGCSYEQYF,TRBV20-1*02,None,TRBJ2-7*01,1
445,CSAVGGFPYEQYF,TRBV20-1*03,None,TRBJ2-7*01,1
446,CSAVGGFSYEQCF,TRBV20-1*06,None,TRBJ2-7*01,1
447,CSPGAGFSYEQYF,TRBV20-1*06,None,TRBJ2-7*01,1
448,CSPEAGFSYEQYF,TRBV20-1*03,None,TRBJ2-7*01,1
449,CSIVAGFSYEQYF,TRBV20-1*06,None,TRBJ2-7*01,1
450,CSAVSGFSYERYF,TRBV20-1*02,None,TRBJ2-7*01,1
451,CSAVAWSSYEQYF,TRBV20-1*06,None,TRBJ2-7*01,1
452,CSAVSGFSYQQYF,TRBV20-1*02,None,TRBJ2-7*01,1
453,CSCVAGFSYEQYF,TRBV20-1*06,None,TRBJ2-7*01,1
454,CSDLAGFSYEQYF,TRBV20-1*02,None,TRBJ2-7*01,1
455,CSDVADFSYEQYF,TRBV20-1*02,None,TRBJ2-7*01,1
456,CSDVAEFSYEQYF,TRBV20-1*03,None,TRBJ2-7*01,1
457,CSDVAGFSDEQYF,TRBV20-1*06,None,TRBJ2-7*01,1
458,CSDVAGFSYDQYF,TRBV20-1*06,None,TRBJ2-7*01,1
459,CSDVAGFSYEHYF,TRBV20-1*02,None,TRBJ2-7*01,1
460,CSGRAGFYYEQYF,TRBV20-1*02,None,TRBJ2-1*01,1
461,CSDVAGFSYEQYF,TRBV20-1*06,None,TRBJ1-2*01,1
462,CSDVAGFSYQQYF,TRBV20-1*03,None,TRBJ2-7*01,1
463,CSDVAGFTYEQYF,TRBV20-1*03,None,TRBJ2-7*01,1
464,CSDVAGISYWQYF,TRBV20-1*01,None,TRBJ2-7*01,1
465,CSDVARLSYEQYF,TRBV20-1*06,None,TRBJ2-7*01,1
466,CSDVEGSSYEQYF,TRBV20-1*02,None,TRBJ2-7*01,1
467,CSDVGGFSYEKYF,TRBV20-1*06,None,TRBJ2-7*01,1
468,CSDVPGSSYEQYF,TRBV20-1*06,None,TRBJ2-7*01,1
469,CSDVQGFSYEQYF,TRBV20-1*06,None,TRBJ2-7*01,1
470,CSEVAGFSYEQYF,TRBV20-1*03,None,TRBJ2-7*01,1
471,CSGLAGLSYAKYF,TRBV20-1*03,None,TRBJ2-7*01,1
472,CSGLAGFSYEQYF,TRBV20-1*02,None,TRBJ1-1*01,1
473,CSGGAGFSYEQYF,TRBV20-1*02,None,TRBJ2-7*01,1
474,CSGVAGFFYGQYF,TRBV20-1*02,None,TRBJ2-7*01,1
475,CSAVVGVSYEQYF,TRBV20-1*03,None,TRBJ2-7*01,1
476,CSAVVGLSYEQYF,TRBV20-1*03,None,TRBJ2-7*01,1
477,CSAVTGFSYDQYF,TRBV20-1*03,None,TRBJ2-7*01,1
478,CSAVSGSSYEQYF,TRBV20-1*07,None,TRBJ2-7*01,1
479,CSAVSGVSYEQYF,TRBV20-1*03,None,TRBJ2-7*01,1
480,CSAVSVFSYQQYF,TRBV20-1*03,None,TRBJ2-7*01,1
481,CSAVSWFSYEQYF,TRBV20-1*02,None,TRBJ2-7*01,1
482,CSAVTEFSYEQYF,TRBV20-1*04,None,TRBJ2-7*01,1
483,CSAVTGFFYEQYF,TRBV20-1*03,None,TRBJ2-7*01,1
484,CSAVTGFSYAQYF,TRBV20-1*05,None,TRBJ2-7*01,1
485,CSGVTGFSYEQYF,TRBV20-1*06,None,TRBJ2-7*01,1
486,CSGVARISYEQYF,TRBV20-1*06,None,TRBJ2-7*01,1
487,CSAVTGFSYEHYF,TRBV20-1*06,None,TRBJ2-7*01,1
488,CSGVAGFSYGQYF,TRBV20-1*03,None,TRBJ2-7*01,1
489,CSGVARFSYEQYF,TRBV20-1*02,None,TRBJ2-7*01,1
490,CSGVAGVPYEQYF,TRBV20-1*03,None,TRBJ2-5*01,1
491,CSGVAGISYEQYF,TRBV20-1*02,None,TRBJ2-7*01,1
492,CSAVTKFSYEQYF,TRBV20-1*03,None,TRBJ2-7*01,1
493,CSAVTRFAYEQYF,TRBV20-1*06,None,TRBJ2-7*01,1
494,CSAVTRFPYEQYF,TRBV20-1*03,None,TRBJ2-7*01,1
495,CSAVTWFSYEQYF,TRBV20-1*03,None,TRBJ2-7*01,1
496,CSAVVGFSYDQYF,TRBV20-1*02,None,TRBJ2-7*01,1
497,CSGVAGFTYEQYF,TRBV20-1*02,None,TRBJ2-7*01,1
498,CSAVAWVSYEQYF,TRBV20-1*02,None,TRBJ2-7*01,1
499,CSAVAWSSYEQYF,TRBV20-1*03,None,TRBJ2-7*01,1
500,CSAVAGVYYEQYF,TRBV20-1*02,None,TRBJ2-7*01,1
501,CSAVAVCSYEQYF,TRBV20-1*03,None,TRBJ2-7*01,1
502,CSTVAGFSDEQYF,TRBV20-1*06,None,TRBJ2-7*01,1
503,CSTLAGVSYEHYF,TRBV20-1*03,None,TRBJ2-7*01,1
504,CSTAAGFSYEQYF,TRBV20-1*03,None,TRBJ2-7*01,1
505,CSTAAGFSYEQYF,TRBV20-1*02,None,TRBJ2-7*01,1
506,CSAVARFSYGQYF,TRBV20-1*02,None,TRBJ2-7*01,1
507,CSAVARFSYLYYF,TRBV20-1*03,None,TRBJ2-7*01,1
508,CSAVARFSYQQYF,TRBV20-1*06,None,TRBJ2-7*01,1
509,CSAVARISYEQYF,TRBV20-1*03,None,TRBJ2-7*01,1
510,CSAVARLADQQYF,TRBV20-1*02,None,TRBJ2-7*01,1
511,CSSVSGFSYEQYF,TRBV20-1*06,None,TRBJ2-7*01,1
512,CSSVARYSYEQYF,TRBV20-1*06,None,TRBJ2-7*01,1
513,CSSVAGYSYEQYF,TRBV20-1*06,None,TRBJ2-7*01,1
514,CSAVARLSYQYHF,TRBV20-1*02,None,TRBJ2-7*01,1
515,CSAVARRSYELYF,TRBV20-1*04,None,TRBJ2-7*01,1
516,CSAVARSSYEKYF,TRBV20-1*03,None,TRBJ2-7*01,1
517,CSAVARSSYEQYF,TRBV20-1*02,None,TRBJ2-7*01,1
518,CSAVARSSYEQYF,TRBV20-1*06,None,TRBJ2-7*01,1
519,CSAVARVSYEQYF,TRBV20-1*03,None,TRBJ2-7*01,1
520,CSAVARVSYEQYF,TRBV20-1*04,None,TRBJ2-7*01,1
521,CSAVARVSYEQYF,TRBV20-1*06,None,TRBJ2-7*01,1
522,CSAVARYSYEQYF,TRBV20-1*07,None,TRBJ2-7*01,1
523,CSAVARFSYEQSF,TRBV20-1*02,None,TRBJ2-7*01,1
524,CSAVARFSYEQCF,TRBV20-1*02,None,TRBJ2-7*01,1
525,CSAVARFSYEKYF,TRBV20-1*06,None,TRBJ2-7*01,1
526,CSAVAGYYYEQYF,TRBV20-1*06,None,TRBJ2-7*01,1
527,CSAVAGWCYEQYF,TRBV20-1*03,None,TRBJ2-7*01,1
528,CSAVAGYSHEQYF,TRBV20-1*02,None,TRBJ2-7*01,1
529,CSAVAGYSYEKYF,TRBV20-1*03,None,TRBJ2-7*01,1
530,CSAVAGYSYEMYF,TRBV20-1*06,None,TRBJ2-7*01,1
531,CSAVAGYSYEPYF,TRBV20-1*02,None,TRBJ2-7*01,1
532,CSAVAGYSYEQHF,TRBV20-1*02,None,TRBJ2-7*01,1
533,CSTVAGFSYEQYF,TRBV20-1*06,None,TRBJ2-1*01,1
534,CSAVAGYSYQQHF,TRBV20-1*02,None,TRBJ2-7*01,1
535,CSTVAGFSYEQHF,TRBV20-1*03,None,TRBJ2-7*01,1
536,CSAVAKLAYEQYF,TRBV20-1*06,None,TRBJ2-7*01,1
537,CSAVARFSYDQYF,TRBV20-1*03,None,TRBJ2-7*01,1
538,CSAVALLSYEQYF,TRBV20-1*02,None,TRBJ2-7*01,1
539,CSAVAMGFYEQYF,TRBV20-1*02,None,TRBJ2-7*01,1
540,CSAVAPFSYEQYF,TRBV20-1*06,None,TRBJ2-7*01,1
541,CSFVAGFSYEKYF,TRBV20-1*02,None,TRBJ2-7*01,1
542,CSTVAGFSYEKYF,TRBV20-1*03,None,TRBJ2-7*01,1
543,CSTVAGFSYAQYF,TRBV20-1*06,None,TRBJ2-7*01,1
544,CSTVAGFSHEQYF,TRBV20-1*03,None,TRBJ2-7*01,1
545,CSAVARFAYEQYF,TRBV20-1*06,None,TRBJ2-7*01,1
546,CSAVARFSYAKYF,TRBV20-1*03,None,TRBJ2-7*01,1
547,CSAVAVCSYEQYF,TRBV20-1*02,None,TRBJ2-7*01,1
548,CSSVAGVSYGHYF,TRBV20-1*02,None,TRBJ2-7*01,1
549,CSAVAWLSYEQYF,TRBV20-1*02,None,TRBJ2-7*01,1
550,CSSVAGSSYGQYF,TRBV20-1*06,None,TRBJ2-7*01,1
551,CSAVAWFAYDQFF,TRBV20-1*03,None,TRBJ2-7*01,1
552,CSAVAWFAYELYF,TRBV20-1*02,None,TRBJ2-7*01,1
553,CSAVAWFCYEQYF,TRBV20-1*02,None,TRBJ2-7*01,1
554,CSAVAWFPYEQYF,TRBV20-1*06,None,TRBJ2-7*01,1
555,CSAVAWFSDEQYF,TRBV20-1*03,None,TRBJ2-7*01,1
556,CSAVAWFSNEQYF,TRBV20-1*03,None,TRBJ2-7*01,1
557,CSAVAWFSYAQYF,TRBV20-1*03,None,TRBJ2-7*01,1
558,CSAVAWFSYEKYF,TRBV20-1*02,None,TRBJ2-7*01,1
559,CSAVAWFSYEPYF,TRBV20-1*03,None,TRBJ2-7*01,1
560,CSAVAGISDEQYF,TRBV20-1*03,None,TRBJ2-7*01,1
561,CSSVAGFSSGQYF,TRBV20-1*04,None,TRBJ2-7*01,1
562,CSSVAGFSSEQYF,TRBV20-1*03,None,TRBJ2-7*01,1
563,CSAVAWFSYKQYF,TRBV20-1*06,None,TRBJ2-7*01,1
564,CSAVAWFTYDQYF,TRBV20-1*05,None,TRBJ2-7*01,1
565,CSAVAWFTYEQYF,TRBV20-1*03,None,TRBJ2-7*01,1
566,CSAVAWFYYEQYF,TRBV20-1*03,None,TRBJ2-7*01,1
567,CSAVAWLFYEQYF,TRBV20-1*03,None,TRBJ2-7*01,1
568,CSSVAGFAYDQYF,TRBV20-1*02,None,TRBJ2-7*01,1
569,CSSSRMEVQEAHYAYTF,TRBV28*01,None,TRBJ1-2*01,1
570,CSSLAGFAYEQYF,TRBV20-1*03,None,TRBJ2-7*01,1
571,CSAVAWLSYEPYF,TRBV20-1*06,None,TRBJ2-7*01,1
572,CSAVAWCSYEQYF,TRBV20-1*06,None,TRBJ2-7*01,1
573,CSAVAVYSYEQYF,TRBV20-1*03,None,TRBJ2-7*01,1
574,CSAVAVVSYKQYF,TRBV20-1*03,None,TRBJ2-7*01,1
575,CSAVAVFSYEHYF,TRBV20-1*02,None,TRBJ2-7*01,1
576,CSSVAGFYYEQYF,TRBV20-1*03,None,TRBJ2-7*01,1
577,CSAVAVCSYEQYF,TRBV20-1*07,None,TRBJ2-7*01,1
578,CSAVAVFFYEQYF,TRBV20-1*03,None,TRBJ2-7*01,1
579,CSAVAVFPNEQYF,TRBV20-1*06,None,TRBJ2-7*01,1
580,CSAVAVFPYEQYF,TRBV20-1*03,None,TRBJ2-7*01,1
581,CSAVAVFSCEQYF,TRBV20-1*02,None,TRBJ2-7*01,1
582,CSAVAVFSCQQYF,TRBV20-1*02,None,TRBJ2-7*01,1
583,CSAVAVFSDEQYF,TRBV20-1*06,None,TRBJ2-7*01,1
584,CSAVAVFSYAQYF,TRBV20-1*02,None,TRBJ2-7*01,1
585,CSAVAVFSYEHYF,TRBV20-1*06,None,TRBJ2-7*01,1
586,CSAVAVVSYEQYF,TRBV20-1*02,None,TRBJ2-7*01,1
587,CSAVAVFSYEQHF,TRBV20-1*02,None,TRBJ2-7*01,1
588,CSSVAGFSYEQYF,TRBV20-1*05,None,TRBJ2-7*01,1
589,CSSVAGFSSGQYF,TRBV20-1*06,None,TRBJ2-7*01,1
590,CSAVAVFSYEQYF,TRBV20-1*07,None,TRBJ2-7*01,1
591,CSAVAVFSYVQYF,TRBV20-1*03,None,TRBJ2-7*01,1
592,CSAVAVFTYEQYF,TRBV20-1*02,None,TRBJ2-7*01,1
593,CSAVAVISYEQYF,TRBV20-1*06,None,TRBJ2-7*01,1
594,CSAVAVLSYEQYF,TRBV20-1*03,None,TRBJ2-7*01,1
595,CSAVAVLSYEQYF,TRBV20-1*06,None,TRBJ2-7*01,1
596,CSAVAGISYAQYF,TRBV20-1*03,None,TRBJ2-7*01,1
597,CACSQDPEAVYGYTF,TRBV4-3*03,None,TRBJ1-2*01,1
598,CSAVAGIAYELYF,TRBV20-1*02,None,TRBJ2-7*01,1
599,CRAVAGFSYAQYF,TRBV20-1*06,None,TRBJ2-7*01,1
600,CRAGAGFSYEQYF,TRBV20-1*02,None,TRBJ2-7*01,1
601,CRALAGFSYEQYF,TRBV20-1*02,None,TRBJ2-7*01,1
602,CRAVAAFSYEQNF,TRBV20-1*03,None,TRBJ2-7*01,1
603,CRAVAEFSYEQYF,TRBV20-1*02,None,TRBJ2-7*01,1
604,CRAVAGFSCEQYF,TRBV20-1*03,None,TRBJ2-7*01,1
605,CRAVAGFSCEQYF,TRBV20-1*06,None,TRBJ2-7*01,1
606,CRAVAGFSNEQNF,TRBV20-1*03,None,TRBJ2-7*01,1
607,CRAVAGFSSEQYF,TRBV20-1*06,None,TRBJ2-7*01,1
608,CRAVAGFSYAQYF,TRBV20-1*02,None,TRBJ2-7*01,1
609,CRAVAGFSYAQYF,TRBV20-1*03,None,TRBJ2-7*01,1
610,CRAVAGFSYDQYF,TRBV20-1*03,None,TRBJ2-7*01,1
611,CRAAAGYSYEQYF,TRBV20-1*07,None,TRBJ2-7*01,1
612,CRAVAGFSYEQYF,TRBV20-1*01,None,TRBJ2-7*01,1
613,CRAVAGFSYGQYF,TRBV20-1*03,None,TRBJ2-7*01,1
614,CRAVAGFSYKQYF,TRBV20-1*06,None,TRBJ2-7*01,1
615,CRAVAGISYEQYF,TRBV20-1*02,None,TRBJ2-7*01,1
616,CRAVAGISYEQYF,TRBV20-1*03,None,TRBJ2-7*01,1
617,CRAVAGLSYEQYF,TRBV20-1*03,None,TRBJ2-7*01,1
618,CRAVAGVSYEQYF,TRBV20-1*02,None,TRBJ2-7*01,1
619,CRAVARFSYEQYF,TRBV20-1*02,None,TRBJ2-7*01,1
620,CRAVASFTYEQYF,TRBV20-1*03,None,TRBJ2-7*01,1
621,CRAVAWCSYEQYF,TRBV20-1*07,None,TRBJ2-7*01,1
622,CRAGAAFSYEQYF,TRBV20-1*06,None,TRBJ2-7*01,1
623,CPSNLRGTRGYGYTF,TRBV6-6*05,None,TRBJ1-2*01,1
624,CSAGAGFYYEQYF,TRBV20-1*02,None,TRBJ2-7*01,1
625,CLAVSGFSYEQYF,TRBV20-1*06,None,TRBJ2-7*01,1
626,CIAVAGFSDKQYF,TRBV20-1*03,None,TRBJ2-7*01,1
627,CIAVAGFSYQQYF,TRBV20-1*02,None,TRBJ2-7*01,1
628,CIAVAGSSYEQYF,TRBV20-1*03,None,TRBJ2-7*01,1
629,CIAVAGYSYEQYF,TRBV20-1*03,None,TRBJ2-7*01,1
630,CIAVAVFSYEQYF,TRBV20-1*03,None,TRBJ2-7*01,1
631,CIAVAVFSYVQHF,TRBV20-1*06,None,TRBJ2-7*01,1
632,CIAVDGFSYEQYF,TRBV20-1*02,None,TRBJ2-7*01,1
633,CIDVAGFAYEQYF,TRBV20-1*03,None,TRBJ2-7*01,1
634,CIVLAGFSYEQYF,TRBV20-1*03,None,TRBJ2-7*01,1
635,CIVVAGFSYEQYF,TRBV20-1*06,None,TRBJ2-7*01,1
636,CMAVAGFSYAHYF,TRBV20-1*06,None,TRBJ2-7*01,1
637,CPAVAGFSYEQYF,TRBV20-1*06,None,TRBJ2-7*01,1
638,CMSVAGIYYEQYF,TRBV20-1*03,None,TRBJ2-6*01,1
639,CNAFAWFSYAKYF,TRBV20-1*03,None,TRBJ2-7*01,1
640,CNAVAGFSHEQYF,TRBV20-1*03,None,TRBJ2-7*01,1
641,CNAVAGFSSEQYF,TRBV20-1*06,None,TRBJ2-7*01,1
642,CNAVAGFSYEKYF,TRBV20-1*02,None,TRBJ2-7*01,1
643,CNAVAGFSYEKYF,TRBV20-1*06,None,TRBJ2-7*01,1
644,CNAVAGFSYVQDF,TRBV20-1*03,None,TRBJ2-7*01,1
645,CNAVAGISYEQYF,TRBV20-1*03,None,TRBJ2-7*01,1
646,CNAVAGSSYEQYF,TRBV20-1*02,None,TRBJ2-7*01,1
647,CNAVPGFSYEQYF,TRBV20-1*03,None,TRBJ2-7*01,1
648,CRAVTGFSYEQYF,TRBV20-1*03,None,TRBJ2-7*01,1
649,CRVVAGFSYEQYF,TRBV20-1*06,None,TRBJ2-7*01,1
650,CSAAAEFSYEQYF,TRBV20-1*06,None,TRBJ2-7*01,1
651,CSAGAGFCYEQYF,TRBV20-1*06,None,TRBJ2-7*01,1
652,CSAEAGLSYAQYF,TRBV20-1*03,None,TRBJ2-7*01,1
653,CSAEAWFSYEQYF,TRBV20-1*06,None,TRBJ2-7*01,1
654,CSAEEGSRGTQYF,TRBV29-1*01,None,TRBJ2-3*01,1
655,CSAFAGFSYAQYF,TRBV20-1*02,None,TRBJ2-7*01,1
656,CSAGAGCSYEQYF,TRBV20-1*06,None,TRBJ2-7*01,1
657,CSAGAGDSYEQYF,TRBV20-1*06,None,TRBJ2-7*01,1
658,CSAGAGFAYDQYF,TRBV20-1*02,None,TRBJ1-6*01,1
659,CSAGAGFAYEKYF,TRBV20-1*02,None,TRBJ2-7*01,1
660,CSAGAGFAYEQYF,TRBV20-1*02,None,TRBJ2-7*01,1
661,CSAGAGFAYEQYF,TRBV20-1*03,None,TRBJ2-7*01,1
662,CSAGAGFFYEQYF,TRBV20-1*06,None,TRBJ2-7*01,1
663,CSAAAGFPYEQYF,TRBV20-1*06,None,TRBJ2-7*01,1
664,CSAGAGFPYEQYF,TRBV20-1*02,None,TRBJ2-7*01,1
665,CSAGAGFSCEQYF,TRBV20-1*03,None,TRBJ2-7*01,1
666,CSAGAGFSFEQYF,TRBV20-1*06,None,TRBJ2-7*01,1
667,CSAGAGFSSEQYF,TRBV20-1*02,None,TRBJ2-7*01,1
668,CSAGAGFSYARYF,TRBV20-1*03,None,TRBJ2-7*01,1
669,CSAGAGFSYEKYF,TRBV20-1*06,None,TRBJ2-7*01,1
670,CSAGAGFSYEQYF,TRBV20-1*05,None,TRBJ2-7*01,1
671,CSAGAGFSYEQYF,TRBV20-1*07,None,TRBJ2-7*01,1
672,CSAGAGFSYKQYF,TRBV20-1*02,None,TRBJ2-7*01,1
673,CSAGAGFSYKQYF,TRBV20-1*03,None,TRBJ2-7*01,1
674,CSAEAGIDYEQYF,TRBV20-1*02,None,TRBJ2-7*01,1
675,CSAEAGFYYEQYF,TRBV20-1*04,None,TRBJ2-7*01,1
676,CSAEAGFSYEQFF,TRBV20-1*02,None,TRBJ2-7*01,1
677,CSAEAGFSYEKYF,TRBV20-1*05,None,TRBJ2-7*01,1
678,CSAAAGFSYEQCF,TRBV20-1*02,None,TRBJ2-7*01,1
679,CSAAAGFSYEQHF,TRBV20-1*02,None,TRBJ2-7*01,1
680,CSAAAGFSYEQHF,TRBV20-1*03,None,TRBJ2-7*01,1
681,CSAAAGFSYEQYF,TRBV20-1*04,None,TRBJ2-7*01,1
682,CSAAAGFSYEQYF,TRBV20-1*05,None,TRBJ2-7*01,1
683,CSAAAGFSYERYF,TRBV20-1*02,None,TRBJ2-7*01,1
684,CSAAAGGSYEQYF,TRBV20-1*03,None,TRBJ2-7*01,1
685,CSAAAGLSYEQYF,TRBV20-1*02,None,TRBJ2-7*01,1
686,CSAAAGVSYEQYF,TRBV20-1*02,None,TRBJ2-7*01,1
687,CSAAARFSYEQYF,TRBV20-1*03,None,TRBJ2-7*01,1
688,CSAAAVLSYEQYF,TRBV20-1*02,None,TRBJ2-7*01,1
689,CSAAAWFSYEQYF,TRBV20-1*03,None,TRBJ2-7*01,1
690,CSAATAFSYEQYF,TRBV20-1*04,None,TRBJ2-7*01,1
691,CSAATGFSSEQYF,TRBV20-1*03,None,TRBJ2-7*01,1
692,CSAATGFSYEQYF,TRBV20-1*03,None,TRBJ2-7*01,1
693,CSADAGFSYEQYF,TRBV20-1*03,None,TRBJ2-7*01,1
694,CSADAGISYEHYF,TRBV20-1*02,None,TRBJ2-7*01,1
695,CSADAGLSYEQYF,TRBV20-1*05,None,TRBJ2-7*01,1
696,CSAEAGFAYERYF,TRBV20-1*02,None,TRBJ2-7*01,1
697,CSAEAGFSNEQYF,TRBV20-1*02,None,TRBJ2-7*01,1
698,CSAEAGFSYAQYF,TRBV20-1*06,None,TRBJ2-7*01,1
699,CIAVAGCSHEQYF,TRBV20-1*02,None,TRBJ2-7*01,1
700,CIALAGFSYEQYF,TRBV20-1*06,None,TRBJ2-7*01,1
701,CIAEAGFSYEQYF,TRBV20-1*02,None,TRBJ2-7*01,1
702,CASSFSVGPTYVLYF,TRBV14*02,None,TRBJ2-7*01,1
703,CASRWDRLPVNSPLHF,TRBV7-8*03,None,TRBJ1-6*01,1
704,CASSCDRGSNQPQHF,TRBV14*02,None,TRBJ1-5*01,1
705,CASSCSVGPTYVQYF,TRBV13*01,None,TRBJ2-7*01,1
706,CASSFGLGPAYDQYF,TRBV10-2*01,None,TRBJ2-7*01,1
707,CASSFGTGSYEQYF,TRBV14*02,None,TRBJ2-7*01,1
708,CASSFGTGSYEQYF,TRBV7-2*04,None,TRBJ2-7*01,1
709,CASSFRVGPTYEQYF,TRBV14*02,None,TRBJ2-7*01,1
710,CASSFSTCSANYGYTF,TRBV12-4*02,None,TRBJ1-2*01,1
711,CASSFSVGPAYEQYF,TRBV14*02,None,TRBJ2-7*01,1
712,CASSFSVGPTYEKYF,TRBV14*02,None,TRBJ2-7*01,1
713,CASSFSVVPTYEQYF,TRBV14*02,None,TRBJ2-7*01,1
714,CASSQGGAVSYKQFF,TRBV4-1*02,None,TRBJ2-1*01,1
715,CASSGIEGQGALYGYTF,TRBV28*01,TRBD1*01,TRBJ1-2*01,1
716,CASSGMEGQGALDGYTF,TRBV28*01,TRBD1*01,TRBJ1-2*01,1
717,CASSGMVGQGAPYGYTF,TRBV28*01,TRBD1*01,TRBJ1-2*01,1
718,CASSLGGPGYNDESF,TRBV5-4*03,None,TRBJ2-1*01,1
719,CASSLRQGGNYEQYF,TRBV27*01,None,TRBJ2-7*01,1
720,CASSLVTGTTDTQYF,TRBV5-4*02,None,TRBJ2-3*01,1
721,CASSPGTDNYGQYF,TRBV11-2*03,None,TRBJ1-2*01,1
722,CASSPGTDNYGYTF,TRBV11-3*02,None,TRBJ1-2*01,1
723,CASSPWTDNYGYTF,TRBV7-8*03,None,TRBJ1-2*01,1
724,CASSQDPEALYGYTF,TRBV4-3*01,None,TRBJ1-2*01,1
725,CASRWDRFPVNSPPHF,TRBV7-8*03,None,TRBJ1-6*01,1
726,CASRWDRFPVNSLLHF,TRBV5-7*01,None,TRBJ2-7*01,1
727,CASRSVHMPGKSTLHF,TRBV7-4*01,None,TRBJ1-6*01,1
728,CASRSLDRGRTDTQYF,TRBV12-3*01,None,TRBJ2-3*01,1
729,CAGMDSIYKLVF,TRBV2*01,None,TRBJ1-6*01,1
730,CAGMDSSYKLIF,TRBV10-3*02,None,TRBJ1-6*01,1
731,CAGMDSSYKLIF,TRBV6-6*04,None,TRBJ1-6*01,1
732,CAGMDSSYKLIF,TRBV6-6*05,None,TRBJ1-6*01,1
733,CAGMGRSYKLIF,TRBV10-3*02,None,TRBJ1-6*01,1
734,CAGMHSSYKLIF,TRBV6-6*05,None,TRBJ1-6*01,1
735,CAISPWTDTYGYTF,TRBV11-2*03,None,TRBJ1-2*01,1
736,CALRRQAGTALIF,TRBV2*02,None,TRBJ1-6*01,1
737,CALRSQAGTALIF,TRBV6-9*01,None,TRBJ1-2*01,1
738,CALRSQAGTALSF,TRBV6-9*01,None,TRBJ1-6*02,1
739,CALSRQGGTALIF,TRBV2*02,None,TRBJ1-3*01,1
740,CAMRSQAGTALIF,TRBV6-9*01,None,TRBJ1-6*02,1
741,CANSFGTGSYEQYF,TRBV11-3*02,None,TRBJ2-7*01,1
742,CARSFGTGCYEQYF,TRBV11-2*03,None,TRBJ2-7*01,1
743,CARSQDPEAVYGYTF,TRBV4-3*01,None,TRBJ1-2*01,1
744,CASCWTGTGGEKLFF,TRBV27*01,None,TRBJ1-4*01,1
745,CASHLRGTRGYGYTF,TRBV27*01,None,TRBJ1-2*01,1
746,CASNLMATRGYGYTF,TRBV27*01,None,TRBJ2-7*01,1
747,CASNLRGTRGYGYTF,TRBV27*01,None,TRBJ2-7*01,1
748,CASRFIEKGSTDTQYF,TRBV12-4*02,None,TRBJ2-3*01,1
749,CASRRGTLETPYF,TRBV28*01,None,TRBJ2-5*01,1
750,CASSQGGAVSYEQYF,TRBV4-1*02,None,TRBJ2-7*01,1
751,CASSQWGAVSYEQFF,TRBV4-1*02,None,TRBJ2-1*01,1
752,CIAAAEFSYEQYF,TRBV20-1*02,None,TRBJ2-7*01,1
753,CGAVAGFSYEQHF,TRBV20-1*06,None,TRBJ2-7*01,1
754,CCAVPGFSYEQYF,TRBV20-1*03,None,TRBJ2-7*01,1
755,CCAVQGFSYEQYF,TRBV20-1*02,None,TRBJ2-7*01,1
756,CDSNLRGTRGYGYTF,TRBV6-6*03,None,TRBJ1-2*01,1
757,CDSRWDLFPVNSPLHF,TRBV7-3*04,None,TRBJ1-6*01,1
758,CDSRWDRFPVNSPLHF,TRBV7-8*03,None,TRBJ1-6*01,1
759,CGAEAGVSYEQYF,TRBV20-1*06,None,TRBJ2-7*01,1
760,CGAVAEFSYEQYF,TRBV20-1*03,None,TRBJ2-7*01,1
761,CGAVAGFCYEQYF,TRBV20-1*03,None,TRBJ2-7*01,1
762,CGAVAGFFYEQYF,TRBV20-1*03,None,TRBJ2-7*01,1
763,CGAVAGFSYEQHF,TRBV20-1*03,None,TRBJ2-7*01,1
764,CGAVAGFSYEQYF,TRBV20-1*07,None,TRBJ2-7*01,1
765,CASSRDKGSNQPQHF,TRBV14*02,None,TRBJ1-5*01,1
766,CGAVAGFSYERYF,TRBV20-1*03,None,TRBJ2-7*01,1
767,CGAVAGLSYEQYF,TRBV20-1*02,None,TRBJ2-7*01,1
768,CGAVAGSSYEQYF,TRBV20-1*06,None,TRBJ2-7*01,1
769,CGAVAGVSYEQYF,TRBV20-1*02,None,TRBJ2-7*01,1
770,CGAVAGVSYEQYF,TRBV20-1*06,None,TRBJ2-7*01,1
771,CGAVAWFSYEQYF,TRBV20-1*03,None,TRBJ2-7*01,1
772,CGAVGGFSYEQYF,TRBV20-1*06,None,TRBJ2-7*01,1
773,CGIKCDRFPVNSPLHF,TRBV7-8*03,None,TRBJ1-6*01,1
774,CGTVAGFSYQHYF,TRBV20-1*06,None,TRBJ2-7*01,1
775,CHAVAGLSYVQYF,TRBV20-1*03,None,TRBJ2-7*01,1
776,CCAVARFSYEQYF,TRBV20-1*02,None,TRBJ2-7*01,1
777,CCAVAGSSYEHYF,TRBV20-1*03,None,TRBJ2-7*01,1
778,CCAVAGFYYEQYF,TRBV20-1*03,None,TRBJ2-7*01,1
779,CCAVAGFSYEHYF,TRBV20-1*03,None,TRBJ2-7*01,1
780,CASSRDWGGNQPQHF,TRBV14*02,None,TRBJ1-5*01,1
781,CASSRVSYNEKFF,TRBV28*01,None,TRBJ2-1*01,1
782,CASSRVSYNEQFF,TRBV28*01,None,TRBJ2-7*01,1
783,CASSVMEGQGALYGYTF,TRBV28*01,TRBD1*01,TRBJ1-2*01,1
784,CASSWTGTGGEKLFF,TRBV14*02,TRBD1*01,TRBJ1-4*01,1
785,CASSWTGTGSEKLFF,TRBV27*01,None,TRBJ1-4*01,1
786,CASSYDANTGELCF,TRBV3-1*01,None,TRBJ2-2*01,1
787,CASSYHAKTGELFF,TRBV6-6*03,None,TRBJ2-2*01,1
788,CASSYHANTGELFF,TRBV27*01,None,TRBJ2-2*01,1
789,CASSYHANTGELFF,TRBV6-6*02,None,TRBJ2-2*01,1
790,CASSYHANTGELFF,TRBV6-6*04,None,TRBJ2-2*01,1
791,CASWRDRGSNQPRHF,TRBV14*02,None,TRBJ1-5*01,1
792,CATGEGTSYEQYF,TRBV10-3*02,None,TRBJ2-7*01,1
793,CATRDRAVQETQYF,TRBV6-6*05,None,TRBJ2-5*01,1
794,CATRWDRFPVSSPLHF,TRBV7-8*03,None,TRBJ1-4*01,1
795,CATSRCTYDYGYIF,TRBV11-3*02,None,TRBJ1-2*01,1
796,CAWRRWEADYNNEQFF,TRBV30*04,None,TRBJ2-1*01,1
797,CAWSRWGADYNNEQFF,TRBV30*04,None,TRBJ2-1*01,1
798,CCAESGFSYEQYF,TRBV20-1*06,None,TRBJ2-7*01,1
799,CCAVAAFSYEQYF,TRBV20-1*07,None,TRBJ2-2*01,1
800,CCAVAEFSYEQYF,TRBV20-1*03,None,TRBJ2-7*01,1
801,CSAGAGFSYKQYF,TRBV20-1*06,None,TRBJ2-7*01,1
802,CSAGAGISYEQYF,TRBV20-1*03,None,TRBJ2-7*01,1
803,CSAVAGHSYEQYF,TRBV20-1*03,None,TRBJ2-7*01,1
804,CSAVAGFSYDRYF,TRBV20-1*02,None,TRBJ2-7*01,1
805,CSAVAGFSSVHYF,TRBV20-1*06,None,TRBJ2-7*01,1
806,CSAVAGFSYAKNF,TRBV20-1*03,None,TRBJ2-7*01,1
807,CSAVAGFSYAQCF,TRBV20-1*02,None,TRBJ2-7*01,1
808,CSAVAGFSYAQNF,TRBV20-1*02,None,TRBJ2-7*01,1
809,CSAVAGFSYAQYF,TRBV20-1*05,None,TRBJ2-7*01,1
810,CSAVAGFSYDHYF,TRBV20-1*02,None,TRBJ2-7*01,1
811,CSAVAGFSYDLYF,TRBV20-1*03,None,TRBJ2-7*01,1
812,CSAVAGFSYDQHF,TRBV20-1*06,None,TRBJ2-7*01,1
813,CSAVAGFSYDQNF,TRBV20-1*03,None,TRBJ2-7*01,1
814,CSAVAGFSYDQYF,TRBV20-1*01,None,TRBJ2-7*01,1
815,CSAVAGFSYEEYF,TRBV20-1*04,None,TRBJ2-7*01,1
816,CSAVAGFSSGQYF,TRBV20-1*02,None,TRBJ2-7*01,1
817,CSAVAGFSYEHHF,TRBV20-1*06,None,TRBJ2-7*01,1
818,CSAVAGFSYEHYF,TRBV20-1*04,None,TRBJ2-7*01,1
819,CSAVAGFSYEKFF,TRBV20-1*03,None,TRBJ2-7*01,1
820,CSAVAGFSYEKNF,TRBV20-1*02,None,TRBJ2-7*01,1
821,CSAVAGFSYEKYF,TRBV20-1*04,None,TRBJ2-7*01,1
822,CSAVAGFSYEKYF,TRBV20-1*05,None,TRBJ2-7*01,1
823,CSAVAGFSYEKYF,TRBV20-1*07,None,TRBJ2-7*01,1
824,CSAVAGFSYEPYF,TRBV20-1*05,None,TRBJ2-7*01,1
825,CSAVAGFSYEQDF,TRBV20-1*05,None,TRBJ2-7*01,1
826,CSAVAGFSYEQFF,TRBV20-1*06,None,TRBJ2-7*01,1
827,CSAVAGFSSQQYF,TRBV20-1*03,None,TRBJ2-7*01,1
828,CSAVAGFSSEKYF,TRBV20-1*02,None,TRBJ2-7*01,1
829,CSAGAGYSYEQYF,TRBV20-1*02,None,TRBJ2-7*01,1
830,CSAVAGFSCEQCF,TRBV20-1*07,None,TRBJ2-7*01,1
831,CSAVAGFPYEQCF,TRBV20-1*02,None,TRBJ2-7*01,1
832,CSAVAGFPYEQHF,TRBV20-1*02,None,TRBJ2-7*01,1
833,CSAVAGFPYERYF,TRBV20-1*06,None,TRBJ2-7*01,1
834,CSAVAGFPYGQYF,TRBV20-1*02,None,TRBJ2-7*01,1
835,CSAVAGFPYGQYF,TRBV20-1*03,None,TRBJ2-7*01,1
836,CSAVAGFPYGQYF,TRBV20-1*06,None,TRBJ2-7*01,1
837,CSAVAGFPYVQYF,TRBV20-1*02,None,TRBJ2-7*01,1
838,CSAVAGFSCDQYF,TRBV20-1*02,None,TRBJ2-7*01,1
839,CSAVAGFSCEKYF,TRBV20-1*06,None,TRBJ2-7*01,1
840,CSAVAGFSCEQCF,TRBV20-1*04,None,TRBJ2-7*01,1
841,CSAVAGFSCEQYF,TRBV20-1*07,None,TRBJ2-7*01,1
842,CSAVAGFSREQYF,TRBV20-1*06,None,TRBJ2-7*01,1
843,CSAVAGFSDAQYF,TRBV20-1*06,None,TRBJ2-7*01,1
844,CSAVAGFSDERYF,TRBV20-1*06,None,TRBJ2-7*01,1
845,CSAVAGFSEEQYF,TRBV20-1*03,None,TRBJ2-7*01,1
846,CSAVAGFSFDQYF,TRBV20-1*02,None,TRBJ2-7*01,1
847,CSAVAGFSFEKYF,TRBV20-1*03,None,TRBJ2-7*01,1
848,CSAVAGFSFEQYF,TRBV20-1*04,None,TRBJ2-7*01,1
849,CSAVAGFSHEKYF,TRBV20-1*02,None,TRBJ2-7*01,1
850,CSAVAGFSHEKYF,TRBV20-1*03,None,TRBJ2-7*01,1
851,CSAVAGFSHEQYF,TRBV20-1*07,None,TRBJ2-7*01,1
852,CSAVAGFSRDQYF,TRBV20-1*02,None,TRBJ2-7*01,1
853,CSAVAGFSYEQHF,TRBV20-1*07,None,TRBJ2-7*01,1
854,CSAVAGFSYEQKF,TRBV20-1*02,None,TRBJ2-7*01,1
855,CACSYSNYGYTF,TRBV10-3*03,None,TRBJ1-2*01,1
856,CSAVAGFYFEQYF,TRBV20-1*02,None,TRBJ2-7*01,1
857,CSAVAGFSYQYYF,TRBV20-1*02,None,TRBJ2-7*01,1
858,CSAVAGFSYSQYF,TRBV20-1*03,None,TRBJ2-7*01,1
859,CSAVAGFSYTKYF,TRBV20-1*02,None,TRBJ2-7*01,1
860,CSAVAGFSYVHYF,TRBV20-1*02,None,TRBJ2-7*01,1
861,CSAVAGFTFKQYF,TRBV20-1*03,None,TRBJ2-7*01,1
862,CSAVAGFTYEQYF,TRBV20-1*04,None,TRBJ2-7*01,1
863,CSAVAGFTYERYF,TRBV20-1*03,None,TRBJ2-7*01,1
864,CSAVAGFTYGQYF,TRBV20-1*02,None,TRBJ2-7*01,1
865,CSAVAGFVYEQYF,TRBV20-1*06,None,TRBJ2-7*01,1
866,CSAVAGFWYQQYF,TRBV20-1*02,None,TRBJ2-7*01,1
867,CSAVAGFYNEQYF,TRBV20-1*03,None,TRBJ2-7*01,1
868,CSAVAGFSYEQNF,TRBV20-1*04,None,TRBJ2-7*01,1
869,CSAVAGFYYDKNF,TRBV20-1*06,None,TRBJ2-7*01,1
870,CSAVAGFYYDQYF,TRBV20-1*02,None,TRBJ2-7*01,1
871,CSAVAGFYYEHYF,TRBV20-1*02,None,TRBJ2-7*01,1
872,CSAVAGFYYEKYF,TRBV20-1*03,None,TRBJ2-7*01,1
873,CSAVAGFYYEKYF,TRBV20-1*06,None,TRBJ2-7*01,1
874,CSAVAGFYYELYF,TRBV20-1*02,None,TRBJ2-7*01,1
875,CSAVAGFYYEPYF,TRBV20-1*06,None,TRBJ2-7*01,1
876,CSAVAGFYYEQCF,TRBV20-1*06,None,TRBJ2-7*01,1
877,CSAVAGFYYVQYF,TRBV20-1*03,None,TRBJ2-7*01,1
878,CSAVAGGSYEQYF,TRBV20-1*06,TRBD2*01,TRBJ2-7*01,1
879,CSAVAGFSYQYF,TRBV20-1*03,None,TRBJ2-7*01,1
880,CSAVAGFSYQTYF,TRBV20-1*06,None,TRBJ2-7*01,1
881,CSAVAGFSYQQYF,TRBV20-1*04,None,TRBJ2-7*01,1
882,CSAVAGFSYQQHF,TRBV20-1*06,None,TRBJ2-7*01,1
883,CSAVAGFSYEQNF,TRBV20-1*05,None,TRBJ2-7*01,1
884,CSAVAGFSYEQYF,TRBV20-1*02,None,TRBJ1-1*01,1
885,CSAVAGFSYEQYF,TRBV20-1*02,None,TRBJ2-1*01,1
886,CSAVAGFSYEQYF,TRBV20-1*03,None,TRBJ1-2*01,1
887,CSAVAGFSYEQYF,TRBV20-1*06,None,TRBJ1-1*01,1
888,CSAVAGFSYEQYF,TRBV20-1*06,None,TRBJ1-6*01,1
889,CSAVAGFSYEQYF,TRBV20-1*06,None,TRBJ2-5*01,1
890,CSAVAGFSYETYF,TRBV20-1*03,None,TRBJ2-7*01,1
891,CSAVAGFSYEYYF,TRBV20-1*02,None,TRBJ2-7*01,1
892,CSAVAGFSYEYYF,TRBV20-1*03,None,TRBJ2-7*01,1
893,CSAVAGFSYGKYF,TRBV20-1*03,None,TRBJ2-7*01,1
894,CSAVAGFSYGQYF,TRBV20-1*04,None,TRBJ2-7*01,1
895,CSAVAGFSYGRYF,TRBV20-1*06,None,TRBJ2-7*01,1
896,CSAVAGFSYKLYF,TRBV20-1*02,None,TRBJ2-7*01,1
897,CSAVAGFSYKMYF,TRBV20-1*06,None,TRBJ2-7*01,1
898,CSAVAGFSYKQYF,TRBV20-1*04,None,TRBJ2-7*01,1
899,CSAVAGFSYKQYF,TRBV20-1*07,None,TRBJ2-7*01,1
900,CSAVAGFSYLHYF,TRBV20-1*06,None,TRBJ2-7*01,1
901,CSAVAGFSYLQYF,TRBV20-1*02,None,TRBJ2-7*01,1
902,CSAVAGFSYLQYF,TRBV20-1*04,None,TRBJ2-7*01,1
903,CSAVAGFSYQDYF,TRBV20-1*03,None,TRBJ2-7*01,1
904,CSAVAGFPYEHYF,TRBV20-1*02,None,TRBJ2-7*01,1
905,CSAVAGFPYEEYF,TRBV20-1*03,None,TRBJ2-7*01,1
906,CSAVAGFPYDQYF,TRBV20-1*03,None,TRBJ2-7*01,1
907,CSASAGVSYEQYF,TRBV20-1*06,None,TRBJ2-7*01,1
908,CSALAGLSYEQYF,TRBV20-1*02,None,TRBJ2-7*01,1
909,CSALAGLSYEQYF,TRBV20-1*03,None,TRBJ2-7*01,1
910,CSALAGLSYEQYF,TRBV20-1*06,None,TRBJ2-7*01,1
911,CSALAGSSYDQYF,TRBV20-1*06,None,TRBJ2-7*01,1
912,CSALARFSYEQYF,TRBV20-1*03,None,TRBJ2-7*01,1
913,CSALVGFSYEQYF,TRBV20-1*02,None,TRBJ2-7*01,1
914,CSALVGFSYEQYF,TRBV20-1*03,None,TRBJ2-7*01,1
915,CSARAWEGFYHEQCF,TRBV20-1*05,None,TRBJ2-1*01,1
916,CSASAGFSYEQYF,TRBV20-1*02,None,TRBJ2-7*01,1
917,CSASAGFYYGQYF,TRBV20-1*02,None,TRBJ2-7*01,1
918,CSASDWQGSYNEQFF,TRBV20-1*03,None,TRBJ2-1*01,1
919,CSAVAAFSYVQYF,TRBV20-1*03,None,TRBJ2-7*01,1
920,CSATAGFSYEQYF,TRBV20-1*05,None,TRBJ2-7*01,1
921,CSAVAAFPYEQSF,TRBV20-1*05,None,TRBJ2-7*01,1
922,CSAVAAFSYAKYF,TRBV20-1*03,None,TRBJ2-7*01,1
923,CSAVAAFSYAQYF,TRBV20-1*02,None,TRBJ2-7*01,1
924,CSAVAAFSYAQYF,TRBV20-1*06,None,TRBJ2-7*01,1
925,CSAVAAFSYEHHF,TRBV20-1*06,None,TRBJ2-7*01,1
926,CSAVAAFSYEHYF,TRBV20-1*02,None,TRBJ2-7*01,1
927,CSAVAAFSYEKYF,TRBV20-1*02,None,TRBJ2-7*01,1
928,CSAVAAFSYELYF,TRBV20-1*03,None,TRBJ2-7*01,1
929,CSAVAAFSYEQYF,TRBV20-1*03,None,TRBJ1-1*01,1
930,CSALAGFTYEQYF,TRBV20-1*02,None,TRBJ2-7*01,1
931,CSALAGFSYQQYF,TRBV20-1*06,None,TRBJ2-7*01,1
932,CSALAGFSYQQYF,TRBV20-1*03,None,TRBJ2-7*01,1
933,CSALAGFSYLQYF,TRBV20-1*02,None,TRBJ2-7*01,1
934,CSAGAVFSYEQYF,TRBV20-1*02,None,TRBJ2-7*01,1
935,CSAGEGFSYEQYF,TRBV20-1*02,None,TRBJ2-7*01,1
936,CSAIAGCSYEQYF,TRBV20-1*06,None,TRBJ2-7*01,1
937,CSAIAGFSYEQYF,TRBV20-1*05,None,TRBJ2-7*01,1
938,CSAIAGFSYERYF,TRBV20-1*03,None,TRBJ2-7*01,1
939,CSAIAGFSYERYF,TRBV20-1*06,None,TRBJ2-7*01,1
940,CSAIAGFSYGQYF,TRBV20-1*06,None,TRBJ2-7*01,1
941,CSAIAGFSYVHYF,TRBV20-1*02,None,TRBJ2-7*01,1
942,CSAIAGFTYEQYF,TRBV20-1*03,None,TRBJ2-7*01,1
943,CSAIAGWSYEQYF,TRBV20-1*03,None,TRBJ2-7*01,1
944,CSAIVGYSYEQYF,TRBV20-1*06,None,TRBJ2-7*01,1
945,CSALAGFCYEHYF,TRBV20-1*02,None,TRBJ2-7*01,1
946,CSALAGFSNEKYF,TRBV20-1*03,None,TRBJ2-7*01,1
947,CSALAGFSNEQYF,TRBV20-1*02,None,TRBJ2-7*01,1
948,CSALAGFSYAKYF,TRBV20-1*06,None,TRBJ2-7*01,1
949,CSALAGFSYAQSF,TRBV20-1*06,None,TRBJ2-7*01,1
950,CSALAGFSYEQHF,TRBV20-1*03,TRBD2*01,TRBJ2-7*01,1
951,CSALAGFSYEQHF,TRBV20-1*06,None,TRBJ2-7*01,1
952,CSALAGFSYERFF,TRBV20-1*03,None,TRBJ2-7*01,1
953,CSALAGFSYGQYF,TRBV20-1*02,None,TRBJ2-7*01,1
954,CSALAGFSYKQYF,TRBV20-1*02,None,TRBJ2-7*01,1
955,CSAVAAFSYVHYF,TRBV20-1*03,None,TRBJ2-7*01,1
956,CSAVAAFTYEQYF,TRBV20-1*03,None,TRBJ2-7*01,1
957,CSAVAGFPHEQYF,TRBV20-1*03,None,TRBJ2-7*01,1
958,CSAVAGFCYEQYF,TRBV20-1*07,None,TRBJ2-7*01,1
959,CSAVAGFASEQYF,TRBV20-1*03,None,TRBJ2-7*01,1
960,CSAVAGFAYEKYF,TRBV20-1*06,None,TRBJ2-7*01,1
961,CSAVAGFAYELYF,TRBV20-1*06,None,TRBJ2-7*01,1
962,CSAVAGFAYERYF,TRBV20-1*02,None,TRBJ2-4*01,1
963,CSAVAGFAYERYF,TRBV20-1*03,None,TRBJ2-7*01,1
964,CSAVAGFAYTQYF,TRBV20-1*02,None,TRBJ2-7*01,1
965,CSAVAGFAYVQYF,TRBV20-1*06,None,TRBJ2-7*01,1
966,CSAVAGFCFEQYF,TRBV20-1*03,None,TRBJ2-7*01,1
967,CSAVAGFCYEKYF,TRBV20-1*02,None,TRBJ2-7*01,1
968,CSAVAGFCYEKYF,TRBV20-1*06,None,TRBJ2-7*01,1
969,CSAVAGFCYQQYF,TRBV20-1*03,None,TRBJ2-7*01,1
970,CSAVAAFYYGQYF,TRBV20-1*06,None,TRBJ2-7*01,1
971,CSAVAGFCYQQYF,TRBV20-1*06,None,TRBJ2-7*01,1
972,CSAVAGFFYEHYF,TRBV20-1*03,None,TRBJ2-7*01,1
973,CSAVAGFFYEKYF,TRBV20-1*02,None,TRBJ2-7*01,1
974,CSAVAGFFYELYF,TRBV20-1*02,None,TRBJ2-7*01,1
975,CSAVAGFFYEQYF,TRBV20-1*05,None,TRBJ2-7*01,1
976,CSAVAGFFYGQYF,TRBV20-1*06,None,TRBJ2-7*01,1
977,CSAVAGFFYVQYF,TRBV20-1*03,None,TRBJ2-7*01,1
978,CSAVAGFFYVQYF,TRBV20-1*06,None,TRBJ2-7*01,1
979,CSAVAGFIYEPYF,TRBV20-1*06,None,TRBJ2-7*01,1
980,CSAVAGFLYEQYF,TRBV20-1*06,None,TRBJ2-7*01,1
981,CSAVAGFASEQYF,TRBV20-1*02,None,TRBJ2-7*01,1
982,CSAVAGDSYEQYF,TRBV20-1*06,None,TRBJ2-7*01,1
983,CSAVAGCSYGQYF,TRBV20-1*02,None,TRBJ2-7*01,1
984,CSAVAGCSYERYF,TRBV20-1*06,None,TRBJ2-7*01,1
985,CSAVAALFYKQYF,TRBV20-1*03,None,TRBJ2-7*01,1
986,CSAVACFAYEQYF,TRBV20-1*06,None,TRBJ2-7*01,1
987,CSAVACFSYEQYF,TRBV20-1*03,None,TRBJ2-7*01,1
988,CSAVAECSYEQYF,TRBV20-1*06,None,TRBJ2-7*01,1
989,CSAVAEFAYEQYF,TRBV20-1*03,None,TRBJ2-7*01,1
990,CSAVAEFCYEKCF,TRBV20-1*06,None,TRBJ2-7*01,1
991,CSAVAEFPYEQYF,TRBV20-1*02,None,TRBJ2-7*01,1
992,CSAVAEFSHEQYF,TRBV20-1*03,None,TRBJ2-7*01,1
993,CSAVAEFSYEHYF,TRBV20-1*03,None,TRBJ2-7*01,1
994,CSAVAEFSYERYF,TRBV20-1*02,None,TRBJ2-7*01,1
995,CSAVAEFSYVQYF,TRBV20-1*03,None,TRBJ2-7*01,1
996,CSAVAEFYNEQYF,TRBV20-1*06,None,TRBJ2-7*01,1
997,CSAVAEFYYEQYF,TRBV20-1*03,None,TRBJ2-7*01,1
998,CSAVAEFYYEQYF,TRBV20-1*06,None,TRBJ2-7*01,1
999,CSAVAELSYEQYF,TRBV20-1*04,None,TRBJ2-7*01,1
1000,CSAVAESSYEQYF,TRBV20-1*03,None,TRBJ2-7*01,1
1001,CSAVAGCPYDQYF,TRBV20-1*02,None,TRBJ2-7*01,1
1002,CSAVAGCPYEPYF,TRBV20-1*02,None,TRBJ2-7*01,1
1003,CSAVAGCSDDQYF,TRBV20-1*06,None,TRBJ2-7*01,1
1004,CSAVAGCSYAQYF,TRBV20-1*06,None,TRBJ2-7*01,1
1005,CSAVAGCSYEQYF,TRBV20-1*05,None,TRBJ2-7*01,1
1006,CVAVAGFSYEQYF,TRBV20-1*03,None,TRBJ2-7*01,1
