,CDR3seq,V-region,D-region,J-region,Frequency
1,CSAVAGFSYEQYF,TRBV20-1*03,None,TRBJ2-7*01,60664
2,CSAVAGFSYEQYF,TRBV20-1*06,None,TRBJ2-7*01,59429
3,CSAVAGFSYEQYF,TRBV20-1*02,None,TRBJ2-7*01,59243
4,CSAVAGSSYEQYF,TRBV20-1*02,None,TRBJ2-7*01,277
5,CSAVAGSSYEQYF,TRBV20-1*03,None,TRBJ2-7*01,266
6,CSAVAGSSYEQYF,TRBV20-1*06,None,TRBJ2-7*01,262
7,CSAVAGFSHEQYF,TRBV20-1*02,None,TRBJ2-7*01,173
8,CSAVAGFSHEQYF,TRBV20-1*03,None,TRBJ2-7*01,172
9,CSAVAGFSYEQYF,TRBV20-1*05,None,TRBJ2-7*01,153
10,CSAVAGFSHEQYF,TRBV20-1*06,None,TRBJ2-7*01,144
11,CSAVAGFSYEQYF,TRBV20-1*07,None,TRBJ2-7*01,137
12,CSAVAGLSYEQYF,TRBV20-1*03,None,TRBJ2-7*01,135
13,CSAVAGFSYGQYF,TRBV20-1*03,None,TRBJ2-7*01,135
14,CSAVAGLSYEQYF,TRBV20-1*06,None,TRBJ2-7*01,133
15,CSAVAGFSYEQCF,TRBV20-1*06,None,TRBJ2-7*01,132
16,CSAVAGFSYEQYF,TRBV20-1*04,None,TRBJ2-7*01,131
17,CSAVAGLSYEQYF,TRBV20-1*02,None,TRBJ2-7*01,123
18,CSAVAGFSYEQYF,TRBV20-1*01,None,TRBJ2-7*01,123
19,CSAVAGFSYGQYF,TRBV20-1*02,None,TRBJ2-7*01,122
20,CSAVAGFSYGQYF,TRBV20-1*06,None,TRBJ2-7*01,120
21,CSAAAGFSYEQYF,TRBV20-1*02,None,TRBJ2-7*01,114
22,CSAVAGFSYEQCF,TRBV20-1*03,None,TRBJ2-7*01,114
23,CSAVAGFPYEQYF,TRBV20-1*03,None,TRBJ2-7*01,113
24,CSAVAGFSYEQCF,TRBV20-1*02,None,TRBJ2-7*01,110
25,CSAVAGFPYEQYF,TRBV20-1*02,None,TRBJ2-7*01,107
26,CSAAAGFSYEQYF,TRBV20-1*03,None,TRBJ2-7*01,104
27,CSAVAGFSCEQYF,TRBV20-1*02,None,TRBJ2-7*01,99
28,CGAVAGFSYEQYF,TRBV20-1*06,None,TRBJ2-7*01,98
29,CGAVAGFSYEQYF,TRBV20-1*03,None,TRBJ2-7*01,97
30,CGAVAGFSYEQYF,TRBV20-1*02,None,TRBJ2-7*01,95
31,CSAVAGFPYEQYF,TRBV20-1*06,None,TRBJ2-7*01,94
32,CSAVAGFSYERYF,TRBV20-1*06,None,TRBJ2-7*01,90
33,CSAVAGFSCEQYF,TRBV20-1*03,None,TRBJ2-7*01,86
34,CSAAAGFSYEQYF,TRBV20-1*06,None,TRBJ2-7*01,83
35,CSAVAGFSCEQYF,TRBV20-1*06,None,TRBJ2-7*01,83
36,CSAVAGFSYKQYF,TRBV20-1*06,None,TRBJ2-7*01,80
37,CSAVAGFSYVQYF,TRBV20-1*02,None,TRBJ2-7*01,78
38,CSAVAGFSYERYF,TRBV20-1*02,None,TRBJ2-7*01,77
39,CSVGTSGGQPQHF,TRBV29-1*02,None,TRBJ1-5*01,77
40,CSAVVGFSYEQYF,TRBV20-1*02,None,TRBJ2-7*01,76
41,CSAVAGFSYVQYF,TRBV20-1*03,None,TRBJ2-7*01,73
42,CSAVAGFSYERYF,TRBV20-1*03,None,TRBJ2-7*01,71
43,CSAVAGFSYEKYF,TRBV20-1*03,None,TRBJ2-7*01,67
44,CSAVAGFSYKQYF,TRBV20-1*02,None,TRBJ2-7*01,67
45,CSAVAEFSYEQYF,TRBV20-1*02,None,TRBJ2-7*01,66
46,CSAVVGFSYEQYF,TRBV20-1*03,None,TRBJ2-7*01,65
47,CSAVAGFSYEQHF,TRBV20-1*02,None,TRBJ2-7*01,65
48,CSAVARFSYEQYF,TRBV20-1*06,None,TRBJ2-7*01,65
49,CSAVAGFSYEQHF,TRBV20-1*03,None,TRBJ2-7*01,63
50,CSAVAGFSYKQYF,TRBV20-1*03,None,TRBJ2-7*01,62
51,CSAVARFSYEQYF,TRBV20-1*03,None,TRBJ2-7*01,60
52,CSAVVGFSYEQYF,TRBV20-1*06,None,TRBJ2-7*01,59
53,CSSVAGFSYEQYF,TRBV20-1*03,None,TRBJ2-7*01,59
54,CSAVARFSYEQYF,TRBV20-1*02,None,TRBJ2-7*01,58
55,CSAVAGFSYDQYF,TRBV20-1*06,None,TRBJ2-7*01,57
56,CSAVAEFSYEQYF,TRBV20-1*06,None,TRBJ2-7*01,57
57,CASTPGAAEREQYF,TRBV25-1*01,None,TRBJ2-7*01,57
58,CSAVAGFSYEKYF,TRBV20-1*02,None,TRBJ2-7*01,54
59,CSAVAEFSYEQYF,TRBV20-1*03,None,TRBJ2-7*01,54
60,CSAVAGFSYDQYF,TRBV20-1*03,None,TRBJ2-7*01,53
61,CSAVAGVSYEQYF,TRBV20-1*02,None,TRBJ2-7*01,53
62,CSAVAGFSYVQYF,TRBV20-1*06,None,TRBJ2-7*01,53
63,CSAVAGVSYEQYF,TRBV20-1*06,None,TRBJ2-7*01,52
64,CSAVAGFSYEQHF,TRBV20-1*06,None,TRBJ2-7*01,51
65,CSAIAGFSYEQYF,TRBV20-1*02,None,TRBJ2-7*01,51
66,CSSVAGFSYEQYF,TRBV20-1*02,None,TRBJ2-7*01,51
67,CSAVAWFSYEQYF,TRBV20-1*03,None,TRBJ2-7*01,50
68,CSAVAWFSYEQYF,TRBV20-1*02,None,TRBJ2-7*01,50
69,CSAVAGFSYEKYF,TRBV20-1*06,None,TRBJ2-7*01,49
70,CSAVAWFSYEQYF,TRBV20-1*06,None,TRBJ2-7*01,48
71,CSSVAGFSYEQYF,TRBV20-1*06,None,TRBJ2-7*01,47
72,CSVVAGFSYEQYF,TRBV20-1*06,None,TRBJ2-7*01,46
73,CSTVAGFSYEQYF,TRBV20-1*06,None,TRBJ2-7*01,44
74,CSAVAGFSYDQYF,TRBV20-1*02,None,TRBJ2-7*01,44
75,CSAVAGFSYQQYF,TRBV20-1*03,None,TRBJ2-7*01,44
76,CASSFGTGSYEQYF,TRBV11-2*03,None,TRBJ2-7*01,44
77,CSAVAVFSYEQYF,TRBV20-1*02,None,TRBJ2-7*01,43
78,CSAVAGFFYEQYF,TRBV20-1*06,None,TRBJ2-7*01,43
79,CSAIAGFSYEQYF,TRBV20-1*03,None,TRBJ2-7*01,43
80,CSAVAVFSYEQYF,TRBV20-1*03,None,TRBJ2-7*01,43
81,CASSFGTGSYEQYF,TRBV11-3*02,None,TRBJ2-7*01,42
82,CSVVAGFSYEQYF,TRBV20-1*03,None,TRBJ2-7*01,42
83,CATGQGTSYEQYF,TRBV2*02,None,TRBJ2-7*01,42
84,CASRWDRFPVNSPLHF,TRBV7-8*03,None,TRBJ1-6*01,41
85,CSVVAGFSYEQYF,TRBV20-1*02,None,TRBJ2-7*01,40
86,CSAIAGFSYEQYF,TRBV20-1*06,None,TRBJ2-7*01,39
87,CSAVAGFSYQQYF,TRBV20-1*02,None,TRBJ2-7*01,38
88,CSAVTGFSYEQYF,TRBV20-1*03,None,TRBJ2-7*01,38
89,CSAVAVFSYEQYF,TRBV20-1*06,None,TRBJ2-7*01,38
90,CSALAGFSYEQYF,TRBV20-1*02,None,TRBJ2-7*01,36
91,CSTVAGFSYEQYF,TRBV20-1*02,None,TRBJ2-7*01,36
92,CRAVAGFSYEQYF,TRBV20-1*03,None,TRBJ2-7*01,36
93,CSAVAGFFYEQYF,TRBV20-1*03,None,TRBJ2-7*01,35
94,CRAVAGFSYEQYF,TRBV20-1*06,None,TRBJ2-7*01,35
95,CNAVAGFSYEQYF,TRBV20-1*02,None,TRBJ2-7*01,34
96,CSAVAGFYYEQYF,TRBV20-1*03,None,TRBJ2-7*01,32
97,CSAVAGVSYEQYF,TRBV20-1*03,None,TRBJ2-7*01,32
98,CSAVAGFSYEHYF,TRBV20-1*06,None,TRBJ2-7*01,31
99,CSAVAGFSFEQYF,TRBV20-1*06,None,TRBJ2-7*01,30
100,CSAVAGFSYEHYF,TRBV20-1*02,None,TRBJ2-7*01,30
101,CRAVAGFSYEQYF,TRBV20-1*02,None,TRBJ2-7*01,30
102,CSALAGFSYEQYF,TRBV20-1*06,None,TRBJ2-7*01,29
103,CSAVAGFSYQQYF,TRBV20-1*06,None,TRBJ2-7*01,29
104,CNAVAGFSYEQYF,TRBV20-1*03,None,TRBJ2-7*01,29
105,CSAVAGFYYEQYF,TRBV20-1*06,None,TRBJ2-7*01,29
106,CSAVAGFFYEQYF,TRBV20-1*02,None,TRBJ2-7*01,29
107,CSAVEGFSYEQYF,TRBV20-1*06,None,TRBJ2-7*01,28
108,CSPVAGFSYEQYF,TRBV20-1*03,None,TRBJ2-7*01,28
109,CSAEAGFSYEQYF,TRBV20-1*02,None,TRBJ2-7*01,28
110,CSAVEGFSYEQYF,TRBV20-1*02,None,TRBJ2-7*01,28
111,CSAVTGFSYEQYF,TRBV20-1*02,None,TRBJ2-7*01,27
112,CSTVAGFSYEQYF,TRBV20-1*03,None,TRBJ2-7*01,27
113,CSAVAGFSYEHYF,TRBV20-1*03,None,TRBJ2-7*01,27
114,CSAVAGFSFEQYF,TRBV20-1*02,None,TRBJ2-7*01,26
115,CSAVSGFSYEQYF,TRBV20-1*02,None,TRBJ2-7*01,25
116,CSAVEGFSYEQYF,TRBV20-1*03,None,TRBJ2-7*01,25
117,CSAVAGFSYELYF,TRBV20-1*03,None,TRBJ2-7*01,25
118,CSAVAGCSYEQYF,TRBV20-1*06,None,TRBJ2-7*01,25
119,CSAVTGFSYEQYF,TRBV20-1*06,None,TRBJ2-7*01,24
120,CSAVAGCSYEQYF,TRBV20-1*02,None,TRBJ2-7*01,24
121,CSPVAGFSYEQYF,TRBV20-1*02,None,TRBJ2-7*01,24
122,CSAVAGCSYEQYF,TRBV20-1*03,None,TRBJ2-7*01,24
123,CCAVAGFSYEQYF,TRBV20-1*02,None,TRBJ2-7*01,23
124,CSAVAGFTYEQYF,TRBV20-1*06,None,TRBJ2-7*01,23
125,CSAVAGFCYEQYF,TRBV20-1*03,None,TRBJ2-7*01,23
126,CSAVAGFYYEQYF,TRBV20-1*02,None,TRBJ2-7*01,23
127,CSAVAGFSFEQYF,TRBV20-1*03,None,TRBJ2-7*01,23
128,CIAVAGFSYEQYF,TRBV20-1*06,None,TRBJ2-7*01,23
129,CNAVAGFSYEQYF,TRBV20-1*06,None,TRBJ2-7*01,22
130,CSAVAGFSNEQYF,TRBV20-1*02,None,TRBJ2-7*01,22
131,CSAVAGFTYEQYF,TRBV20-1*03,None,TRBJ2-7*01,22
132,CSAVAGFSSEQYF,TRBV20-1*06,None,TRBJ2-7*01,21
133,CSAGAGFSYEQYF,TRBV20-1*03,None,TRBJ2-7*01,21
134,CSAGAGFSYEQYF,TRBV20-1*06,None,TRBJ2-7*01,21
135,CSAVSGFSYEQYF,TRBV20-1*03,None,TRBJ2-7*01,21
136,CSAGAGFSYEQYF,TRBV20-1*02,None,TRBJ2-7*01,20
137,CSAVAGFCYEQYF,TRBV20-1*06,None,TRBJ2-7*01,20
138,CSALAGFSYEQYF,TRBV20-1*03,None,TRBJ2-7*01,20
139,CSAVSGFSYEQYF,TRBV20-1*06,None,TRBJ2-7*01,19
140,CTAVAGFSYEQYF,TRBV20-1*06,None,TRBJ2-7*01,19
141,CSAVAGFTYEQYF,TRBV20-1*02,None,TRBJ2-7*01,19
142,CSAVAGFCYEQYF,TRBV20-1*02,None,TRBJ2-7*01,18
143,CIAVAGFSYEQYF,TRBV20-1*03,None,TRBJ2-7*01,18
144,CCAVAGFSYEQYF,TRBV20-1*03,None,TRBJ2-7*01,18
145,CSAVAGFSYELYF,TRBV20-1*06,None,TRBJ2-7*01,18
146,CCAVAGFSYEQYF,TRBV20-1*06,None,TRBJ2-7*01,17
147,CSAVAGFSYEPYF,TRBV20-1*02,None,TRBJ2-7*01,17
148,CSAVAGFSYEPYF,TRBV20-1*03,None,TRBJ2-7*01,16
149,CSAVAGISYEQYF,TRBV20-1*03,None,TRBJ2-7*01,16
150,CASSYGAANTEAFF,TRBV6-6*03,None,TRBJ1-1*01,16
151,CSDVAGFSYEQYF,TRBV20-1*06,None,TRBJ2-7*01,16
152,CSAVAGFSYEQSF,TRBV20-1*06,None,TRBJ2-7*01,16
153,CSAVGGFSYEQYF,TRBV20-1*02,None,TRBJ2-7*01,15
154,CSAVGGFSYEQYF,TRBV20-1*06,None,TRBJ2-7*01,15
155,CSAVAGFSYAQYF,TRBV20-1*02,None,TRBJ2-7*01,15
156,CSAVAGFSYEPYF,TRBV20-1*06,None,TRBJ2-7*01,15
157,CSAVGGFSYEQYF,TRBV20-1*03,None,TRBJ2-7*01,15
158,CSAVAGFSNEQYF,TRBV20-1*03,None,TRBJ2-7*01,15
159,CSAVAGFSYEQSF,TRBV20-1*02,None,TRBJ2-7*01,15
160,CSPVAGFSYEQYF,TRBV20-1*06,None,TRBJ2-7*01,15
161,CSAVAGISYEQYF,TRBV20-1*06,None,TRBJ2-7*01,15
162,CSAVAGFSDEQYF,TRBV20-1*03,None,TRBJ2-7*01,14
163,CSAVAGFSYEQNF,TRBV20-1*06,None,TRBJ2-7*01,14
164,CSAVAGFSYELYF,TRBV20-1*02,None,TRBJ2-7*01,14
165,CSAVAGISYEQYF,TRBV20-1*02,None,TRBJ2-7*01,13
166,CSAVAGFSYEQSF,TRBV20-1*03,None,TRBJ2-7*01,13
167,CSAVAGYSYEQYF,TRBV20-1*06,None,TRBJ2-7*01,13
168,CSAVAGFSDEQYF,TRBV20-1*02,None,TRBJ2-7*01,13
169,CSAVAGFSSEQYF,TRBV20-1*03,None,TRBJ2-7*01,13
170,CSAVAGFSYAQYF,TRBV20-1*06,None,TRBJ2-7*01,12
171,CIAVAGFSYEQYF,TRBV20-1*02,None,TRBJ2-7*01,12
172,CSAVAGYSYEQYF,TRBV20-1*02,None,TRBJ2-7*01,12
173,CSAVAAFSYEQYF,TRBV20-1*02,None,TRBJ2-7*01,12
174,CSAVAGYSYEQYF,TRBV20-1*03,None,TRBJ2-7*01,12
175,CSAVAGFSDEQYF,TRBV20-1*06,None,TRBJ2-7*01,12
176,CSAVAGFSYEQNF,TRBV20-1*03,None,TRBJ2-7*01,11
177,CSAVAGFSYEQFF,TRBV20-1*03,None,TRBJ2-7*01,11
178,CSAVAGFSYEEYF,TRBV20-1*06,None,TRBJ2-7*01,11
179,CSAVAGFSYEQNF,TRBV20-1*02,None,TRBJ2-7*01,11
180,CASSLENRGYTF,TRBV7-9*04,None,TRBJ1-2*01,11
181,CSAVAGFSYAQYF,TRBV20-1*03,None,TRBJ2-7*01,11
182,CSDVAGFSYEQYF,TRBV20-1*03,None,TRBJ2-7*01,10
183,CTAVAGFSYEQYF,TRBV20-1*02,None,TRBJ2-7*01,10
184,CASSYHANTGELFF,TRBV6-2*01,None,TRBJ2-2*01,10
185,CSAVAGFSYEEYF,TRBV20-1*02,None,TRBJ2-7*01,10
186,CSAVPGFSYEQYF,TRBV20-1*06,None,TRBJ2-7*01,10
187,CSAVAGFAYEQYF,TRBV20-1*03,None,TRBJ2-7*01,10
188,CSAVAGFSSEQYF,TRBV20-1*02,None,TRBJ2-7*01,10
189,CATRDRAFQETQYF,TRBV6-6*05,None,TRBJ2-5*01,9
190,CASSYHANTGELFF,TRBV6-6*03,None,TRBJ2-2*01,9
191,CSAVPGFSYEQYF,TRBV20-1*02,None,TRBJ2-7*01,9
192,CASSLGESGGEQYF,TRBV7-2*04,None,TRBJ2-7*01,8
193,CTAVAGFSYEQYF,TRBV20-1*03,None,TRBJ2-7*01,8
194,CSAEAGFSYEQYF,TRBV20-1*03,None,TRBJ2-7*01,8
195,CSAEAGFSYEQYF,TRBV20-1*06,None,TRBJ2-7*01,8
196,CASSLENRGYTF,TRBV11-3*03,None,TRBJ1-2*01,8
197,CATRDRAFQETQYF,TRBV6-6*03,None,TRBJ2-5*01,8
198,CASSQDPEAVYGYTF,TRBV4-3*04,None,TRBJ1-2*01,8
199,CSDVAGFSYEQYF,TRBV20-1*02,None,TRBJ2-7*01,8
200,CSAVAAFSYEQYF,TRBV20-1*03,None,TRBJ2-7*01,8
201,CSAVAGFSYEEYF,TRBV20-1*03,None,TRBJ2-7*01,7
202,CASSPKRETQYF,TRBV18*01,None,TRBJ2-5*01,7
203,CSAVAGFAYEQYF,TRBV20-1*06,None,TRBJ2-7*01,7
204,CSGVAGFSYEQYF,TRBV20-1*02,None,TRBJ2-7*01,7
205,CSAVAGFSYEQDF,TRBV20-1*02,None,TRBJ2-7*01,7
206,CSAVAGFAYEQYF,TRBV20-1*02,None,TRBJ2-7*01,7
207,CSGVAGFSYEQYF,TRBV20-1*06,None,TRBJ2-7*01,7
208,CSAVPGFSYEQYF,TRBV20-1*03,None,TRBJ2-7*01,6
209,CASRSLDRGRTDTQYF,TRBV12-4*02,None,TRBJ2-3*01,6
210,CSAVAGFSNEQYF,TRBV20-1*06,None,TRBJ2-7*01,5
211,CSAVAAFSYEQYF,TRBV20-1*06,None,TRBJ2-7*01,5
212,CSGVAGFSYEQYF,TRBV20-1*03,None,TRBJ2-7*01,5
213,CSAAAGFSYVQYF,TRBV20-1*03,None,TRBJ2-7*01,5
214,CSAVAGFSYEQDF,TRBV20-1*03,None,TRBJ2-7*01,5
215,CSAVAGFSYEQFF,TRBV20-1*02,None,TRBJ2-7*01,5
216,CSAVAGFSYEQFF,TRBV20-1*06,None,TRBJ2-7*01,5
217,CASSYGVNTEAFF,TRBV6-6*03,None,TRBJ1-1*01,5
218,CASSYTGQGSYEQYF,TRBV6-6*03,None,TRBJ2-7*01,5
219,CSAGTGTSSLIYEQYF,TRBV20-1*03,None,TRBJ2-7*01,4
220,CSAAAGFSYVQYF,TRBV20-1*02,None,TRBJ2-7*01,4
221,CRAVAGLSYEQYF,TRBV20-1*03,None,TRBJ2-7*01,4
222,CVVSSGGYNKLIF,TRBV20-1*06,None,TRBJ1-6*02,4
223,CASSYHANTGELFF,TRBV6-5*01,None,TRBJ2-2*01,4
224,CASSQGGAVSYEQFF,TRBV4-1*02,None,TRBJ2-1*01,4
225,CSAVAGFSYDKYF,TRBV20-1*03,None,TRBJ2-7*01,3
226,CSAVAGFSYVHYF,TRBV20-1*03,None,TRBJ2-7*01,3
227,CSAAAGFSYVQYF,TRBV20-1*06,None,TRBJ2-7*01,3
228,CASSLGESGGEQYF,TRBV11-2*03,None,TRBJ2-7*01,3
229,CSAVAGVSYQQYF,TRBV20-1*06,None,TRBJ2-7*01,3
230,CSAVAGFSYLQYF,TRBV20-1*02,None,TRBJ2-7*01,3
231,CASSQDPEAVYGYTF,TRBV4-3*03,None,TRBJ1-2*01,3
232,CSSVAGFSYDQYF,TRBV20-1*06,None,TRBJ2-7*01,3
233,CRAVAGFSYQQYF,TRBV20-1*02,None,TRBJ2-7*01,3
234,CASSYHANTGELFF,TRBV6-3*01,None,TRBJ2-2*01,3
235,CASSYHANTGELFF,TRBV6-6*01,None,TRBJ2-2*01,3
236,CRAVAGFSYEHYF,TRBV20-1*02,None,TRBJ2-7*01,3
237,CSAVAGFSYEQDF,TRBV20-1*06,None,TRBJ2-7*01,3
238,CSAVAGFSYVQYF,TRBV20-1*05,None,TRBJ2-7*01,3
239,CVVSSGGYNKLIF,TRBV20-1*02,None,TRBJ1-6*01,3
240,CSAVTGLSYEQYF,TRBV20-1*03,None,TRBJ2-7*01,2
241,CSAVARFSYERYF,TRBV20-1*06,None,TRBJ2-7*01,2
242,CSAVAGFSYEQYF,TRBV20-1*06,None,TRBJ1-6*01,2
243,CSAGAGVSYEQYF,TRBV20-1*02,None,TRBJ2-7*01,2
244,CSAVAGFDYEQYF,TRBV20-1*03,None,TRBJ2-7*01,2
245,CSAGAGFSYKQYF,TRBV20-1*02,None,TRBJ2-7*01,2
246,CSSVAGFSYEQYF,TRBV20-1*01,None,TRBJ2-7*01,2
247,CSAVAGFSYETYF,TRBV20-1*06,None,TRBJ2-7*01,2
248,CSAVAGFSYEYYF,TRBV20-1*06,None,TRBJ2-7*01,2
249,CSAVAGFSYGQHF,TRBV20-1*06,None,TRBJ2-7*01,2
250,CSAVSGFSYEQYF,TRBV20-1*04,None,TRBJ2-7*01,2
251,CSSVAGVSYEQYF,TRBV20-1*06,None,TRBJ2-7*01,2
252,CSSVTGFSYEQYF,TRBV20-1*02,None,TRBJ2-7*01,2
253,CASSQDPEAVYGYTF,TRBV4-3*01,None,TRBJ1-2*01,2
254,CSAVAGFSYDHYF,TRBV20-1*02,None,TRBJ2-7*01,2
255,CASSFGAGSYEQYF,TRBV11-3*02,None,TRBJ2-7*01,2
256,CSAVPGVSYEQYF,TRBV20-1*06,None,TRBJ2-7*01,2
257,CSTVAGFSYEQYF,TRBV20-1*07,None,TRBJ2-7*01,2
258,CSAVAGFSYLQYF,TRBV20-1*06,None,TRBJ2-7*01,2
259,CGAVAGFSYGQYF,TRBV20-1*02,None,TRBJ2-7*01,2
260,CSAVAGVSYEQYF,TRBV20-1*07,None,TRBJ2-7*01,2
261,CSAVAGVSYEQYF,TRBV20-1*04,None,TRBJ2-7*01,2
262,CSTVAGLSYEQYF,TRBV20-1*02,None,TRBJ2-7*01,2
263,CSAAAGFYYEQYF,TRBV20-1*06,None,TRBJ2-7*01,2
264,CSAVAGFSFEKYF,TRBV20-1*06,None,TRBJ2-7*01,2
265,CASSFGTASYEQYF,TRBV11-3*02,None,TRBJ2-7*01,2
266,CSAVAGFSYVKYF,TRBV20-1*02,None,TRBJ2-7*01,2
267,CASSYGAANTEAFF,TRBV6-6*01,None,TRBJ1-1*01,2
268,CSAVAGFSYEQYF,TRBV20-1*02,None,TRBJ2-5*01,2
269,CSAVSGFSYVQYF,TRBV20-1*03,None,TRBJ2-7*01,2
270,CSAIAGFSYEQYF,TRBV20-1*04,None,TRBJ2-7*01,2
271,CSAVTGFSYEQYF,TRBV20-1*05,None,TRBJ2-7*01,2
272,CSAVAWFSYEKYF,TRBV20-1*06,None,TRBJ2-7*01,2
273,CSAVAESSYEQYF,TRBV20-1*03,None,TRBJ2-7*01,2
274,CSAVAGFSYDQYF,TRBV20-1*05,None,TRBJ2-7*01,2
275,CSAVVGFSYKQYF,TRBV20-1*02,None,TRBJ2-7*01,2
276,CSAVAEFSYEKYF,TRBV20-1*02,None,TRBJ2-7*01,2
277,CSAVAEFSSEKYF,TRBV20-1*03,None,TRBJ2-7*01,2
278,CSAVAVFSYEQYF,TRBV20-1*07,None,TRBJ2-7*01,2
279,CSFVAGFSYEQYF,TRBV20-1*06,None,TRBJ2-7*01,2
280,CSAVAVFSYEKYF,TRBV20-1*06,None,TRBJ2-7*01,2
281,CASTFGTGSYEQYF,TRBV11-2*03,None,TRBJ2-7*01,2
282,CSGVAGFYYEQYF,TRBV20-1*02,None,TRBJ2-7*01,2
283,CSAVAGFSYAKYF,TRBV20-1*06,None,TRBJ2-7*01,2
284,CSAVAWSSYEQYF,TRBV20-1*02,None,TRBJ2-7*01,2
285,CASSYHANTGELFF,TRBV6-6*04,None,TRBJ2-2*01,2
286,CSALAGFSYVQYF,TRBV20-1*06,None,TRBJ2-7*01,2
287,CSALAGFSYQQYF,TRBV20-1*03,None,TRBJ2-7*01,2
288,CSAVSGVSYEQYF,TRBV20-1*02,None,TRBJ2-7*01,2
289,CSPVAGFCYEQYF,TRBV20-1*03,None,TRBJ2-7*01,2
290,CSVGISGGQPQHF,TRBV29-1*02,None,TRBJ1-5*01,2
291,CSAVAWSSYEQYF,TRBV20-1*03,None,TRBJ2-7*01,2
292,CSALAGFSHEQYF,TRBV20-1*03,None,TRBJ2-7*01,2
293,CSPVAGFSYVQYF,TRBV20-1*06,None,TRBJ2-7*01,2
294,CASSYGAANTEAFF,TRBV6-6*02,None,TRBJ1-1*01,2
295,CSAVARFSYVQYF,TRBV20-1*02,None,TRBJ2-7*01,2
296,CSAVAGFSYEQYF,TRBV20-1*06,None,TRBJ1-1*01,2
297,CGAVAGFPYEQYF,TRBV20-1*03,None,TRBJ2-7*01,2
298,CRAVAGFSYEEYF,TRBV20-1*03,None,TRBJ2-7*01,2
299,CSAVAGSSYVQYF,TRBV20-1*03,None,TRBJ2-7*01,2
300,CRAVSGFSYEQYF,TRBV20-1*02,None,TRBJ2-7*01,2
301,CSAVAGISYEKYF,TRBV20-1*02,None,TRBJ2-7*01,2
302,CSAVAGLSYQQYF,TRBV20-1*06,None,TRBJ2-7*01,2
303,CRAVARFSYEQYF,TRBV20-1*03,None,TRBJ2-7*01,2
304,CSAVAGLSYDQYF,TRBV20-1*02,None,TRBJ2-7*01,2
305,CSAVAGLYYEQYF,TRBV20-1*02,None,TRBJ2-7*01,2
306,CTPVAGFSYEQYF,TRBV20-1*03,None,TRBJ2-7*01,2
307,CSVVAGSSYEQYF,TRBV20-1*03,None,TRBJ2-7*01,2
308,CRAVAGFSYEQCF,TRBV20-1*02,None,TRBJ2-7*01,2
309,CSAVAGFYYEQYF,TRBV20-1*05,None,TRBJ2-7*01,2
310,CRAGAGFSYEQYF,TRBV20-1*02,None,TRBJ2-7*01,2
311,CSAVAGLSYEKYF,TRBV20-1*06,None,TRBJ2-7*01,2
312,CSAVAGHSYEQYF,TRBV20-1*06,None,TRBJ2-7*01,2
313,CSAVAGSSYEQYF,TRBV20-1*05,None,TRBJ2-7*01,2
314,CSAVAGFYYVQYF,TRBV20-1*06,None,TRBJ2-7*01,2
315,CSAVAGGSYEQYF,TRBV20-1*03,TRBD2*01,TRBJ2-7*01,2
316,CASSLGESGGEQYF,TRBV11-3*02,None,TRBJ2-7*01,2
317,CSAVAGSSCEQYF,TRBV20-1*06,None,TRBJ2-7*01,2
318,CSAVAGLSYEKYF,TRBV20-1*03,None,TRBJ2-7*01,2
319,CSAVAGFSYVQYF,TRBV20-1*04,None,TRBJ2-7*01,2
320,CRAVAGFSYAQYF,TRBV20-1*02,None,TRBJ2-7*01,2
321,CVVSSGGYNKLIF,TRBV20-1*03,None,TRBJ1-6*02,2
322,CSAVAGLSYEQYF,TRBV20-1*05,None,TRBJ2-7*01,2
323,CSAVAGFSYYQYF,TRBV20-1*02,None,TRBJ2-7*01,2
324,CRAVAGFSYEKYF,TRBV20-1*06,None,TRBJ2-7*01,2
325,CSAVAWFSYEHYF,TRBV20-1*03,None,TRBJ2-7*01,1
326,CSAVAWFPYELYF,TRBV20-1*03,None,TRBJ2-7*01,1
327,CSAVAWFSHEQYF,TRBV20-1*03,None,TRBJ2-7*01,1
328,CSAVAVFSYEQYF,TRBV20-1*06,None,TRBJ1-6*01,1
329,CSAVAWFSSEQYF,TRBV20-1*03,None,TRBJ2-7*01,1
330,CSAVAWFSYEHYF,TRBV20-1*02,None,TRBJ2-7*01,1
331,CSAVAGSAYEQYF,TRBV20-1*02,None,TRBJ2-7*01,1
332,CSAVAVFSYEQYF,TRBV20-1*04,None,TRBJ2-7*01,1
333,CSAVAWFSYEKYF,TRBV20-1*02,None,TRBJ2-7*01,1
334,CSAVAVFSYEQYF,TRBV20-1*05,None,TRBJ2-7*01,1
335,CASSFGTGSYEKYF,TRBV11-2*03,None,TRBJ2-7*01,1
336,CSAVAGPSYEQYF,TRBV20-1*06,None,TRBJ2-7*01,1
337,CSAVAWFSYEPYF,TRBV20-1*03,None,TRBJ2-7*01,1
338,CASSFGTGSYEQYF,TRBV5-6*01,None,TRBJ2-7*01,1
339,CSAVAGSSHEQYF,TRBV20-1*02,None,TRBJ2-7*01,1
340,CSAVAGPSYEQYF,TRBV20-1*02,None,TRBJ2-7*01,1
341,CSAVAWFFYEQYF,TRBV20-1*06,None,TRBJ2-7*01,1
342,CSAVAVFSYVQYF,TRBV20-1*03,None,TRBJ2-7*01,1
343,CSAVAGSSHEHYF,TRBV20-1*06,None,TRBJ2-7*01,1
344,CSAVAVFSYYQYF,TRBV20-1*03,None,TRBJ2-7*01,1
345,CSAVAVISYEQYF,TRBV20-1*02,None,TRBJ2-7*01,1
346,CSAVAVLSYEQYF,TRBV20-1*02,None,TRBJ2-7*01,1
347,CSAVAVLSYEQYF,TRBV20-1*03,None,TRBJ2-7*01,1
348,CSAVAVSSYEQYF,TRBV20-1*02,None,TRBJ2-7*01,1
349,CSAVAVFSYKQYF,TRBV20-1*03,None,TRBJ2-7*01,1
350,CSAVAVSSYEQYF,TRBV20-1*03,None,TRBJ2-7*01,1
351,CSAVAVSSYEQYF,TRBV20-1*05,None,TRBJ2-7*01,1
352,CSAVAVFSYKQDF,TRBV20-1*03,None,TRBJ2-7*01,1
353,CSAVAVVSYEQYF,TRBV20-1*03,None,TRBJ2-7*01,1
354,CSAVAVVSYEQYF,TRBV20-1*06,None,TRBJ2-7*01,1
355,CSAVAGSPYEQYF,TRBV20-1*06,None,TRBJ2-7*01,1
356,CSAVAGSCYEQYF,TRBV20-1*06,None,TRBJ2-7*01,1
357,CSAVAWCAYEQNF,TRBV20-1*03,None,TRBJ2-7*01,1
358,CSAVAWCSYEQYF,TRBV20-1*02,None,TRBJ2-7*01,1
359,CSAVAWCSYEQYF,TRBV20-1*06,None,TRBJ2-7*01,1
360,CSAVAWFCYEKYF,TRBV20-1*03,None,TRBJ2-7*01,1
361,CSAVAWFCYEQYF,TRBV20-1*02,None,TRBJ2-7*01,1
362,CSAVAVFSYKHYF,TRBV20-1*03,None,TRBJ2-7*01,1
363,CASSFGTGPYEQYF,TRBV11-3*02,None,TRBJ2-7*01,1
364,CSAVAWFSYEPYF,TRBV20-1*06,None,TRBJ2-7*01,1
365,CSAVAGLSYKQYF,TRBV20-1*02,None,TRBJ2-7*01,1
366,CSAVEGFSYEQHF,TRBV20-1*03,None,TRBJ2-7*01,1
367,CSAVEGFSYEQYF,TRBV20-1*01,None,TRBJ2-7*01,1
368,CASSFGTGAYEQYF,TRBV11-2*03,TRBD1*01,TRBJ2-7*01,1
369,CASSFGTGAYDQDF,TRBV11-2*03,TRBD1*01,TRBJ2-7*01,1
370,CSAVEGFSYEQYF,TRBV20-1*05,None,TRBJ2-7*01,1
371,CASSFGTESYEQYF,TRBV11-3*02,None,TRBJ2-7*01,1
372,CSAVEGFSYGQYF,TRBV20-1*06,None,TRBJ2-7*01,1
373,CSAVAGLSYGQYF,TRBV20-1*06,None,TRBJ2-7*01,1
374,CSAVEGFSYQQYF,TRBV20-1*02,None,TRBJ2-7*01,1
375,CSAVEGLSYEQYF,TRBV20-1*06,None,TRBJ2-7*01,1
376,CSAVEGSSYEQYF,TRBV20-1*06,None,TRBJ2-7*01,1
377,CSAVEGVSYEQYF,TRBV20-1*03,None,TRBJ2-7*01,1
378,CSAVAGLSYGQYF,TRBV20-1*02,None,TRBJ2-7*01,1
379,CSAVERFSYEQYF,TRBV20-1*03,None,TRBJ2-7*01,1
380,CSAVEVFSYEQYF,TRBV20-1*03,None,TRBJ2-7*01,1
381,CSAVEWFSYEQYF,TRBV20-1*02,None,TRBJ2-7*01,1
382,CSAVGGCSYEQYF,TRBV20-1*02,None,TRBJ2-7*01,1
383,CASSFGTASYEQYF,TRBV7-3*04,None,TRBJ2-7*01,1
384,CSAVGGFSYEQYF,TRBV20-1*05,None,TRBJ2-7*01,1
385,CASSFGTASYEQYF,TRBV11-2*03,None,TRBJ2-7*01,1
386,CSAVGRFYYEQYF,TRBV20-1*02,None,TRBJ2-7*01,1
387,CSAVEGFSYEHYF,TRBV20-1*06,None,TRBJ2-7*01,1
388,CSAVEGFSYDQYF,TRBV20-1*03,None,TRBJ2-7*01,1
389,CASSFGTGSYAQYF,TRBV7-2*04,None,TRBJ2-7*01,1
390,CSAVEGFSSEQYF,TRBV20-1*06,None,TRBJ2-7*01,1
391,CASSFGTGSDEEYF,TRBV11-3*02,None,TRBJ2-7*01,1
392,CSAVAWFSYEQYF,TRBV20-1*05,None,TRBJ2-7*01,1
393,CSAVAVFSYEQFF,TRBV20-1*03,None,TRBJ2-7*01,1
394,CSAVAGLYYEQYF,TRBV20-1*03,None,TRBJ2-7*01,1
395,CSAVAWFSYEQYF,TRBV20-1*07,None,TRBJ2-7*01,1
396,CSAVAWFSYERYF,TRBV20-1*06,None,TRBJ2-7*01,1
397,CSAVAWFSYGQYF,TRBV20-1*03,None,TRBJ2-7*01,1
398,CSAVAWFSYKQYF,TRBV20-1*02,None,TRBJ2-7*01,1
399,CSAVAWFSYQQYF,TRBV20-1*02,None,TRBJ2-7*01,1
400,CSAVAWFSYVQYF,TRBV20-1*03,None,TRBJ2-7*01,1
401,CSAVAWFYYEQYF,TRBV20-1*02,None,TRBJ2-7*01,1
402,CSAVAWLSYEQCF,TRBV20-1*06,None,TRBJ2-7*01,1
403,CSAVAWLSYEQYF,TRBV20-1*07,None,TRBJ2-7*01,1
404,CSAVAGLTYEQYF,TRBV20-1*03,None,TRBJ2-7*01,1
405,CSAVEEFSYEQYF,TRBV20-1*06,None,TRBJ2-7*01,1
406,CSAVEGCSYEQYF,TRBV20-1*06,None,TRBJ2-7*01,1
407,CSAVAGLSYVQYF,TRBV20-1*06,None,TRBJ2-7*01,1
408,CSAVEGFCYEQYF,TRBV20-1*03,None,TRBJ2-7*01,1
409,CSAVEGFSFEQYF,TRBV20-1*06,None,TRBJ2-7*01,1
410,CSAVAGLSYVQYF,TRBV20-1*03,None,TRBJ2-7*01,1
411,CSAVEGFSHEQYF,TRBV20-1*02,None,TRBJ2-7*01,1
412,CASSFGTGSYEQYF,TRBV7-2*04,None,TRBJ2-7*01,1
413,CSAVAGVSSEQYF,TRBV20-1*02,None,TRBJ2-7*01,1
414,CSAVAVFSYEKYF,TRBV20-1*07,None,TRBJ2-7*01,1
415,CSAVAGVTYEQNF,TRBV20-1*06,None,TRBJ2-7*01,1
416,CSAVAGVTYEQYF,TRBV20-1*03,None,TRBJ2-7*01,1
417,CSAVAGVYYEQYF,TRBV20-1*02,None,TRBJ2-7*01,1
418,CSAVAGYFYEQYF,TRBV20-1*06,None,TRBJ2-7*01,1
419,CSAVAGYSCQQYF,TRBV20-1*02,None,TRBJ2-7*01,1
420,CSAVAGYSHEQYF,TRBV20-1*03,None,TRBJ2-7*01,1
421,CSAVAGYSYDQYF,TRBV20-1*06,None,TRBJ2-7*01,1
422,CSAVAGYSYEQNF,TRBV20-1*06,None,TRBJ2-7*01,1
423,CASSFHTESYEQYF,TRBV11-3*02,None,TRBJ2-7*01,1
424,CSAVAGSTYEQYF,TRBV20-1*06,None,TRBJ2-7*01,1
425,CASSFGTVSYEQYF,TRBV11-2*03,None,TRBJ2-7*01,1
426,CASSFGTRSYEQYF,TRBV11-3*02,None,TRBJ2-7*01,1
427,CSAVAGSTYDQYF,TRBV20-1*03,None,TRBJ2-7*01,1
428,CSAVAGYSYEQYF,TRBV20-1*07,None,TRBJ2-7*01,1
429,CSAVAGYSYQQYF,TRBV20-1*03,None,TRBJ2-7*01,1
430,CSAVAGYSYVQYF,TRBV20-1*06,None,TRBJ2-7*01,1
431,CSAVAGYYYEKYF,TRBV20-1*03,None,TRBJ2-7*01,1
432,CSAVAGYYYEQYF,TRBV20-1*03,None,TRBJ2-7*01,1
433,CSAVAKFSYDQYF,TRBV20-1*02,None,TRBJ2-7*01,1
434,CSAVAKFSYEQYF,TRBV20-1*06,None,TRBJ2-7*01,1
435,CSAVAGSSYKQYF,TRBV20-1*03,None,TRBJ2-7*01,1
436,CSAVAGSSYERYF,TRBV20-1*03,None,TRBJ2-7*01,1
437,CSAVAGSYYEQYF,TRBV20-1*06,None,TRBJ2-7*01,1
438,CSAVAGVTYAQYF,TRBV20-1*03,None,TRBJ2-7*01,1
439,CSAVALISYEEYF,TRBV20-1*06,None,TRBJ2-7*01,1
440,CSAVAGVADEQYF,TRBV20-1*06,None,TRBJ2-7*01,1
441,CSAVAGVSYDQYF,TRBV20-1*02,None,TRBJ2-7*01,1
442,CSAVAGVSYEHYF,TRBV20-1*02,None,TRBJ2-7*01,1
443,CSAVAGVSYEHYF,TRBV20-1*06,None,TRBJ2-7*01,1
444,CSAVAGVSYELYF,TRBV20-1*06,None,TRBJ2-7*01,1
445,CSAVAGVSSDQYF,TRBV20-1*06,None,TRBJ2-7*01,1
446,CSAVAGVSYELYF,TRBV20-1*07,None,TRBJ2-7*01,1
447,CSAVAGVSRKHYF,TRBV20-1*02,None,TRBJ2-7*01,1
448,CSAVAGVSYEPYF,TRBV20-1*05,None,TRBJ2-7*01,1
449,CSAVAGVSYEQCF,TRBV20-1*03,None,TRBJ2-7*01,1
450,CSAVAGVSYEQCF,TRBV20-1*06,None,TRBJ2-7*01,1
451,CSAVAGVSYEQDF,TRBV20-1*03,None,TRBJ2-7*01,1
452,CASSFRTGAYEQYF,TRBV11-2*03,None,TRBJ2-7*01,1
453,CASSFRPGSYVHYF,TRBV7-3*04,None,TRBJ2-7*01,1
454,CSAVAGVSQEQYF,TRBV20-1*06,None,TRBJ2-7*01,1
455,CSAVAGVSNEQYF,TRBV20-1*03,None,TRBJ2-7*01,1
456,CSAVAGVPYEQYF,TRBV20-1*06,None,TRBJ2-7*01,1
457,CASSFPTGSYEQYF,TRBV11-3*02,None,TRBJ2-7*01,1
458,CSAVAGVSYEQYF,TRBV29-1*03,None,TRBJ2-7*01,1
459,CSAVAGVSYKQYF,TRBV20-1*02,None,TRBJ2-7*01,1
460,CSAVAGVFYEQYF,TRBV20-1*03,None,TRBJ2-7*01,1
461,CSAVAGVAYEQYF,TRBV20-1*02,None,TRBJ2-7*01,1
462,CSAVAKLSYEQYF,TRBV20-1*03,None,TRBJ2-7*01,1
463,CSAVAMVSYEQYF,TRBV20-1*06,None,TRBJ2-7*01,1
464,CSAVAGSSNEQYF,TRBV20-1*03,None,TRBJ2-7*01,1
465,CSAVARISYEQYF,TRBV20-1*03,None,TRBJ2-7*01,1
466,CSAVARLSYEQYF,TRBV20-1*03,None,TRBJ2-7*01,1
467,CSAVAGSSYEQCF,TRBV20-1*02,None,TRBJ2-7*01,1
468,CSAVARLSYEQYF,TRBV20-1*06,None,TRBJ2-7*01,1
469,CSAVARVSYELYF,TRBV20-1*02,None,TRBJ2-7*01,1
470,CSAVARVSYEQYF,TRBV20-1*02,None,TRBJ2-7*01,1
471,CSAVARVSYKQYF,TRBV20-1*02,None,TRBJ2-7*01,1
472,CSAVARYSYVQYF,TRBV20-1*05,None,TRBJ2-7*01,1
473,CSAVASFSYEQYF,TRBV20-1*03,None,TRBJ2-7*01,1
474,CSAVAGSSYEKYF,TRBV20-1*06,None,TRBJ2-7*01,1
475,CSAVAGSSYEKYF,TRBV20-1*02,None,TRBJ2-7*01,1
476,CSAVAGSSYEDYF,TRBV20-1*06,None,TRBJ2-7*01,1
477,CSAVAVCSYEEYF,TRBV20-1*03,None,TRBJ2-7*01,1
478,CSAVAGSSYDQYF,TRBV20-1*06,None,TRBJ2-7*01,1
479,CSAVAVCSYEQYF,TRBV20-1*02,None,TRBJ2-7*01,1
480,CSAVAVCSYEQYF,TRBV20-1*06,None,TRBJ2-7*01,1
481,CSAVAGSSYDQYF,TRBV20-1*03,None,TRBJ2-7*01,1
482,CSAVAVFFYEQYF,TRBV20-1*06,None,TRBJ2-7*01,1
483,CSAVAVFSYDQYF,TRBV20-1*03,None,TRBJ2-7*01,1
484,CSAVAVFSYDRYF,TRBV20-1*03,None,TRBJ2-7*01,1
485,CSAVAVFSYEAYF,TRBV20-1*06,None,TRBJ2-7*01,1
486,CSAVAVFSYEKYF,TRBV20-1*03,None,TRBJ2-7*01,1
487,CSAVARISYEQYF,TRBV20-1*06,None,TRBJ2-7*01,1
488,CSAVAGSSYEQCF,TRBV20-1*03,None,TRBJ2-7*01,1
489,CASSFRTGSYEQYF,TRBV11-2*03,None,TRBJ2-7*01,1
490,CSAVARISYEQCF,TRBV20-1*06,None,TRBJ2-7*01,1
491,CSAVARCSYEQYF,TRBV20-1*02,None,TRBJ2-7*01,1
492,CSAVARCSYEQYF,TRBV20-1*06,None,TRBJ2-7*01,1
493,CSAVARFCYEQYF,TRBV20-1*03,None,TRBJ2-7*01,1
494,CSAVARFFYEQYF,TRBV20-1*02,None,TRBJ2-7*01,1
495,CSAVARFSCKQYF,TRBV20-1*02,None,TRBJ2-7*01,1
496,CSAVARFSNGPYF,TRBV20-1*07,None,TRBJ2-7*01,1
497,CSAVARFSSELYF,TRBV20-1*03,None,TRBJ2-7*01,1
498,CSAVARFSYEKYF,TRBV20-1*03,None,TRBJ2-7*01,1
499,CSAVLGLYYEQYF,TRBV20-1*03,None,TRBJ1-6*01,1
500,CSAVARFSYEKYF,TRBV20-1*04,None,TRBJ2-7*01,1
501,CASSFGTGSYVQYF,TRBV11-2*03,None,TRBJ2-7*01,1
502,CASSFGTGSYEQYF,TRBV7-8*02,None,TRBJ2-7*01,1
503,CASSFGTGSYEQYF,TRBV7-3*01,None,TRBJ2-7*01,1
504,CASSFSTCSANYAYTF,TRBV12-4*02,None,TRBJ1-2*01,1
505,CSAVARFSYVLYF,TRBV20-1*03,None,TRBJ2-7*01,1
506,CASSFVTGSYEQYF,TRBV11-3*02,None,TRBJ2-7*01,1
507,CSAVAGSSYEQNF,TRBV20-1*02,None,TRBJ2-7*01,1
508,CSAVAGSSYEQFF,TRBV20-1*03,None,TRBJ2-7*01,1
509,CSAVARFSYYQYF,TRBV20-1*02,None,TRBJ2-7*01,1
510,CSAVAGSSYEQDF,TRBV20-1*03,None,TRBJ2-7*01,1
511,CSAVARFTYEQYF,TRBV20-1*03,None,TRBJ2-7*01,1
512,CNAVAGFSYERYF,TRBV20-1*02,None,TRBJ2-7*01,1
513,CSAVSGFSYEQHF,TRBV20-1*03,None,TRBJ2-7*01,1
514,CSAVPGFGYAQYF,TRBV29-1*03,None,TRBJ2-7*01,1
515,CSTVAAFSYDQYF,TRBV20-1*02,None,TRBJ2-7*01,1
516,CSTVAEFYYEQYF,TRBV20-1*06,None,TRBJ2-7*01,1
517,CSTVAGFPYEQYF,TRBV20-1*06,None,TRBJ2-7*01,1
518,CSTVAGFSCEQYF,TRBV20-1*04,None,TRBJ2-7*01,1
519,CSTVAGFSYELYF,TRBV20-1*02,None,TRBJ2-7*01,1
520,CSTVAGFSYEQNF,TRBV20-1*06,None,TRBJ2-7*01,1
521,CASGWDRFPVNSPLHF,TRBV7-8*03,None,TRBJ1-6*01,1
522,CANTPAAAERVQYF,TRBV25-1*01,None,TRBJ2-7*01,1
523,CANSYGAANTEAFF,TRBV11-2*02,None,TRBJ1-1*01,1
524,CSTVAGFSYLQYF,TRBV20-1*06,None,TRBJ2-7*01,1
525,CSTVAGFSYPQYF,TRBV20-1*06,None,TRBJ2-7*01,1
526,CSTVAGFSYQQYF,TRBV20-1*03,None,TRBJ2-7*01,1
527,CSTVAGFSYVQHF,TRBV20-1*06,None,TRBJ2-7*01,1
528,CSTVAGFSYVQYF,TRBV20-1*02,None,TRBJ2-7*01,1
529,CSTVAGFYYEQYF,TRBV20-1*03,None,TRBJ2-7*01,1
530,CSTVAGSAYEQYF,TRBV20-1*04,None,TRBJ2-7*01,1
531,CSTVAGSSYEQYF,TRBV20-1*03,None,TRBJ2-7*01,1
532,CSTVAGVSYEQYF,TRBV20-1*02,None,TRBJ2-7*01,1
533,CSTVARFSYEQYF,TRBV20-1*02,None,TRBJ2-7*01,1
534,CSTVAWFSYKQYF,TRBV20-1*02,None,TRBJ2-7*01,1
535,CSTVAWFYYDQYF,TRBV20-1*03,None,TRBJ2-7*01,1
536,CSTVVGFSYEQYF,TRBV20-1*06,None,TRBJ2-7*01,1
537,CSTVVGFSYVLYF,TRBV20-1*02,None,TRBJ2-7*01,1
538,CSVAGGFSYKQYF,TRBV20-1*06,None,TRBJ2-7*01,1
539,CSVEAGFSDEQYF,TRBV20-1*03,None,TRBJ2-5*01,1
540,CSVEAGFSYKQYF,TRBV20-1*03,None,TRBJ2-7*01,1
541,CSVETSGGQTKHF,TRBV29-1*02,None,TRBJ1-5*01,1
542,CSVGASGGQPQHF,TRBV29-1*02,None,TRBJ1-5*01,1
543,CSTVAEFSYEQYF,TRBV20-1*02,None,TRBJ2-7*01,1
544,CSTLAGLSYVQYF,TRBV20-1*06,None,TRBJ2-7*01,1
545,CSAVPGFPYEQYF,TRBV20-1*02,None,TRBJ2-7*01,1
546,CSTLAGFSYEQYF,TRBV20-1*06,None,TRBJ2-7*01,1
547,CSSVAGFCYEQYF,TRBV20-1*06,None,TRBJ2-7*01,1
548,CSSVAGFCYERYF,TRBV20-1*06,None,TRBJ2-7*01,1
549,CSSVAGFNYEQYF,TRBV20-1*02,None,TRBJ2-7*01,1
550,CSSVAGFSHEQYF,TRBV20-1*02,None,TRBJ2-7*01,1
551,CSSVAGFSHEQYF,TRBV20-1*03,None,TRBJ2-7*01,1
552,CSSVAGFSSEQYF,TRBV20-1*03,None,TRBJ2-7*01,1
553,CSSVAGFSYDQYF,TRBV20-1*03,None,TRBJ2-7*01,1
554,CSSVAGFSYELYF,TRBV20-1*03,None,TRBJ2-7*01,1
555,CSSVAGFSYELYF,TRBV20-1*07,None,TRBJ2-7*01,1
556,CASRFGTGSYEQYF,TRBV11-2*03,None,TRBJ2-7*01,1
557,CASNLGGSRRYGYTF,TRBV13*01,None,TRBJ1-2*01,1
558,CSSVAGFSYEQYF,TRBV20-1*04,None,TRBJ2-7*01,1
559,CASIWDRFPVNSPLHF,TRBV7-8*03,None,TRBJ1-6*01,1
560,CSSVAGFSYEQYF,TRBV20-1*07,None,TRBJ2-7*01,1
561,CSSVAGFSYGQYF,TRBV20-1*03,None,TRBJ2-7*01,1
562,CSSVAGFSYVQYF,TRBV20-1*02,None,TRBJ2-7*01,1
563,CSSVAGFSYVQYF,TRBV20-1*06,None,TRBJ2-7*01,1
564,CSSVAGISYEQYF,TRBV20-1*06,None,TRBJ2-7*01,1
565,CSSVAGLSYEQYF,TRBV20-1*03,None,TRBJ2-5*01,1
566,CSSVAGLYYEQYF,TRBV20-1*03,None,TRBJ2-7*01,1
567,CSSVAGRSYEQYF,TRBV20-1*02,None,TRBJ2-7*01,1
568,CSSVAGSSYEQYF,TRBV20-1*03,None,TRBJ2-7*01,1
569,CSSVAGVSYEQYF,TRBV20-1*05,None,TRBJ2-7*01,1
570,CSSVARFSYELYF,TRBV20-1*03,None,TRBJ2-7*01,1
571,CSSVAVFSYEQYF,TRBV20-1*02,None,TRBJ2-7*01,1
572,CSTAAGFSYEQYF,TRBV20-1*06,None,TRBJ2-7*01,1
573,CSTEAGFSYEQYF,TRBV20-1*06,None,TRBJ2-7*01,1
574,CSVGTSAGQPQHF,TRBV29-1*02,None,TRBJ1-5*01,1
575,CSVGTSGGQHQHF,TRBV29-1*02,None,TRBJ1-5*01,1
576,CSVGTSGGQPPHF,TRBV29-1*02,None,TRBJ1-5*01,1
577,CAISETPWQEAQSTDTQYF,TRBV10-3*02,None,TRBJ2-3*01,1
578,CSVVGGFSYEQYF,TRBV20-1*03,None,TRBJ2-7*01,1
579,CSVVSGFSYEQYF,TRBV20-1*03,None,TRBJ2-7*01,1
580,CTADGGFYYEQYF,TRBV20-1*06,None,TRBJ2-7*01,1
581,CTAETEFSYEQYF,TRBV20-1*03,None,TRBJ2-7*01,1
582,CTAGAGFSYEQYF,TRBV20-1*03,None,TRBJ2-7*01,1
583,CTALAGFSYEQYF,TRBV20-1*03,None,TRBJ2-7*01,1
584,CTAVAGCSDELYF,TRBV20-1*03,None,TRBJ2-7*01,1
585,CTAVAGFSYEKYF,TRBV20-1*02,None,TRBJ2-7*01,1
586,CTAVAGFSYEQYF,TRBV20-1*01,None,TRBJ2-7*01,1
587,CAGMHSTYRLIF,TRBV6-6*01,None,TRBJ1-6*01,1
588,CACSIEGTGLMGEQFF,TRBV19*01,None,TRBJ2-1*01,1
589,CTAVAGFSYEQYF,TRBV20-1*05,None,TRBJ2-7*01,1
590,CACSFGTGSYEQYF,TRBV7-8*03,None,TRBJ2-7*01,1
591,CTAVAGFSYVQYF,TRBV20-1*02,None,TRBJ2-7*01,1
592,CTAVAGFYYEQYF,TRBV20-1*06,None,TRBJ2-7*01,1
593,CTAVAGSSYEQYF,TRBV20-1*03,None,TRBJ2-7*01,1
594,CTAVSGFSSYRYF,TRBV20-1*02,None,TRBJ2-7*01,1
595,CTAVSGFSYQQYF,TRBV20-1*06,None,TRBJ2-7*01,1
596,CTSRLGESGGEQCF,TRBV11-2*03,None,TRBJ2-7*01,1
597,CTSSFRTGSYEQYF,TRBV7-2*03,None,TRBJ2-7*01,1
598,CTVGTSGGQPQHF,TRBV29-1*01,None,TRBJ1-5*01,1
599,CVSSYTGQGSYEQYF,TRBV6-6*03,None,TRBJ2-7*01,1
600,CVVNSDGYNKLIF,TRBV20-1*02,None,TRBJ1-6*01,1
601,CVVSSGGYNKLIF,TRBV20-1*02,None,TRBJ1-6*02,1
602,CVVSSGGYNKLIF,TRBV20-1*03,None,TRBJ1-6*01,1
603,CVVSSGGYNKLIF,TRBV20-1*06,None,TRBJ1-2*01,1
604,CVVSSGGYNKLIF,TRBV20-1*06,None,TRBJ1-6*01,1
605,CSVVAWFSYEQYF,TRBV20-1*02,None,TRBJ2-7*01,1
606,CSVVAVGGQPPYF,TRBV29-1*02,None,TRBJ1-5*01,1
607,CSVVARFYYEQYF,TRBV20-1*02,None,TRBJ2-7*01,1
608,CAGSFGTGSYEQYF,TRBV11-3*02,None,TRBJ2-7*01,1
609,CSVLAGFSYEQYF,TRBV20-1*06,None,TRBJ2-7*01,1
610,CSVPSGGASGPTVLTF,TRBV29-1*02,None,TRBJ2-6*01,1
611,CSVRTSGGQPQHF,TRBV29-1*02,None,TRBJ1-5*01,1
612,CSVVAGCAYEQYF,TRBV20-1*03,None,TRBJ2-7*01,1
613,CSVVAGFCYEQYF,TRBV20-1*02,None,TRBJ2-7*01,1
614,CSVVAGFPYEQYF,TRBV20-1*06,None,TRBJ2-7*01,1
615,CSVVAGFSCEQYF,TRBV20-1*03,None,TRBJ2-7*01,1
616,CSVVAGFSYDLYF,TRBV20-1*06,None,TRBJ2-7*01,1
617,CSVVAGFSYEEYF,TRBV20-1*03,None,TRBJ2-7*01,1
618,CSVVAGFSYEHYF,TRBV20-1*06,None,TRBJ2-7*01,1
619,CSVVAGFSYELSF,TRBV20-1*02,None,TRBJ2-7*01,1
620,CAISETPRQEAQSTDTQYF,TRBV10-3*01,None,TRBJ2-3*01,1
621,CSVVAGFSYEQYF,TRBV20-1*04,None,TRBJ2-7*01,1
622,CSVVARFSYEQYF,TRBV20-1*06,None,TRBJ2-7*01,1
623,CAGSFGTGSYELFF,TRBV11-3*02,None,TRBJ2-7*01,1
624,CSVVAGFSYEQYF,TRBV20-1*07,None,TRBJ2-7*01,1
625,CSVVAGFSYERYF,TRBV20-1*03,None,TRBJ2-7*01,1
626,CSVVAGFSYKQYF,TRBV20-1*02,None,TRBJ2-7*01,1
627,CSVVAGFSYVQYF,TRBV20-1*06,None,TRBJ2-7*01,1
628,CSVVAGFYYEQYF,TRBV20-1*02,None,TRBJ2-7*01,1
629,CSVVAGFYYEQYF,TRBV20-1*06,None,TRBJ2-7*01,1
630,CSVVAGLSYEQYF,TRBV20-1*02,None,TRBJ2-7*01,1
631,CSVVAGLSYEQYF,TRBV20-1*06,None,TRBJ2-7*01,1
632,CSVVAGLSYQQYF,TRBV20-1*03,None,TRBJ2-7*01,1
633,CSVVAGSSYEQSF,TRBV20-1*03,None,TRBJ2-7*01,1
634,CSVVAGSSYEQYF,TRBV20-1*06,None,TRBJ2-7*01,1
635,CSSVAGFCYEQYF,TRBV20-1*03,None,TRBJ2-7*01,1
636,CSSVAGCSYEQYF,TRBV20-1*03,None,TRBJ2-7*01,1
637,CSSVAEFSYEQYF,TRBV20-1*06,None,TRBJ2-7*01,1
638,CASRWECFPVNSPLHF,TRBV7-8*03,None,TRBJ1-6*01,1
639,CSAVSWFSYEQYF,TRBV20-1*02,None,TRBJ2-7*01,1
640,CSAVSWFSYGQYF,TRBV20-1*03,None,TRBJ2-7*01,1
641,CSAVTEFSYEQYF,TRBV20-1*02,None,TRBJ2-7*01,1
642,CSAVTGFFYEQYF,TRBV20-1*06,None,TRBJ2-7*01,1
643,CSAVTGFSFEQCF,TRBV20-1*06,None,TRBJ2-7*01,1
644,CSAVTGFSYEKYF,TRBV20-1*06,None,TRBJ2-7*01,1
645,CSAVTGFSYEPYF,TRBV20-1*03,None,TRBJ2-7*01,1
646,CSAVTGFSYEQCF,TRBV20-1*06,None,TRBJ2-7*01,1
647,CASSCGTGCYEQYF,TRBV11-3*02,None,TRBJ2-7*01,1
648,CASSCGAGSYQKYF,TRBV11-3*02,None,TRBJ2-7*01,1
649,CASRWERFPVDSPLNF,TRBV7-8*03,None,TRBJ1-6*01,1
650,CSAVTGFSYLLYF,TRBV20-1*06,None,TRBJ2-7*01,1
651,CSAVTGFSYVQYF,TRBV20-1*02,None,TRBJ2-7*01,1
652,CSAVTGFSYVQYF,TRBV20-1*06,None,TRBJ2-7*01,1
653,CSAVTGFYYEQYF,TRBV20-1*02,None,TRBJ2-7*01,1
654,CSAVTGLSYETYF,TRBV20-1*02,None,TRBJ2-7*01,1
655,CSAVTGLSYVQYF,TRBV20-1*03,None,TRBJ2-7*01,1
656,CSAVTGSSYEQYF,TRBV20-1*02,None,TRBJ2-7*01,1
657,CSAVTGSSYTQYF,TRBV20-1*06,None,TRBJ2-7*01,1
658,CSAVTGTSSLIYEQYF,TRBV20-1*02,None,TRBJ2-7*01,1
659,CSAVTGYSYVQYF,TRBV20-1*03,None,TRBJ2-7*01,1
660,CSAVTVFSYEQYF,TRBV20-1*02,None,TRBJ2-7*01,1
661,CSAVVGCSYEQYF,TRBV20-1*02,None,TRBJ2-7*01,1
662,CSAVVGFFYEQYF,TRBV20-1*03,None,TRBJ2-7*01,1
663,CSAVVGFPYEQYF,TRBV20-1*06,None,TRBJ2-7*01,1
664,CSAVVGFSHEQYF,TRBV20-1*03,None,TRBJ2-7*01,1
665,CSAVVGFSYDQDF,TRBV20-1*02,None,TRBJ2-7*01,1
666,CSAVSVFSYVQYF,TRBV20-1*02,None,TRBJ2-7*01,1
667,CSAVSGSSYEQYF,TRBV20-1*02,None,TRBJ2-7*01,1
668,CSAVSGLSYEQYF,TRBV20-1*06,None,TRBJ2-7*01,1
669,CSAVPGSSYEQYF,TRBV20-1*06,None,TRBJ2-7*01,1
670,CSAVPGFPYEQYF,TRBV20-1*03,None,TRBJ2-7*01,1
671,CSAVPGFSCEQYF,TRBV20-1*02,None,TRBJ2-7*01,1
672,CSAVPGFSFEQYF,TRBV20-1*03,None,TRBJ2-7*01,1
673,CSAVPGFSHEQYF,TRBV20-1*06,None,TRBJ2-7*01,1
674,CSAVPGFSYEQDF,TRBV20-1*02,None,TRBJ2-7*01,1
675,CASSFGKGSYEQYF,TRBV11-2*03,None,TRBJ2-7*01,1
676,CASSFGESGCEQYF,TRBV11-3*02,None,TRBJ2-7*01,1
677,CASSFGAVYYESYF,TRBV7-4*01,None,TRBJ2-7*01,1
678,CSAVPGFSYQQYF,TRBV20-1*03,None,TRBJ2-7*01,1
679,CSAVPGFYYEHYF,TRBV20-1*06,None,TRBJ2-7*01,1
680,CSAVPGLTYEQYF,TRBV20-1*04,None,TRBJ2-7*01,1
681,CSAVPGSSYEQYF,TRBV20-1*03,None,TRBJ2-7*01,1
682,CSAVSGCSYEQYF,TRBV20-1*02,None,TRBJ2-7*01,1
683,CSAVSGFSYVQYF,TRBV20-1*06,None,TRBJ2-7*01,1
684,CSAVSGFSSAQYF,TRBV20-1*06,None,TRBJ2-7*01,1
685,CSAVSGFSYEHYF,TRBV20-1*02,None,TRBJ2-7*01,1
686,CSAVSGFSYEKYF,TRBV20-1*02,None,TRBJ2-7*01,1
687,CSAVSGFSYEKYF,TRBV20-1*03,None,TRBJ2-7*01,1
688,CSAVAGLSYERYF,TRBV20-1*02,None,TRBJ2-7*01,1
689,CSAVSGFSYEQYF,TRBV20-1*01,None,TRBJ2-7*01,1
690,CASSFGAGTNEDYF,TRBV7-2*04,None,TRBJ2-7*01,1
691,CSAVSGFSYEQYF,TRBV20-1*05,None,TRBJ2-7*01,1
692,CASSFCTGSYVQYF,TRBV11-2*03,None,TRBJ2-7*01,1
693,CSAVSGFSYEQYF,TRBV20-1*07,None,TRBJ2-7*01,1
694,CSAVSGFSYGQFF,TRBV20-1*02,None,TRBJ2-7*01,1
695,CSAVSGFSYVQYF,TRBV20-1*02,None,TRBJ2-7*01,1
696,CSAVVGFSYEHYF,TRBV20-1*06,None,TRBJ2-7*01,1
697,CASRWDRFQVNSPLHF,TRBV7-8*03,None,TRBJ1-6*01,1
698,CSSLAAFSYEQYF,TRBV20-1*01,None,TRBJ2-7*01,1
699,CSAVVGFSYEQYF,TRBV20-1*05,None,TRBJ2-7*01,1
700,CSHVARFSYEQYF,TRBV20-1*02,None,TRBJ2-7*01,1
701,CSIVARFSYEQYF,TRBV20-1*03,None,TRBJ2-7*01,1
702,CSMVAGVSYEQYF,TRBV20-1*02,None,TRBJ2-7*01,1
703,CSPGAGFYYEQYF,TRBV20-1*02,None,TRBJ2-7*01,1
704,CSPLDGFSHQQYF,TRBV20-1*02,None,TRBJ1-1*01,1
705,CSPVAAFSYEQYF,TRBV20-1*03,None,TRBJ2-7*01,1
706,CSPVAGFSHEQYF,TRBV20-1*06,None,TRBJ2-7*01,1
707,CSPVAGFSYAQYF,TRBV20-1*06,None,TRBJ2-7*01,1
708,CSPVAGFSYEHYF,TRBV20-1*07,None,TRBJ2-7*01,1
709,CSPVAGFSYELYF,TRBV20-1*02,None,TRBJ2-7*01,1
710,CASRRDRFPVNSPHHF,TRBV7-8*03,None,TRBJ1-6*01,1
711,CASRLENRRYTF,TRBV7-9*04,None,TRBJ1-2*01,1
712,CASRFGTGSYEQYF,TRBV11-3*02,None,TRBJ2-7*01,1
713,CSPVAGFSYGQYF,TRBV20-1*02,None,TRBJ2-7*01,1
714,CSPVAGFSYGQYF,TRBV20-1*06,None,TRBJ2-7*01,1
715,CSPVAGFSYQQYF,TRBV20-1*02,None,TRBJ2-7*01,1
716,CSPVAGFSYVQYF,TRBV20-1*02,None,TRBJ2-7*01,1
717,CSPVAGSSYEQYF,TRBV20-1*03,None,TRBJ2-7*01,1
718,CSPVAGVSYEQYF,TRBV20-1*02,None,TRBJ2-7*01,1
719,CSPVAVFYYEKYF,TRBV20-1*06,None,TRBJ2-7*01,1
720,CSPVEGCSYEHYF,TRBV20-1*05,None,TRBJ2-7*01,1
721,CSPVPATPYAPYF,TRBV20-1*02,None,TRBJ2-7*01,1
722,CSPVTGPSYEQYF,TRBV20-1*01,None,TRBJ2-7*01,1
723,CSRVAGFSSDRYF,TRBV20-1*02,None,TRBJ2-7*01,1
724,CSSAARFSYDQYF,TRBV20-1*02,None,TRBJ2-7*01,1
725,CSSGAGFSYEQYF,TRBV20-1*03,None,TRBJ2-7*01,1
726,CSSGAGFTYDQYF,TRBV20-1*02,None,TRBJ2-7*01,1
727,CASRSRALHEPQYF,TRBV6-6*03,None,TRBJ2-5*01,1
728,CASRVENRGYTF,TRBV7-9*04,None,TRBJ1-2*01,1
729,CASRWDRCPVNSPLHF,TRBV7-8*03,None,TRBJ1-6*01,1
730,CSDVAGFSYEQYF,TRBV20-1*05,None,TRBJ2-7*01,1
731,CASRWDRFPVNTPLHF,TRBV7-8*03,None,TRBJ1-6*01,1
732,CSAVVGFSYKQYF,TRBV20-1*06,None,TRBJ2-7*01,1
733,CSAVVGFSYVQYF,TRBV20-1*03,None,TRBJ2-7*01,1
734,CSAVVGSPYERYF,TRBV20-1*03,None,TRBJ2-7*01,1
735,CSAVVRFSYEQYF,TRBV20-1*03,None,TRBJ2-7*01,1
736,CSDVAGCSFEKYF,TRBV20-1*02,None,TRBJ2-7*01,1
737,CSDVAGFFYEQYF,TRBV20-1*02,None,TRBJ2-7*01,1
738,CSDVAGFSYDQYF,TRBV20-1*02,None,TRBJ2-7*01,1
739,CSDVAGFSYEHYF,TRBV20-1*02,None,TRBJ2-7*01,1
740,CASRWDRFPVNSRLHF,TRBV7-8*03,None,TRBJ1-6*01,1
741,CASRWDRFPVNSPRHF,TRBV7-8*03,None,TRBJ1-6*01,1
742,CSDVAGFSYEQYF,TRBV20-1*04,None,TRBJ2-7*01,1
743,CASRWDRFPVNSPFHF,TRBV7-8*03,None,TRBJ1-6*01,1
744,CSGVAGFSYELYF,TRBV20-1*07,None,TRBJ2-7*01,1
745,CSDVAGFSYQQYF,TRBV20-1*05,None,TRBJ2-7*01,1
746,CSDVAGFYYQQYF,TRBV20-1*03,None,TRBJ2-7*01,1
747,CSDVAGLSYEQYF,TRBV20-1*02,None,TRBJ2-7*01,1
748,CSDVEGFSYEQYF,TRBV20-1*06,None,TRBJ2-7*01,1
749,CSDVGGFSYEQYF,TRBV20-1*03,None,TRBJ2-7*01,1
750,CSDVPGLSYHQYF,TRBV20-1*03,None,TRBJ2-7*01,1
751,CSGAAGFSYEQYF,TRBV20-1*06,None,TRBJ2-7*01,1
752,CSGAAGFSYVQYF,TRBV20-1*03,None,TRBJ2-7*01,1
753,CSGEAGFSYEQYF,TRBV20-1*06,None,TRBJ2-7*01,1
754,CSGVAGCSYEQYF,TRBV20-1*07,None,TRBJ2-7*01,1
755,CSGVAGFCYEQYF,TRBV20-1*02,None,TRBJ2-7*01,1
756,CSGVAGFFYEQYF,TRBV20-1*02,None,TRBJ2-7*01,1
757,CSAVAGLSYETYF,TRBV20-1*02,None,TRBJ2-7*01,1
758,CSAVAGISYAQYF,TRBV20-1*02,None,TRBJ2-7*01,1
759,CASSFWTGSYEQYF,TRBV7-3*04,None,TRBJ2-7*01,1
760,CSALAGLSYEQYF,TRBV20-1*06,None,TRBJ2-7*01,1
761,CSALAGFPYEQYF,TRBV20-1*03,None,TRBJ2-7*01,1
762,CSALAGFSYAQYF,TRBV20-1*02,None,TRBJ1-6*02,1
763,CSALAGFSYDQYF,TRBV20-1*03,None,TRBJ2-7*01,1
764,CSALAGFSYELYF,TRBV20-1*03,None,TRBJ2-7*01,1
765,CSALAGFSYEQHF,TRBV20-1*03,None,TRBJ2-7*01,1
766,CSALAGFSYEQYF,TRBV20-1*01,None,TRBJ2-7*01,1
767,CIAVAVFSYEQYF,TRBV20-1*02,None,TRBJ2-7*01,1
768,CIAVAMFTYEQYF,TRBV20-1*06,None,TRBJ2-7*01,1
769,CSALAGFSYEQYF,TRBV20-1*04,None,TRBJ2-7*01,1
770,CIAVAGYSYEQYF,TRBV20-1*06,None,TRBJ2-7*01,1
771,CSALAGFSYKQYF,TRBV20-1*06,None,TRBJ2-7*01,1
772,CSALAGFSYVQYF,TRBV20-1*02,None,TRBJ2-7*01,1
773,CSALAGWSYEQYF,TRBV20-1*03,None,TRBJ2-7*01,1
774,CSAVAAFCYEQYF,TRBV20-1*02,None,TRBJ2-7*01,1
775,CSALAGYYYVQYF,TRBV20-1*02,None,TRBJ2-7*01,1
776,CSALAWFSYEQYF,TRBV20-1*03,None,TRBJ2-7*01,1
777,CSALAWFSYEQYF,TRBV20-1*06,None,TRBJ2-7*01,1
778,CSALEGFSYEQYF,TRBV20-1*03,None,TRBJ2-7*01,1
779,CSALGGFFYKQYF,TRBV20-1*06,None,TRBJ2-7*01,1
780,CSALSGFSYQQYF,TRBV20-1*06,None,TRBJ2-7*01,1
781,CSALSGFYYEHYF,TRBV20-1*03,None,TRBJ2-7*01,1
782,CSALTGFSYEQYF,TRBV20-1*06,None,TRBJ2-7*01,1
783,CSAMAGFSYEQYF,TRBV20-1*02,None,TRBJ2-7*01,1
784,CSAMALFSSEKYF,TRBV20-1*06,None,TRBJ2-7*01,1
785,CSASAGFSYVQYF,TRBV20-1*03,None,TRBJ2-7*01,1
786,CSAVAACSYEQYF,TRBV20-1*06,None,TRBJ2-7*01,1
787,CSALAGFFYVQYF,TRBV20-1*03,None,TRBJ2-7*01,1
788,CSALAAFSYEQYF,TRBV20-1*03,None,TRBJ2-7*01,1
789,CSAIPGFSYEQYF,TRBV20-1*06,None,TRBJ2-7*01,1
790,CSAIAGSSYEQYF,TRBV20-1*06,None,TRBJ2-7*01,1
791,CIVGSAGGHTQHF,TRBV29-1*02,None,TRBJ1-5*01,1
792,CITVAGFSYEQYF,TRBV20-1*03,None,TRBJ2-7*01,1
793,CISVAGFSYVQYF,TRBV20-1*02,None,TRBJ2-7*01,1
794,CSAGAGFSYGQYF,TRBV20-1*06,None,TRBJ2-7*01,1
795,CSAGAGFSYQQYF,TRBV20-1*06,None,TRBJ2-7*01,1
796,CSAGAGFSYVQYF,TRBV20-1*05,None,TRBJ2-7*01,1
797,CSAGAGFSYVQYF,TRBV20-1*06,None,TRBJ2-7*01,1
798,CSAGAGLSYEKYF,TRBV20-1*06,None,TRBJ2-7*01,1
799,CSAGAGLSYEPYF,TRBV20-1*03,None,TRBJ2-7*01,1
800,CSAGAGVPYEQYF,TRBV20-1*06,None,TRBJ2-7*01,1
801,CSAGARFSYEQYF,TRBV20-1*02,None,TRBJ2-7*01,1
802,CSAGASISYEQYF,TRBV20-1*02,None,TRBJ2-7*01,1
803,CSAGAWFSYEQYF,TRBV20-1*02,None,TRBJ2-7*01,1
804,CSAGEGFSYEQYF,TRBV20-1*06,None,TRBJ2-7*01,1
805,CSAGSGFSYEQYF,TRBV20-1*03,None,TRBJ2-7*01,1
806,CSAGTGTSSLIYEQYF,TRBV20-1*02,None,TRBJ2-7*01,1
807,CISVAGFSYEQYF,TRBV20-1*02,None,TRBJ2-7*01,1
808,CSAGTGTSSLIYEQYF,TRBV20-1*06,None,TRBJ2-7*01,1
809,CIAVVGFSYEQYF,TRBV20-1*06,None,TRBJ2-7*01,1
810,CSAIAGFSYEQYF,TRBV20-1*03,None,TRBJ2-6*01,1
811,CIAVSGFSYEQNF,TRBV20-1*06,None,TRBJ2-7*01,1
812,CIAVGGFSYEQYF,TRBV20-1*06,None,TRBJ2-7*01,1
813,CSAIAGFSYEQYF,TRBV20-1*07,None,TRBJ2-7*01,1
814,CSAIAGFSYERYF,TRBV20-1*06,None,TRBJ2-7*01,1
815,CSAIAGISYEQDF,TRBV20-1*06,None,TRBJ2-7*01,1
816,CSAVAAFAYEQYF,TRBV20-1*06,None,TRBJ2-7*01,1
817,CSAVAAFPYEQYF,TRBV20-1*06,None,TRBJ2-7*01,1
818,CSAGAGFSYEHYF,TRBV20-1*07,None,TRBJ2-7*01,1
819,CSAVAGCSYKQYF,TRBV20-1*02,None,TRBJ2-7*01,1
820,CSAVAELSYEQYF,TRBV20-1*06,None,TRBJ2-7*01,1
821,CSAVAESSYEQYF,TRBV20-1*02,None,TRBJ2-7*01,1
822,CSAVAEVCYEQYF,TRBV20-1*03,None,TRBJ2-7*01,1
823,CSAVAGCAYEQDF,TRBV20-1*03,None,TRBJ2-7*01,1
824,CSAVAGCAYEQYF,TRBV20-1*03,None,TRBJ2-7*01,1
825,CSAVAGCSHAQYF,TRBV20-1*06,None,TRBJ2-7*01,1
826,CIALARFSYENYF,TRBV20-1*03,None,TRBJ2-7*01,1
827,CIALAGFSYEQYF,TRBV20-1*06,None,TRBJ2-7*01,1
828,CSAVAGCSYEQYF,TRBV20-1*04,None,TRBJ2-7*01,1
829,CIALAGFSYEQYF,TRBV20-1*02,None,TRBJ2-7*01,1
830,CSAVAGCSYEQYF,TRBV20-1*07,None,TRBJ2-7*01,1
831,CSAVAGCSYGQYF,TRBV20-1*06,None,TRBJ2-7*01,1
832,CSAVAGCSYVQYF,TRBV20-1*02,None,TRBJ2-7*01,1
833,CSAVAAFSYDQYF,TRBV20-1*02,None,TRBJ2-7*01,1
834,CSAVAGCSYVQYF,TRBV20-1*06,None,TRBJ2-7*01,1
835,CSAVAGFASEQYF,TRBV20-1*03,None,TRBJ2-7*01,1
836,CSAVAGFAYEKYF,TRBV20-1*07,None,TRBJ2-7*01,1
837,CSAVAGFAYEQCF,TRBV20-1*02,None,TRBJ2-7*01,1
838,CSAVAGFAYEQFF,TRBV20-1*02,None,TRBJ2-7*01,1
839,CSAVAGFAYEQFF,TRBV20-1*06,None,TRBJ2-7*01,1
840,CIAAAGFSYEQYF,TRBV20-1*03,None,TRBJ2-7*01,1
841,CGVVAGYSYEQYF,TRBV20-1*03,None,TRBJ2-7*01,1
842,CGSVAGFSYEQYF,TRBV20-1*02,None,TRBJ2-7*01,1
843,CSAVAGFAYGPYF,TRBV20-1*02,None,TRBJ2-7*01,1
844,CSAVAGFCCEQYF,TRBV20-1*06,None,TRBJ2-7*01,1
845,CSAVAGFCSQQYF,TRBV20-1*04,None,TRBJ2-7*01,1
846,CSAVAELSYEQYF,TRBV20-1*02,None,TRBJ2-7*01,1
847,CSAVAEFYYEQYF,TRBV20-1*03,None,TRBJ2-7*01,1
848,CSAVAEFTYEQYF,TRBV20-1*06,None,TRBJ2-7*01,1
849,CSAVAEFSYVQYF,TRBV20-1*06,None,TRBJ2-7*01,1
850,CIAVAGFYYEQYF,TRBV20-1*06,None,TRBJ2-7*01,1
851,CIAVAGFSYEQYF,TRBV20-1*07,None,TRBJ2-7*01,1
852,CSAVAAFSYEQYF,TRBV20-1*04,None,TRBJ2-7*01,1
853,CIAVAGFSCVQYF,TRBV20-1*03,None,TRBJ2-7*01,1
854,CSAVAAFSYVQYF,TRBV20-1*05,None,TRBJ2-7*01,1
855,CSAVAAHYYEQYF,TRBV20-1*03,None,TRBJ2-7*01,1
856,CSAVAAISYEQYF,TRBV20-1*03,None,TRBJ2-7*01,1
857,CSAVAALSYEQYF,TRBV20-1*06,None,TRBJ2-7*01,1
858,CSAVACFSYEQYF,TRBV20-1*05,None,TRBJ2-7*01,1
859,CSAVACFSYWQYF,TRBV20-1*02,None,TRBJ2-7*01,1
860,CSAVACLSYEQYF,TRBV20-1*02,None,TRBJ2-7*01,1
861,CSAVADFSYKQYF,TRBV20-1*02,None,TRBJ2-7*01,1
862,CSAVADFSYQQYF,TRBV20-1*07,None,TRBJ2-7*01,1
863,CSAVAECSYEQYF,TRBV20-1*03,None,TRBJ2-7*01,1
864,CSAVAEFDYEQYF,TRBV20-1*03,None,TRBJ2-7*01,1
865,CSAVAEFSYEHYF,TRBV20-1*06,None,TRBJ2-7*01,1
866,CSAVAEFSYEKFF,TRBV20-1*03,None,TRBJ2-7*01,1
867,CSAVAEFSYEQHF,TRBV20-1*03,None,TRBJ2-7*01,1
868,CIAVAGFSCEQYF,TRBV20-1*02,None,TRBJ2-7*01,1
869,CIAVAGCSYEQYF,TRBV20-1*02,None,TRBJ2-7*01,1
870,CSAVAEFSYEQYF,TRBV20-1*05,None,TRBJ2-7*01,1
871,CIAVAAISYEQYF,TRBV20-1*02,None,TRBJ2-7*01,1
872,CSAVAEFSYEQYF,TRBV20-1*07,None,TRBJ2-7*01,1
873,CSAVAEFSYERYF,TRBV20-1*02,None,TRBJ2-7*01,1
874,CSAVAEFSYQQYF,TRBV20-1*03,None,TRBJ2-7*01,1
875,CSAGAGFSYEKYF,TRBV20-1*03,None,TRBJ2-7*01,1
876,CSAGAGFSYEHYF,TRBV20-1*03,None,TRBJ2-7*01,1
877,CSAVAGFCYEKYF,TRBV20-1*03,None,TRBJ2-7*01,1
878,CRAVAGLSYELYF,TRBV20-1*06,None,TRBJ2-7*01,1
879,CRAVAGFSYEQYF,TRBV20-1*01,None,TRBJ2-7*01,1
880,CNAVAGFSYEQYF,TRBV20-1*05,None,TRBJ2-7*01,1
881,CNAVAGFSYEQYF,TRBV20-1*04,None,TRBJ2-7*01,1
882,CRAVAGFSYEQYF,TRBV20-1*04,None,TRBJ2-7*01,1
883,CRAVAGFSYEQYF,TRBV20-1*05,None,TRBJ2-7*01,1
884,CNAVAGFSYEQNF,TRBV20-1*06,None,TRBJ2-7*01,1
885,CRAVAGFSYGQYF,TRBV20-1*06,None,TRBJ2-7*01,1
886,CRAVAGFSYVQYF,TRBV20-1*02,None,TRBJ2-7*01,1
887,CRAVAGFTYEQYF,TRBV20-1*07,None,TRBJ2-7*01,1
888,CRAVAGFYYEQYF,TRBV20-1*02,None,TRBJ2-7*01,1
889,CRAVAGFYYEQYF,TRBV20-1*03,None,TRBJ2-7*01,1
890,CRAVAGISYEQYF,TRBV20-1*03,None,TRBJ2-7*01,1
891,CRAVAGLSYEQYF,TRBV20-1*02,None,TRBJ2-7*01,1
892,CRPVAGFSYEQYF,TRBV20-1*07,None,TRBJ2-7*01,1
893,CNAVAGFSYEPYF,TRBV20-1*06,None,TRBJ2-7*01,1
894,CRAVAGLSYEQYF,TRBV20-1*06,None,TRBJ2-7*01,1
895,CRAVAGSSTQQYF,TRBV20-1*03,None,TRBJ2-7*01,1
896,CRAVAGVCYEQYF,TRBV20-1*03,None,TRBJ2-7*01,1
897,CRAVAGVSYEQNF,TRBV20-1*05,None,TRBJ2-7*01,1
898,CRAVAGVSYEQYF,TRBV20-1*02,None,TRBJ2-7*01,1
899,CRAVAGVSYERYF,TRBV20-1*03,None,TRBJ2-7*01,1
900,CRAVGGFSYEQYF,TRBV20-1*02,None,TRBJ2-7*01,1
901,CRAVPGFSYEQYF,TRBV20-1*01,None,TRBJ2-7*01,1
902,CRAVSGFSYVQYF,TRBV20-1*02,None,TRBJ2-7*01,1
903,CRAVTRFSYEQYF,TRBV20-1*03,None,TRBJ2-7*01,1
904,CRIVAGFSYEQYF,TRBV20-1*03,None,TRBJ2-7*01,1
905,CRAVAGFSYEQCF,TRBV20-1*06,None,TRBJ2-7*01,1
906,CRAVAGFSYELYF,TRBV20-1*03,None,TRBJ2-7*01,1
907,CRAVAGFSYEKYF,TRBV20-1*03,None,TRBJ2-7*01,1
908,CRAVAGFSYEEYF,TRBV20-1*06,None,TRBJ2-7*01,1
909,CNAVAGISYEQYF,TRBV20-1*03,None,TRBJ2-7*01,1
910,CNAVAGLSYEQYF,TRBV20-1*02,None,TRBJ2-7*01,1
911,CNAVAGSSYEQYF,TRBV20-1*03,None,TRBJ2-7*01,1
912,CNAVAGSSYEQYF,TRBV20-1*06,None,TRBJ2-7*01,1
913,CNAVAGVSCEQYF,TRBV20-1*04,None,TRBJ2-7*01,1
914,CNAVAGVSYEQYF,TRBV20-1*06,None,TRBJ2-7*01,1
915,CNAVAGYSYEQSF,TRBV20-1*03,None,TRBJ2-7*01,1
916,CNAVARFSYEQYF,TRBV20-1*06,None,TRBJ2-7*01,1
917,CNAVAVFSYEKYF,TRBV20-1*05,None,TRBJ2-7*01,1
918,CNAVEEFCYEQYF,TRBV20-1*03,None,TRBJ2-7*01,1
919,CNAVEGFSYEQYF,TRBV20-1*07,None,TRBJ2-7*01,1
920,CNAVTGFSDGQYF,TRBV20-1*06,None,TRBJ1-2*01,1
921,CNDVAGFSYEQYF,TRBV20-1*06,None,TRBJ2-7*01,1
922,CNSVAGFSYDQYF,TRBV20-1*06,None,TRBJ2-7*01,1
923,CNTVAGFSYEQYF,TRBV20-1*03,None,TRBJ2-7*01,1
924,CPSSFWTVSYQQYF,TRBV11-2*03,None,TRBJ2-7*01,1
925,CPSSYNANTGELFF,TRBV6-6*01,None,TRBJ2-2*01,1
926,CRAAAGFSYEQYF,TRBV20-1*03,None,TRBJ2-7*01,1
927,CRALAGFSYEPYF,TRBV20-1*03,None,TRBJ2-7*01,1
928,CRALAGFSYEQHF,TRBV20-1*02,None,TRBJ2-7*01,1
929,CRAVAGCSYEQYF,TRBV20-1*03,None,TRBJ2-7*01,1
930,CRAVAGCSYYLSF,TRBV20-1*03,None,TRBJ2-7*01,1
931,CRAVAGFHYEQYF,TRBV20-1*02,None,TRBJ2-7*01,1
932,CRAVAGFPYQQYF,TRBV20-1*06,None,TRBJ2-7*01,1
933,CRAVAGFSSEQYF,TRBV20-1*07,None,TRBJ2-7*01,1
934,CRPVAGCYYEQYF,TRBV20-1*02,None,TRBJ2-7*01,1
935,CRSVAGFSYEQYF,TRBV20-1*03,None,TRBJ2-7*01,1
936,CSAGAGFSYEHYF,TRBV20-1*02,None,TRBJ2-7*01,1
937,CSAEAGLSYEQYF,TRBV20-1*03,None,TRBJ2-7*01,1
938,CSAEAGFAYEQYF,TRBV20-1*03,None,TRBJ2-7*01,1
939,CSAEAGFCYEQYF,TRBV20-1*04,None,TRBJ2-7*01,1
940,CSAEAGFSHEQYF,TRBV20-1*06,None,TRBJ2-7*01,1
941,CSAEAGFSYDQYF,TRBV20-1*03,None,TRBJ2-7*01,1
942,CSAEAGFSYEQCF,TRBV20-1*02,None,TRBJ2-7*01,1
943,CSAEAGFSYEQGF,TRBV20-1*02,None,TRBJ2-7*01,1
944,CNAAAGYYYAQYF,TRBV20-1*03,None,TRBJ2-7*01,1
945,CMAVAGFSYEQYF,TRBV20-1*06,None,TRBJ2-7*01,1
946,CSAEAGFSYEQYF,TRBV20-1*05,None,TRBJ2-7*01,1
947,CLAVAEFSYEQYF,TRBV20-1*02,None,TRBJ2-7*01,1
948,CSAEAGFSYQQYF,TRBV20-1*02,None,TRBJ2-7*01,1
949,CSAEAGFSYVQYF,TRBV20-1*02,None,TRBJ2-7*01,1
950,CSAEAGLSYEQYF,TRBV20-1*06,None,TRBJ2-7*01,1
951,CRSVAGFSYEQYF,TRBV20-1*06,None,TRBJ2-7*01,1
952,CSAEAGPSYEQYF,TRBV20-1*06,None,TRBJ2-7*01,1
953,CSAEAGSSYEQYF,TRBV20-1*03,None,TRBJ2-7*01,1
954,CSAEAVFSYEQYF,TRBV20-1*02,None,TRBJ2-7*01,1
955,CSAEAWFSYEQYF,TRBV20-1*03,None,TRBJ2-7*01,1
956,CSAEAWVSYTQYF,TRBV20-1*02,None,TRBJ2-7*01,1
957,CSAEEGFSYEQYF,TRBV20-1*03,None,TRBJ2-7*01,1
958,CSAEGGFSYAQYF,TRBV20-1*06,None,TRBJ2-7*01,1
959,CSAEQGFSYEHYF,TRBV20-1*02,None,TRBJ2-7*01,1
960,CSAESGFSYEQYF,TRBV20-1*02,None,TRBJ2-7*01,1
961,CSAEVGFSYEQYF,TRBV20-1*02,None,TRBJ2-7*01,1
962,CSAFAGFSYEQYF,TRBV20-1*03,None,TRBJ2-7*01,1
963,CSAGAEFSYEQDF,TRBV20-1*03,None,TRBJ2-7*01,1
964,CSAEAGASYEQYF,TRBV20-1*02,None,TRBJ2-7*01,1
965,CSADAGFSYEQYF,TRBV20-1*02,None,TRBJ2-7*01,1
966,CSAASGFSYEQYF,TRBV20-1*03,None,TRBJ2-7*01,1
967,CSAAPGFSYAKYF,TRBV20-1*06,None,TRBJ2-7*01,1
968,CRTVAGFSYEQYF,TRBV20-1*06,None,TRBJ2-7*01,1
969,CRVCTSGGQPQHF,TRBV29-1*02,None,TRBJ1-5*01,1
970,CRVVAGFSYEQYF,TRBV20-1*03,None,TRBJ2-7*01,1
971,CSAAAGFFYEQYF,TRBV20-1*05,None,TRBJ2-7*01,1
972,CSAAAGFSHEQYF,TRBV20-1*02,None,TRBJ2-7*01,1
973,CSAAAGFSSQQYF,TRBV20-1*03,None,TRBJ2-7*01,1
974,CSAAAGFSYAQYF,TRBV20-1*06,None,TRBJ2-7*01,1
975,CSAAAGFSYEQCF,TRBV20-1*02,None,TRBJ2-7*01,1
976,CSAAAGFSYEQNF,TRBV20-1*06,None,TRBJ2-7*01,1
977,CSAAAGFSYEQYF,TRBV20-1*01,None,TRBJ2-7*01,1
978,CNAVAGFSYEKSF,TRBV20-1*02,None,TRBJ2-7*01,1
979,CNAVAGFSYEHYF,TRBV20-1*06,None,TRBJ2-7*01,1
980,CSAAAGFSYEQYF,TRBV20-1*05,None,TRBJ2-7*01,1
981,CNAVAGFSCEQYF,TRBV20-1*03,None,TRBJ2-7*01,1
982,CSAAAGFSYERYF,TRBV20-1*06,None,TRBJ2-7*01,1
983,CSAAAGFSYKQYF,TRBV20-1*03,None,TRBJ2-7*01,1
984,CSAAAGFSYQHYF,TRBV20-1*02,None,TRBJ2-7*01,1
985,CSAAAGFSYVQCF,TRBV20-1*03,None,TRBJ2-7*01,1
986,CNAVAGFCYEQYF,TRBV20-1*03,None,TRBJ2-7*01,1
987,CNAEAGFSYEQYF,TRBV20-1*02,None,TRBJ2-7*01,1
988,CSAAAGLCCLQYF,TRBV20-1*04,None,TRBJ2-7*01,1
989,CSAAAGLSYEQYF,TRBV20-1*06,None,TRBJ2-7*01,1
990,CSAAAGSSYEQYF,TRBV20-1*03,None,TRBJ2-7*01,1
991,CSAAAPFSYEQYF,TRBV20-1*03,None,TRBJ2-7*01,1
992,CSAAAVFSYEHYF,TRBV20-1*06,None,TRBJ2-7*01,1
993,CSAVAGFCYDHYF,TRBV20-1*03,None,TRBJ2-7*01,1
994,CGAVPGFSYEQYF,TRBV20-1*03,None,TRBJ2-7*01,1
995,CSAVAGLSYEQYF,TRBV20-1*04,None,TRBJ2-7*01,1
996,CSAVAGFSYKPYF,TRBV20-1*03,None,TRBJ2-7*01,1
997,CASSRDRESNQPQHF,TRBV16*01,None,TRBJ1-5*01,1
998,CSAVAGFSYETYF,TRBV20-1*02,None,TRBJ2-7*01,1
999,CSAVAGFSYETYF,TRBV20-1*03,None,TRBJ2-7*01,1
1000,CSAVAGFSYGHYF,TRBV20-1*02,None,TRBJ2-7*01,1
1001,CSAVAGFSYGKYF,TRBV20-1*02,None,TRBJ2-7*01,1
1002,CASSQYPEAVYGYTF,TRBV4-3*03,None,TRBJ1-2*01,1
1003,CASSQVRRSTDPQFF,TRBV5-4*03,None,TRBJ2-3*01,1
1004,CSAVAGFSYGQYF,TRBV20-1*04,None,TRBJ2-7*01,1
1005,CSAVAGFSYGQYF,TRBV20-1*05,None,TRBJ2-7*01,1
1006,CSAVAGFSYGQYF,TRBV20-1*07,None,TRBJ2-7*01,1
1007,CSAVAGFSYKEYF,TRBV20-1*06,None,TRBJ2-7*01,1
1008,CSAVAGFSYKLYF,TRBV20-1*03,None,TRBJ2-7*01,1
1009,CSAVAGFSYKQCF,TRBV20-1*03,None,TRBJ2-7*01,1
1010,CSAVAGFSYQQNF,TRBV20-1*02,None,TRBJ2-7*01,1
1011,CSAVAGFSYKQCF,TRBV20-1*06,None,TRBJ2-7*01,1
1012,CSAVAGFSYKQNF,TRBV20-1*03,None,TRBJ2-7*01,1
1013,CSAVAGFSYKQSF,TRBV20-1*03,None,TRBJ2-7*01,1
1014,CSAVAGFSYKQSF,TRBV20-1*06,None,TRBJ2-7*01,1
1015,CSAVAGFSYKQYF,TRBV20-1*01,None,TRBJ2-7*01,1
1016,CASSQDPEAVYGYTF,TRBV4-3*02,None,TRBJ1-2*01,1
1017,CSAVAGFSYLHYF,TRBV20-1*03,None,TRBJ2-7*01,1
1018,CSAVAGFSYLQYF,TRBV20-1*01,None,TRBJ2-7*01,1
1019,CSAVAGFSYLQYF,TRBV20-1*03,None,TRBJ2-7*01,1
1020,CSAVAGFSYMQYF,TRBV20-1*03,None,TRBJ2-7*01,1
1021,CSAVAGFSYQKYF,TRBV20-1*06,None,TRBJ2-7*01,1
1022,CSAVAGFSYQQDF,TRBV20-1*06,None,TRBJ2-7*01,1
1023,CASSSGTGAYEQYF,TRBV11-2*03,TRBD1*01,TRBJ2-7*01,1
1024,CASSSGTGSYELYF,TRBV7-1*01,None,TRBJ2-7*01,1
1025,CSAVAGFSYEQYF,TRBV29-1*03,None,TRBJ2-7*01,1
1026,CASSVGTGTYEQYF,TRBV11-2*03,None,TRBJ2-7*01,1
1027,CASSYHANTGELLF,TRBV6-6*02,None,TRBJ2-2*01,1
1028,CASSYHANTGELFF,TRBV6-6*02,None,TRBJ2-2*01,1
1029,CSAVAGFSYEQHF,TRBV20-1*04,None,TRBJ2-7*01,1
1030,CAAVAGISYEHYF,TRBV20-1*03,None,TRBJ2-7*01,1
1031,CSAVAGFSYEQKF,TRBV20-1*02,None,TRBJ2-7*01,1
1032,CASSYGVNTDAFF,TRBV6-6*03,None,TRBJ1-1*01,1
1033,CSAVAGFSYEQNF,TRBV20-1*05,None,TRBJ2-7*01,1
1034,CASSYGTGSYQQYF,TRBV11-3*02,None,TRBJ2-7*01,1
1035,CSAVAGFSYEQQF,TRBV20-1*06,None,TRBJ2-7*01,1
1036,CASSYGLNTEAFF,TRBV6-6*03,None,TRBJ1-1*01,1
1037,CASSYGATKTEAFF,TRBV6-2*01,None,TRBJ2-4*01,1
1038,CSAVAGFSYEQSF,TRBV20-1*04,None,TRBJ2-7*01,1
1039,CASSYGAANTEAFF,TRBV6-6*05,None,TRBJ1-1*01,1
1040,CSAVAGFSYEQYF,TRBV20-1*02,None,TRBJ1-2*01,1
1041,CSAVAGFSYEQYF,TRBV20-1*02,None,TRBJ1-6*01,1
1042,CSAVAGFSYEQYF,TRBV20-1*03,None,TRBJ1-1*01,1
1043,CSAVAGFSYEQYF,TRBV20-1*03,None,TRBJ2-5*01,1
1044,CSAVAGFSYEQYF,TRBV20-1*03,None,TRBJ2-6*01,1
1045,CASSYGAANTEAFF,TRBV6-3*01,None,TRBJ1-1*01,1
1046,CASSYGAANTEAFF,TRBV11-3*02,None,TRBJ1-1*01,1
1047,CASSYGAAKTEAFF,TRBV6-6*03,None,TRBJ1-1*01,1
1048,CSAVAGFSYEQYF,TRBV20-1*06,None,TRBJ1-2*01,1
1049,CSAVAGFSYEQYF,TRBV20-1*06,None,TRBJ2-3*01,1
1050,CSAVAGFSYEQYF,TRBV20-1*06,None,TRBJ2-5*01,1
1051,CASSWDRFPVNSHLHF,TRBV7-8*03,None,TRBJ1-6*01,1
1052,CSAVAGFSYQQHF,TRBV20-1*02,None,TRBJ2-7*01,1
1053,CSAVAGFSYQQNF,TRBV20-1*03,None,TRBJ2-7*01,1
1054,CASSYHAYTGELFF,TRBV6-6*03,None,TRBJ2-2*01,1
1055,CSAVAGLSHEQYF,TRBV20-1*03,None,TRBJ2-7*01,1
1056,CSAVAGISWEQYF,TRBV20-1*06,None,TRBJ2-7*01,1
1057,CNAVAGFSYGQYF,TRBV20-1*06,None,TRBJ2-7*01,1
1058,CSAVAGISYEHYF,TRBV20-1*04,None,TRBJ2-7*01,1
1059,CSAVAGISYEHYF,TRBV20-1*06,None,TRBJ2-7*01,1
1060,CSAVAGISYEQYF,TRBV20-1*01,None,TRBJ2-7*01,1
1061,CASSLENMGYTF,TRBV7-9*04,None,TRBJ1-2*01,1
1062,CASSLDPVAVYGYTF,TRBV4-3*03,None,TRBJ1-2*01,1
1063,CASSIGGTGLRGEQFF,TRBV19*03,None,TRBJ2-1*01,1
1064,CSAVAGLAYEQCF,TRBV20-1*01,None,TRBJ2-7*01,1
1065,CSAVAGLCYEQYF,TRBV20-1*02,None,TRBJ2-7*01,1
1066,CSAVAGLFYEQYF,TRBV20-1*03,None,TRBJ2-7*01,1
1067,CSAVAGLFYEQYF,TRBV20-1*06,None,TRBJ2-7*01,1
1068,CSAVAGLSHEQYF,TRBV20-1*06,None,TRBJ2-7*01,1
1069,CASSQDPEAAYGYTF,TRBV4-3*01,None,TRBJ1-2*01,1
1070,CSAVAGLSSEHYF,TRBV20-1*02,None,TRBJ2-7*01,1
1071,CSAVAGLSYAKYF,TRBV20-1*02,None,TRBJ2-7*01,1
1072,CSAVAGLSYAQYF,TRBV20-1*06,None,TRBJ2-7*01,1
1073,CSAVAGLSYDLYF,TRBV20-1*03,None,TRBJ2-7*01,1
1074,CSAVAGLSYELYF,TRBV20-1*03,None,TRBJ2-7*01,1
1075,CSAVAGLSYENYF,TRBV20-1*03,None,TRBJ2-7*01,1
1076,CSAVAGLSYEQDF,TRBV20-1*02,None,TRBJ2-7*01,1
1077,CSAVAGLSYEQDF,TRBV20-1*03,None,TRBJ2-7*01,1
1078,CSAVAGLSYEQHF,TRBV20-1*06,None,TRBJ2-7*01,1
1079,CSAVAGLSYEQNF,TRBV20-1*06,None,TRBJ2-7*01,1
1080,CASSHGEANNQAFF,TRBV6-6*03,None,TRBJ1-1*01,1
1081,CASSFWTGYYEQYF,TRBV11-2*03,None,TRBJ2-7*01,1
1082,CSAVAGISAKQYF,TRBV20-1*03,None,TRBJ2-7*01,1
1083,CSAVAGIPYEQYF,TRBV20-1*03,None,TRBJ2-7*01,1
1084,CSAVAGIFYEQYF,TRBV20-1*03,None,TRBJ2-7*01,1
1085,CSAVAGFYYVPYF,TRBV20-1*03,None,TRBJ2-7*01,1
1086,CASSPKRETQYF,TRBV18*01,None,TRBJ2-7*01,1
1087,CSAVAGFSYQQYF,TRBV20-1*06,None,TRBJ1-6*01,1
1088,CASSPAPSARVQSF,TRBV25-1*01,None,TRBJ2-7*01,1
1089,CSAVAGFSYVHYF,TRBV20-1*02,None,TRBJ2-7*01,1
1090,CSAVAGFSYVHYF,TRBV20-1*06,None,TRBJ2-7*01,1
1091,CSAVAGFSYVKYF,TRBV20-1*06,None,TRBJ2-7*01,1
1092,CSAVAGFSYVLYF,TRBV20-1*02,None,TRBJ2-7*01,1
1093,CSAVAGFSYVQNF,TRBV20-1*05,None,TRBJ2-7*01,1
1094,CASSLGTGSYEQYF,TRBV11-3*02,None,TRBJ2-7*01,1
1095,CASSLGTGSYDQYF,TRBV7-8*01,None,TRBJ2-7*01,1
1096,CASSLGNRGYTF,TRBV7-9*01,None,TRBJ1-2*01,1
1097,CSAVAGFSYVYYF,TRBV20-1*03,None,TRBJ2-7*01,1
1098,CSAVAGFSYYQYF,TRBV20-1*06,None,TRBJ2-7*01,1
1099,CSAVAGFTYAHYF,TRBV20-1*06,None,TRBJ2-7*01,1
1100,CSAVAGFTYEEYF,TRBV20-1*03,None,TRBJ2-7*01,1
1101,CSAVAGFTYEQYF,TRBV20-1*05,None,TRBJ2-7*01,1
1102,CASSLGESDGEQYF,TRBV7-2*04,None,TRBJ2-7*01,1
1103,CSAVAGFTYVHYF,TRBV20-1*04,None,TRBJ2-7*01,1
1104,CSAVAGFYYAQYF,TRBV20-1*03,None,TRBJ2-7*01,1
1105,CSAVAGFYYEQCF,TRBV20-1*03,None,TRBJ2-7*01,1
1106,CASSLGEAGGEQYF,TRBV11-3*02,None,TRBJ2-7*01,1
1107,CASSLESRGYTF,TRBV11-3*03,None,TRBJ1-2*01,1
1108,CASSLESRGYNF,TRBV7-9*04,None,TRBJ1-2*01,1
1109,CSAVAGFYYEQYF,TRBV20-1*07,None,TRBJ2-7*01,1
1110,CSAVAGFYYKQYF,TRBV20-1*03,None,TRBJ2-7*01,1
1111,CSAVAGFSYEQFF,TRBV20-1*01,None,TRBJ2-7*01,1
1112,CASSYVAAHTDSLF,TRBV6-6*01,None,TRBJ1-1*01,1
1113,CGAVEGFSYEQYF,TRBV20-1*02,None,TRBJ2-7*01,1
1114,CCVVAGFSYVQYF,TRBV20-1*02,None,TRBJ2-7*01,1
1115,CSAVAGFSCEQYF,TRBV20-1*07,None,TRBJ2-7*01,1
1116,CSAVAGFSCGQYF,TRBV20-1*03,None,TRBJ2-7*01,1
1117,CSAVAGFSCGQYF,TRBV20-1*06,None,TRBJ2-7*01,1
1118,CSAVAGFSCKQYF,TRBV20-1*03,None,TRBJ2-7*01,1
1119,CSAVAGFSCKQYF,TRBV20-1*06,None,TRBJ2-7*01,1
1120,CSAVAGFSCQQYF,TRBV20-1*03,None,TRBJ2-7*01,1
1121,CGAEAGFSYEQYF,TRBV20-1*03,None,TRBJ2-7*01,1
1122,CGAAAGFSYEQYF,TRBV20-1*06,None,TRBJ2-7*01,1
1123,CGAAAGFSYEQYF,TRBV20-1*02,None,TRBJ2-7*01,1
1124,CSAVAGFSDKQYF,TRBV20-1*02,None,TRBJ2-7*01,1
1125,CSAVAGFSFEKYF,TRBV20-1*02,None,TRBJ2-7*01,1
1126,CSAVAGFSFEQCF,TRBV20-1*02,None,TRBJ2-7*01,1
1127,CCVVAGFSYEQYF,TRBV20-1*03,None,TRBJ2-7*01,1
1128,CSAVAGFSSAQYF,TRBV20-1*03,None,TRBJ2-7*01,1
1129,CCSVAGFSYEQYF,TRBV20-1*03,None,TRBJ2-7*01,1
1130,CSAVAGFSHEQYF,TRBV20-1*01,None,TRBJ2-7*01,1
1131,CCPVAGFSYEQYF,TRBV20-1*02,None,TRBJ2-7*01,1
1132,CCAVRGFSCEQYF,TRBV20-1*07,None,TRBJ2-7*01,1
1133,CCAVAWFSYEQYF,TRBV20-1*06,None,TRBJ2-7*01,1
1134,CSAVAGFSHEQYF,TRBV20-1*07,None,TRBJ2-7*01,1
1135,CSAVAGFSHVQYF,TRBV20-1*02,None,TRBJ2-7*01,1
1136,CSAVAGFSLQYF,TRBV20-1*04,None,TRBJ2-7*01,1
1137,CCAVAGLSYEQYF,TRBV20-1*05,None,TRBJ2-7*01,1
1138,CCAVAGFSYVKYF,TRBV20-1*02,None,TRBJ2-7*01,1
1139,CCAVAGFSYQQYF,TRBV20-1*03,None,TRBJ2-7*01,1
1140,CSAVAGFSNKQYF,TRBV20-1*02,None,TRBJ2-7*01,1
1141,CSAVAGFSCEQYF,TRBV20-1*05,None,TRBJ2-7*01,1
1142,CGAVAGFSYEKYF,TRBV20-1*06,None,TRBJ2-7*01,1
1143,CGAVAGFSYELYF,TRBV20-1*03,None,TRBJ2-7*01,1
1144,CSAVAGFSCEKYF,TRBV20-1*02,None,TRBJ2-7*01,1
1145,CGAVAWFSYEQSF,TRBV20-1*03,None,TRBJ2-7*01,1
1146,CSAVAGFFCEQYF,TRBV20-1*02,None,TRBJ2-7*01,1
1147,CSAVAGFFCEQYF,TRBV20-1*06,None,TRBJ2-7*01,1
1148,CSAVAGFFHEQYF,TRBV20-1*02,None,TRBJ2-7*01,1
1149,CSAVAGFFYDQNF,TRBV20-1*06,None,TRBJ2-7*01,1
1150,CSAVAGFFYEQHF,TRBV20-1*03,None,TRBJ2-7*01,1
1151,CGAVAVFSYEQYF,TRBV20-1*06,None,TRBJ2-7*01,1
1152,CGAVAGLSYEQYF,TRBV20-1*06,None,TRBJ2-7*01,1
1153,CGAVAGFSYQQYF,TRBV20-1*03,None,TRBJ2-7*01,1
1154,CSAVAGFFYERYF,TRBV20-1*02,None,TRBJ2-7*01,1
1155,CSAVAGFFYGQYF,TRBV20-1*02,None,TRBJ2-7*01,1
1156,CSAVAGFHYEQYF,TRBV20-1*03,None,TRBJ2-7*01,1
1157,CSAVAGFPYDQYF,TRBV20-1*03,None,TRBJ2-7*01,1
1158,CSAVAGFPYELYF,TRBV20-1*02,None,TRBJ2-7*01,1
1159,CSAVAGFPYEQHF,TRBV20-1*03,None,TRBJ2-7*01,1
1160,CGAVAGFSYEQYF,TRBV20-1*07,None,TRBJ2-7*01,1
1161,CGAVAGFSYEQHF,TRBV20-1*03,None,TRBJ2-7*01,1
1162,CSAVAGFPYERYF,TRBV20-1*06,None,TRBJ2-7*01,1
1163,CSAVAGFPYGQYF,TRBV20-1*02,None,TRBJ2-7*01,1
1164,CSAVAGFPYLQYF,TRBV20-1*05,None,TRBJ2-7*01,1
1165,CSAVAGFPYVQYF,TRBV20-1*02,None,TRBJ2-7*01,1
1166,CSAVAGFPYVQYF,TRBV20-1*03,None,TRBJ2-7*01,1
1167,CSAVAGFPYVQYF,TRBV20-1*06,None,TRBJ2-7*01,1
1168,CSAVAGFSCAQYF,TRBV20-1*02,None,TRBJ2-7*01,1
1169,CSAVAGFSCDQYF,TRBV20-1*06,None,TRBJ2-7*01,1
1170,CSAVAGFSREQYF,TRBV20-1*02,None,TRBJ2-7*01,1
1171,CSAVAGFSSAQYF,TRBV20-1*06,None,TRBJ2-7*01,1
1172,CASTDDGYTDEQYF,TRBV6-6*05,None,TRBJ2-7*01,1
1173,CSAVAGFSYELNF,TRBV20-1*02,None,TRBJ2-7*01,1
1174,CATRDRAFQETQYF,TRBV6-6*03,None,TRBJ2-7*01,1
1175,CATRARAFQDTQYF,TRBV6-6*05,None,TRBJ2-7*01,1
1176,CSAVAGFSYEHYF,TRBV20-1*05,None,TRBJ2-7*01,1
1177,CATGQGTSYEQYF,TRBV13*02,None,TRBJ2-7*01,1
1178,CSAVAGFSYEKDF,TRBV20-1*02,None,TRBJ2-7*01,1
1179,CSAVAGFSYEKDF,TRBV20-1*03,None,TRBJ2-7*01,1
1180,CSAVAGFSYEKNF,TRBV20-1*06,None,TRBJ2-7*01,1
1181,CATGQATSYEQYF,TRBV2*02,None,TRBJ2-7*01,1
1182,CASTYSNYGYTF,TRBV6-6*03,None,TRBJ1-2*01,1
1183,CSAVAGFSYEKYF,TRBV20-1*04,None,TRBJ2-7*01,1
1184,CASTPRAAEREQYF,TRBV25-1*01,None,TRBJ2-7*01,1
1185,CSAVAGFSYEKYF,TRBV20-1*07,None,TRBJ2-7*01,1
1186,CASTPGTAAPEQYF,TRBV25-1*01,None,TRBJ2-7*01,1
1187,CSAVAGFSSEKFF,TRBV20-1*03,None,TRBJ2-7*01,1
1188,CASTPGSAEREQYF,TRBV25-1*01,None,TRBJ2-7*01,1
1189,CASTPGPSEREQYF,TRBV25-1*01,None,TRBJ2-7*01,1
1190,CSAVAGFSYENYF,TRBV20-1*02,None,TRBJ2-7*01,1
1191,CSAVAGFSYEPSF,TRBV20-1*06,None,TRBJ2-7*01,1
1192,CASTPGPAEREQYF,TRBV25-1*01,None,TRBJ2-7*01,1
1193,CASTPGAAERKKYF,TRBV25-1*01,None,TRBJ2-7*01,1
1194,CASTPGAAERELYF,TRBV25-1*01,None,TRBJ2-7*01,1
1195,CSAVAGFSYEPYF,TRBV20-1*07,None,TRBJ2-7*01,1
1196,CSAVAGFSYEQCF,TRBV20-1*01,None,TRBJ2-7*01,1
1197,CASTPEAAEREQYF,TRBV25-1*01,None,TRBJ2-7*01,1
1198,CSAVAGFSYEQCF,TRBV20-1*05,None,TRBJ1-1*01,1
1199,CSAVAGFSYEQCF,TRBV20-1*05,None,TRBJ2-7*01,1
1200,CSAVAGFSYEHNF,TRBV20-1*02,None,TRBJ2-7*01,1
1201,CSAVAGFSYEHHF,TRBV20-1*03,None,TRBJ2-7*01,1
1202,CSAVAGFSYEHDF,TRBV20-1*06,None,TRBJ2-7*01,1
1203,CSAVAGFSYEFYF,TRBV20-1*03,None,TRBJ2-7*01,1
1204,CSAVAGFSSEQHF,TRBV20-1*06,None,TRBJ2-7*01,1
1205,CCAVAGFSHEQYF,TRBV20-1*03,None,TRBJ2-7*01,1
1206,CCAVAGFSCLQYF,TRBV20-1*06,None,TRBJ2-7*01,1
1207,CSAVAGFSSEQYF,TRBV20-1*04,None,TRBJ2-7*01,1
1208,CCAEAGFSYEQYF,TRBV20-1*03,None,TRBJ2-7*01,1
1209,CSAVAGFSSGQYF,TRBV20-1*03,None,TRBJ2-7*01,1
1210,CSAVAGFSSLQYF,TRBV20-1*03,None,TRBJ2-7*01,1
1211,CSAVAGFSSVQYF,TRBV20-1*03,None,TRBJ2-7*01,1
1212,CSAVAGFSYAHYF,TRBV20-1*02,None,TRBJ2-7*01,1
1213,CSAVAGFSYAKYF,TRBV20-1*04,None,TRBJ2-7*01,1
1214,CSAVAGFSYAKYF,TRBV20-1*05,None,TRBJ1-2*01,1
1215,CSAVAGFSYAQYF,TRBV20-1*01,None,TRBJ2-7*01,1
1216,CAWRGGFRNEQFF,TRBV30*01,None,TRBJ2-1*01,1
1217,CAVRDGNNNARLMF,TRBV27*01,None,TRBJ1-3*01,1
1218,CAVAGFSYEQYF,TRBV20-1*03,None,TRBJ2-7*01,1
1219,CSAVAGFSYATYF,TRBV20-1*06,None,TRBJ2-7*01,1
1220,CSAVAGFSYDPYF,TRBV20-1*03,None,TRBJ2-7*01,1
1221,CSAVAGFSYDPYF,TRBV20-1*06,None,TRBJ2-7*01,1
1222,CATVQGNPYEQYF,TRBV2*02,None,TRBJ2-7*01,1
1223,CATVQGFSYEQYF,TRBV15*02,None,TRBJ2-7*01,1
1224,CATRNMAFQETQYF,TRBV6-6*05,None,TRBJ2-5*01,1
1225,CSAVAGFSYDRYF,TRBV20-1*03,None,TRBJ2-7*01,1
1226,CATRDTAFQETQYF,TRBV6-6*03,None,TRBJ2-5*01,1
1227,CATRDRPFQETQYF,TRBV6-6*05,None,TRBJ2-5*01,1
1228,CATRDRAFQGTQYF,TRBV6-6*05,None,TRBJ2-5*01,1
1229,CAAVAGFSYEQYF,TRBV20-1*02,None,TRBJ2-7*01,1
