,CDR3seq,V-region,D-region,J-region,Frequency
1,CASSFSVGPTYEQYF,TRBV14*02,None,TRBJ2-7*01,96532
2,CASSEVRGEQYF,TRBV6-6*03,None,TRBJ2-7*01,3081
3,CASSFSVGPTYEQYF,TRBV6-6*05,None,TRBJ2-7*01,1245
4,CASSEVRGEQYF,TRBV6-1*01,None,TRBJ2-7*01,556
5,CASSFSVGPTYEQYF,TRBV14*02,None,TRBJ2-3*01,463
6,CASSFSAGPTYEQYF,TRBV14*02,None,TRBJ2-7*01,292
7,CACSFSVGPTYEQYF,TRBV14*02,None,TRBJ2-7*01,251
8,CASSLSVGPTYEQYF,TRBV14*02,None,TRBJ2-7*01,233
9,CASSFSVGPTYGQYF,TRBV14*02,None,TRBJ2-7*01,208
10,CAGSFSVGPTYEQYF,TRBV14*02,None,TRBJ2-7*01,177
11,CASSFSMGPTYEQYF,TRBV14*02,None,TRBJ2-7*01,165
12,CASSFSVGPNYEQYF,TRBV14*02,None,TRBJ2-7*01,128
13,CASSFSVVPTYEQYF,TRBV14*02,None,TRBJ2-7*01,128
14,CASSFSVGPTYERYF,TRBV14*02,None,TRBJ2-7*01,127
15,CASSEVRGEQYF,TRBV14*02,None,TRBJ2-7*01,124
16,CASSFSVGPTYEQYF,TRBV14*02,None,TRBJ2-5*01,119
17,CASSFSVGPTYKQYF,TRBV14*02,None,TRBJ2-7*01,107
18,CASSFSLGPTYEQYF,TRBV14*02,None,TRBJ2-7*01,104
19,CVSSFSVGPTYEQYF,TRBV14*02,None,TRBJ2-7*01,104
20,CTSSFSVGPTYEQYF,TRBV14*02,None,TRBJ2-7*01,97
21,CASSFSVGPTYEQCF,TRBV14*02,None,TRBJ2-7*01,95
22,CASSFSVRPTYEQYF,TRBV14*02,None,TRBJ2-7*01,94
23,CASRFSVGPTYEQYF,TRBV14*02,None,TRBJ2-7*01,93
24,CASSYSNYGYTF,TRBV6-6*03,None,TRBJ1-2*01,90
25,CASSFSVGPTHEQYF,TRBV14*02,None,TRBJ2-7*01,90
26,CASSFSVGPSYEQYF,TRBV14*02,None,TRBJ2-7*01,88
27,CASSFSVEPTYEQYF,TRBV14*02,None,TRBJ2-7*01,88
28,CASSFRVGPTYEQYF,TRBV14*02,None,TRBJ2-7*01,81
29,CASSFGVGPTYEQYF,TRBV14*02,None,TRBJ2-7*01,78
30,CAMREVSNAGGTSYGKLTF,TRBV2*02,None,TRBJ1-1*01,77
31,CANSFSVGPTYEQYF,TRBV14*02,None,TRBJ2-7*01,74
32,CASSFSVGPTCEQYF,TRBV14*02,None,TRBJ2-7*01,72
33,CASSFSVGPIYEQYF,TRBV14*02,None,TRBJ2-7*01,70
34,CASSFSVGPTYVQYF,TRBV14*02,None,TRBJ2-7*01,68
35,CARSFSVGPTYEQYF,TRBV14*02,None,TRBJ2-7*01,68
36,CASTPGAAEREQYF,TRBV25-1*01,None,TRBJ2-7*01,68
37,CSVGTSGGQPQHF,TRBV29-1*02,None,TRBJ1-5*01,66
38,CASSFSVGSTYEQYF,TRBV14*02,None,TRBJ2-7*01,65
39,CASSFSVAPTYEQYF,TRBV14*02,None,TRBJ2-7*01,64
40,CASSFSVGPTYDQYF,TRBV14*02,None,TRBJ2-7*01,64
41,CASNFSVGPTYEQYF,TRBV14*02,None,TRBJ2-7*01,61
42,CASSFIVGPTYEQYF,TRBV14*02,None,TRBJ2-7*01,60
43,CDSSFSVGPTYEQYF,TRBV14*02,None,TRBJ2-7*01,55
44,CASSFSVGPTYEKYF,TRBV14*02,None,TRBJ2-7*01,54
45,CASSFNVGPTYEQYF,TRBV14*02,None,TRBJ2-7*01,53
46,CASIFSVGPTYEQYF,TRBV14*02,None,TRBJ2-7*01,52
47,CASSEVRGEQYF,TRBV6-6*05,None,TRBJ2-7*01,50
48,CSSSFSVGPTYEQYF,TRBV14*02,None,TRBJ2-7*01,48
49,CAISFSVGPTYEQYF,TRBV14*02,None,TRBJ2-7*01,46
50,CASSFSVGTTYEQYF,TRBV14*02,None,TRBJ2-7*01,44
51,CASTFSVGPTYEQYF,TRBV14*02,None,TRBJ2-7*01,42
52,CASSFSVGPTYELYF,TRBV14*02,None,TRBJ2-7*01,40
53,CASSFSVGPTYEHYF,TRBV14*02,None,TRBJ2-7*01,40
54,CASSFSVGPTYEQYF,TRBV6-6*03,None,TRBJ2-7*01,38
55,CASCFSVGPTYEQYF,TRBV14*02,None,TRBJ2-7*01,37
56,CASSCSVGPTYEQYF,TRBV14*02,None,TRBJ2-7*01,37
57,CASSFSGGPTYEQYF,TRBV14*02,None,TRBJ2-7*01,37
58,CASSFSTCSANYGYTF,TRBV12-4*02,None,TRBJ1-2*01,35
59,CGSSFSVGPTYEQYF,TRBV14*02,None,TRBJ2-7*01,31
60,CASSFSVGRTYEQYF,TRBV14*02,None,TRBJ2-7*01,31
61,CASSISVGPTYEQYF,TRBV14*02,None,TRBJ2-7*01,30
62,CASSFSVGPTYEQYF,TRBV14*02,None,TRBJ2-1*01,29
63,CASSFSVGATYEQYF,TRBV14*02,None,TRBJ2-7*01,28
64,CPSSFSVGPTYEQYF,TRBV14*02,None,TRBJ2-7*01,27
65,CASSFSVGPTYEQNF,TRBV14*02,None,TRBJ2-7*01,25
66,CASSFSVGPTYQQYF,TRBV14*02,None,TRBJ2-7*01,24
67,CASSFSVGPNYEQYF,TRBV6-6*05,None,TRBJ2-7*01,24
68,CASSEVRGEQYF,TRBV6-6*03,None,TRBJ2-3*01,22
69,CASSTGSEQYF,TRBV6-6*03,None,TRBJ2-7*01,22
70,CASSFTVGPTYEQYF,TRBV14*02,None,TRBJ2-7*01,22
71,CASRWDRFPVNSPLHF,TRBV7-8*03,None,TRBJ1-6*01,21
72,CASSLAVTSVTYEQYF,TRBV5-1*01,None,TRBJ2-7*01,20
73,CASSVSVGPTYEQYF,TRBV14*02,None,TRBJ2-7*01,20
74,CASSFSVGPTYEPYF,TRBV14*02,None,TRBJ2-7*01,19
75,CASSFSVGPTYAQYF,TRBV14*02,None,TRBJ2-7*01,18
76,CATSFSVGPTYEQYF,TRBV14*02,None,TRBJ2-7*01,18
77,CASSFSVGPTNEQYF,TRBV14*02,None,TRBJ2-7*01,15
78,CASSFSVGPTYEQYF,TRBV13*01,None,TRBJ2-7*01,15
79,CASSEVRDEQYF,TRBV6-6*03,None,TRBJ2-7*01,15
80,CASSYSVGPTYEQYF,TRBV14*02,None,TRBJ2-7*01,14
81,CTSSEVRGEQYF,TRBV6-6*03,None,TRBJ2-7*01,14
82,CSASDWQGSYNEQFF,TRBV20-1*04,None,TRBJ2-1*01,14
83,CASSLSGRVEKLFF,TRBV12-4*02,None,TRBJ1-4*01,13
84,CSAVAGFSYEQYF,TRBV20-1*03,None,TRBJ2-7*01,12
85,CASSRVSYNEQFF,TRBV28*01,None,TRBJ2-1*01,12
86,CSASDWQGSYNEQFF,TRBV20-1*05,None,TRBJ2-1*01,12
87,CASSFSEGPTYEQYF,TRBV14*02,None,TRBJ2-7*01,12
88,CASSFSVGPTYEEYF,TRBV14*02,None,TRBJ2-7*01,12
89,CASSFSVGPSYEQYF,TRBV6-6*05,None,TRBJ2-7*01,11
90,CSASDWQGSYNEQFF,TRBV20-1*03,None,TRBJ2-1*01,11
91,CASSQDRRTTDTQYF,TRBV4-2*01,None,TRBJ2-3*01,11
92,CASSFCVGPTYEQYF,TRBV14*02,None,TRBJ2-7*01,11
93,CASSRQGTNEQYF,TRBV6-6*04,None,TRBJ2-7*01,10
94,CASSFSVGPTYEQYF,TRBV14*01,None,TRBJ2-7*01,10
95,CASSFSVGPTSEQYF,TRBV14*02,None,TRBJ2-7*01,10
96,CASSFSVGPTFEQYF,TRBV14*02,None,TRBJ2-7*01,10
97,CASSFSVGPTYEQSF,TRBV14*02,None,TRBJ2-7*01,10
98,CSAVAGFSYEQYF,TRBV20-1*06,None,TRBJ2-7*01,9
99,CASSEVRGAVRRAGHQAHGHRF,TRBV6-6*03,None,TRBJ2-7*01,9
100,CASSEARGEQYF,TRBV6-1*01,None,TRBJ2-7*01,9
101,CASSWTGTGGEKLFF,TRBV27*01,TRBD1*01,TRBJ1-4*01,9
102,CSASDWQGSYNEQFF,TRBV20-1*06,None,TRBJ2-1*01,9
103,CASSFRVGPTYEQYF,TRBV6-6*05,None,TRBJ2-7*01,9
104,CATRDRAFQETQYF,TRBV6-6*05,None,TRBJ2-5*01,9
105,CATRDRAFQETQYF,TRBV6-6*03,None,TRBJ2-5*01,9
106,CASSFSVVPTYEQYF,TRBV6-6*05,None,TRBJ2-7*01,8
107,CASSFSVGPPYEQYF,TRBV14*02,None,TRBJ2-7*01,8
108,CASSLSVGPTYEQYF,TRBV6-6*05,None,TRBJ2-7*01,8
109,CASSFSVGRTYEQYF,TRBV6-6*05,None,TRBJ2-7*01,8
110,CASSLPGTRYEQFF,TRBV5-1*02,None,TRBJ2-1*01,8
111,CASSFSVGPTYEQDF,TRBV14*02,None,TRBJ2-7*01,8
112,CSVWWVRPQETQYF,TRBV29-1*02,None,TRBJ2-5*01,7
113,CASSLGGPSYNEQFF,TRBV5-5*02,None,TRBJ2-1*01,7
114,CSASDWQGSYNEQFF,TRBV20-1*02,None,TRBJ2-1*01,7
115,CASSFSVGPAYEQYF,TRBV14*02,None,TRBJ2-7*01,7
116,CASSFSVGPTYEQYF,TRBV6-6*05,None,TRBJ2-3*01,6
117,CASSFIVGPTYEQYF,TRBV14*02,None,TRBJ2-3*01,6
118,CASSEVRGEQYF,TRBV6-6*03,None,TRBJ2-5*01,6
119,CASSEVRDEQYF,TRBV6-1*01,None,TRBJ2-7*01,6
120,CASSFSVGPTYEQHF,TRBV14*02,None,TRBJ2-7*01,6
121,CSVEVGRVNEQFF,TRBV29-1*02,None,TRBJ2-1*01,6
122,CASSFRGPTYEQYF,TRBV14*02,None,TRBJ2-7*01,6
123,CASSFSVGPTYEQYF,TRBV7-2*04,None,TRBJ2-7*01,5
124,CASSFSVGPTYEQYF,TRBV3-1*01,None,TRBJ2-7*01,5
125,CASGEVRGEQYF,TRBV6-6*03,None,TRBJ2-7*01,5
126,CACRFSVGPTYEQYF,TRBV14*02,None,TRBJ2-7*01,5
127,CDSSEVRGEQYF,TRBV6-6*03,None,TRBJ2-7*01,5
128,CASSFSVVPTYEQYF,TRBV14*02,None,TRBJ2-3*01,5
129,CASSLTGVEQFF,TRBV11-3*02,None,TRBJ2-1*01,5
130,CASSGVRGEQYF,TRBV6-6*03,None,TRBJ2-7*01,5
131,CASSEVLGEQYF,TRBV6-6*03,None,TRBJ2-7*01,5
132,CASSEVQGEQYF,TRBV6-6*03,None,TRBJ2-7*01,5
133,CASSYSNYGYTF,TRBV6-6*02,None,TRBJ1-2*01,5
134,CASSLTGVEQFF,TRBV11-2*03,None,TRBJ2-1*01,5
135,CASSLQTDYNSPLHF,TRBV6-6*03,None,TRBJ1-6*02,5
136,CASSFSAGPTYEQYF,TRBV6-6*05,None,TRBJ2-7*01,5
137,CASSFSVGLTYEQYF,TRBV14*02,None,TRBJ2-7*01,5
138,CASSSSVGPTYEQYF,TRBV14*02,None,TRBJ2-7*01,4
139,CASSEVRRAVRRAGHQAHGHRF,TRBV6-6*03,None,TRBJ2-7*01,4
140,CSAQHRSGDHNEQFF,TRBV20-1*06,None,TRBJ2-1*01,4
141,CASSFSVTHLRAVLRAGHQAHGHRF,TRBV14*02,None,TRBJ2-7*01,4
142,CASRFSVGPTYEQYF,TRBV14*02,None,TRBJ2-3*01,4
143,CASSYSNYGYTF,TRBV6-3*01,None,TRBJ1-2*01,4
144,CSSSFSVGPTYEQYF,TRBV6-6*05,None,TRBJ2-7*01,4
145,CAGSEVRGEQYF,TRBV6-6*03,None,TRBJ2-7*01,4
146,CATSFSVGPTYEQYF,TRBV14*02,None,TRBJ2-3*01,4
147,CASSEDRGEQYF,TRBV6-6*03,None,TRBJ2-7*01,4
148,CASSFSLGPTYEQYF,TRBV14*02,None,TRBJ2-3*01,4
149,CARGFSVGPTYEQYF,TRBV14*02,None,TRBJ2-7*01,4
150,CSAVAGFSYEQYF,TRBV20-1*02,None,TRBJ2-7*01,4
151,CASSFSMGPTYVQYF,TRBV14*02,None,TRBJ2-7*01,4
152,CASSFSVVPTYDQYF,TRBV14*02,None,TRBJ2-7*01,4
153,CASSFSVGPTHEQYF,TRBV14*02,None,TRBJ2-3*01,4
154,CASSFSVWPTYEQYF,TRBV14*02,None,TRBJ2-7*01,4
155,CARSFSVGPTYVQYF,TRBV14*02,None,TRBJ2-7*01,4
156,CACSFSVGPTYEQYF,TRBV14*02,None,TRBJ2-3*01,4
157,CASSFSVGPTDEQYF,TRBV14*02,None,TRBJ2-7*01,4
158,CSASDWQGSYNEQFF,TRBV20-1*07,None,TRBJ2-1*01,4
159,CASSEVRGEQYF,TRBV6-1*01,None,TRBJ2-3*01,4
160,CASSLSVGPTYEQYF,TRBV14*02,None,TRBJ2-3*01,4
161,CASSEVRGVQYF,TRBV6-6*03,None,TRBJ2-7*01,4
162,CARSFSVGPNYEQYF,TRBV14*02,None,TRBJ2-7*01,4
163,CASGFSVGPTYEQYF,TRBV14*02,None,TRBJ2-7*01,3
164,CASSFSVGLTYDQYF,TRBV14*02,None,TRBJ2-7*01,3
165,CASSFSVGPTYEQFF,TRBV14*02,None,TRBJ2-7*01,3
166,CASSFSVEPTYEQYF,TRBV14*02,None,TRBJ2-3*01,3
167,CASSFSVCPTYEQYF,TRBV14*02,None,TRBJ2-7*01,3
168,CASGEVRGEQYF,TRBV6-6*05,None,TRBJ2-7*01,3
169,CASSFSLRPTYEQYF,TRBV14*02,None,TRBJ2-7*01,3
170,CASSFSVAPTYEQYF,TRBV14*02,None,TRBJ2-3*01,3
171,CASSFSVGPIYEQYF,TRBV6-6*05,None,TRBJ2-7*01,3
172,CASSEVRGGQYF,TRBV6-6*03,None,TRBJ2-7*01,3
173,CASSFSVGPTYEQYF,TRBV5-6*01,None,TRBJ2-7*01,3
174,CASTPGAAEREKYF,TRBV25-1*01,None,TRBJ2-7*01,3
175,CASSEFRGEQYF,TRBV6-6*03,None,TRBJ2-7*01,3
176,CASIFSVGPTYEQYF,TRBV6-6*03,None,TRBJ2-7*01,3
177,CASIFSVGPTYEQYF,TRBV6-6*05,None,TRBJ2-7*01,3
178,CASSFSVVPTYVQYF,TRBV14*02,None,TRBJ2-7*01,3
179,CASSKVRGEQYF,TRBV6-6*03,None,TRBJ2-7*01,3
180,CASSLGGPSYNEQFF,TRBV5-4*02,None,TRBJ2-1*01,3
181,CASIFSVRPTYEQYF,TRBV14*02,None,TRBJ2-7*01,3
182,CVSSEVRGEQYF,TRBV6-6*03,None,TRBJ2-7*01,3
183,CASSFIVGLTYEQYF,TRBV14*02,None,TRBJ2-7*01,3
184,CASSLSVGHTYEQYF,TRBV14*02,None,TRBJ2-7*01,3
185,CASSEVRGERYF,TRBV6-1*01,None,TRBJ2-7*01,3
186,CASSLSVGLTYEQYF,TRBV14*02,None,TRBJ2-7*01,3
187,CSSSFSVGPTYEQYF,TRBV14*02,None,TRBJ2-3*01,3
188,CASTFSVGPTYVQYF,TRBV14*02,None,TRBJ2-7*01,3
189,CASSLVTGTTDTQYF,TRBV7-9*04,None,TRBJ2-3*01,3
190,CASSPGQGAGDTQYF,TRBV18*01,TRBD1*01,TRBJ2-3*01,3
191,CASSEGRGEQYF,TRBV6-6*03,None,TRBJ2-7*01,3
192,CASSQDRRTTDTQYF,TRBV5-4*03,None,TRBJ2-3*01,3
193,CASSYSNYGYTF,TRBV6-6*05,None,TRBJ1-2*01,3
194,CASSEVRGEQHF,TRBV6-6*03,None,TRBJ2-7*01,3
195,CASSEVRCEQYF,TRBV6-6*03,None,TRBJ2-7*01,3
196,CAMREVSNAGGTSYGKLTF,TRBV2*03,None,TRBJ1-1*01,3
197,CASSEARGEQYF,TRBV6-6*03,None,TRBJ2-7*01,3
198,CASSFSVGPTYGQYF,TRBV6-6*05,None,TRBJ2-7*01,3
199,CASSFSVGPTYEQYF,TRBV6-6*05,None,TRBJ2-5*01,3
200,CACSEVRGEQYF,TRBV6-6*03,None,TRBJ2-7*01,3
201,CASSFSVGPTYEQYF,TRBV7-2*01,None,TRBJ2-7*01,3
202,CASSFSVGPTYEQYF,TRBV7-8*02,None,TRBJ2-7*01,3
203,CACSFSVGTTYEQYF,TRBV14*02,None,TRBJ2-7*01,3
204,CASSFSVGPTYEQYF,TRBV9*03,None,TRBJ2-7*01,3
205,CASSFSLGPTYEQYF,TRBV6-6*05,None,TRBJ2-7*01,3
206,CASSYSNYGYTF,TRBV6-2*01,None,TRBJ1-2*01,3
207,CASSFSVGPTYHQYF,TRBV14*02,None,TRBJ2-7*01,3
208,CACSLSVGPTYEQYF,TRBV14*02,None,TRBJ2-7*01,3
209,CASSFSVGPTYKQYF,TRBV6-6*05,None,TRBJ2-7*01,3
210,CASSFSVGPTYLQYF,TRBV14*02,None,TRBJ2-7*01,3
211,CANSEVRGEQYF,TRBV6-6*03,None,TRBJ2-7*01,3
212,CPSSFSVGPTYEQYF,TRBV6-6*05,None,TRBJ2-7*01,3
213,CASSFSVGSTYEQYF,TRBV14*02,None,TRBJ2-3*01,3
214,CASSDVRGEQYF,TRBV6-6*03,None,TRBJ2-7*01,3
215,CASSFSLGPSYEQYF,TRBV14*02,None,TRBJ2-7*01,2
216,CASSCSVGTTYEQYF,TRBV14*02,None,TRBJ2-7*01,2
217,CASRFSVGPTYEQYF,TRBV6-6*05,None,TRBJ2-7*01,2
218,CASSFSLGATYEQYF,TRBV14*02,None,TRBJ2-7*01,2
219,CASSEVRAEQYF,TRBV6-6*03,None,TRBJ2-7*01,2
220,CASSFSLGPTDEQYF,TRBV14*02,None,TRBJ2-7*01,2
221,CVSSFSVGPNYEQYF,TRBV14*02,None,TRBJ2-7*01,2
222,CASSEVRGAQYF,TRBV6-6*03,None,TRBJ2-7*01,2
223,CASSEVRGAVRRAGHQAHGHRF,TRBV14*02,None,TRBJ2-7*01,2
224,CASSFNVGPTYEQYF,TRBV14*02,None,TRBJ2-3*01,2
225,CASSFGVGLTYEQYF,TRBV14*02,None,TRBJ2-7*01,2
226,CASSFCMGPTYEQYF,TRBV14*02,None,TRBJ2-7*01,2
227,CASSEVRSEQYF,TRBV6-6*03,None,TRBJ2-7*01,2
228,CASSFNVGPTYGQYF,TRBV14*02,None,TRBJ2-7*01,2
229,CASSEVRRAVRRAGHQAHGHRF,TRBV14*02,None,TRBJ2-7*01,2
230,CASSFRLGPTYEQYF,TRBV14*02,None,TRBJ2-7*01,2
231,CASSEVRGQQYF,TRBV6-6*03,None,TRBJ2-7*01,2
232,CASSEVRGGQYF,TRBV6-1*01,None,TRBJ2-7*01,2
233,CASSEVRGEQYF,TRBV6-9*01,None,TRBJ2-7*01,2
234,CASSFRVRPTYEQYF,TRBV14*02,None,TRBJ2-7*01,2
235,CASSFSAGPTYEQYF,TRBV14*02,None,TRBJ2-3*01,2
236,CVRSFSVGPTYEQYF,TRBV14*02,None,TRBJ2-7*01,2
237,CVSSFSVRPTYEQYF,TRBV14*02,None,TRBJ2-7*01,2
238,CASSEVRGEKYF,TRBV6-1*01,None,TRBJ2-7*01,2
239,CTSSFSVGPTYEQYF,TRBV6-6*05,None,TRBJ2-7*01,2
240,CSAWWVRPQETQYF,TRBV29-1*03,None,TRBJ2-5*01,2
241,CASSFSLGPTYERYF,TRBV14*02,None,TRBJ2-7*01,2
242,CASSFSLGPTYGQYF,TRBV14*02,None,TRBJ2-7*01,2
243,CASSSSVGPTYEQHF,TRBV14*02,None,TRBJ2-7*01,2
244,CASSSSMGPTYEQYF,TRBV14*02,None,TRBJ2-7*01,2
245,CASSSSLGPTYEQYF,TRBV14*02,None,TRBJ2-7*01,2
246,CASSSCVGPTYEQYF,TRBV14*02,None,TRBJ2-7*01,2
247,CASSQDRRTTDTQYF,TRBV5-5*03,None,TRBJ2-3*01,2
248,CASSLSVGPAYEQYF,TRBV14*02,None,TRBJ2-7*01,2
249,CASSLSMGPTYEQYF,TRBV14*02,None,TRBJ2-7*01,2
250,CASSLSLGPTYEQYF,TRBV14*02,None,TRBJ2-7*01,2
251,CASSLGVGPTYEQYF,TRBV14*02,None,TRBJ2-7*01,2
252,CASSLGGPSYNEQFF,TRBV5-5*03,None,TRBJ2-1*01,2
253,CASSLGGPSYNEQFF,TRBV5-4*04,None,TRBJ2-1*01,2
254,CASSLGGPSYNEQFF,TRBV5-4*03,None,TRBJ2-1*01,2
255,CASSFSVVPNYEQYF,TRBV14*02,None,TRBJ2-7*01,2
256,CASSFSVSPTYEQYF,TRBV14*02,None,TRBJ2-7*01,2
257,CASSFSVRSTYEQYF,TRBV14*02,None,TRBJ2-7*01,2
258,CASSSSVGPTYVQYF,TRBV14*02,None,TRBJ2-7*01,2
259,CASSTGSEQYF,TRBV6-6*05,None,TRBJ2-7*01,2
260,CASSVRVGPTYEQYF,TRBV14*02,None,TRBJ2-7*01,2
261,CDSSFSVRPTYEQYF,TRBV14*02,None,TRBJ2-7*01,2
262,CSISFSVGPTYEQYF,TRBV14*02,None,TRBJ2-7*01,2
263,CSAQHRSGDHNEQFF,TRBV20-1*03,None,TRBJ2-1*01,2
264,CSAQHRSGDHNEQFF,TRBV20-1*02,None,TRBJ2-1*01,2
265,CPSSFSVGPTYQQYF,TRBV14*02,None,TRBJ2-7*01,2
266,CPRSFSVGPTYEQYF,TRBV14*02,None,TRBJ2-7*01,2
267,CGASDWQGSYNEQFF,TRBV20-1*06,None,TRBJ2-1*01,2
268,CAVSFSVGPTYEQYF,TRBV14*02,None,TRBJ2-7*01,2
269,CASSVVRGEQYF,TRBV6-6*03,None,TRBJ2-7*01,2
270,CASTPGAAKREQYF,TRBV25-1*01,None,TRBJ2-7*01,2
271,CASTFSVGPTYDQYF,TRBV14*02,None,TRBJ2-7*01,2
272,CASTFSAVPTYEHYF,TRBV14*02,None,TRBJ2-7*01,2
273,CSSSEVRGEQYF,TRBV6-1*01,None,TRBJ2-7*01,2
274,CASSYSNYGYTF,TRBV6-5*01,None,TRBJ1-2*01,2
275,CSSSFSVGPTYEKYF,TRBV14*02,None,TRBJ2-7*01,2
276,CASSFSVRPTYEQYF,TRBV14*02,None,TRBJ2-3*01,2
277,CASSFSVRPTYDQYF,TRBV14*02,None,TRBJ2-7*01,2
278,CASSFSVRPNYEQYF,TRBV14*02,None,TRBJ2-7*01,2
279,CASSFSVGHTYEQYF,TRBV14*02,None,TRBJ2-7*01,2
280,CASSFSVGPTHEQYF,TRBV6-6*05,None,TRBJ2-7*01,2
281,CASSFSVGPSYVQYF,TRBV14*02,None,TRBJ2-7*01,2
282,CASSFSVGPSYQQYF,TRBV14*02,None,TRBJ2-7*01,2
283,CASSFSVGPNYGQYF,TRBV14*02,None,TRBJ2-7*01,2
284,CASSFSVGPNYEQYF,TRBV14*02,None,TRBJ2-3*01,2
285,CASSFSVGLTYKQYF,TRBV14*02,None,TRBJ2-7*01,2
286,CASSFSVGHTYEKYF,TRBV14*02,None,TRBJ2-7*01,2
287,CASSFSVGPTYEKYF,TRBV14*02,None,TRBJ2-3*01,2
288,CASSFSVEPTYEQYF,TRBV6-6*05,None,TRBJ2-7*01,2
289,CASSFSVAPTYEQYF,TRBV6-6*05,None,TRBJ2-7*01,2
290,CASSFSMGPTYEQYF,TRBV6-6*05,None,TRBJ2-7*01,2
291,CTSSFSVGPTSEQYF,TRBV14*02,None,TRBJ2-7*01,2
292,CASSFSMGPAYEQYF,TRBV14*02,None,TRBJ2-7*01,2
293,CASSFSMAPTYEQYF,TRBV14*02,None,TRBJ2-7*01,2
294,CASSFSVGPTNEQYF,TRBV14*02,None,TRBJ2-3*01,2
295,CASSFSVGPTYEKYF,TRBV6-6*05,None,TRBJ2-7*01,2
296,CASSFSVRHTYEQYF,TRBV14*02,None,TRBJ2-7*01,2
297,CASSFSVGPTYEQYF,TRBV7-9*02,None,TRBJ2-7*01,2
298,CASSFSVLPTYEQYF,TRBV14*02,None,TRBJ2-7*01,2
299,CASSFSVGPTYQLYF,TRBV14*02,None,TRBJ2-7*01,2
300,CSSSFSVGPTYERYF,TRBV14*02,None,TRBJ2-7*01,2
301,CSVDEGRSNTEAFF,TRBV29-1*02,None,TRBJ1-1*01,2
302,CASSFSVGPTYGEYF,TRBV14*02,None,TRBJ2-7*01,2
303,CASSFSVGPTYEQYF,TRBV9*01,None,TRBJ2-7*01,2
304,CASSFSVGPTYEQYF,TRBV7-9*01,None,TRBJ2-7*01,2
305,CTSSFSVGPSYEQYF,TRBV14*02,None,TRBJ2-7*01,2
306,CASSFSVGPTYEQYF,TRBV7-1*01,None,TRBJ2-7*01,2
307,CASSFSVGPTYEQYF,TRBV6-6*04,None,TRBJ2-7*01,2
308,CASSFSVGPTYEQYF,TRBV5-7*01,None,TRBJ2-7*01,2
309,CASSFSVGPTYEQYF,TRBV18*01,None,TRBJ2-7*01,2
310,CASSFSVGPTYEQYF,TRBV11-2*01,None,TRBJ2-7*01,2
311,CASSFSVGPTYEQYF,TRBV10-1*01,None,TRBJ2-7*01,2
312,CASSFSVGPTYEQYF,TRBV5-4*01,None,TRBJ2-7*01,2
313,CYSSFSVGPTYEQYF,TRBV14*02,None,TRBJ2-7*01,2
314,CARSFSVGPTYDQYF,TRBV14*02,None,TRBJ2-7*01,2
315,CAMRAVSNAGGTSYGKLTF,TRBV2*03,None,TRBJ1-1*01,2
316,CARSFSVGATYEQYF,TRBV14*02,None,TRBJ2-7*01,2
317,CASFFSVGPTYEQYF,TRBV14*02,None,TRBJ2-7*01,2
318,CASFSVGPTYEQYF,TRBV14*02,None,TRBJ2-7*01,2
319,CAMRELSNAGGTSYGKLTF,TRBV2*02,None,TRBJ1-1*01,2
320,CARSFSMGPTYEQYF,TRBV14*02,None,TRBJ2-7*01,2
321,CAGSLSVGPTYEQYF,TRBV14*02,None,TRBJ2-7*01,2
322,CACSFSVGLTYEQYF,TRBV14*02,None,TRBJ2-7*01,2
323,CARSFRVGPTYEQYF,TRBV14*02,None,TRBJ2-7*01,2
324,CACSFSLGPTYEQYF,TRBV14*02,None,TRBJ2-7*01,2
325,CASCEVRGEQYF,TRBV6-6*03,None,TRBJ2-7*01,2
326,CASIEVRGEQYF,TRBV6-6*05,None,TRBJ2-7*01,2
327,CARRFSVGPTYEQYF,TRBV14*02,None,TRBJ2-7*01,2
328,CARSFSVVPTYEQYF,TRBV14*02,None,TRBJ2-7*01,2
329,CASNEVRGEQYF,TRBV6-6*05,None,TRBJ2-7*01,2
330,CASREVRGEQYF,TRBV6-6*05,None,TRBJ2-7*01,2
331,CASGGQNYGYTF,TRBV11-3*03,None,TRBJ1-2*01,2
332,CARSLSVGPTYEQYF,TRBV14*02,None,TRBJ2-3*01,2
333,CARCFSVGPTYEQYF,TRBV14*02,None,TRBJ2-7*01,2
334,CARSFSVGHTYEQYF,TRBV14*02,None,TRBJ2-7*01,2
335,CASIFSVGPTYEQYF,TRBV14*02,None,TRBJ2-5*01,2
336,CAGSFSVGPTYEHYF,TRBV14*02,None,TRBJ2-7*01,2
337,CACCFSVGPTYEQYF,TRBV14*02,None,TRBJ2-7*01,2
338,CAGSEVRGEQYF,TRBV10-3*03,None,TRBJ2-7*01,2
339,CARSFSVGPSYEQYF,TRBV14*02,None,TRBJ2-7*01,2
340,CARSFSVGPTYEQYF,TRBV6-6*05,None,TRBJ2-7*01,2
341,CAISEVRGEQYF,TRBV10-3*01,None,TRBJ2-7*01,2
342,CASCFSVGPTYEKYF,TRBV14*02,None,TRBJ2-7*01,2
343,CACGFSVGPTYEQYF,TRBV14*02,None,TRBJ2-7*01,2
344,CACSFSVGPTYEHYF,TRBV14*02,None,TRBJ2-7*01,2
345,CASSWAGTGGEKLFF,TRBV27*01,TRBD1*01,TRBJ1-4*01,1
346,CASSSSAGPTYEQYF,TRBV14*01,None,TRBJ2-7*01,1
347,CASSSRVGPTYEQYF,TRBV14*02,None,TRBJ2-7*01,1
348,CASSSIVGPTYEQYF,TRBV14*02,None,TRBJ2-7*01,1
349,CASSVVRGEQYF,TRBV9*02,None,TRBJ2-7*01,1
350,CASSWDRFPVNSPLHF,TRBV7-8*03,None,TRBJ1-6*01,1
351,CASSWSGTGGEKLFF,TRBV28*01,None,TRBJ1-4*01,1
352,CAISCSVGPTHDQYF,TRBV14*02,None,TRBJ2-7*01,1
353,CASSWTGTGGEKLFF,TRBV14*02,TRBD1*01,TRBJ1-4*01,1
354,CAGSFSVRPTYEQYF,TRBV14*02,None,TRBJ2-7*01,1
355,CASSYRVGPTYEQYF,TRBV14*02,None,TRBJ2-7*01,1
356,CASSSDLGPTNEQYF,TRBV6-7*01,None,TRBJ2-1*01,1
357,CASSYHANSGLLNF,TRBV6-6*03,None,TRBJ2-2*01,1
358,CAGSLSVGPIYEQYF,TRBV14*01,None,TRBJ2-7*01,1
359,CASSYSNHGYTF,TRBV6-6*03,None,TRBJ1-2*01,1
360,CASSYSNYGYPF,TRBV6-6*03,None,TRBJ1-2*01,1
361,CASSYSNYGYTF,TRBV12-4*02,None,TRBJ1-2*01,1
362,CAGSFSVGPTYKQYF,TRBV14*02,None,TRBJ2-7*01,1
363,CAGSFSVGPTYEQYF,TRBV9*01,None,TRBJ2-7*01,1
364,CAGSFSVGPTYEQYF,TRBV14*02,None,TRBJ2-5*01,1
365,CASSYSNYGYTF,TRBV6-6*01,None,TRBJ1-2*01,1
366,CAGSFSVGPTYEQYF,TRBV14*02,None,TRBJ2-4*01,1
367,CAGSFSVVPTYEQYF,TRBV14*02,None,TRBJ2-7*01,1
368,CAHGFSAGPTYEQYF,TRBV14*02,None,TRBJ2-7*01,1
369,CASSVSVGPTYEQYF,TRBV14*02,None,TRBJ2-3*01,1
370,CASSSSVGTSYEQYF,TRBV14*02,None,TRBJ2-7*01,1
371,CASSSSVGPTYGQYF,TRBV14*02,None,TRBJ2-7*01,1
372,CAICFSVVPSYEQYF,TRBV14*02,None,TRBJ2-7*01,1
373,CASSSSVVPTYEQYF,TRBV14*02,None,TRBJ2-7*01,1
374,CASSSTVGPTYEQYF,TRBV14*02,None,TRBJ2-7*01,1
375,CASSSWTDVYDYTF,TRBV11-2*03,None,TRBJ2-7*01,1
376,CASSTGSEQYF,TRBV14*02,None,TRBJ2-7*01,1
377,CAIIFSVGPTYEQYF,TRBV14*02,None,TRBJ2-7*01,1
378,CASSSSVGPTYEKYF,TRBV14*02,None,TRBJ2-7*01,1
379,CASSSSVAPTYEQYF,TRBV14*02,None,TRBJ2-7*01,1
380,CAGTPCAAQPQHCF,TRBV25-1*01,None,TRBJ2-7*01,1
381,CASSSSTCSANYGYTF,TRBV12-4*02,None,TRBJ1-2*01,1
382,CASSTSVGPTYEQYF,TRBV14*02,None,TRBJ2-7*01,1
383,CASSTSVGPTYEQYF,TRBV9*03,None,TRBJ2-7*01,1
384,CASSTSYEQYF,TRBV6-6*03,None,TRBJ2-7*01,1
385,CAGSFSVGPTYELYF,TRBV14*02,None,TRBJ2-3*01,1
386,CASSVIVGPTYEQYF,TRBV14*02,None,TRBJ2-7*01,1
387,CASSVLVGLPYEQYF,TRBV14*02,None,TRBJ2-7*01,1
388,CASSVNGGSTHEQYF,TRBV14*02,None,TRBJ1-5*01,1
389,CASSVNVGTTYEQYF,TRBV14*02,None,TRBJ2-7*01,1
390,CAIRDVYNACGTSYGKLTF,TRBV2*02,None,TRBJ1-1*01,1
391,CAGSLSVGPTYEQYF,TRBV13*01,None,TRBJ2-7*01,1
392,CASSVSAGPTYEQYF,TRBV14*02,None,TRBJ2-7*01,1
393,CASSVSVGASYEQYF,TRBV9*01,None,TRBJ2-7*01,1
394,CASSVSVGPNYEQYF,TRBV14*02,None,TRBJ2-7*01,1
395,CASSVSVGPTYEHYF,TRBV14*02,None,TRBJ2-4*01,1
396,CASSVSVGPTYELYF,TRBV14*02,None,TRBJ2-7*01,1
397,CASSYSVGPTYEHYF,TRBV14*02,None,TRBJ2-3*01,1
398,CASSYSNYGYTF,TRBV6-7*01,None,TRBJ1-2*01,1
399,CASVFSVGHTYEQYF,TRBV14*02,None,TRBJ2-7*01,1
400,CATRDRAFQETKYF,TRBV10-3*04,None,TRBJ2-5*01,1
401,CATRARAYQDTQYF,TRBV6-6*05,None,TRBJ2-5*01,1
402,CATMDRAFQETQYF,TRBV6-6*05,None,TRBJ2-5*01,1
403,CATIFSVGPTYERYF,TRBV14*02,None,TRBJ2-7*01,1
404,CATGHGTSYDQYF,TRBV2*02,None,TRBJ2-7*01,1
405,CASVFSVRLTYEQYF,TRBV3-1*02,None,TRBJ2-3*01,1
406,CASTTGAAEREQYF,TRBV25-1*01,None,TRBJ2-7*01,1
407,CASSYSVGPNYEQYF,TRBV14*02,None,TRBJ2-7*01,1
408,CASTSSVGPTYEQYF,TRBV14*02,None,TRBJ2-7*01,1
409,CASTSSVGPTCEQYF,TRBV14*02,None,TRBJ2-7*01,1
410,CASTPVAAERDQYF,TRBV25-1*01,None,TRBJ2-7*01,1
411,CASTPRPGGRDQYF,TRBV25-1*01,None,TRBJ2-7*01,1
412,CASTPRAAEREPNF,TRBV25-1*01,None,TRBJ2-7*01,1
413,CASTPGGAEREQYF,TRBV25-1*01,None,TRBJ2-7*01,1
414,CATRDRAFQETQHF,TRBV6-6*03,None,TRBJ2-5*01,1
415,CAGSFSAGPTYVQYF,TRBV14*02,None,TRBJ2-7*01,1
416,CATRDRAFQETQYF,TRBV6-6*03,None,TRBJ2-7*01,1
417,CATRDRAFQETQYF,TRBV6-6*05,None,TRBJ2-3*01,1
418,CAGSFIVRPTYEQYF,TRBV14*02,None,TRBJ2-7*01,1
419,CATRDRAFQETQYF,TRBV6-6*05,None,TRBJ2-7*01,1
420,CATRDRAFQETQYF,TRBV6-9*01,None,TRBJ2-5*01,1
421,CATRDRASQVKQYF,TRBV6-6*03,None,TRBJ2-5*01,1
422,CATRDREFKETQTF,TRBV6-6*03,None,TRBJ2-5*01,1
423,CATRFSVGPTYGQYF,TRBV14*02,None,TRBJ2-7*01,1
424,CATRYTAFQETQYF,TRBV6-6*05,None,TRBJ2-7*01,1
425,CATSEARGEQYF,TRBV6-6*03,None,TRBJ2-7*01,1
426,CATSFGVGPTSEQYF,TRBV14*02,None,TRBJ2-7*01,1
427,CATSFIVGPTYEQNF,TRBV14*01,None,TRBJ2-3*01,1
428,CATSFRVGPTYEQYF,TRBV14*01,None,TRBJ2-7*01,1
429,CATSFRVGPTYEQYF,TRBV14*02,None,TRBJ2-7*01,1
430,CATSFSMGPTYEQNF,TRBV14*02,None,TRBJ2-7*01,1
431,CASTPGATEREQYF,TRBV25-1*01,None,TRBJ2-7*01,1
432,CAGSFSLGPTYEQYF,TRBV14*02,None,TRBJ2-7*01,1
433,CASTPGAAERQQYF,TRBV25-1*01,None,TRBJ2-7*01,1
434,CAGSFSVGLTYEQYF,TRBV14*02,None,TRBJ2-7*01,1
435,CASSYSVGPTFEEYF,TRBV14*02,None,TRBJ2-7*01,1
436,CASSYSVGPTYDQYF,TRBV14*02,None,TRBJ2-7*01,1
437,CAISFIVVPTYKKYF,TRBV14*02,None,TRBJ2-5*01,1
438,CAGSFSVGPTYAQYF,TRBV14*02,None,TRBJ2-7*01,1
439,CASSYSVGPTYEQYF,TRBV9*03,None,TRBJ2-3*01,1
440,CASSYSVGPTYGQYF,TRBV14*02,None,TRBJ2-7*01,1
441,CASSYSVGPTYVQYF,TRBV14*02,None,TRBJ2-7*01,1
442,CASSYSVRPTYKQYF,TRBV14*02,None,TRBJ2-3*01,1
443,CASTAGGAERQQYF,TRBV25-1*01,None,TRBJ2-7*01,1
444,CASTCSVVPTYEQYF,TRBV14*02,None,TRBJ2-7*01,1
445,CASTFIVGPTYVQYF,TRBV14*02,None,TRBJ2-7*01,1
446,CASTFNVGPTYVQYF,TRBV14*02,None,TRBJ2-7*01,1
447,CAGSFSVGPNYEQYF,TRBV14*02,None,TRBJ2-7*01,1
448,CAGSFSVGPAYEQYF,TRBV14*02,None,TRBJ2-7*01,1
449,CASTFSVGPTYEQYF,TRBV6-6*03,None,TRBJ2-7*01,1
450,CASTPGAAERKQYF,TRBV25-1*01,None,TRBJ2-7*01,1
451,CAGSFSVGHTYEQYF,TRBV14*02,None,TRBJ2-7*01,1
452,CASTFSVRPTYEQYF,TRBV6-6*03,None,TRBJ2-7*01,1
453,CASTFSVVPTYEQYF,TRBV14*02,None,TRBJ2-7*01,1
454,CASTLSVGPTYEQYF,TRBV14*02,None,TRBJ2-7*01,1
455,CASTPEAAAREQYF,TRBV25-1*01,None,TRBJ2-7*01,1
456,CASTPGAAACEQYF,TRBV25-1*01,None,TRBJ2-7*01,1
457,CASTPGAADREQYF,TRBV25-1*01,None,TRBJ2-7*01,1
458,CASTPGAAERDHYF,TRBV25-1*01,None,TRBJ2-7*01,1
459,CASTPGAAERDQYF,TRBV25-1*01,None,TRBJ2-7*01,1
460,CAGSFSVGATREQYF,TRBV14*02,None,TRBJ2-7*01,1
461,CASTPGAAERELYF,TRBV25-1*01,None,TRBJ2-7*01,1
462,CASTPGAAEREPYF,TRBV25-1*01,None,TRBJ2-7*01,1
463,CASTPGAAEREQYF,TRBV12-3*01,None,TRBJ2-7*01,1
464,CAGSFSVAPTYEQYF,TRBV14*02,None,TRBJ2-7*01,1
465,CASSRVSYNEQYF,TRBV14*02,None,TRBJ2-1*01,1
466,CASRFSVGATYEQYF,TRBV14*02,None,TRBJ2-7*01,1
467,CASSRQWTNEQYF,TRBV6-6*04,None,TRBJ2-7*01,1
468,CAMRAVSNAGGTSYGKLTF,TRBV9*03,None,TRBJ1-1*01,1
469,CASSFVTVSQAQYF,TRBV28*01,None,TRBJ1-5*01,1
470,CASSFYVGPTYEQYF,TRBV14*02,None,TRBJ2-7*01,1
471,CAMRELSNAGGTSYGELTF,TRBV2*03,None,TRBJ1-1*01,1
472,CASSISLGLTYEQYF,TRBV14*02,None,TRBJ2-7*01,1
473,CASSISVEPTYEQYF,TRBV14*02,None,TRBJ2-7*01,1
474,CASSISVGATYEQYF,TRBV14*02,None,TRBJ2-7*01,1
475,CASSISVGATYLQYF,TRBV14*02,None,TRBJ2-7*01,1
476,CASSISVGPTDEQYF,TRBV14*02,None,TRBJ2-7*01,1
477,CASSISVGPTYEHYF,TRBV14*02,None,TRBJ2-7*01,1
478,CASSISVGPTYEPYF,TRBV14*02,None,TRBJ2-7*01,1
479,CASSISVGPTYEQYF,TRBV14*02,None,TRBJ2-3*01,1
480,CAMREASNAGGTSYGKLTF,TRBV2*02,None,TRBJ1-1*01,1
481,CASSISVGPTYEQYF,TRBV6-6*05,None,TRBJ2-7*01,1
482,CASSKVRGEKYF,TRBV6-6*03,None,TRBJ1-4*01,1
483,CASSKVRGGQYF,TRBV6-6*03,None,TRBJ2-7*01,1
484,CASSFTVRPTYEQYF,TRBV7-2*02,None,TRBJ2-7*01,1
485,CASSLAMTSVTYEKYF,TRBV5-1*01,None,TRBJ2-7*01,1
486,CASSLAVTSVTYEQYF,TRBV5-4*02,None,TRBJ2-7*01,1
487,CASSLDVGRNYDQYF,TRBV14*02,None,TRBJ2-7*01,1
488,CASSLGGPSHNEQYF,TRBV5-5*03,None,TRBJ2-7*01,1
489,CAMRAVSNAGGTSYGKLTF,TRBV2*02,None,TRBJ1-1*01,1
490,CAMIEVSNAGGTSYGKLTF,TRBV2*02,None,TRBJ2-2*01,1
491,CALREVSNADGASYGKLTF,TRBV2*02,None,TRBJ1-1*01,1
492,CAKSFSVGPTYEQYF,TRBV14*02,None,TRBJ2-7*01,1
493,CAITVSVGPSYEQHF,TRBV14*02,None,TRBJ2-7*01,1
494,CASSLGLGPTYEQYF,TRBV14*02,None,TRBJ2-7*01,1
495,CAITPGAAEREQYF,TRBV25-1*01,None,TRBJ2-7*01,1
496,CASSLIDEQFF,TRBV28*01,None,TRBJ2-1*01,1
497,CASSLIVGPTYEQCF,TRBV14*02,None,TRBJ2-7*01,1
498,CASSLLTGTTDEQYF,TRBV7-9*04,None,TRBJ2-3*01,1
499,CASSFTVVPTYEQYF,TRBV14*02,None,TRBJ2-7*01,1
500,CASSFTVRHTYELYF,TRBV14*02,None,TRBJ2-7*01,1
501,CAISFSAVPTYEQYF,TRBV14*02,None,TRBJ2-7*01,1
502,CASSFSVVPTYELYF,TRBV14*02,None,TRBJ2-7*01,1
503,CASSFSVRPTYQQHF,TRBV14*02,None,TRBJ2-7*01,1
504,CASSFSVRPTYQQYF,TRBV14*02,None,TRBJ2-3*01,1
505,CASSFSVRPTYVQYF,TRBV14*02,None,TRBJ2-7*01,1
506,CAMREVSNAGGTRYGKLTF,TRBV2*02,None,TRBJ1-1*01,1
507,CASSFSVRTTYEQYF,TRBV14*02,None,TRBJ2-7*01,1
508,CAMREVSNAGGTIYGKLTF,TRBV2*03,None,TRBJ1-1*01,1
509,CAMREVSNAGGNSYGKLTF,TRBV2*02,None,TRBJ1-1*01,1
510,CASSFSVVHTYEQYF,TRBV14*02,None,TRBJ2-7*01,1
511,CASSFSVVPIYDQYF,TRBV14*02,None,TRBJ2-7*01,1
512,CASSFSVVPIYEQYF,TRBV14*02,None,TRBJ2-7*01,1
513,CAMREVSNAGCTSYVKLTF,TRBV2*02,None,TRBJ1-1*01,1
514,CASSFSVVPTCEQYF,TRBV14*01,None,TRBJ2-7*01,1
515,CASSFSVVPTYAQYF,TRBV14*02,None,TRBJ2-7*01,1
516,CAMREVSNAFGTSRGKQTF,TRBV2*02,None,TRBJ1-1*01,1
517,CASSFSVVPTYEPYF,TRBV14*02,None,TRBJ2-3*01,1
518,CASSFTVGPTYVQYF,TRBV14*02,None,TRBJ2-1*01,1
519,CAMREVSNACGTSYGKLTF,TRBV2*02,None,TRBJ1-1*01,1
520,CAMREVSDAGGTSYGKLTF,TRBV2*02,None,TRBJ1-1*01,1
521,CASSFSVVPTYEQYF,TRBV6-6*03,None,TRBJ2-7*01,1
522,CAMREVPNAGGTTYGNLTF,TRBV2*02,None,TRBJ1-1*01,1
523,CASSFSVVPTYEQYF,TRBV7-8*01,None,TRBJ2-7*01,1
524,CASSFSVVPTYHQYF,TRBV14*02,None,TRBJ2-7*01,1
525,CAMREVANAGGTSYGKLTF,TRBV2*02,None,TRBJ1-1*01,1
526,CASSFSVVVSYEQYF,TRBV14*02,None,TRBJ2-7*01,1
527,CAMREVANAGATSYGQLTF,TRBV2*02,None,TRBJ1-1*01,1
528,CASSFTLGPTYEKYF,TRBV14*02,None,TRBJ2-7*01,1
529,CASSFTVGPTYATYF,TRBV14*02,None,TRBJ2-3*01,1
530,CASSFTVGPTYDQYF,TRBV10-2*01,None,TRBJ1-6*02,1
531,CASSFTVGPTYEQYF,TRBV14*02,None,TRBJ2-3*01,1
532,CASSFTVGPTYGQYF,TRBV14*02,None,TRBJ2-7*01,1
533,CASSLNVGPTYEQYF,TRBV14*02,None,TRBJ2-3*01,1
534,CASSLNVGPTYEQYF,TRBV14*02,None,TRBJ2-7*01,1
535,CASSLPGTHLRAVLRAGHQAHGHRF,TRBV5-1*02,None,TRBJ2-7*01,1
536,CASSPRVGPTYGQYF,TRBV14*02,None,TRBJ2-7*01,1
537,CASSLSVRPTYEQYF,TRBV14*02,None,TRBJ2-7*01,1
538,CASSLTGVEKFF,TRBV11-2*03,None,TRBJ2-1*01,1
539,CAISFSVGPTYEQYF,TRBV10-3*01,None,TRBJ2-7*01,1
540,CAISFSVGPSYEQYF,TRBV14*02,None,TRBJ2-7*01,1
541,CASSLTGVEQFF,TRBV28*01,None,TRBJ2-1*01,1
542,CASSLTGVEQFF,TRBV5-8*01,None,TRBJ2-1*01,1
543,CASSLTRGETQYF,TRBV11-2*02,None,TRBJ2-5*01,1
544,CASSLTRGETQYF,TRBV11-2*03,None,TRBJ2-5*01,1
545,CASSLTRGETQYF,TRBV11-3*02,None,TRBJ2-5*01,1
546,CASSLTRGQTQYF,TRBV5-6*01,None,TRBJ2-5*01,1
547,CASSLTVTSVTYEQYF,TRBV5-1*01,None,TRBJ2-7*01,1
548,CASSLVTGTTDMQYF,TRBV7-9*04,None,TRBJ2-3*01,1
549,CAISFSVGPNYEQYF,TRBV14*02,None,TRBJ2-7*01,1
550,CAISFSVGPNYEQYF,TRBV14*02,None,TRBJ2-5*01,1
551,CASSPSVGPTYEQYF,TRBV14*02,None,TRBJ2-7*01,1
552,CASSLPGTRSEQLF,TRBV5-1*01,None,TRBJ2-1*01,1
553,CASSQDRGTTDTQYF,TRBV4-2*01,None,TRBJ2-3*01,1
554,CAISFSVGLTYEQYF,TRBV14*02,None,TRBJ2-7*01,1
555,CAISFSVEPSSLQYF,TRBV14*02,None,TRBJ2-7*01,1
556,CASSQDRRTTDTQYF,TRBV5-4*04,None,TRBJ2-3*01,1
557,CAISFSVAPTYDQYF,TRBV14*02,None,TRBJ2-7*01,1
558,CASSQDRRTTDTQYF,TRBV6-6*03,None,TRBJ2-3*01,1
559,CASSQDRRTTDTQYF,TRBV7-9*04,None,TRBJ2-3*01,1
560,CASSQHRRTTVTEYF,TRBV4-2*01,None,TRBJ2-3*01,1
561,CATSFSVGPAYEQYF,TRBV24-1*01,None,TRBJ2-3*01,1
562,CASSQVRGEQYF,TRBV6-6*03,None,TRBJ2-7*01,1
563,CASSRDMGSNQDQHF,TRBV14*02,None,TRBJ2-4*01,1
564,CASSRDRGCNQHQDF,TRBV14*02,None,TRBJ1-5*01,1
565,CASSRQGTNEQYF,TRBV12-4*02,None,TRBJ2-7*01,1
566,CASSRQGTNEQYF,TRBV6-6*03,None,TRBJ2-7*01,1
567,CASSLSVGTTYEQYF,TRBV14*02,None,TRBJ2-7*01,1
568,CASSLSVGRTYEQYF,TRBV6-8*01,None,TRBJ2-7*01,1
569,CASSLSVGPTYGQYF,TRBV14*02,None,TRBJ2-3*01,1
570,CAISFSVGPTYEQYF,TRBV14*02,None,TRBJ2-3*01,1
571,CAITFSVGPTYVQYF,TRBV14*02,None,TRBJ2-7*01,1
572,CASSLPGTRYEQYF,TRBV5-1*02,None,TRBJ2-7*01,1
573,CAISVSVWPAYEQYF,TRBV14*02,None,TRBJ2-7*01,1
574,CASSLRVGPNYEQYF,TRBV14*02,None,TRBJ2-7*01,1
575,CASSLRVGPTYEQYF,TRBV14*02,None,TRBJ2-7*01,1
576,CASSLRVGTTYEQYF,TRBV7-9*03,None,TRBJ2-3*01,1
577,CASSLSAGPTYGHYF,TRBV14*02,None,TRBJ2-7*01,1
578,CASSLSEHLEKLFF,TRBV6-8*01,None,TRBJ1-4*01,1
579,CASSLSGCVEKLFF,TRBV12-4*02,None,TRBJ1-4*01,1
580,CASSLSGGTTYEQHF,TRBV14*02,None,TRBJ1-5*01,1
581,CAISISVEPTCDQYF,TRBV14*02,None,TRBJ2-7*01,1
582,CASSLSGRVEKLFF,TRBV6-6*03,None,TRBJ1-4*01,1
583,CASSLSGTRYEQFF,TRBV5-1*02,None,TRBJ2-1*01,1
584,CAISFSVVPTYEQYF,TRBV14*02,None,TRBJ2-7*01,1
585,CAISFSVTPTYEQYF,TRBV14*02,None,TRBJ2-7*01,1
586,CASSLSMGPTYGQYF,TRBV14*02,None,TRBJ2-7*01,1
587,CASSLSVGATHEQYF,TRBV14*02,None,TRBJ2-7*01,1
588,CASSLSVGHNNEQYF,TRBV14*02,None,TRBJ2-7*01,1
589,CAISFSVRPTYEQYF,TRBV14*02,None,TRBJ2-7*01,1
590,CAISFSVGPTYPQYF,TRBV14*02,None,TRBJ2-7*01,1
591,CAISFSVGPTYLQYF,TRBV14*02,None,TRBJ2-7*01,1
592,CASSLSVGPNYVQYF,TRBV14*02,None,TRBJ2-7*01,1
593,CASSLSVGPTYDQYF,TRBV14*02,None,TRBJ2-7*01,1
594,CASSLSVGPTYEKYF,TRBV14*02,None,TRBJ2-7*01,1
595,CASSLSVGPTYEQYF,TRBV14*02,None,TRBJ1-2*01,1
596,CASSLSVGPTYEQYF,TRBV14*02,None,TRBJ2-1*01,1
597,CAISFSVGPTYKQYF,TRBV14*02,None,TRBJ2-7*01,1
598,CAISFSVGPTYERYF,TRBV14*02,None,TRBJ2-7*01,1
599,CASSLSVGPTYEQYF,TRBV16*03,None,TRBJ2-7*01,1
600,CATSFSVEPTYEQYF,TRBV14*02,None,TRBJ2-7*01,1
601,CATSFSVRATYEQYF,TRBV14*02,None,TRBJ2-7*01,1
602,CATSFSVGPNYEQYF,TRBV14*02,None,TRBJ2-7*01,1
603,CSSSLSLGPTYDQYF,TRBV10-1*02,None,TRBJ2-7*01,1
604,CSTSFIIQATYKLYF,TRBV14*02,None,TRBJ2-7*01,1
605,CSTSDWQGSDNEQFF,TRBV17*01,None,TRBJ2-1*01,1
606,CSSSYWQGAYNEQFF,TRBV20-1*02,None,TRBJ2-1*01,1
607,CSSSVIVGPTYEQYF,TRBV14*02,None,TRBJ2-7*01,1
608,CSSSQDRRTTDTQYF,TRBV5-4*03,None,TRBJ2-3*01,1
609,CSSSLSVLPTYEQYF,TRBV14*02,None,TRBJ2-7*01,1
610,CSSSLIVGPTYEQYF,TRBV14*02,None,TRBJ2-3*01,1
611,CSAVAGFSYVQYF,TRBV20-1*02,None,TRBJ2-7*01,1
612,CSSSFTLGSTYEQYF,TRBV14*02,None,TRBJ2-7*01,1
613,CACSFSGGTTYEQYF,TRBV14*02,None,TRBJ2-7*01,1
614,CSSSFSVGPTYEQYF,TRBV9*01,None,TRBJ2-7*01,1
615,CSSSFSVGPTYEQYF,TRBV3-1*01,None,TRBJ2-7*01,1
616,CACSFSMGPTYGQNF,TRBV14*02,None,TRBJ2-7*01,1
617,CACSFSTCSVSYGYTF,TRBV12-4*02,None,TRBJ2-7*01,1
618,CSTSFIVGPTYEQYF,TRBV14*02,None,TRBJ2-7*01,1
619,CSTSFSVEPTYEQYF,TRBV14*02,None,TRBJ2-7*01,1
620,CACSFIVGPTYEQYF,TRBV14*02,None,TRBJ2-7*01,1
621,CSVDEGSSNTEAFF,TRBV29-1*02,None,TRBJ1-1*01,1
622,CACSFIVGPTYEQYF,TRBV13*01,None,TRBJ2-7*01,1
623,CSVEVGRVQEQYF,TRBV29-1*02,None,TRBJ2-1*01,1
624,CSVGISGGQPQHF,TRBV29-1*02,None,TRBJ1-5*01,1
625,CSVGTPGGQPQHF,TRBV29-1*02,None,TRBJ1-5*01,1
626,CSVGTSACKPQHF,TRBV29-1*02,None,TRBJ1-5*01,1
627,CSVGTSEGQPQHF,TRBV29-1*02,None,TRBJ1-5*01,1
628,CACSEVRGEQYF,TRBV6-6*03,None,TRBJ2-1*01,1
629,CSVGTSGVQPQHF,TRBV29-1*02,None,TRBJ1-5*01,1
630,CSVGTTGGKLQHF,TRBV29-1*02,None,TRBJ1-5*01,1
631,CSVHRGPNTEAFF,TRBV29-1*02,None,TRBJ1-1*01,1
632,CACSCSVGPTYEQYF,TRBV14*02,None,TRBJ2-7*01,1
633,CTCSFRVGPTYEQYF,TRBV7-2*03,None,TRBJ2-7*01,1
634,CTCSFSVGTTYEQYF,TRBV14*02,None,TRBJ2-3*01,1
635,CSSSFSVGPTYEQYF,TRBV14*02,None,TRBJ2-1*01,1
636,CACSFSVGHTYEQYF,TRBV14*02,None,TRBJ2-7*01,1
637,CSSSFSVGPTYEKYF,TRBV14*02,None,TRBJ2-3*01,1
638,CSSGLIVEPTYERYF,TRBV14*02,None,TRBJ2-7*01,1
639,CACSFSVGPTCEQYF,TRBV14*02,None,TRBJ2-7*01,1
640,CSCSFSVAPTYEQYF,TRBV14*02,None,TRBJ2-7*01,1
641,CSCSFSVGLTYEQYF,TRBV14*02,None,TRBJ2-7*01,1
642,CSCSFSVGPTYEQYF,TRBV14*02,None,TRBJ2-7*01,1
643,CSFSFSVVPTYKQYF,TRBV14*02,None,TRBJ2-7*01,1
644,CSGSFSVALTYEQYF,TRBV14*02,None,TRBJ2-7*01,1
645,CSGSVRQGSYNEQYF,TRBV20-1*02,None,TRBJ2-1*01,1
646,CSHSFSVGPTYEQYF,TRBV14*02,None,TRBJ2-7*01,1
647,CSIGTSGSQPQHF,TRBV29-1*03,None,TRBJ1-5*01,1
648,CACSFSVGPTCEQYF,TRBV14*02,None,TRBJ2-5*01,1
649,CSNRFSVGPTYEQYF,TRBV14*02,None,TRBJ2-7*01,1
650,CSSCFSVGPTYEQYF,TRBV14*02,None,TRBJ2-7*01,1
651,CSSGFRVGATYEQYF,TRBV14*02,None,TRBJ2-7*01,1
652,CSSGFRVGPTYERYF,TRBV14*02,None,TRBJ2-3*01,1
653,CSSMEVTGEQYF,TRBV27*01,None,TRBJ2-7*01,1
654,CSSSFSVGPTYEHYF,TRBV14*02,None,TRBJ2-7*01,1
655,CSSRFSVGPTYEQYF,TRBV14*02,None,TRBJ2-7*01,1
656,CSSSCSVGPTYEQYF,TRBV14*02,None,TRBJ2-7*01,1
657,CSSSFIMQPTYEQYF,TRBV18*01,None,TRBJ2-3*01,1
658,CSSSFIVGATYEQYF,TRBV14*02,None,TRBJ2-7*01,1
659,CSSSFLVGPTYEQYF,TRBV14*02,None,TRBJ2-3*01,1
660,CSSSFRVGPTYEQYF,TRBV6-6*05,None,TRBJ2-7*01,1
661,CSSSFSLGPTYEQYF,TRBV14*02,None,TRBJ2-7*01,1
662,CSSSFSMEPTYEQNF,TRBV14*02,None,TRBJ2-3*01,1
663,CSSSFSVAPTFEQYF,TRBV14*02,None,TRBJ2-7*01,1
664,CSSSFSVAPTYEQYF,TRBV14*02,None,TRBJ2-7*01,1
665,CSSSFSVEPTYEQYF,TRBV14*02,None,TRBJ2-7*01,1
666,CSSSFSVGPKYEQYF,TRBV14*02,None,TRBJ2-7*01,1
667,CSSSFSVGPTYDQHF,TRBV14*02,None,TRBJ2-7*01,1
668,CSSSFSVGPTYDQYF,TRBV14*02,None,TRBJ2-7*01,1
669,CTGRARALQESQYF,TRBV10-3*03,None,TRBJ2-5*01,1
670,CTMSEVSNAVGSIYGKLTF,TRBV2*02,None,TRBJ1-1*01,1
671,CTNGGENYVYTF,TRBV11-2*03,None,TRBJ1-2*01,1
672,CVSSFSVGPTHEQYF,TRBV14*02,None,TRBJ2-7*01,1
673,CVSRCSVGPTCEQYF,TRBV14*02,None,TRBJ2-7*01,1
674,CVSRFSVGPTYEQYF,TRBV14*02,None,TRBJ2-7*01,1
675,CVSSEVRGEQYF,TRBV6-1*01,None,TRBJ2-7*01,1
676,CACIFSVEPTYEQYF,TRBV14*02,None,TRBJ2-7*01,1
677,CVSSFIVGPTYEQYF,TRBV5-7*01,None,TRBJ2-7*01,1
678,CVSSFRVGPTYEQYF,TRBV7-9*03,None,TRBJ2-1*01,1
679,CVSSFSMRPTYEQYF,TRBV14*02,None,TRBJ2-7*01,1
680,CVSSFSTCSANYGYTF,TRBV12-4*02,None,TRBJ1-2*01,1
681,CVSSFSVAPTYEQYF,TRBV14*02,None,TRBJ2-7*01,1
682,CVSSFSVEPTYEQYF,TRBV14*02,None,TRBJ2-7*01,1
683,CVSSFSVGHTYEQYF,TRBV18*01,None,TRBJ2-7*01,1
684,CVSSFSVGLTYEQYF,TRBV14*02,None,TRBJ2-7*01,1
685,CVSSFSVGLTYEQYF,TRBV5-4*01,None,TRBJ2-7*01,1
686,CVSSFSVGPPYEQYF,TRBV13*01,None,TRBJ2-7*01,1
687,CVSSFSVGPTSEQYF,TRBV14*02,None,TRBJ2-7*01,1
688,CVSIFSLGPTYEQYF,TRBV14*02,None,TRBJ2-7*01,1
689,CVSSFSVGPTYEPYF,TRBV14*02,None,TRBJ2-7*01,1
690,CVSSFSVGPTYEQYF,TRBV14*02,None,TRBJ2-3*01,1
691,CVSSFSVGPTYEQYF,TRBV14*02,None,TRBJ2-5*01,1
692,CACGCSVGPTYEQYF,TRBV14*02,None,TRBJ2-7*01,1
693,CVSSFSVGPTYEQYF,TRBV18*01,None,TRBJ2-7*01,1
694,CVSSFSVGPTYERYF,TRBV14*02,None,TRBJ2-7*01,1
695,CVSSFSVGPTYETYF,TRBV14*02,None,TRBJ2-7*01,1
696,CVSSFSVGSTYEQYF,TRBV14*02,None,TRBJ2-7*01,1
697,CVSSFTVGPTYHQYF,TRBV14*02,None,TRBJ2-7*01,1
698,CVSSLRVGPIYEQYF,TRBV10-1*02,None,TRBJ2-7*01,1
699,CVSSLSVGPTYEQYF,TRBV14*01,None,TRBJ2-7*01,1
700,CVSSSSVGPTYEQYF,TRBV14*02,None,TRBJ2-7*01,1
701,CVSSYSVGPTYELYF,TRBV14*02,None,TRBJ2-7*01,1
702,CVSTPGAAERDQYF,TRBV25-1*01,None,TRBJ2-7*01,1
703,CVSIFSMGPTYEQYF,TRBV14*02,None,TRBJ2-7*01,1
704,CVRSFSVGPTYQQYF,TRBV14*02,None,TRBJ2-7*01,1
705,CTRSFSVGPTYEQYF,TRBV14*02,None,TRBJ2-7*01,1
706,CTSSFSVGPTYEQYF,TRBV7-2*03,None,TRBJ2-7*01,1
707,CTSCFSVGPTYERYF,TRBV14*02,None,TRBJ2-7*01,1
708,CTSGEVRGEQYF,TRBV10-3*04,None,TRBJ2-7*01,1
709,CTSIFTLEATYEQDF,TRBV14*02,None,TRBJ2-7*01,1
710,CTSSEVRDEQYF,TRBV6-6*03,None,TRBJ2-7*01,1
711,CACSCSVGPTDEQYF,TRBV14*02,None,TRBJ2-7*01,1
712,CTSSEVRRAVRRAGHQAHGHRF,TRBV6-6*03,None,TRBJ2-7*01,1
713,CTSSFSMGPKYEQYF,TRBV14*02,None,TRBJ2-7*01,1
714,CTSSFSVEPTYEQYF,TRBV14*02,None,TRBJ2-7*01,1
715,CTSSFSVGATYEQYF,TRBV14*02,None,TRBJ2-7*01,1
716,CACRWDRFPLTSPLHF,TRBV7-8*03,None,TRBJ1-6*01,1
717,CACRFSVGLTYKQYF,TRBV14*02,None,TRBJ2-7*01,1
718,CTSSFSVGPTYEQYF,TRBV14*02,None,TRBJ2-3*01,1
719,CACRFSVGLTYDQYF,TRBV14*02,None,TRBJ2-1*01,1
720,CACRECRGEQYF,TRBV10-3*03,None,TRBJ2-7*01,1
721,CTSSFSVGRTYEQYF,TRBV14*02,None,TRBJ2-7*01,1
722,CACIFSVGHTYEQYF,TRBV14*02,None,TRBJ2-7*01,1
723,CTSSFSVGSTYEQYF,TRBV14*02,None,TRBJ2-7*01,1
724,CTSSQVRGEQYF,TRBV6-6*04,None,TRBJ2-7*01,1
725,CTSSSSVGPTYEQYF,TRBV14*02,None,TRBJ2-7*01,1
726,CVCSCSVGPTYEQYF,TRBV14*02,None,TRBJ2-7*01,1
727,CVCSFSVGPTYEQYF,TRBV14*02,None,TRBJ2-7*01,1
728,CVCSTGSEQYF,TRBV10-3*04,None,TRBJ2-7*01,1
729,CVGSCSVGPTYEQYF,TRBV14*02,None,TRBJ2-3*01,1
730,CVGSFSVGPTYEQYF,TRBV14*02,None,TRBJ2-1*01,1
731,CVISLRVGPTYEQYF,TRBV14*02,None,TRBJ2-7*01,1
732,CVISVSVGHTYEQYF,TRBV14*02,None,TRBJ2-7*01,1
733,CVMREVSNAGGTSYGKLTF,TRBV2*02,None,TRBJ1-1*01,1
734,CVMSFSVRPTYANYF,TRBV16*01,None,TRBJ2-7*01,1
735,CVNSIGVGPTYEQYF,TRBV14*02,None,TRBJ2-7*01,1
736,CVRRFSVGPTYEQYF,TRBV16*03,None,TRBJ2-7*01,1
737,CSAVAGSSYEQYF,TRBV20-1*03,None,TRBJ2-7*01,1
738,CSAVAGFSYQQYF,TRBV20-1*05,None,TRBJ2-7*01,1
739,CATSFSVGPTHEQYF,TRBV14*02,None,TRBJ2-3*01,1
740,CGSSFIMGPTYEQYF,TRBV14*02,None,TRBJ2-7*01,1
741,CGSSFSVRPTYEKYF,TRBV14*02,None,TRBJ2-7*01,1
742,CGSSFSVGRTYELDF,TRBV13*01,None,TRBJ2-7*01,1
743,CAGCFSNYGYTF,TRBV6-6*03,None,TRBJ1-2*01,1
744,CGSSFSVGPTYAQYF,TRBV14*02,None,TRBJ2-7*01,1
745,CGSSFSLGPTYEQYF,TRBV14*02,None,TRBJ2-7*01,1
746,CGSSFIVGPTYEQYF,TRBV14*02,None,TRBJ2-7*01,1
747,CGSSEVRGEQYF,TRBV6-6*03,None,TRBJ2-7*01,1
748,CACSFSVGPTSEQDF,TRBV14*02,None,TRBJ2-7*01,1
749,CGSSEVGGEEYF,TRBV10-3*04,None,TRBJ2-7*01,1
750,CGSSCSVDYRNEQYF,TRBV14*02,None,TRBJ2-7*01,1
751,CGSRWDRFPVNSPLHF,TRBV7-8*03,None,TRBJ1-6*01,1
752,CGSGFSVGPTYEQYF,TRBV14*02,None,TRBJ2-7*01,1
753,CGSFSVGPTYEQYF,TRBV14*02,None,TRBJ2-7*01,1
754,CAGGFTVGPTYEQYF,TRBV14*02,None,TRBJ2-7*01,1
755,CGSSLAVTSVTYEKYF,TRBV5-1*01,None,TRBJ2-7*01,1
756,CGSSLSVGPTHEQYF,TRBV14*02,None,TRBJ2-7*01,1
757,CGSSLSVISVTYEQYF,TRBV5-1*02,None,TRBJ2-7*01,1
758,CGSSQVRGEQYF,TRBV6-6*04,None,TRBJ2-7*01,1
759,CHSSFSVGPTYEQDF,TRBV14*02,None,TRBJ2-7*01,1
760,CPGTPGPAGPDLYF,TRBV25-1*01,None,TRBJ2-7*01,1
761,CPIIFCVRPTYEQYF,TRBV14*02,None,TRBJ2-3*01,1
762,CPISVRVGPNYEQYF,TRBV5-4*03,None,TRBJ2-7*01,1
763,CPMSFSVGPAYEQYF,TRBV14*02,None,TRBJ2-7*01,1
764,CPRSCSVGPTYELYF,TRBV14*02,None,TRBJ2-7*01,1
765,CPRSFNVVATYEQYF,TRBV14*02,None,TRBJ2-7*01,1
766,CAFSFSVGPTYEQYF,TRBV14*02,None,TRBJ2-7*01,1
767,CPRSISVGPTCHLYF,TRBV14*02,None,TRBJ2-7*01,1
768,CPSRFRVGPTYEQYF,TRBV14*02,None,TRBJ2-7*01,1
769,CPSRFSVGPTYEQYF,TRBV6-6*05,None,TRBJ2-7*01,1
770,CPSRFSVRPTYEQYF,TRBV14*02,None,TRBJ2-7*01,1
771,CPSSCSVGPTYEQYF,TRBV14*02,None,TRBJ2-7*01,1
772,CFSRFSVGPTYEQYF,TRBV14*02,None,TRBJ2-3*01,1
773,CFHSVSVGPTYEHYF,TRBV9*03,None,TRBJ2-7*01,1
774,CESSFSVGPTYEQYF,TRBV14*02,None,TRBJ2-7*01,1
775,CAGRFSVGPTYEQYF,TRBV14*02,None,TRBJ2-7*01,1
776,CATSFSVGPTHEQYF,TRBV14*02,None,TRBJ2-7*01,1
777,CAGSEVRGEQFF,TRBV2*01,None,TRBJ2-3*01,1
778,CATSFSVGPTYEQYF,TRBV18*01,None,TRBJ2-7*01,1
779,CASSFSVRPTYGQYF,TRBV14*02,None,TRBJ2-7*01,1
780,CATSISVVPIYELYF,TRBV14*02,None,TRBJ2-7*01,1
781,CATSLIVEATYEQYF,TRBV14*02,None,TRBJ2-7*01,1
782,CATSLLIQATYEQFF,TRBV18*01,None,TRBJ2-7*01,1
783,CATSSCVGPTYETYF,TRBV14*02,None,TRBJ2-7*01,1
784,CATSSSVGPTFEQYF,TRBV14*02,None,TRBJ2-3*01,1
785,CATSTGGVQPQHF,TRBV6-6*03,TRBD1*01,TRBJ1-5*01,1
786,CATTDRAFQETQYF,TRBV24-1*01,None,TRBJ2-5*01,1
787,CAGSCSVGPTYEQYF,TRBV14*02,None,TRBJ2-7*01,1
788,CDRSFSGGPTYEQYF,TRBV14*02,None,TRBJ2-7*01,1
789,CDSCFSVGPTYEPYF,TRBV14*02,None,TRBJ2-7*01,1
790,CDSSFCVGPTYEQYF,TRBV14*02,None,TRBJ2-7*01,1
791,CDSTPGAAEREQYF,TRBV25-1*01,None,TRBJ2-7*01,1
792,CDSSFRVGPTYEQYF,TRBV14*02,None,TRBJ2-7*01,1
793,CDSSFSVEPTYEQYF,TRBV14*02,None,TRBJ2-7*01,1
794,CDSSFSVGATYEQYF,TRBV14*02,None,TRBJ2-7*01,1
795,CDSSFSVGLTYDQHF,TRBV14*02,None,TRBJ2-7*01,1
796,CDSSFSVGLTYEQYF,TRBV14*02,None,TRBJ2-7*01,1
797,CDSSFSVGPSYEQYF,TRBV14*02,None,TRBJ2-7*01,1
798,CDSSFSVGPTYEHYF,TRBV14*02,None,TRBJ2-7*01,1
799,CDSSFSVGPTYEQYF,TRBV13*01,None,TRBJ2-7*01,1
800,CAGRFSLGPTYEQYF,TRBV14*02,None,TRBJ2-7*01,1
801,CDSSFSVGPTYEQYF,TRBV6-6*05,None,TRBJ2-7*01,1
802,CDSSFSVGPTYKQYF,TRBV14*02,None,TRBJ2-3*01,1
803,CAGRFCVVPTYEQYF,TRBV14*02,None,TRBJ2-7*01,1
804,CDSSFSVVPTYAQYF,TRBV14*02,None,TRBJ2-7*01,1
805,CDSSLSVGPTYEQYF,TRBV14*02,None,TRBJ2-7*01,1
806,CPSSEVRGEQYF,TRBV6-6*03,None,TRBJ2-7*01,1
807,CPSSFGVGPVYEQYF,TRBV14*02,None,TRBJ2-7*01,1
808,CPSSFKVGPTYEQYF,TRBV14*02,None,TRBJ2-7*01,1
809,CACSFSVGPTYEQYF,TRBV6-6*05,None,TRBJ2-5*01,1
810,CACSFSVGPTYVQYF,TRBV14*02,None,TRBJ2-7*01,1
811,CSAQHRSGDHNEQLF,TRBV20-1*03,None,TRBJ2-1*01,1
812,CSAQHRSGDHNEQYF,TRBV20-1*02,None,TRBJ2-1*01,1
813,CSAQHRSVDHNEQFF,TRBV20-1*02,None,TRBJ2-1*01,1
814,CSARDWQGSYNEQFF,TRBV20-1*07,None,TRBJ2-1*01,1
815,CSASAWQVSYNEQFF,TRBV20-1*06,None,TRBJ2-1*01,1
816,CSASDWQCSYNEQFF,TRBV20-1*02,None,TRBJ2-1*01,1
817,CSASDWQGCYNEQFF,TRBV20-1*01,None,TRBJ2-1*01,1
818,CSASDWQGSYNAQYF,TRBV20-1*07,None,TRBJ2-1*01,1
819,CACSFSVGPTYGQYF,TRBV14*02,None,TRBJ2-7*01,1
820,CACSFSVGPTYERYF,TRBV14*02,None,TRBJ2-7*01,1
821,CACSFSVGPTYEQYF,TRBV7-2*01,None,TRBJ2-7*01,1
822,CSASDWQGSYNEQFF,TRBV20-1*04,None,TRBJ2-3*01,1
823,CACSFSVGPTYEQYF,TRBV6-6*05,None,TRBJ2-7*01,1
824,CACSFSVGPTYEPYF,TRBV14*02,None,TRBJ2-7*01,1
825,CACSLSGAPTYEQYF,TRBV14*02,None,TRBJ2-7*01,1
826,CSASDWQGSYNEQIF,TRBV20-1*05,None,TRBJ2-1*01,1
827,CSASDWQGSYNEQYF,TRBV20-1*03,None,TRBJ2-7*01,1
828,CSASDWQGSYNRQPF,TRBV20-1*02,None,TRBJ2-1*01,1
829,CSASDWQSSYNEQFF,TRBV20-1*05,None,TRBJ2-1*01,1
830,CSASDWQVFYNELFF,TRBV20-1*06,None,TRBJ2-5*01,1
831,CSASDWRGAYNEQFF,TRBV20-1*06,None,TRBJ2-1*01,1
832,CSASNWHGSYNDQFF,TRBV20-1*05,None,TRBJ2-1*01,1
833,CSASNWQGSYNEQFF,TRBV20-1*02,None,TRBJ2-1*01,1
834,CSASNWQHSYNEQFF,TRBV20-1*06,None,TRBJ2-1*01,1
835,CSASYWQCSYNEQFF,TRBV20-1*05,None,TRBJ2-1*01,1
836,CSAVAGCSYEQYF,TRBV20-1*06,None,TRBJ2-7*01,1
837,CSAVAGFSYEKYF,TRBV20-1*06,None,TRBJ2-7*01,1
838,CSAVAGFSYEQYF,TRBV20-1*02,None,TRBJ2-5*01,1
839,CACSFSVGPTYDQYF,TRBV14*02,None,TRBJ2-7*01,1
840,CACSFSVVPTYEQYF,TRBV14*02,None,TRBJ2-7*01,1
841,CSAQHRSGDHNEKFF,TRBV20-1*06,None,TRBJ2-1*01,1
842,CPSSFRIGPAYDQYF,TRBV14*02,None,TRBJ2-3*01,1
843,CPSSFSVGRTYEQYF,TRBV9*01,None,TRBJ2-7*01,1
844,CPSSFRVGPTYAQYF,TRBV14*02,None,TRBJ2-7*01,1
845,CPSSFSAGPTYEQYF,TRBV14*02,None,TRBJ2-7*01,1
846,CPSSFSVGLTYEQYF,TRBV14*02,None,TRBJ2-7*01,1
847,CPSSFSVGLTYVQYF,TRBV14*02,None,TRBJ2-7*01,1
848,CPSSFSVGPAYEQYF,TRBV5-7*01,None,TRBJ2-7*01,1
849,CPSSFSVGPIYEQYF,TRBV14*02,None,TRBJ2-7*01,1
850,CPSSFSVGPSYEQYF,TRBV14*02,None,TRBJ2-7*01,1
851,CPSSFSVGPTYDQYF,TRBV14*02,None,TRBJ2-7*01,1
852,CPSSFSVGPTYEQYF,TRBV14*02,None,TRBJ2-3*01,1
853,CACTFNVGPTYEQYF,TRBV14*02,None,TRBJ2-7*01,1
854,CACSLVTGTTDTQYF,TRBV7-9*04,None,TRBJ2-3*01,1
855,CPSSFSVGPTYKKYF,TRBV14*02,None,TRBJ2-7*01,1
856,CACSLSVGPTYEQYF,TRBV14*02,None,TRBJ2-3*01,1
857,CPSSFSVGPTYVQYF,TRBV14*02,None,TRBJ2-7*01,1
858,CPSSFSVVPTYEQYF,TRBV14*02,None,TRBJ2-7*01,1
859,CSAQHRRGEHNEQFF,TRBV20-1*04,None,TRBJ2-1*01,1
860,CPSSFSVVPTYQQYF,TRBV14*02,None,TRBJ2-7*01,1
861,CPSSFSVWRTYEQYF,TRBV5-7*01,None,TRBJ2-7*01,1
862,CPSSKVRGEQYF,TRBV6-6*03,None,TRBJ2-7*01,1
863,CPSSSIVGPTNELYF,TRBV13*01,None,TRBJ2-7*01,1
864,CPSTPAAAERQQYF,TRBV25-1*01,None,TRBJ2-7*01,1
865,CPSTPGAAEREQYF,TRBV25-1*01,None,TRBJ2-7*01,1
866,CPTSEGRGEQYF,TRBV10-3*03,None,TRBJ2-7*01,1
867,CPTSFSLGSTYKLYF,TRBV14*02,None,TRBJ2-7*01,1
868,CRASDWQGHHNELFF,TRBV20-1*03,None,TRBJ2-1*01,1
869,CSACDWQGSYNEQFF,TRBV20-1*03,None,TRBJ2-1*01,1
870,CSAGAWQGSYNEQFF,TRBV20-1*05,None,TRBJ2-1*01,1
871,CSALAGFSYVQYF,TRBV20-1*07,None,TRBJ2-7*01,1
872,CSALGGFSYEQYF,TRBV20-1*02,None,TRBJ2-7*01,1
873,CSAQHRIGYHNEQFF,TRBV20-1*07,None,TRBJ2-1*01,1
874,CASSFSVRPTYKQYF,TRBV14*02,None,TRBJ2-7*01,1
875,CAMREVSNAGRTRYGKLTF,TRBV2*02,None,TRBJ1-1*01,1
876,CASSFSVRPTYERYF,TRBV14*02,None,TRBJ2-7*01,1
877,CASSFNVGHTYEQYF,TRBV14*02,None,TRBJ2-7*01,1
878,CASSFIVGPTYEQYF,TRBV6-6*03,None,TRBJ2-7*01,1
879,CASSFIVGPTYEQYF,TRBV6-6*05,None,TRBJ2-7*01,1
880,CASSFIVGPTYEQYF,TRBV7-9*01,None,TRBJ2-7*01,1
881,CASSFIVGPTYERYF,TRBV14*02,None,TRBJ2-7*01,1
882,CASSFIVGPTYKQYF,TRBV14*02,None,TRBJ2-7*01,1
883,CASSFIVRPTYEQYF,TRBV13*01,None,TRBJ2-7*01,1
884,CASSFIVRPTYKQYF,TRBV14*02,None,TRBJ2-7*01,1
885,CASSFIVVPTYDQYF,TRBV14*02,None,TRBJ2-7*01,1
886,CASSFIVVPTYEQYF,TRBV14*02,None,TRBJ2-7*01,1
887,CASSFLVGPTYEQYF,TRBV14*02,None,TRBJ2-7*01,1
888,CASSFNEGPTYEQYF,TRBV14*02,None,TRBJ2-7*01,1
889,CASSFNMGRTYEQHF,TRBV14*02,None,TRBJ2-3*01,1
890,CASSFNRGSNHPQYF,TRBV14*02,None,TRBJ1-5*01,1
891,CASSFNVDHNYHQYF,TRBV14*02,None,TRBJ2-7*01,1
892,CASSFNVGLSYEQYF,TRBV14*02,None,TRBJ2-7*01,1
893,CASIFIVGPTYEQYF,TRBV14*02,None,TRBJ2-7*01,1
894,CASSFNVGLTYEQYF,TRBV14*02,None,TRBJ2-7*01,1
895,CASSFNVGPSYEQYF,TRBV14*02,None,TRBJ2-7*01,1
896,CASSFNVGPTYEHYF,TRBV14*02,None,TRBJ2-7*01,1
897,CASSFNVGPTYEQCF,TRBV14*02,None,TRBJ2-7*01,1
898,CASSFNVGPTYEQYF,TRBV14*02,None,TRBJ2-5*01,1
899,CASHSSIGPTYVQYF,TRBV14*02,None,TRBJ2-7*01,1
900,CASSFNVGPTYEQYF,TRBV3-1*01,None,TRBJ2-7*01,1
901,CASSFNVGPTYEQYF,TRBV6-6*05,None,TRBJ2-7*01,1
902,CASGWDRFPVNSPLHF,TRBV7-8*03,None,TRBJ1-6*01,1
903,CASSFNVGPTYVQYF,TRBV14*02,None,TRBJ2-7*01,1
904,CASSFNVRPIYSQYF,TRBV14*02,None,TRBJ2-7*01,1
905,CASSFRGGPTYEQYF,TRBV14*02,None,TRBJ2-7*01,1
906,CASGSSVGPTYEQYF,TRBV14*02,None,TRBJ2-7*01,1
907,CASSFRIRPTYEQYF,TRBV14*02,None,TRBJ2-7*01,1
908,CASIFGVGPTYEQYF,TRBV14*02,None,TRBJ2-7*01,1
909,CASSFIVGPTYEQYF,TRBV14*02,None,TRBJ1-1*01,1
910,CASGGQNYGYTF,TRBV7-9*04,None,TRBJ1-2*01,1
911,CASSFGVGPSYEQYF,TRBV14*02,None,TRBJ2-7*01,1
912,CASIFSMGTTYEQYF,TRBV14*02,None,TRBJ2-7*01,1
913,CASSFCVGPTYEHYF,TRBV14*02,None,TRBJ2-7*01,1
914,CASIFSMGPTYEQYF,TRBV14*02,None,TRBJ2-7*01,1
915,CASSFCVGPTYEQYF,TRBV5-6*01,None,TRBJ2-7*01,1
916,CASSFCVGPTYGQYF,TRBV14*02,None,TRBJ2-7*01,1
917,CASSFCVGPTYVQYF,TRBV14*02,None,TRBJ2-7*01,1
918,CASSFCVRATNEQYF,TRBV14*02,None,TRBJ2-5*01,1
919,CASSFDMGSTYPQYF,TRBV14*02,None,TRBJ2-1*01,1
920,CASSFGLGPTYEKYF,TRBV14*02,None,TRBJ2-7*01,1
921,CASSFGLGPTYEQYF,TRBV14*02,None,TRBJ2-7*01,1
922,CASSFGMGPTYEQYF,TRBV14*02,None,TRBJ2-7*01,1
923,CASSFGVGATYVQYF,TRBV10-1*02,None,TRBJ2-7*01,1
924,CASIFSGGPTYEQYF,TRBV14*02,None,TRBJ2-7*01,1
925,CASSFGVGPSYEQYF,TRBV14*02,None,TRBJ2-3*01,1
926,CASSFGVGPTYDQYF,TRBV14*02,None,TRBJ2-7*01,1
927,CASSFIVGPTYEQDF,TRBV14*02,None,TRBJ2-7*01,1
928,CASIFSFGPTYEQCF,TRBV14*02,None,TRBJ2-7*01,1
929,CASSFGVRATYEQYF,TRBV14*02,None,TRBJ2-7*01,1
930,CASSFHVGPTYEQYF,TRBV14*02,None,TRBJ2-7*01,1
931,CASSFIGGPTYEQYF,TRBV7-3*04,None,TRBJ2-7*01,1
932,CASSFILGPTYEQYF,TRBV14*02,None,TRBJ2-3*01,1
933,CASSFIMGPTYEQYF,TRBV14*02,None,TRBJ2-3*01,1
934,CASSFIMGPTYEQYF,TRBV14*02,None,TRBJ2-7*01,1
935,CASSFIVAPTYEQYF,TRBV14*02,None,TRBJ2-7*01,1
936,CASSFIVEPTYEQYF,TRBV14*02,None,TRBJ2-7*01,1
937,CASSFIVEPTYERYF,TRBV9*01,None,TRBJ2-7*01,1
938,CASIFRVGPTYEQYF,TRBV14*02,None,TRBJ2-7*01,1
939,CASSFIVGPSYEQYF,TRBV14*02,None,TRBJ2-7*01,1
940,CASSFIVGPTYAQYF,TRBV14*02,None,TRBJ2-7*01,1
941,CASSFIVGPTYELYF,TRBV6-6*05,None,TRBJ2-7*01,1
942,CASSFRLGPTYEQYF,TRBV10-1*02,None,TRBJ2-3*01,1
943,CASSFRMGPTYEQYF,TRBV14*02,None,TRBJ2-7*01,1
944,CASSFSVRPTYEQYF,TRBV7-2*02,None,TRBJ2-3*01,1
945,CASSFSLGPTYAQYF,TRBV14*02,None,TRBJ2-3*01,1
946,CASSFSGEPNYGQYF,TRBV13*01,None,TRBJ2-7*01,1
947,CASSFSGGPIYELYF,TRBV14*02,None,TRBJ2-3*01,1
948,CASSFSGGPTYEHYF,TRBV14*02,None,TRBJ2-3*01,1
949,CASSFSGGPTYEQYF,TRBV14*02,None,TRBJ2-3*01,1
950,CASGFRVEPTYEQYF,TRBV14*02,None,TRBJ2-7*01,1
951,CASSFSGTHLRAVLRAGHQAHGHRF,TRBV14*02,None,TRBJ2-7*01,1
952,CASSFSIGRTYKQYF,TRBV14*02,None,TRBJ2-7*01,1
953,CASSFSIGTTYEQYF,TRBV7-2*04,None,TRBJ2-3*01,1
954,CASSFSLEPTYEQYF,TRBV18*01,None,TRBJ2-7*01,1
955,CASGFIVGPTYEQFF,TRBV14*02,None,TRBJ2-7*01,1
956,CASSFSLGLTYAQYF,TRBV14*02,None,TRBJ2-7*01,1
957,CASSFSLGPAYEQYF,TRBV14*02,None,TRBJ2-7*01,1
958,CASSFSLGPNYEQYF,TRBV14*02,None,TRBJ2-7*01,1
959,CASSFSLGPTSEQYF,TRBV14*02,None,TRBJ2-7*01,1
960,CASSFSLGPTYDHYF,TRBV3-1*01,None,TRBJ2-7*01,1
961,CASSFSFGPAYEQYF,TRBV7-2*02,None,TRBJ2-7*01,1
962,CASSFSLGPTYDQYF,TRBV14*02,None,TRBJ2-7*01,1
963,CASSFSLGPTYEHYF,TRBV14*02,None,TRBJ2-7*01,1
964,CASSFSLGPTYELYF,TRBV5-8*01,None,TRBJ2-3*01,1
965,CASSFSLGPTYEPYF,TRBV14*02,None,TRBJ2-7*01,1
966,CASSFSLGPTYEQCF,TRBV14*02,None,TRBJ2-7*01,1
967,CASSFSLGPTYEQDF,TRBV14*02,None,TRBJ2-7*01,1
968,CASDFRVGPTYEQYF,TRBV14*02,None,TRBJ2-7*01,1
969,CASSFSLGPTYEQYF,TRBV14*02,None,TRBJ2-4*01,1
970,CASCFTVGPTYAKYF,TRBV14*02,None,TRBJ2-7*01,1
971,CASSFSLGPTYEQYF,TRBV5-4*01,None,TRBJ2-7*01,1
972,CASCFSVVPTYEQYF,TRBV14*02,None,TRBJ2-7*01,1
973,CASCFSVVPTYEQYF,TRBV14*02,None,TRBJ2-3*01,1
974,CASCFSVVPTCEQYF,TRBV14*02,None,TRBJ2-7*01,1
975,CASSFSLGPTYKKHF,TRBV14*02,None,TRBJ2-7*01,1
976,CASSFSFGPTYEQYF,TRBV14*02,None,TRBJ2-7*01,1
977,CASSFSEGPTYEQYF,TRBV6-6*05,None,TRBJ2-7*01,1
978,CASSFRVGATYEQYF,TRBV7-8*02,None,TRBJ2-7*01,1
979,CASSFRVGSTYEQYF,TRBV14*02,None,TRBJ2-7*01,1
980,CASSFRVGFTYEQYF,TRBV14*02,None,TRBJ2-7*01,1
981,CASSFRVGPNYEQYF,TRBV14*02,None,TRBJ2-1*01,1
982,CASSFRVGPNYEQYF,TRBV14*02,None,TRBJ2-7*01,1
983,CASSFRVGPSYEQYF,TRBV14*02,None,TRBJ2-3*01,1
984,CASSFRVGPSYEQYF,TRBV14*02,None,TRBJ2-7*01,1
985,CASSFRVGPSYQQYF,TRBV13*02,None,TRBJ2-7*01,1
986,CASSFRVGPTSEQYF,TRBV14*02,None,TRBJ2-7*01,1
987,CASSFRVGPTYEKDF,TRBV14*02,None,TRBJ2-7*01,1
988,CASSFRVGPTYEKYF,TRBV14*02,None,TRBJ2-7*01,1
989,CASSFRVGPTYEQNF,TRBV14*02,None,TRBJ2-7*01,1
990,CASSFRVGPTYEQYF,TRBV14*01,None,TRBJ2-3*01,1
991,CASSFRVGPTYEQYF,TRBV14*01,None,TRBJ2-7*01,1
992,CASGFSVGPTYVQYF,TRBV14*02,None,TRBJ2-5*01,1
993,CASSFRVGRTYEQYF,TRBV14*02,None,TRBJ2-7*01,1
994,CASGFSVGPTHEQYF,TRBV14*02,None,TRBJ2-7*01,1
995,CASGFRVGPTYEQYF,TRBV14*02,None,TRBJ2-7*01,1
996,CASSFRVVPTYEQYF,TRBV14*02,None,TRBJ2-3*01,1
997,CASSFSAEPTYEQYF,TRBV14*02,None,TRBJ2-7*01,1
998,CASSFSAGHTYEQYF,TRBV14*02,None,TRBJ2-7*01,1
999,CASSFSAGPGYEQYF,TRBV6-6*05,None,TRBJ2-7*01,1
1000,CASSFSAGPSYEQYF,TRBV6-6*05,None,TRBJ2-7*01,1
1001,CASSFSAGPTYAQYF,TRBV14*02,None,TRBJ2-7*01,1
1002,CASSFSAGPTYEQCF,TRBV14*02,None,TRBJ2-7*01,1
1003,CASSFSAGPTYEQYF,TRBV13*01,None,TRBJ2-7*01,1
1004,CASGFSLGPTYEQYF,TRBV14*02,None,TRBJ2-7*01,1
1005,CASSFSAGPTYEQYF,TRBV14*02,None,TRBJ2-5*01,1
1006,CASGFSFGPTYEQYF,TRBV14*02,None,TRBJ2-7*01,1
1007,CASGFRVQLTYEQYF,TRBV14*02,None,TRBJ2-3*01,1
1008,CASSFSAGPTYERYF,TRBV14*02,None,TRBJ2-7*01,1
1009,CASSFSAGPTYKQYF,TRBV14*02,None,TRBJ2-7*01,1
1010,CASSEVRVEQYF,TRBV6-6*03,None,TRBJ2-7*01,1
1011,CASSEVRVAQYF,TRBV6-1*01,None,TRBJ2-7*01,1
1012,CASIFSVAHNYEQYF,TRBV14*02,None,TRBJ2-7*01,1
1013,CASSCSVGPTYEHYF,TRBV14*02,None,TRBJ2-7*01,1
1014,CASSCSVEPTYKQYF,TRBV14*02,None,TRBJ2-7*01,1
1015,CASSCSVEPTYVQYF,TRBV14*02,None,TRBJ2-3*01,1
1016,CASSCSVGATYEQYF,TRBV9*03,None,TRBJ2-7*01,1
1017,CASSCSVGPIYEQYF,TRBV14*02,None,TRBJ2-7*01,1
1018,CASSCSVGPNHEQYF,TRBV14*02,None,TRBJ1-5*01,1
1019,CASSCSVGPNYDQYF,TRBV14*02,None,TRBJ2-7*01,1
1020,CASSCSVGPNYEQYF,TRBV14*02,None,TRBJ2-3*01,1
1021,CASSCSVGPSYELYF,TRBV14*02,None,TRBJ2-7*01,1
1022,CASSCSVGPSYEQYF,TRBV14*02,None,TRBJ2-7*01,1
1023,CASSCSVGPTYDLYF,TRBV14*02,None,TRBJ2-3*01,1
1024,CASSCSVGPTYDQYF,TRBV14*02,None,TRBJ2-3*01,1
1025,CASSCSVGPTYDQYF,TRBV14*02,None,TRBJ2-7*01,1
1026,CASSCSVGPTYEEYF,TRBV14*02,None,TRBJ2-7*01,1
1027,CASSCSVGPTYEHYF,TRBV14*02,None,TRBJ2-3*01,1
1028,CASSCSVGPTYEQYF,TRBV14*01,None,TRBJ2-3*01,1
1029,CASSCSVAPTYEQYF,TRBV14*02,None,TRBJ2-1*01,1
1030,CASSCSVGPTYEQYF,TRBV14*02,None,TRBJ2-3*01,1
1031,CASRFSLGPTYEQYF,TRBV14*02,None,TRBJ2-7*01,1
1032,CASSCSVGPTYEQYF,TRBV6-6*05,None,TRBJ2-7*01,1
1033,CASSCSVGPTYGQYF,TRBV14*02,None,TRBJ2-7*01,1
1034,CASSCSVGPTYHQYF,TRBV14*02,None,TRBJ2-7*01,1
1035,CASSCSVGPTYKQYF,TRBV14*02,None,TRBJ2-7*01,1
1036,CASSCSVGTNYEQYF,TRBV14*02,None,TRBJ2-7*01,1
1037,CASSCSVGTTDDQYF,TRBV14*02,None,TRBJ1-5*01,1
1038,CASSCSVGTTYEQYF,TRBV14*02,None,TRBJ2-5*01,1
1039,CASRFIVGPTYEQYF,TRBV14*02,None,TRBJ2-7*01,1
1040,CASSCSVRPNYEQHF,TRBV14*02,None,TRBJ2-7*01,1
1041,CASSCSVVPTYSQYF,TRBV14*02,None,TRBJ2-3*01,1
1042,CASSDGRGEQYF,TRBV6-6*03,None,TRBJ2-7*01,1
1043,CASSDHANAGELFF,TRBV6-6*03,None,TRBJ2-2*01,1
1044,CASSCSVEPTYEQYF,TRBV14*02,None,TRBJ2-7*01,1
1045,CASSCSMGPTYEQYF,TRBV14*02,None,TRBJ2-7*01,1
1046,CASSEVRREQYF,TRBV6-6*03,None,TRBJ2-7*01,1
1047,CASRLGGPSYNEHFF,TRBV5-4*04,None,TRBJ2-1*01,1
1048,CASRFSVGPAYEQYF,TRBV9*01,None,TRBJ2-1*01,1
1049,CASRFSVGPNYEQYF,TRBV6-6*03,None,TRBJ2-7*01,1
1050,CASRFSVGPPYEQYF,TRBV14*02,None,TRBJ2-7*01,1
1051,CASRFSVGPTYEEYF,TRBV14*02,None,TRBJ2-7*01,1
1052,CASRFSVGPTYEQYF,TRBV13*01,None,TRBJ2-7*01,1
1053,CASRFSVEPTYEQYF,TRBV14*02,None,TRBJ2-3*01,1
1054,CASRFSMQRSYDQYF,TRBV6-7*01,None,TRBJ2-7*01,1
1055,CASRFSMGPTYEQYF,TRBV14*02,None,TRBJ2-7*01,1
1056,CASRFSVGPTYQLYF,TRBV14*02,None,TRBJ2-7*01,1
1057,CASRFSVGSTYQQYF,TRBV14*02,None,TRBJ2-7*01,1
1058,CASRFSVVPNYEQYF,TRBV14*02,None,TRBJ2-7*01,1
1059,CASRFSVVPTYEQYF,TRBV14*02,None,TRBJ2-7*01,1
1060,CASRFTVGLTYEQYF,TRBV14*02,None,TRBJ2-7*01,1
1061,CASRISTCSANYGYTF,TRBV12-4*02,None,TRBJ1-2*01,1
1062,CASRLIVGPTYEQYF,TRBV14*02,None,TRBJ2-7*01,1
1063,CASSCSLGPTYGQYF,TRBV14*02,None,TRBJ2-7*01,1
1064,CASRLSVGPTYEQYF,TRBV14*02,None,TRBJ2-7*01,1
1065,CASRPDRRTTDTQYF,TRBV5-8*02,None,TRBJ2-3*01,1
1066,CASRWDLFPVNSPLHF,TRBV7-8*03,None,TRBJ1-6*01,1
1067,CASRWDRFPANSPLHF,TRBV7-8*03,None,TRBJ1-6*01,1
1068,CASRWDRFPVKSPLHF,TRBV7-8*03,None,TRBJ1-6*01,1
1069,CASRFSLGPTYVLYF,TRBV14*02,None,TRBJ2-7*01,1
1070,CASRWDRFPVTSPLAF,TRBV7-8*03,None,TRBJ1-6*01,1
1071,CASRWGRFPVNSPLHF,TRBV7-8*03,None,TRBJ1-6*01,1
1072,CASRYSVGPTYEQYF,TRBV14*02,None,TRBJ2-7*01,1
1073,CASSAVRGEQYF,TRBV27*01,None,TRBJ2-7*01,1
1074,CASSAVRGEQYF,TRBV6-6*03,None,TRBJ2-7*01,1
1075,CASSCGVGPTYEQYF,TRBV14*02,None,TRBJ2-3*01,1
1076,CASSCRVGHRYDQNF,TRBV11-3*01,None,TRBJ2-7*01,1
1077,CASSCSLGPTYDQYF,TRBV14*02,None,TRBJ2-7*01,1
1078,CASSDSNYCYTF,TRBV6-6*03,None,TRBJ1-2*01,1
1079,CASSDVGSEQYF,TRBV6-6*03,None,TRBJ2-7*01,1
1080,CASREVRGEQYF,TRBV6-6*03,None,TRBJ2-7*01,1
1081,CASSEVRGEQYGAGHQAHGHRF,TRBV6-6*03,None,TRBJ2-7*01,1
1082,CASSEVRGEQFF,TRBV6-6*03,None,TRBJ2-7*01,1
1083,CASSEVRGEQHF,TRBV6-1*01,None,TRBJ2-7*01,1
1084,CASLDVRGEQYF,TRBV6-6*05,None,TRBJ2-7*01,1
1085,CASSEVRGEQNF,TRBV6-6*03,None,TRBJ2-7*01,1
1086,CASSEVRGEQYF,TRBV10-1*02,None,TRBJ2-7*01,1
1087,CASSEVRGEQYF,TRBV14*02,None,TRBJ2-5*01,1
1088,CASILSVGPTYEQYF,TRBV14*02,None,TRBJ2-7*01,1
1089,CASSEVRGEQYF,TRBV2*01,None,TRBJ2-7*01,1
1090,CASILCVGTTSEQYF,TRBV14*02,None,TRBJ2-7*01,1
1091,CASIISVVPTYEQYF,TRBV14*02,None,TRBJ2-7*01,1
1092,CASIIGVGPTYEQYF,TRBV3-1*01,None,TRBJ2-7*01,1
1093,CASIFTVGPTYEQYF,TRBV14*02,None,TRBJ2-7*01,1
1094,CASIFTVGPTYEHYF,TRBV14*02,None,TRBJ2-7*01,1
1095,CASIFSVVPTYEQYF,TRBV14*02,None,TRBJ2-7*01,1
1096,CASSEVRGEQYVVGHQAHGHRF,TRBV6-6*03,None,TRBJ2-7*01,1
1097,CASREVRGEQYF,TRBV6-1*01,None,TRBJ2-7*01,1
1098,CASSEVRGERYF,TRBV14*02,None,TRBJ2-7*01,1
1099,CASIFSVGPTYEQYF,TRBV14*02,None,TRBJ2-3*01,1
1100,CASSEVRGEVRRAGHQAHGHRF,TRBV6-6*03,None,TRBJ2-7*01,1
1101,CASIFSVGPTYEQNF,TRBV18*01,None,TRBJ2-7*01,1
1102,CASIFSVGPTYEQHF,TRBV6-6*05,None,TRBJ2-7*01,1
1103,CASSEVRGKQYF,TRBV14*02,None,TRBJ2-7*01,1
1104,CASSEVRGKQYF,TRBV6-1*01,None,TRBJ2-7*01,1
1105,CASSEVRGKQYF,TRBV6-6*03,None,TRBJ2-3*01,1
1106,CASIFSVGPPYEQYF,TRBV14*02,None,TRBJ2-7*01,1
1107,CASSEVRGVQYF,TRBV14*02,None,TRBJ2-7*01,1
1108,CASIFSVGLTYEQYF,TRBV14*02,None,TRBJ2-7*01,1
1109,CASIFSVGHTYEQYF,TRBV14*02,None,TRBJ2-7*01,1
1110,CASSEVRRAVRRAGHQAHGHRF,TRBV6-1*01,None,TRBJ2-7*01,1
1111,CASIFSVEPTYEQYF,TRBV14*02,None,TRBJ2-7*01,1
1112,CASSEVRGEPYF,TRBV6-6*03,None,TRBJ2-7*01,1
1113,CASSEVRGELYF,TRBV6-6*03,None,TRBJ2-7*01,1
1114,CASSEVRGEKYF,TRBV6-6*03,None,TRBJ2-7*01,1
1115,CASLFSVGPTYEQYF,TRBV14*02,None,TRBJ2-7*01,1
1116,CASSEDRGEQYF,TRBV6-1*01,None,TRBJ2-7*01,1
1117,CASREVRGEQCF,TRBV6-6*03,None,TRBJ2-7*01,1
1118,CASSEFRGEQYF,TRBV14*02,None,TRBJ2-7*01,1
1119,CASSEFRGEQYF,TRBV6-1*01,None,TRBJ2-7*01,1
1120,CASREVRGAVRRAGHQAHGHRF,TRBV6-6*05,None,TRBJ2-7*01,1
1121,CASSEFRGEQYF,TRBV6-6*05,None,TRBJ2-7*01,1
1122,CASSEGRGEQYF,TRBV14*02,None,TRBJ2-7*01,1
1123,CASSEGRGEQYF,TRBV6-6*03,None,TRBJ2-3*01,1
1124,CASRDSVGPTSEQYF,TRBV14*02,None,TRBJ2-7*01,1
1125,CASSEIRGEKYF,TRBV6-6*03,None,TRBJ2-7*01,1
1126,CASSEIRGEQYF,TRBV6-6*03,None,TRBJ2-7*01,1
1127,CASSELRGEQYF,TRBV6-1*01,None,TRBJ2-7*01,1
1128,CASSELRGEQYF,TRBV6-6*03,None,TRBJ2-7*01,1
1129,CASSEVCVEQYF,TRBV6-6*03,None,TRBJ2-7*01,1
1130,CASSEVLGEQYF,TRBV14*02,None,TRBJ2-7*01,1
1131,CASSEVLGEQYF,TRBV6-1*01,None,TRBJ2-7*01,1
1132,CASPPGAAEREQYF,TRBV25-1*01,None,TRBJ2-7*01,1
1133,CASPFSVGHTYGQYF,TRBV14*02,None,TRBJ2-7*01,1
1134,CASSEVRAEQYF,TRBV6-6*03,None,TRBJ2-3*01,1
1135,CASNFSVRPIYQQYF,TRBV14*02,None,TRBJ2-7*01,1
1136,CASNFSVGPTYDQYF,TRBV14*02,None,TRBJ2-3*01,1
1137,CASNFSAGPTYEQYF,TRBV14*02,None,TRBJ2-7*01,1
1138,CASSEVRDEQYF,TRBV6-6*03,None,TRBJ2-3*01,1
1139,CASSEVRGAQYF,TRBV6-1*01,None,TRBJ2-7*01,1
1140,CASNAGAAEREQYF,TRBV25-1*01,None,TRBJ2-7*01,1
1141,CASMFSVGPTYEQYF,TRBV14*02,None,TRBJ2-7*01,1
1142,CASMFSMGPRYEQYF,TRBV14*02,None,TRBJ2-7*01,1
1143,CASSEVRGDQSF,TRBV6-6*03,None,TRBJ2-7*01,1
1144,CASSEVRGEHYF,TRBV6-6*03,None,TRBJ2-7*01,1
1145,CASSFSLGPTYQQYF,TRBV14*02,None,TRBJ2-7*01,1
1146,CASSFSLRLTYEQYF,TRBV14*02,None,TRBJ2-7*01,1
1147,CASCFSVLPTYEQYF,TRBV14*02,None,TRBJ2-7*01,1
1148,CARIFSVGPTYEQYF,TRBV14*02,None,TRBJ2-7*01,1
1149,CARSEVQGEQYF,TRBV6-6*03,None,TRBJ2-7*01,1
1150,CASSFSVGPTYEQYF,TRBV5-5*01,None,TRBJ2-7*01,1
1151,CARSCSVGPTYEQYF,TRBV14*02,None,TRBJ2-7*01,1
1152,CARRFSVGPTYVQYF,TRBV14*02,None,TRBJ2-7*01,1
1153,CASSFSVGPTYEQYF,TRBV5-8*01,None,TRBJ2-7*01,1
1154,CARRFSLLPTCEQYF,TRBV14*02,None,TRBJ2-7*01,1
1155,CASSFSVGPTYEQYF,TRBV6-6*05,None,TRBJ2-1*01,1
1156,CARREVSNVGGTSYGKLTF,TRBV2*02,None,TRBJ1-1*01,1
1157,CARRCSVGPTYKQYF,TRBV14*02,None,TRBJ2-7*01,1
1158,CARNVSLGPIYEHYF,TRBV14*02,None,TRBJ2-7*01,1
1159,CASSFSVGPTYEQYF,TRBV6-9*01,None,TRBJ2-7*01,1
1160,CARNFSVRHTYAQYF,TRBV14*02,None,TRBJ2-5*01,1
1161,CARNFSVGPTYEQYF,TRBV14*02,None,TRBJ2-7*01,1
1162,CASSFSVGPTYEQYF,TRBV7-2*02,None,TRBJ2-7*01,1
1163,CASSFSVGPTYEQYF,TRBV7-3*01,None,TRBJ2-7*01,1
1164,CARSEVRGEQYF,TRBV10-3*03,None,TRBJ2-7*01,1
1165,CASSFSVGPTYEQYF,TRBV7-3*04,None,TRBJ2-7*01,1
1166,CARIEVRGEQYF,TRBV6-6*05,None,TRBJ2-7*01,1
1167,CARGFSLGPTYEQYF,TRBV14*02,None,TRBJ2-7*01,1
1168,CARCFSVRPTYGQYF,TRBV14*02,None,TRBJ2-7*01,1
1169,CASSFSVGPTYEQYF,TRBV7-9*03,None,TRBJ2-7*01,1
1170,CASSFSVGPTYEQYF,TRBV7-9*04,None,TRBJ2-7*01,1
1171,CARCFSVGPTYMQYF,TRBV14*02,None,TRBJ2-7*01,1
1172,CASSFSVGPTYEQYF,TRBV9*02,None,TRBJ2-7*01,1
1173,CASSFSVGPTYERHF,TRBV14*02,None,TRBJ2-7*01,1
1174,CARCFRVGPTYEQYF,TRBV14*02,None,TRBJ2-7*01,1
1175,CASSFSVGPTYERYF,TRBV7-9*02,None,TRBJ2-3*01,1
1176,CASSFSVGPTYETYF,TRBV14*02,None,TRBJ2-3*01,1
1177,CASSFSVGPTYETYF,TRBV14*02,None,TRBJ2-7*01,1
1178,CAPSFSVGPTYEQYF,TRBV14*02,None,TRBJ2-7*01,1
1179,CASSFSVGPTYEQYF,TRBV4-3*04,None,TRBJ2-7*01,1
1180,CARSFIVGPTYEQYF,TRBV14*02,None,TRBJ2-7*01,1
1181,CASSFSVGPTYDQYF,TRBV6-6*05,None,TRBJ2-7*01,1
1182,CASSFSVGPTYEQHF,TRBV14*02,None,TRBJ2-3*01,1
1183,CARSFSVGPTYEQYF,TRBV14*02,None,TRBJ2-3*01,1
1184,CASSFSVGPTYEEYF,TRBV5-8*01,None,TRBJ2-7*01,1
1185,CASSFSVGPTYEHDF,TRBV14*02,None,TRBJ2-7*01,1
1186,CARSFSVGPTYEEYF,TRBV14*02,None,TRBJ2-7*01,1
1187,CASSFSVGPTYEKYF,TRBV14*02,None,TRBJ2-1*01,1
1188,CARSFSVGPSYVQYF,TRBV6-6*05,None,TRBJ2-3*01,1
1189,CASSFSVGPTYEKYF,TRBV7-3*04,None,TRBJ2-7*01,1
1190,CASSFSVGPTYELSF,TRBV14*02,None,TRBJ2-7*01,1
1191,CARSFSVGPNAEEYF,TRBV14*02,None,TRBJ2-7*01,1
1192,CASSFSVGPTYENYF,TRBV14*02,None,TRBJ2-3*01,1
1193,CASSFSVGPTYENYF,TRBV14*02,None,TRBJ2-7*01,1
1194,CARSFSVGLTYEQYF,TRBV5-3*02,None,TRBJ2-7*01,1
1195,CARSFSVGLTYEQYF,TRBV16*03,None,TRBJ2-7*01,1
1196,CASSFSVGPTYEQDF,TRBV14*02,None,TRBJ2-4*01,1
1197,CARSFSTCSANYGYTF,TRBV12-4*02,None,TRBJ1-2*01,1
1198,CASSFSVGPTYEQYF,TRBV16*03,None,TRBJ2-7*01,1
1199,CARSFSMGTTYEQYF,TRBV14*02,None,TRBJ2-7*01,1
1200,CASSFSVGPTYEQSF,TRBV14*02,None,TRBJ1-2*01,1
1201,CASSFSVGPTYEQYF,TRBV10-1*01,None,TRBJ2-3*01,1
1202,CARSFSMGASSQQYF,TRBV14*02,None,TRBJ2-7*01,1
1203,CASSFSVGPTYEQYF,TRBV11-2*01,None,TRBJ2-1*01,1
1204,CARSFSLGPTYEQFF,TRBV14*02,None,TRBJ2-7*01,1
1205,CASSFSVGPTYEQYF,TRBV11-3*01,None,TRBJ2-3*01,1
1206,CARSFSLGLTYEQYF,TRBV13*01,None,TRBJ2-7*01,1
1207,CARSFSGAPSYEQYF,TRBV14*02,None,TRBJ2-7*01,1
1208,CASSFSVGPTYEQYF,TRBV14*02,None,TRBJ1-1*01,1
1209,CARSFSAGPTYEMYF,TRBV14*02,None,TRBJ2-7*01,1
1210,CASSFSVGPTYEQYF,TRBV14*02,None,TRBJ2-4*01,1
1211,CARSFNVGRGYELYF,TRBV14*02,None,TRBJ2-3*01,1
1212,CARSFIVRPTYQQYF,TRBV14*02,None,TRBJ2-7*01,1
1213,CASSFSVGPTYGHYF,TRBV14*02,None,TRBJ2-7*01,1
1214,CASSFSVGPTYGQCF,TRBV14*02,None,TRBJ2-7*01,1
1215,CASSFSVGPTYGQHF,TRBV14*02,None,TRBJ2-7*01,1
1216,CASSFSVIPTYEQYF,TRBV14*02,None,TRBJ2-7*01,1
1217,CASSFSVGRTYEQYF,TRBV7-9*03,None,TRBJ2-7*01,1
1218,CASSFSVGRTYERYF,TRBV14*02,None,TRBJ2-7*01,1
1219,CASSFSVGSTYELYF,TRBV14*02,None,TRBJ2-7*01,1
1220,CANIFSVGPTYEQYF,TRBV14*02,None,TRBJ2-7*01,1
1221,CAMVAASNAGGTSFGKLTF,TRBV2*02,None,TRBJ1-1*01,1
1222,CASSFSVGSTYEQYF,TRBV6-6*05,None,TRBJ2-7*01,1
1223,CASSFSVGTIYEQYF,TRBV7-3*01,None,TRBJ2-7*01,1
1224,CASSFSVGTNYEQYF,TRBV14*02,None,TRBJ2-7*01,1
1225,CASSFSVGTTYEHYF,TRBV7-9*03,None,TRBJ2-3*01,1
1226,CASSFSVGTTYELYF,TRBV14*02,None,TRBJ2-7*01,1
1227,CASSFSVGTTYEQFF,TRBV14*02,None,TRBJ2-7*01,1
1228,CASSFSVGTTYEQHF,TRBV14*02,None,TRBJ2-7*01,1
1229,CAMRGVSNAGGTSYGKLTF,TRBV2*02,None,TRBJ1-1*01,1
1230,CASSFSVIPTYEKYF,TRBV14*02,None,TRBJ2-7*01,1
1231,CASSFSVLPTYEKYF,TRBV14*02,None,TRBJ2-7*01,1
1232,CASSFSVGPTYGQNF,TRBV14*01,None,TRBJ2-7*01,1
1233,CASSFSVLPTYEQFF,TRBV14*02,None,TRBJ2-1*01,1
1234,CAMREVSTAGGTSYGKLTF,TRBV13*02,None,TRBJ1-1*01,1
1235,CASSFSVLPTYVQYF,TRBV14*02,None,TRBJ2-7*01,1
1236,CASSFSVRATYEQYF,TRBV14*02,None,TRBJ2-5*01,1
1237,CASSFSVRATYEQYF,TRBV14*02,None,TRBJ2-7*01,1
1238,CASSFSVRFTYKQYF,TRBV14*02,None,TRBJ2-7*01,1
1239,CASRFSVGHTYEQYF,TRBV14*02,None,TRBJ2-7*01,1
1240,CASSFSVRLTYVQYF,TRBV14*02,None,TRBJ2-7*01,1
1241,CAMREVSNAGGTSYGKVTF,TRBV2*02,None,TRBJ1-1*01,1
1242,CASSFSVRPNYKQYF,TRBV14*02,None,TRBJ2-3*01,1
1243,CASSFSVRPTYAQYF,TRBV14*02,None,TRBJ2-7*01,1
1244,CAMREVSNAGGTSYGKQTF,TRBV2*02,None,TRBJ1-1*01,1
1245,CAMREVSNAGGTSYGKLTF,TRBV12-4*02,None,TRBJ1-1*01,1
1246,CAMREVSNAGGTSYGKLTF,TRBV12-3*01,None,TRBJ1-1*01,1
1247,CASSFSVGRTYEQYF,TRBV7-8*01,None,TRBJ2-7*01,1
1248,CANNFSVGPTYEQYF,TRBV14*02,None,TRBJ2-7*01,1
1249,CANRFSVGATYEQYF,TRBV14*02,None,TRBJ2-7*01,1
1250,CASSFSVGRTYEPYF,TRBV14*02,None,TRBJ2-3*01,1
1251,CASSFSVGPTYGQSF,TRBV6-6*05,None,TRBJ2-7*01,1
1252,CASSFSVGPTYGQYF,TRBV14*02,None,TRBJ2-3*01,1
1253,CANTPWAAEREQYF,TRBV25-1*01,None,TRBJ2-7*01,1
1254,CANSYSNYGYTF,TRBV6-6*03,None,TRBJ1-2*01,1
1255,CANSFSVVPTYQQYF,TRBV14*02,None,TRBJ2-7*01,1
1256,CASSFSVGPTYKEYF,TRBV14*02,None,TRBJ2-7*01,1
1257,CASSFSVGPTYKKYF,TRBV14*02,None,TRBJ2-7*01,1
1258,CASSFSVGPTYKQYF,TRBV11-3*01,None,TRBJ2-7*01,1
1259,CANSFSVRPTYEQYF,TRBV14*02,None,TRBJ2-7*01,1
1260,CANSFSVGPTYEQYF,TRBV14*02,None,TRBJ2-3*01,1
1261,CASSFSVGPTYLLYF,TRBV14*02,None,TRBJ2-7*01,1
1262,CANSFSVGPTYENYF,TRBV14*02,None,TRBJ2-7*01,1
1263,CASSFSVGPTYMEYF,TRBV14*02,None,TRBJ2-3*01,1
1264,CASSFSVGPTYQLYF,TRBV14*02,None,TRBJ2-3*01,1
1265,CANSFSVGPIYEQYF,TRBV14*02,None,TRBJ2-7*01,1
1266,CASSFSVGPTYQQCF,TRBV14*02,None,TRBJ2-7*01,1
1267,CANSFSVGNTYEQYF,TRBV14*02,None,TRBJ2-7*01,1
1268,CASSFSVGPTYQQYF,TRBV6-6*05,None,TRBJ2-7*01,1
1269,CASSFSVGPTYTQYF,TRBV14*01,None,TRBJ2-3*01,1
1270,CASSFSVGPTYTQYF,TRBV14*02,None,TRBJ2-7*01,1
1271,CASSFSVGPTYVLYF,TRBV14*02,None,TRBJ2-7*01,1
1272,CASSFSVGPTYVQNF,TRBV14*02,None,TRBJ2-7*01,1
1273,CASSFSVGPTYVQSF,TRBV14*02,None,TRBJ2-7*01,1
1274,CASSFSVGPTYVQYF,TRBV14*02,None,TRBJ2-3*01,1
1275,CANRFSVGPTYEQYF,TRBV14*02,None,TRBJ2-7*01,1
1276,CASSFSVGPTYVQYF,TRBV7-9*01,None,TRBJ2-7*01,1
1277,CASSFSVGPVHEQYF,TRBV14*02,None,TRBJ2-7*01,1
1278,CASSFSVGRTYEHYF,TRBV6-6*05,None,TRBJ2-7*01,1
1279,CASSFSVGRTYELYF,TRBV14*02,None,TRBJ2-7*01,1
1280,CASSFSVGPTYDRYF,TRBV14*02,None,TRBJ2-7*01,1
1281,CARSFSVGPTYEQYF,TRBV14*02,None,TRBJ2-5*01,1
1282,CASSFSLVPTYEQYF,TRBV14*02,None,TRBJ2-7*01,1
1283,CASSFSVGGTYEQYF,TRBV14*02,None,TRBJ2-7*01,1
1284,CASSFSVEPTYDQYF,TRBV14*02,None,TRBJ2-7*01,1
1285,CASSFSVEPTYEKYF,TRBV14*02,None,TRBJ2-7*01,1
1286,CASSFSVEPTYELYF,TRBV14*02,None,TRBJ2-7*01,1
1287,CASSFSVEPTYEQCF,TRBV14*02,None,TRBJ2-7*01,1
1288,CASAFSVGPTYEQYF,TRBV14*02,None,TRBJ2-7*01,1
1289,CARTFTVEPTYVQYF,TRBV14*02,None,TRBJ2-3*01,1
1290,CARSWSGAPIHEQDF,TRBV14*02,None,TRBJ2-3*01,1
1291,CASSFSVEPTYVQYF,TRBV14*02,None,TRBJ2-7*01,1
1292,CASSFSVGAPYEQYF,TRBV7-2*04,None,TRBJ2-7*01,1
1293,CASSFSVGATYELYF,TRBV14*02,None,TRBJ2-7*01,1
1294,CARSVRVGPTYEQYF,TRBV14*02,None,TRBJ2-3*01,1
1295,CASSFSVGATYEQYF,TRBV6-6*05,None,TRBJ2-7*01,1
1296,CASSFSVGATYKQYF,TRBV14*02,None,TRBJ2-7*01,1
1297,CASSFSVGATYLLYF,TRBV14*02,None,TRBJ2-7*01,1
1298,CASSFSVGHNYEQYF,TRBV14*02,None,TRBJ2-7*01,1
1299,CASCEVLGELYF,TRBV6-6*03,None,TRBJ2-7*01,1
1300,CASSFSVGHTHEQYF,TRBV14*02,None,TRBJ2-7*01,1
1301,CASSFSVGHTSEQYF,TRBV14*02,None,TRBJ2-7*01,1
1302,CASSFSVGHTYDQYF,TRBV14*02,None,TRBJ2-7*01,1
1303,CASSFSVGHTYEHYF,TRBV14*02,None,TRBJ2-7*01,1
1304,CARSSSVGPTYEQSF,TRBV14*02,None,TRBJ2-7*01,1
1305,CASSFSVGHTYELYF,TRBV14*02,None,TRBJ2-7*01,1
1306,CASSFSVGHTYEQYF,TRBV14*02,None,TRBJ2-3*01,1
1307,CARSRVSYNEQFF,TRBV28*01,None,TRBJ2-1*01,1
1308,CASSFSVGHTYETYF,TRBV14*02,None,TRBJ2-3*01,1
1309,CASSFSVGHTYGEYF,TRBV14*02,None,TRBJ2-7*01,1
1310,CASSFSVGLSYEQYF,TRBV14*02,None,TRBJ2-7*01,1
1311,CASSFSVGLTSEQYF,TRBV14*02,None,TRBJ2-7*01,1
1312,CARSRQGTNEQYF,TRBV6-6*03,None,TRBJ2-7*01,1
1313,CASSFSVGLTYEEYF,TRBV14*02,None,TRBJ2-7*01,1
1314,CASSFSVELTYEKYF,TRBV14*02,None,TRBJ2-7*01,1
1315,CASSFSVCPTYEQYF,TRBV13*01,None,TRBJ2-7*01,1
1316,CASSFSVGPTYDQYF,TRBV14*02,None,TRBJ2-3*01,1
1317,CASSFSSGPTYEQYF,TRBV14*02,None,TRBJ2-7*01,1
1318,CASCFSVGRTDEQYF,TRBV14*02,None,TRBJ2-7*01,1
1319,CASSFSMGHTYQQYF,TRBV14*02,None,TRBJ2-7*01,1
1320,CASSFSMGLTYEQYF,TRBV14*02,None,TRBJ2-7*01,1
1321,CASCFSVGPTYEQYF,TRBV14*02,None,TRBJ2-3*01,1
1322,CASSFSMGPTHEQYF,TRBV14*02,None,TRBJ2-7*01,1
1323,CASSFSMGPTNEQYF,TRBV14*02,None,TRBJ2-7*01,1
1324,CASSFSMGPTYELYF,TRBV14*02,None,TRBJ2-7*01,1
1325,CASSFSMGPTYEQYF,TRBV14*02,None,TRBJ2-3*01,1
1326,CASCFSVGPTYELYF,TRBV14*02,None,TRBJ2-7*01,1
1327,CASCFSVGHTYEQYF,TRBV14*02,None,TRBJ2-7*01,1
1328,CASSFSMGRTYVLYF,TRBV14*02,None,TRBJ2-7*01,1
1329,CASSFSMHPTYEQYF,TRBV14*02,None,TRBJ2-7*01,1
1330,CASSFSMVPTYDQYF,TRBV14*02,None,TRBJ2-7*01,1
1331,CASSFSPGPTYEQYF,TRBV14*02,None,TRBJ2-7*01,1
1332,CASCFSIGPNYEQYF,TRBV14*02,None,TRBJ2-7*01,1
1333,CASSFSVATAYEQYF,TRBV14*02,None,TRBJ2-7*01,1
1334,CASSFSTCSANYGYTF,TRBV6-9*01,None,TRBJ1-2*01,1
1335,CASSFSTGPTYEQYF,TRBV14*02,None,TRBJ2-7*01,1
1336,CASSFSVAHTYEQYF,TRBV14*02,None,TRBJ2-7*01,1
1337,CASSFSVAPTCHQYF,TRBV14*02,None,TRBJ2-3*01,1
1338,CASSFSVAPTYDQYF,TRBV14*02,None,TRBJ2-7*01,1
1339,CASSFSVAPTYEHYF,TRBV14*02,None,TRBJ1-6*02,1
1340,CASSFSVAPTYELYF,TRBV14*02,None,TRBJ2-7*01,1
1341,CASSFSVAPTYEPYF,TRBV14*02,None,TRBJ2-7*01,1
1342,CASSFSVAPTYEQHF,TRBV14*02,None,TRBJ2-7*01,1
1343,CASCFCVGPTYEQYF,TRBV14*02,None,TRBJ2-7*01,1
1344,CASCEVRGEQYF,TRBV6-6*05,None,TRBJ2-7*01,1
1345,CASSFSVAPTYEQYF,TRBV7-2*04,None,TRBJ2-3*01,1
1346,CASSFSVAPTYEQYF,TRBV9*03,None,TRBJ2-7*01,1
1347,CASSFSVASTYEQYF,TRBV14*02,None,TRBJ2-7*01,1
1348,CASSFSVGLTYEQYF,TRBV14*02,None,TRBJ1-1*01,1
1349,CARSLSVVPTYEKYF,TRBV14*02,None,TRBJ2-7*01,1
1350,CASSFSVGLTYERYF,TRBV14*02,None,TRBJ2-7*01,1
1351,CARSFSVGPTYETYF,TRBV14*02,None,TRBJ2-7*01,1
1352,CARSFSVLTTYEQYF,TRBV14*02,None,TRBJ2-7*01,1
1353,CARSFSVGTTYGQYF,TRBV14*02,None,TRBJ2-7*01,1
1354,CARSFSVGTTYEQYF,TRBV14*02,None,TRBJ2-3*01,1
1355,CASSFSVGPTDAQYF,TRBV14*02,None,TRBJ2-7*01,1
1356,CARSFSVGRTYEQYF,TRBV14*02,None,TRBJ2-7*01,1
1357,CASSFSVGPTFEQYF,TRBV14*02,None,TRBJ1-4*01,1
1358,CARSFSVGPTYQQYF,TRBV14*02,None,TRBJ2-7*01,1
1359,CASSFSVGPTFVQYF,TRBV14*02,None,TRBJ2-7*01,1
1360,CARSFSVGPTYLQYF,TRBV14*02,None,TRBJ2-7*01,1
1361,CAASFSVGPTYEQYF,TRBV14*02,None,TRBJ2-7*01,1
1362,CARSFSVGPTYGQYF,TRBV14*02,None,TRBJ2-7*01,1
1363,CASSFSVGPTHGQYF,TRBV14*02,None,TRBJ2-7*01,1
1364,CASSFSVGPTHKQYF,TRBV14*02,None,TRBJ2-7*01,1
1365,CASSFSVGPTNEQFF,TRBV14*02,None,TRBJ2-7*01,1
1366,CARSFSVGPTYERYF,TRBV14*02,None,TRBJ2-7*01,1
1367,CASSFSVGLTYGQYF,TRBV14*02,None,TRBJ2-7*01,1
1368,CASSFSVGPTNEQYF,TRBV6-6*05,None,TRBJ2-7*01,1
1369,CASSFSVGPTRAVLRAGHQAHGHRF,TRBV14*02,None,TRBJ2-7*01,1
1370,CASSFSVGPTRAVRRAGHQAHGHRF,TRBV6-6*05,None,TRBJ2-7*01,1
1371,CASSFSVGPTSEHYF,TRBV14*02,None,TRBJ2-7*01,1
1372,CASSFSVGPTSEQYF,TRBV14*02,None,TRBJ2-3*01,1
1373,CASSFSVGPTSQQYF,TRBV14*02,None,TRBJ2-3*01,1
1374,CASSFSVGPTSVQYF,TRBV13*01,None,TRBJ2-7*01,1
1375,CASSFSVGPTSVQYF,TRBV14*02,None,TRBJ2-7*01,1
1376,CASSFSVGPTYAQNF,TRBV14*02,None,TRBJ2-7*01,1
1377,CARSFSVGPTYEQYF,TRBV6-6*03,None,TRBJ2-7*01,1
1378,CASSFSVGPTYAQYF,TRBV6-6*05,None,TRBJ2-7*01,1
1379,CASSFSVGPTYARYF,TRBV14*02,None,TRBJ2-7*01,1
1380,CASSFSVGPTYDKYF,TRBV14*02,None,TRBJ2-3*01,1
1381,CASSFSVGPTYDKYF,TRBV14*02,None,TRBJ2-7*01,1
1382,CASSFSVGPSYGQYF,TRBV14*02,None,TRBJ2-7*01,1
1383,CASSFSVGPSYEQYF,TRBV7-9*03,None,TRBJ2-7*01,1
1384,CARSFSVPPTYEQYF,TRBV14*02,None,TRBJ2-7*01,1
1385,CASSFSVGPSYEQYF,TRBV5-4*01,None,TRBJ2-7*01,1
1386,CASSFSVGLTYHQYF,TRBV14*02,None,TRBJ2-7*01,1
1387,CARSLSVGPTYEQYF,TRBV14*02,None,TRBJ2-7*01,1
1388,CASSFSVGPAYEPYF,TRBV14*02,None,TRBJ2-7*01,1
1389,CASSFSVGPINEQYF,TRBV14*02,None,TRBJ2-7*01,1
1390,CASSFSVGPIYEKYF,TRBV14*02,None,TRBJ2-7*01,1
1391,CASSFSVGPIYEQYF,TRBV13*01,None,TRBJ2-7*01,1
1392,CARSLSVGPTYEKYF,TRBV14*02,None,TRBJ2-7*01,1
1393,CARSISVGPTSEQYF,TRBV14*02,None,TRBJ2-7*01,1
1394,CASSFSVGPIYEQYF,TRBV7-8*02,None,TRBJ2-7*01,1
1395,CASSFSVGPNFEQYF,TRBV14*02,None,TRBJ2-7*01,1
1396,CASSFSVGPNHEQYF,TRBV14*02,None,TRBJ2-7*01,1
1397,CASSFSVGPNYDQYF,TRBV14*02,None,TRBJ2-7*01,1
1398,CASSFSVGPNYEKYF,TRBV14*02,None,TRBJ2-7*01,1
1399,CASSFSVGPNYEQHF,TRBV14*02,None,TRBJ2-7*01,1
1400,CASSFSVGPNYEQHF,TRBV6-6*05,None,TRBJ2-7*01,1
1401,CASSFSVGPNYEQYF,TRBV14*01,None,TRBJ2-7*01,1
1402,CARSFWVGPSHEQYF,TRBV14*02,None,TRBJ2-7*01,1
1403,CASSFSVGPNYEQYF,TRBV14*02,None,TRBJ2-5*01,1
1404,CARSFTVSPTYEQYF,TRBV14*02,None,TRBJ2-3*01,1
1405,CARSFTVGPTYEQYF,TRBV14*02,None,TRBJ2-7*01,1
1406,CASSFSVGPNYKQYF,TRBV14*02,None,TRBJ2-7*01,1
1407,CASSFSVGPPDEQYF,TRBV14*02,None,TRBJ2-3*01,1
1408,CARSFSVRSNYDKYF,TRBV14*02,None,TRBJ2-7*01,1
1409,CASSFSVGPPYEQYF,TRBV16*03,None,TRBJ2-7*01,1
1410,CASSFSVGPPYKQYF,TRBV14*02,None,TRBJ2-7*01,1
1411,CASSFSVGPRYEQYF,TRBV14*02,None,TRBJ2-7*01,1
1412,CASSFSVGPSYEQYF,TRBV13*01,None,TRBJ2-7*01,1
1413,CASSFSVGPSYEQYF,TRBV14*02,None,TRBJ2-3*01,1
1414,CARSFSVRPTYEQYF,TRBV14*02,None,TRBJ2-7*01,1
1415,CAAIFRMGATYEQYF,TRBV6-7*01,None,TRBJ2-3*01,1
