,CDR3seq,V-region,D-region,J-region,Frequency
1,CASSFSVGPTYEQYF,TRBV14*02,None,TRBJ2-7*01,125307
2,CASSLRQGGNYEQYF,TRBV27*01,None,TRBJ2-7*01,11716
3,CASSPSYNEQFF,TRBV2*02,None,TRBJ2-1*01,9230
4,CASSLRQGPTYEQYF,TRBV27*01,None,TRBJ2-7*01,1167
5,CAGSFSVGPTYEQYF,TRBV14*02,None,TRBJ2-7*01,791
6,CASSFSVGPTYERYF,TRBV14*02,None,TRBJ2-7*01,514
7,CASSLRQGGNYEQYF,TRBV14*02,None,TRBJ2-7*01,461
8,CASSFSVGPTYEQYF,TRBV14*02,None,TRBJ2-1*01,438
9,CASSPSYNEQFF,TRBV2*02,None,TRBJ2-7*01,390
10,CASSLSVGPTYEQYF,TRBV14*02,None,TRBJ2-7*01,313
11,CASSFSVGPTYEQYF,TRBV2*02,None,TRBJ2-7*01,267
12,CASSFSVGPIYEQYF,TRBV14*02,None,TRBJ2-7*01,257
13,CASSTSYNEQFF,TRBV2*02,None,TRBJ2-1*01,233
14,CASSFSVRPTYEQYF,TRBV14*02,None,TRBJ2-7*01,224
15,CASSPSYNEQYF,TRBV2*02,None,TRBJ2-7*01,224
16,CASSFSAGPTYEQYF,TRBV14*02,None,TRBJ2-7*01,218
17,CASSFSVGPAYEQYF,TRBV14*02,None,TRBJ2-7*01,205
18,CASSSSVGPTYEQYF,TRBV14*02,None,TRBJ2-7*01,203
19,CASSFSVGPTHEQYF,TRBV14*02,None,TRBJ2-7*01,198
20,CASGFSVGPTYEQYF,TRBV14*02,None,TRBJ2-7*01,195
21,CASSPSYNEQFF,TRBV14*02,None,TRBJ2-1*01,191
22,CASSFRVGPTYEQYF,TRBV14*02,None,TRBJ2-7*01,189
23,CASSFSLGPTYEQYF,TRBV14*02,None,TRBJ2-7*01,169
24,CARSFSVGPTYEQYF,TRBV14*02,None,TRBJ2-7*01,160
25,CASSFSVGLTYEQYF,TRBV14*02,None,TRBJ2-7*01,160
26,CASSFSVGPTYEQHF,TRBV14*02,None,TRBJ2-7*01,156
27,CASSFSVEPTYEQYF,TRBV14*02,None,TRBJ2-7*01,155
28,CTSSFSVGPTYEQYF,TRBV14*02,None,TRBJ2-7*01,152
29,CVSSFSVGPTYEQYF,TRBV14*02,None,TRBJ2-7*01,149
30,CASSPSYNEQFF,TRBV27*01,None,TRBJ2-1*01,146
31,CASSFSMGPTYEQYF,TRBV14*02,None,TRBJ2-7*01,145
32,CASSFSVGPTYEQCF,TRBV14*02,None,TRBJ2-7*01,142
33,CASSFSVGHTYEQYF,TRBV14*02,None,TRBJ2-7*01,135
34,CASSFGVGPTYEQYF,TRBV14*02,None,TRBJ2-7*01,128
35,CASSFSVGPTYKQYF,TRBV14*02,None,TRBJ2-7*01,126
36,CASSFSVGPTYEQFF,TRBV14*02,None,TRBJ2-1*01,124
37,CASSFSVGPSYEQYF,TRBV14*02,None,TRBJ2-7*01,120
38,CASRFSVGPTYEQYF,TRBV14*02,None,TRBJ2-7*01,120
39,CASSFSVGSTYEQYF,TRBV14*02,None,TRBJ2-7*01,115
40,CASSFSVGPTCEQYF,TRBV14*02,None,TRBJ2-7*01,113
41,CANSFSVGPTYEQYF,TRBV14*02,None,TRBJ2-7*01,111
42,CASSFSVGPTYDQYF,TRBV14*02,None,TRBJ2-7*01,109
43,CASSFSVVPTYEQYF,TRBV14*02,None,TRBJ2-7*01,98
44,CDSSFSVGPTYEQYF,TRBV14*02,None,TRBJ2-7*01,97
45,CASSFSVGPTYVQYF,TRBV14*02,None,TRBJ2-7*01,94
46,CASSLRQGPTYEQYF,TRBV14*02,None,TRBJ2-7*01,93
47,CASSFSVGPNYEQYF,TRBV14*02,None,TRBJ2-7*01,90
48,CASSFSVGPTYEKYF,TRBV14*02,None,TRBJ2-7*01,87
49,CASSFSVGATYEQYF,TRBV14*02,None,TRBJ2-7*01,84
50,CASSFSVGTTYEQYF,TRBV14*02,None,TRBJ2-7*01,82
51,CSSSFSVGPTYEQYF,TRBV14*02,None,TRBJ2-7*01,82
52,CASSVSVGPTYEQYF,TRBV14*02,None,TRBJ2-7*01,79
53,CASSFNVGPTYEQYF,TRBV14*02,None,TRBJ2-7*01,72
54,CACSFSVGPTYEQYF,TRBV14*02,None,TRBJ2-7*01,71
55,CASSFSVGPTYAQYF,TRBV14*02,None,TRBJ2-7*01,71
56,CASSFIVGPTYEQYF,TRBV14*02,None,TRBJ2-7*01,69
57,CASSLRQGGNYEQYF,TRBV2*02,None,TRBJ2-7*01,66
58,CASIFSVGPTYEQYF,TRBV14*02,None,TRBJ2-7*01,65
59,CASSLRQGGNYEQFF,TRBV27*01,None,TRBJ2-1*01,65
60,CASSASYNEQFF,TRBV2*02,None,TRBJ2-1*01,63
61,CASSFSVAPTYEQYF,TRBV14*02,None,TRBJ2-7*01,59
62,CASSFSVGPTYEHYF,TRBV14*02,None,TRBJ2-7*01,59
63,CPSSFSVGPTYEQYF,TRBV14*02,None,TRBJ2-7*01,58
64,CASNFSVGPTYEQYF,TRBV14*02,None,TRBJ2-7*01,56
65,CGSSFSVGPTYEQYF,TRBV14*02,None,TRBJ2-7*01,55
66,CSAVAGFSYEQYF,TRBV20-1*03,None,TRBJ2-7*01,54
67,CAISFSVGPTYEQYF,TRBV14*02,None,TRBJ2-7*01,54
68,CASSFSVGPTYELYF,TRBV14*02,None,TRBJ2-7*01,54
69,CASSISVGPTYEQYF,TRBV14*02,None,TRBJ2-7*01,54
70,CASSFSVGPTYEQYF,TRBV13*01,None,TRBJ2-7*01,53
71,CASSFSVGPTYQQYF,TRBV14*02,None,TRBJ2-7*01,51
72,CASSFSVGPPYEQYF,TRBV14*02,None,TRBJ2-7*01,48
73,CASSPSCNEQFF,TRBV2*02,None,TRBJ2-1*01,45
74,CASSFSVGRTYEQYF,TRBV14*02,None,TRBJ2-7*01,45
75,CASSLRQGGNCEQYF,TRBV27*01,None,TRBJ2-7*01,43
76,CASSCSVGPTYEQYF,TRBV14*02,None,TRBJ2-7*01,42
77,CASSFSVGPTNEQYF,TRBV14*02,None,TRBJ2-7*01,41
78,CSAVAGFSYEQYF,TRBV20-1*06,None,TRBJ2-7*01,40
79,CASCFSVGPTYEQYF,TRBV14*02,None,TRBJ2-7*01,39
80,CASSYSVGPTYEQYF,TRBV14*02,None,TRBJ2-7*01,37
81,CASSGMEGQGALYGYTF,TRBV28*01,TRBD1*01,TRBJ1-2*01,36
82,CATSFSVGPTYEQYF,TRBV14*02,None,TRBJ2-7*01,36
83,CASSLRQGGNYEQYF,TRBV27*01,None,TRBJ2-1*01,35
84,CSAVAGFSYEQYF,TRBV20-1*02,None,TRBJ2-7*01,35
85,CASRPSYNEQFF,TRBV2*02,None,TRBJ2-1*01,35
86,CASTFSVGPTYEQYF,TRBV14*02,None,TRBJ2-7*01,35
87,CASSFSVGPTYEQNF,TRBV14*02,None,TRBJ2-7*01,34
88,CASSFSEGPTYEQYF,TRBV14*02,None,TRBJ2-7*01,34
89,CASRWDRFPVNSPLHF,TRBV7-8*03,None,TRBJ1-6*01,32
90,CASSFSVGPTYEPYF,TRBV14*02,None,TRBJ2-7*01,31
91,CAGSLRQGGNYEQYF,TRBV27*01,None,TRBJ2-7*01,30
92,CASSFSGGPTYEQYF,TRBV14*02,None,TRBJ2-7*01,29
93,CASIPSYNEQFF,TRBV2*02,None,TRBJ2-1*01,28
94,CASSFCVGPTYEQYF,TRBV14*02,None,TRBJ2-7*01,28
95,CASSFTVGPTYEQYF,TRBV14*02,None,TRBJ2-7*01,28
96,CASSPSYNEQYF,TRBV2*02,None,TRBJ2-1*01,26
97,CVSSLRQGGNYEQYF,TRBV27*01,None,TRBJ2-7*01,25
98,CASSLRQGGNYERYF,TRBV27*01,None,TRBJ2-7*01,25
99,CSVEQGPRGTQYF,TRBV29-1*02,None,TRBJ2-3*01,24
100,CASSYGAANTEAFF,TRBV6-6*03,None,TRBJ1-1*01,24
101,CASSFSVGPTYEEYF,TRBV14*02,None,TRBJ2-7*01,24
102,CASSFSVGPTSEQYF,TRBV14*02,None,TRBJ2-7*01,23
103,CASSPSYNDQFF,TRBV2*02,None,TRBJ2-1*01,23
104,CASSPTYEQYF,TRBV2*02,None,TRBJ2-7*01,23
105,CASSLRQGGSYEQYF,TRBV27*01,None,TRBJ2-7*01,22
106,CASSFSVGPTYEQYF,TRBV14*01,None,TRBJ2-7*01,21
107,CASSLRQGGDYEQYF,TRBV27*01,None,TRBJ2-7*01,21
108,CASSLRQGGNYEQYF,TRBV12-4*02,None,TRBJ2-7*01,21
109,CASSLRQGGTYEQYF,TRBV27*01,None,TRBJ2-7*01,20
110,CASSFSVGPTYEQFF,TRBV14*02,None,TRBJ2-7*01,20
111,CASSLRHGGNYEQYF,TRBV27*01,None,TRBJ2-7*01,19
112,CASSFVTVSQPQHF,TRBV28*01,None,TRBJ1-5*01,19
113,CASSLRRGGNYEQYF,TRBV27*01,None,TRBJ2-7*01,18
114,CASSFSVGPTDEQYF,TRBV14*02,None,TRBJ2-7*01,17
115,CASSPSYNEQFF,TRBV2*03,None,TRBJ2-1*01,16
116,CVSSPSYNEQFF,TRBV2*02,None,TRBJ2-1*01,16
117,CASSPSYNEQFF,TRBV14*02,None,TRBJ2-7*01,16
118,CASSLRQGDNYEQYF,TRBV27*01,None,TRBJ2-7*01,16
119,CASSLRQGGNYEKYF,TRBV27*01,None,TRBJ2-7*01,15
120,CASRLRQGGNYEQYF,TRBV27*01,None,TRBJ2-7*01,15
121,CASNLRGTRGYGYTF,TRBV27*01,None,TRBJ1-2*01,15
122,CARSPSYNEQFF,TRBV2*02,None,TRBJ2-1*01,15
123,CASSLRQGVNYEQYF,TRBV27*01,None,TRBJ2-7*01,15
124,CASSSSYNEQFF,TRBV2*02,None,TRBJ2-1*01,15
125,CASSTSYNEQYF,TRBV2*02,None,TRBJ2-7*01,14
126,CASSLRQGGNYDQYF,TRBV27*01,None,TRBJ2-7*01,14
127,CASSLRQGGNHEQYF,TRBV27*01,None,TRBJ2-7*01,14
128,CASSLGESGGEQYF,TRBV7-2*04,None,TRBJ2-7*01,14
129,CASSSRQGGNYEQYF,TRBV27*01,None,TRBJ2-7*01,14
130,CASSFSVGPTYNEQFF,TRBV14*02,None,TRBJ2-1*01,13
131,CASSFSVGPTYGQYF,TRBV14*02,None,TRBJ2-7*01,13
132,CASSFSVGPTFEQYF,TRBV14*02,None,TRBJ2-7*01,13
133,CANSLRQGGNYEQYF,TRBV27*01,None,TRBJ2-7*01,13
134,CASSLRQGGNYEQFF,TRBV27*01,None,TRBJ2-7*01,13
135,CASNLRQGGNYEQYF,TRBV27*01,None,TRBJ2-7*01,13
136,CAWSRWEADYNNEQFF,TRBV30*04,None,TRBJ2-1*01,13
137,CSVETGSTDTQYF,TRBV29-1*02,None,TRBJ2-3*01,13
138,CASGLRQGGNYEQYF,TRBV27*01,None,TRBJ2-7*01,12
139,CASSRDRGSNQPQHF,TRBV14*02,None,TRBJ1-5*01,12
140,CASSLRKGGNYEQYF,TRBV27*01,None,TRBJ2-7*01,12
141,CASSPSYDEQFF,TRBV2*02,None,TRBJ2-1*01,11
142,CASSPSYNQQFF,TRBV2*02,None,TRBJ2-1*01,11
143,CASSLRQRGNYEQYF,TRBV27*01,None,TRBJ2-7*01,11
144,CASTPSYNEQFF,TRBV2*02,None,TRBJ2-1*01,11
145,CASSLQQGGNYEQYF,TRBV27*01,None,TRBJ2-7*01,11
146,CSVGQATGTEAFF,TRBV29-1*02,None,TRBJ1-1*01,11
147,CASSLRQGGNYEQHF,TRBV27*01,None,TRBJ2-7*01,11
148,CASSLRQGGNYEHYF,TRBV27*01,None,TRBJ2-7*01,11
149,CASSLRQGGNYEQYF,TRBV12-3*01,None,TRBJ2-7*01,11
150,CTSSPSYNEQFF,TRBV2*02,None,TRBJ2-1*01,11
151,CASSLRQGGNYGQYF,TRBV27*01,None,TRBJ2-7*01,11
152,CASSLRQGGNYKQYF,TRBV27*01,None,TRBJ2-7*01,10
153,CASSFSVGPTYEQSF,TRBV14*02,None,TRBJ2-7*01,10
154,CTSSLRQGGNYEQYF,TRBV27*01,None,TRBJ2-7*01,10
155,CASSRVSYNEQFF,TRBV28*01,None,TRBJ2-1*01,10
156,CASSTSYNEQFF,TRBV2*02,None,TRBJ2-7*01,10
157,CASSFSVGPTYEQYF,TRBV27*01,None,TRBJ2-7*01,10
158,CASSLSYNEQFF,TRBV2*02,None,TRBJ2-1*01,10
159,CASSPPYNEQFF,TRBV2*02,None,TRBJ2-1*01,10
160,CASSSSVGPTYEQYF,TRBV27*01,None,TRBJ2-7*01,9
161,CASSPSNNEQFF,TRBV2*02,None,TRBJ2-1*01,9
162,CASSLRQGGNYEQYF,TRBV12-4*01,None,TRBJ2-7*01,9
163,CASSPWTDNYGYTF,TRBV11-3*02,None,TRBJ1-2*01,9
164,CASSPSYNEQFF,TRBV27*01,None,TRBJ2-7*01,9
165,CASSPSYNERFF,TRBV2*02,None,TRBJ2-1*01,9
166,CACSPSYNEQFF,TRBV2*02,None,TRBJ2-1*01,9
167,CACSLRQGGNYEQYF,TRBV27*01,None,TRBJ2-7*01,8
168,CARSLRQGGNYEQYF,TRBV27*01,None,TRBJ2-7*01,8
169,CASSLRQGCNYEQYF,TRBV27*01,None,TRBJ2-7*01,8
170,CASSLGQGGNYEQYF,TRBV27*01,None,TRBJ2-7*01,8
171,CASSPSDNEQFF,TRBV2*02,None,TRBJ2-1*01,8
172,CASSFRQGGNYEQYF,TRBV27*01,None,TRBJ2-7*01,8
173,CSAISGRSLGWANVLTF,TRBV20-1*03,None,TRBJ2-6*01,8
174,CASSLRQGPTYEQYF,TRBV2*02,None,TRBJ2-7*01,8
175,CDSSPSYNEQFF,TRBV2*02,None,TRBJ2-1*01,8
176,CASSLRQGGNYQQYF,TRBV27*01,None,TRBJ2-7*01,8
177,CASSPWTDNYGYTF,TRBV11-2*03,None,TRBJ1-2*01,8
178,CASSPSYTEQFF,TRBV2*02,None,TRBJ2-1*01,8
179,CASSHSYNEQFF,TRBV2*02,None,TRBJ2-1*01,8
180,CASSLRQGGNYEQYF,TRBV28*01,None,TRBJ2-7*01,8
181,CASSFSVGPTYEQDF,TRBV14*02,None,TRBJ2-7*01,8
182,CASRPTGHVYGYTF,TRBV27*01,None,TRBJ1-2*01,8
183,CASSLRQGGNYEQCF,TRBV27*01,None,TRBJ2-7*01,8
184,CASSFSVGPTYERYF,TRBV2*02,None,TRBJ2-7*01,8
185,CASSLLQGGNYEQYF,TRBV27*01,None,TRBJ2-7*01,8
186,CASSFSVGPTYEQYF,TRBV6-7*01,None,TRBJ2-7*01,8
187,CASSPSYKEQFF,TRBV2*02,None,TRBJ2-1*01,8
188,CASSLRQGGNYAQYF,TRBV27*01,None,TRBJ2-7*01,8
189,CASSLRQGGNYEQYF,TRBV13*02,None,TRBJ2-7*01,7
190,CASSPSYNGQFF,TRBV2*02,None,TRBJ2-1*01,7
191,CASSFSVGPTYEQYF,TRBV14*02,None,TRBJ1-1*01,7
192,CASSLSVGPTYEQYF,TRBV27*01,None,TRBJ2-7*01,7
193,CASSPAYNEQFF,TRBV2*02,None,TRBJ2-1*01,7
194,CASSPFYNEQFF,TRBV2*02,None,TRBJ2-1*01,7
195,CSVDEGRSNTEAFF,TRBV29-1*02,None,TRBJ1-1*01,7
196,CASSLRPGGNYEQYF,TRBV27*01,None,TRBJ2-7*01,7
197,CASNPSYNEQFF,TRBV2*02,None,TRBJ2-1*01,7
198,CASSPSYNEQCF,TRBV2*02,None,TRBJ2-1*01,7
199,CASSLRQGSNYEQYF,TRBV27*01,None,TRBJ2-7*01,7
200,CSSSLRQGGNYEQYF,TRBV27*01,None,TRBJ2-7*01,7
201,CASSLPQGGNYEQYF,TRBV27*01,None,TRBJ2-7*01,7
202,CASSPSYNEKFF,TRBV2*02,None,TRBJ2-1*01,6
203,CASSPSYNEEFF,TRBV2*02,None,TRBJ2-1*01,6
204,CASSPTYNEQFF,TRBV2*02,None,TRBJ2-1*01,6
205,CASILRQGGNYEQYF,TRBV27*01,None,TRBJ2-7*01,6
206,CASSLRQGGNDEQYF,TRBV27*01,None,TRBJ2-7*01,6
207,CASGGQNYGYTF,TRBV7-9*04,None,TRBJ1-2*01,6
208,CASSLRQGPTYERYF,TRBV27*01,None,TRBJ2-7*01,6
209,CASSLGESGGEQYF,TRBV11-2*03,None,TRBJ2-7*01,6
210,CPSSLRQGGNYEQYF,TRBV27*01,None,TRBJ2-7*01,6
211,CASSLRQVGNYEQYF,TRBV27*01,None,TRBJ2-7*01,6
212,CSSSPSYNEQFF,TRBV2*02,None,TRBJ2-1*01,6
213,CASSPSYIEQFF,TRBV2*02,None,TRBJ2-1*01,6
214,CASSTSYNEQFF,TRBV14*02,None,TRBJ2-1*01,6
215,CASSLRQGANYEQYF,TRBV27*01,None,TRBJ2-7*01,6
216,CASSPGQGAGDTQYF,TRBV18*01,TRBD1*01,TRBJ2-3*01,6
217,CASSLGESGGEQYF,TRBV11-3*02,None,TRBJ2-7*01,6
218,CASSPSYSEQFF,TRBV2*02,None,TRBJ2-1*01,5
219,CANSPSYNEQFF,TRBV2*02,None,TRBJ2-1*01,5
220,CASSPSYNEQFF,TRBV13*02,None,TRBJ2-1*01,5
221,CASSASYNEQFF,TRBV2*02,None,TRBJ2-7*01,5
222,CASSPSYNKQFF,TRBV2*02,None,TRBJ2-1*01,5
223,CAISPSYNEQFF,TRBV2*02,None,TRBJ2-1*01,5
224,CAISLRQGGNYEQYF,TRBV27*01,None,TRBJ2-7*01,5
225,CASSLRQEGNYEQYF,TRBV27*01,None,TRBJ2-7*01,5
226,CASSLRQGGNYEQYF,TRBV6-6*03,None,TRBJ2-7*01,5
227,CASSLRQGGYYEQYF,TRBV27*01,None,TRBJ2-7*01,5
228,CASGPSYNEQFF,TRBV2*02,None,TRBJ2-1*01,5
229,CASSFSVGPTYEQYF,TRBV9*03,None,TRBJ2-7*01,5
230,CASSLRQGGKYEQYF,TRBV27*01,None,TRBJ2-7*01,5
231,CPSSPSYNEQFF,TRBV2*02,None,TRBJ2-1*01,5
232,CASSLRQGGNYEPYF,TRBV27*01,None,TRBJ2-7*01,5
233,CASSPSYNELFF,TRBV2*02,None,TRBJ2-1*01,4
234,CASSLRQGGNYEQYF,TRBV6-7*01,None,TRBJ2-7*01,4
235,CASGGQNYGYTF,TRBV11-3*03,None,TRBJ1-2*01,4
236,CASSPSSNEQFF,TRBV2*02,None,TRBJ2-1*01,4
237,CASSLRQGGNYEQYF,TRBV6-9*01,None,TRBJ2-7*01,4
238,CASSFSVAPTYAQYF,TRBV14*02,None,TRBJ2-7*01,4
239,CSAISGRSLGWANVLTF,TRBV20-1*02,None,TRBJ2-6*01,4
240,CASGERGATETQYF,TRBV10-2*01,None,TRBJ2-5*01,4
241,CASILSVGPTYEQYF,TRBV14*02,None,TRBJ2-7*01,4
242,CGSSPSYNEQFF,TRBV2*02,None,TRBJ2-1*01,4
243,CASSFSVAATYEQYF,TRBV14*02,None,TRBJ2-7*01,4
244,CASSPSHNEQFF,TRBV2*02,None,TRBJ2-1*01,4
245,CASSFSVGNTYEQYF,TRBV14*02,None,TRBJ2-7*01,4
246,CASSLRQGGNYEQNF,TRBV27*01,None,TRBJ2-7*01,4
247,CASSPSYNEQYF,TRBV14*02,None,TRBJ2-7*01,4
248,CASSPSYNEHFF,TRBV2*02,None,TRBJ2-1*01,4
249,CASFSVGPTYEQYF,TRBV14*02,None,TRBJ2-7*01,4
250,CASSLRQGPTYEQHF,TRBV27*01,None,TRBJ2-7*01,4
251,CASTLRQGGNYEQYF,TRBV27*01,None,TRBJ2-7*01,4
252,CSVHRGPNTEAFF,TRBV29-1*02,None,TRBJ1-1*01,4
253,CASTFSVGPTYEQYF,TRBV27*01,None,TRBJ2-7*01,4
254,CASSFSVGPTYETYF,TRBV14*02,None,TRBJ2-7*01,4
255,CASSLRQGRNYEQYF,TRBV27*01,None,TRBJ2-7*01,4
256,CASSFSVGPTYEQYF,TRBV9*01,None,TRBJ2-7*01,4
257,CASSFSVGPTYEQYF,TRBV6-6*05,None,TRBJ2-7*01,4
258,CASSWTGTGGEKLFF,TRBV27*01,TRBD1*01,TRBJ1-4*01,4
259,CASSLRQGPTYGQYF,TRBV27*01,None,TRBJ2-7*01,4
260,CASSFSVGPTYEQYF,TRBV14*02,None,TRBJ1-2*01,4
261,CASSLRQGGNNEQYF,TRBV27*01,None,TRBJ2-7*01,4
262,CATSLRQGGNYEQYF,TRBV27*01,None,TRBJ2-7*01,4
263,CASRPSYNEQYF,TRBV2*02,None,TRBJ2-7*01,4
264,CSMETGSTDTQYF,TRBV29-1*02,None,TRBJ2-3*01,4
265,CASSPCYNEQFF,TRBV2*02,None,TRBJ2-1*01,4
266,CASSFSVGPSYNEQFF,TRBV14*02,None,TRBJ2-1*01,4
267,CASSLRQGGNCEQYF,TRBV14*02,None,TRBJ2-7*01,4
268,CASSPTYEQYF,TRBV2*02,None,TRBJ2-1*01,4
269,CASSPYYNEQFF,TRBV2*02,None,TRBJ2-1*01,4
270,CAGSFSVGHTYEQYF,TRBV14*02,None,TRBJ2-7*01,4
271,CASSISVRPTYEQYF,TRBV14*02,None,TRBJ2-7*01,3
272,CASSFSLGPTYEQYF,TRBV14*02,None,TRBJ2-1*01,3
273,CASSLRLGGNYEQYF,TRBV27*01,None,TRBJ2-7*01,3
274,CASSLRQGGNYELYF,TRBV27*01,None,TRBJ2-7*01,3
275,CAGSPSYNEQLF,TRBV2*02,None,TRBJ2-1*01,3
276,CASSFSLGPTYEKYF,TRBV14*02,None,TRBJ2-7*01,3
277,CASSCSVGPTYAQYF,TRBV14*02,None,TRBJ2-7*01,3
278,CASSYSVGPTYEQYF,TRBV27*01,None,TRBJ2-7*01,3
279,CASSPSYNEQFF,TRBV2*02,None,TRBJ2-5*01,3
280,CASSCSVGPNYEQYF,TRBV14*02,None,TRBJ2-7*01,3
281,CPSSFSVGPAYEQYF,TRBV14*02,None,TRBJ2-7*01,3
282,CASSCSVGHTYEQYF,TRBV14*02,None,TRBJ2-7*01,3
283,CASSFIVEPTYEQYF,TRBV14*02,None,TRBJ2-7*01,3
284,CASKPGTSVVDTQYF,TRBV12-4*02,TRBD2*01,TRBJ2-3*01,3
285,CVSRFSVGPTYEQYF,TRBV14*02,None,TRBJ2-7*01,3
286,CASKPGTSVVDTQYF,TRBV12-4*02,TRBD2*02,TRBJ2-3*01,3
287,CASSITMTGPEQFF,TRBV27*01,None,TRBJ2-1*01,3
288,CDSSFSVGLTYEQYF,TRBV14*02,None,TRBJ2-7*01,3
289,CASSFRVGPNYEQYF,TRBV14*02,None,TRBJ2-7*01,3
290,CASSPSYNEQSF,TRBV2*02,None,TRBJ2-1*01,3
291,CASRLSVGPTYEQYF,TRBV14*02,None,TRBJ2-7*01,3
292,CASSFSIGPTYEQYF,TRBV14*02,None,TRBJ2-7*01,3
293,CDSSLRQGGNYEQYF,TRBV27*01,None,TRBJ2-7*01,3
294,CASSFLVGPTYEQYF,TRBV14*02,None,TRBJ2-7*01,3
295,CASSFSLEPTYEQYF,TRBV14*02,None,TRBJ2-7*01,3
296,CASSVSLGPTYEQYF,TRBV14*02,None,TRBJ2-7*01,3
297,CASSFSLGLTYEQYF,TRBV14*02,None,TRBJ2-7*01,3
298,CASSVSVGPTYEQYF,TRBV14*02,None,TRBJ2-1*01,3
299,CASSLIDEQFF,TRBV28*01,None,TRBJ2-1*01,3
300,CASSLRQGGNYEQFF,TRBV14*02,None,TRBJ2-1*01,3
301,CASSFSLGPAYEQYF,TRBV14*02,None,TRBJ2-7*01,3
302,CASSPSYNEQIF,TRBV2*02,None,TRBJ2-1*01,3
303,CASSFSVGPTYVRYF,TRBV14*02,None,TRBJ2-7*01,3
304,CASSFSVGATYERYF,TRBV14*02,None,TRBJ2-7*01,3
305,CASSLSVGPTYGQYF,TRBV14*02,None,TRBJ2-7*01,3
306,CASCPSYNEQFF,TRBV2*02,None,TRBJ2-1*01,3
307,CASCLRQGGNYEQYF,TRBV27*01,None,TRBJ2-7*01,3
308,CASSFSVRPTYQQYF,TRBV14*02,None,TRBJ2-7*01,3
309,CASSMRQGGNYEQYF,TRBV27*01,None,TRBJ2-7*01,3
310,CASSLVTGTTDTQYF,TRBV7-9*04,None,TRBJ2-3*01,3
311,CASSLVTGTTDTQYF,TRBV11-3*03,None,TRBJ2-3*01,3
312,CASSLRQGGNYVQYF,TRBV27*01,None,TRBJ2-7*01,3
313,CASSFSVRPTYEQYF,TRBV2*02,None,TRBJ2-7*01,3
314,CASSFSVGATYGQYF,TRBV14*02,None,TRBJ2-7*01,3
315,CASSLSVGTTYEQYF,TRBV14*02,None,TRBJ2-7*01,3
316,CASSFSVGPTYDPYF,TRBV14*02,None,TRBJ2-7*01,3
317,CARTFSVGPTYEQYF,TRBV14*02,None,TRBJ2-7*01,3
318,CASSFSVRPTYAQYF,TRBV14*02,None,TRBJ2-7*01,3
319,CSAISGRSLGWANVLTF,TRBV20-1*06,None,TRBJ2-6*01,3
320,CASSLSVGPTYEQYF,TRBV14*02,None,TRBJ2-1*01,3
321,CASSFSVRLTYEQYF,TRBV14*02,None,TRBJ2-7*01,3
322,CASSLRQGPTYEQYF,TRBV12-3*01,None,TRBJ2-7*01,3
323,CARSFSVRPTYEQYF,TRBV14*02,None,TRBJ2-7*01,3
324,CASSLSVGPIYEQYF,TRBV14*02,None,TRBJ2-7*01,3
325,CASSLRQGPTYEQYF,TRBV12-4*02,None,TRBJ2-7*01,3
326,CASSFSVGTTYGQYF,TRBV14*02,None,TRBJ2-7*01,3
327,CASSFSVGPTYEQYF,TRBV2*02,None,TRBJ2-1*01,3
328,CASSFSVGPTYEQYF,TRBV3-1*01,None,TRBJ2-7*01,3
329,CARSFSVEPTYEQYF,TRBV14*02,None,TRBJ2-7*01,3
330,CASSLRRGGNYEQYF,TRBV14*02,None,TRBJ2-7*01,3
331,CARRFSVGPTYEQYF,TRBV14*02,None,TRBJ2-7*01,3
332,CASSPSCNEQFF,TRBV2*02,None,TRBJ2-7*01,3
333,CASSLTGVEQFF,TRBV11-3*02,None,TRBJ2-1*01,3
334,CASSLREGGNYEQYF,TRBV27*01,None,TRBJ2-7*01,3
335,CASSFSVGLTYKQYF,TRBV14*02,None,TRBJ2-7*01,3
336,CASSPSYNAQFF,TRBV2*02,None,TRBJ2-1*01,3
337,CASSLRQGGNYEQYF,TRBV13*01,None,TRBJ2-7*01,3
338,CASSPSYHEQFF,TRBV2*02,None,TRBJ2-1*01,3
339,CASSFSVGFTYEQYF,TRBV14*02,None,TRBJ2-7*01,3
340,CASSLSVGPTYEQYF,TRBV2*02,None,TRBJ2-7*01,2
341,CASSLRQGPTYAQYF,TRBV27*01,None,TRBJ2-7*01,2
342,CASSLRQGPIYEQYF,TRBV27*01,None,TRBJ2-7*01,2
343,CASSFNVGHTYEQYF,TRBV14*02,None,TRBJ2-7*01,2
344,CASSLRPGPTYEQYF,TRBV27*01,None,TRBJ2-7*01,2
345,CASSFSVPPTYEQYF,TRBV14*02,None,TRBJ2-7*01,2
346,CASSLRQGGNYEQYF,TRBV2*02,None,TRBJ2-1*01,2
347,CASSTSYNEQFF,TRBV27*01,None,TRBJ2-1*01,2
348,CASSLREGGNYEQYF,TRBV14*02,None,TRBJ2-7*01,2
349,CASSLRQGPTYEQYF,TRBV12-4*01,None,TRBJ2-7*01,2
350,CASSPSYKEQFF,TRBV2*02,None,TRBJ2-7*01,2
351,CASSFSVRPSYEQYF,TRBV14*02,None,TRBJ2-7*01,2
352,CASSLRQGPTHEQYF,TRBV27*01,None,TRBJ2-7*01,2
353,CASSFRVGLTYEQYF,TRBV14*02,None,TRBJ2-7*01,2
354,CASSPSYNEQFF,TRBV2*01,None,TRBJ2-1*01,2
355,CASSTSYEQYF,TRBV2*02,None,TRBJ2-7*01,2
356,CASSLRQGGNYEQSF,TRBV27*01,None,TRBJ2-7*01,2
357,CASSSSVGPTYERYF,TRBV14*02,None,TRBJ2-7*01,2
358,CASSTSVGPTYEQYF,TRBV14*02,None,TRBJ2-7*01,2
359,CASSFSVRPIYEQYF,TRBV14*02,None,TRBJ2-7*01,2
360,CASSFTVGPTYVQYF,TRBV14*02,None,TRBJ2-7*01,2
361,CASSFRQGPTYEQYF,TRBV27*01,None,TRBJ2-7*01,2
362,CASSFRVGPTDEQYF,TRBV14*02,None,TRBJ2-7*01,2
363,CASSLRQGPSYEQYF,TRBV27*01,None,TRBJ2-7*01,2
364,CASSLSVGLTYEQYF,TRBV14*02,None,TRBJ2-7*01,2
365,CASSFSVGHTNEQYF,TRBV14*02,None,TRBJ2-7*01,2
366,CASSFIVGPTYVQYF,TRBV14*02,None,TRBJ2-7*01,2
367,CASSSSVGPTYEQYF,TRBV14*02,None,TRBJ2-1*01,2
368,CASSFSVGQTYEQYF,TRBV14*02,None,TRBJ2-7*01,2
369,CASSFSVGATYQQYF,TRBV14*02,None,TRBJ2-7*01,2
370,CASSCSVGATYEQYF,TRBV14*02,None,TRBJ2-7*01,2
371,CASSFSVGPYYEQYF,TRBV14*02,None,TRBJ2-7*01,2
372,CASSFSVGRNYEQYF,TRBV14*02,None,TRBJ2-7*01,2
373,CASSLQTDYNSPLHF,TRBV6-6*03,None,TRBJ1-6*02,2
374,CASSFSVGPTYLQYF,TRBV14*02,None,TRBJ2-7*01,2
375,CASSLRVGPTYEQYF,TRBV14*02,None,TRBJ2-7*01,2
376,CASSFSVGPTYKKYF,TRBV14*02,None,TRBJ2-7*01,2
377,CASSCSVGTTYEQYF,TRBV14*02,None,TRBJ2-7*01,2
378,CASSYSVGPTYGQYF,TRBV14*02,None,TRBJ2-7*01,2
379,CASSFSVGPTYHQYF,TRBV14*02,None,TRBJ2-7*01,2
380,CASSLRHGPTYEQYF,TRBV27*01,None,TRBJ2-7*01,2
381,CASSLRKGGNYDQYF,TRBV27*01,None,TRBJ2-7*01,2
382,CASSFSVGPTYEQYF,TRBV7-3*04,None,TRBJ2-7*01,2
383,CASSFSVGPTYEQYF,TRBV5-6*01,None,TRBJ2-7*01,2
384,CASSWRQGGNYEQYF,TRBV27*01,None,TRBJ2-7*01,2
385,CASSFSVGPTYEQYF,TRBV25-1*01,None,TRBJ2-7*01,2
386,CASSFSVGHSYEQYF,TRBV14*02,None,TRBJ2-7*01,2
387,CASSFSVGPTYEQYF,TRBV18*01,None,TRBJ2-7*01,2
388,CASSLRLGPTYEQYF,TRBV27*01,None,TRBJ2-7*01,2
389,CASSFIVGPTYEQYF,TRBV18*01,None,TRBJ2-7*01,2
390,CASSVSVGATYEQYF,TRBV14*02,None,TRBJ2-7*01,2
391,CASSFSVGPTYEQYF,TRBV14*02,None,TRBJ2-6*01,2
392,CASSLRQGPTYEQYF,TRBV27*01,None,TRBJ2-1*01,2
393,CASSFSVEPTYEPYF,TRBV14*02,None,TRBJ2-7*01,2
394,CASSFSVAPTNEQYF,TRBV14*02,None,TRBJ2-7*01,2
395,CASSSSVGLTYEQYF,TRBV14*02,None,TRBJ2-7*01,2
396,CASSFSMGPTYGQYF,TRBV14*02,None,TRBJ2-7*01,2
397,CASSFSVGPTCEQYF,TRBV14*02,None,TRBJ2-1*01,2
398,CASSFSVAPTYDQYF,TRBV14*02,None,TRBJ2-7*01,2
399,CASSFSMEPTYEQYF,TRBV14*02,None,TRBJ2-7*01,2
400,CASSFSVGLTYGQYF,TRBV14*02,None,TRBJ2-7*01,2
401,CASSFSVGPPYVQYF,TRBV14*02,None,TRBJ2-7*01,2
402,CASSPSYNVQFF,TRBV2*02,None,TRBJ2-1*01,2
403,CASSFSVGPPYEKYF,TRBV14*02,None,TRBJ2-7*01,2
404,CASSFSMGPTYDQYF,TRBV14*02,None,TRBJ2-7*01,2
405,CASSFSVVLSYEQYF,TRBV14*02,None,TRBJ2-7*01,2
406,CASSFSMGPTYEQYF,TRBV14*02,None,TRBJ2-1*01,2
407,CASSFSVVLTYEQYF,TRBV14*02,None,TRBJ2-7*01,2
408,CASSFSVGPNYGQYF,TRBV14*02,None,TRBJ2-7*01,2
409,CASSFSVVPSYEQYF,TRBV14*02,None,TRBJ2-7*01,2
410,CASSPSSNEQYF,TRBV2*02,None,TRBJ2-1*01,2
411,CASSFSVGPNNEQYF,TRBV14*02,None,TRBJ2-7*01,2
412,CASSLRQGGNYEEYF,TRBV27*01,None,TRBJ2-1*01,2
413,CASSFSMRPTYEQYF,TRBV14*02,None,TRBJ2-7*01,2
414,CASSFSVVPTYAQYF,TRBV14*02,None,TRBJ2-7*01,2
415,CASSFSVGPIYERYF,TRBV14*02,None,TRBJ2-7*01,2
416,CASSPSYNEQYF,TRBV27*01,None,TRBJ2-7*01,2
417,CASSFSVGPIYEQYF,TRBV14*02,None,TRBJ2-1*01,2
418,CASSPSCNEQFF,TRBV27*01,None,TRBJ2-1*01,2
419,CASSFSVGPGYEQYF,TRBV14*02,None,TRBJ2-7*01,2
420,CASSPSYNEQLF,TRBV2*02,None,TRBJ2-1*01,2
421,CASSPSYNEQVF,TRBV2*02,None,TRBJ2-1*01,2
422,CASSFSVGPAYQQYF,TRBV14*02,None,TRBJ2-7*01,2
423,CASSFSLGSTYEQYF,TRBV14*02,None,TRBJ2-7*01,2
424,CASSPSYEQYF,TRBV2*02,None,TRBJ2-7*01,2
425,CASSFSLGPTYKQYF,TRBV14*02,None,TRBJ2-7*01,2
426,CASSFSLGPTYGQYF,TRBV14*02,None,TRBJ2-7*01,2
427,CASSFSVRPTYDQYF,TRBV14*02,None,TRBJ2-7*01,2
428,CASSFSVGPTYEDYF,TRBV14*02,None,TRBJ2-7*01,2
429,CASSFSVGLSYEQYF,TRBV14*02,None,TRBJ2-7*01,2
430,CASSLRQGGIYEQYF,TRBV27*01,None,TRBJ2-7*01,2
431,CASSLRQGGKYEQYF,TRBV14*02,None,TRBJ2-7*01,2
432,CASSFSFGPTYEQYF,TRBV14*02,None,TRBJ2-7*01,2
433,CASSFSVRPTYEHYF,TRBV14*02,None,TRBJ2-7*01,2
434,CASSLSVGRTYEQYF,TRBV14*02,None,TRBJ2-7*01,2
435,CASSFSGGTTYEQYF,TRBV14*02,None,TRBJ2-7*01,2
436,CASSFTVRPTYEQYF,TRBV14*02,None,TRBJ2-7*01,2
437,CASSFSVEPTHEQYF,TRBV14*02,None,TRBJ2-7*01,2
438,CASSFSVGPTYAKYF,TRBV14*02,None,TRBJ2-7*01,2
439,CASSFSVGPTQEQYF,TRBV14*02,None,TRBJ2-7*01,2
440,CASSFSVGLTYEEYF,TRBV14*02,None,TRBJ2-7*01,2
441,CASSLRQGGTYEQYF,TRBV14*02,None,TRBJ2-7*01,2
442,CASSFSVGPTHEQYF,TRBV14*02,None,TRBJ2-1*01,2
443,CASSFVVGPTYEQYF,TRBV14*02,None,TRBJ2-7*01,2
444,CASSFSVGLTYEQHF,TRBV14*02,None,TRBJ2-7*01,2
445,CASSFSVEHTYEQYF,TRBV14*02,None,TRBJ2-7*01,2
446,CASSFSLGPTYAQYF,TRBV14*02,None,TRBJ2-7*01,2
447,CASSFSVVPTYKQYF,TRBV14*02,None,TRBJ2-7*01,2
448,CASSFSLGPTYELYF,TRBV14*02,None,TRBJ2-7*01,2
449,CASSPSYNEQFF,TRBV6-6*05,None,TRBJ2-1*01,2
450,CASSISVGPSYEQYF,TRBV14*02,None,TRBJ2-7*01,2
451,CASSFSLGPTYERYF,TRBV14*02,None,TRBJ2-7*01,2
452,CASSFRVRPTYEQYF,TRBV14*02,None,TRBJ2-7*01,2
453,CASSFSVRRTYEQYF,TRBV14*02,None,TRBJ2-7*01,2
454,CASSFRAGPTYEQYF,TRBV14*02,None,TRBJ2-7*01,2
455,CASGFSVGPTYEQYF,TRBV27*01,None,TRBJ2-7*01,2
456,CARSFSVGPTSEQYF,TRBV14*02,None,TRBJ2-7*01,2
457,CASIPSYNEQYF,TRBV2*02,None,TRBJ2-7*01,2
458,CPSSFRVGPTYEQYF,TRBV14*02,None,TRBJ2-7*01,2
459,CPSSFSLGPTYEQYF,TRBV14*02,None,TRBJ2-7*01,2
460,CARSFSVGPTYEQYF,TRBV27*01,None,TRBJ2-7*01,2
461,CAGSLRQGGNYEQYF,TRBV14*02,None,TRBJ2-7*01,2
462,CARSFSVGRTYEQYF,TRBV14*02,None,TRBJ2-7*01,2
463,CASIFSVGPTYEQYF,TRBV27*01,None,TRBJ2-7*01,2
464,CSSSFSVGPTYEQYF,TRBV14*02,None,TRBJ2-1*01,2
465,CAGSFSVGPTYEQYF,TRBV2*02,None,TRBJ2-7*01,2
466,CASIFSLGPTYEQYF,TRBV14*02,None,TRBJ2-7*01,2
467,CVSSFSLGPTYEQYF,TRBV14*02,None,TRBJ2-7*01,2
468,CSSSFSLGPTYEQYF,TRBV14*02,None,TRBJ2-7*01,2
469,CSSSFRVGPTYEQYF,TRBV14*02,None,TRBJ2-7*01,2
470,CAGSFSVGPTCEQYF,TRBV14*02,None,TRBJ2-7*01,2
471,CARSPSYNEQYF,TRBV2*02,None,TRBJ2-7*01,2
472,CATSFIVGPTYEQYF,TRBV14*02,None,TRBJ2-7*01,2
473,CPTSFSVGPTYEQYF,TRBV14*02,None,TRBJ2-7*01,2
474,CVSSFSVGPPYEQYF,TRBV14*02,None,TRBJ2-7*01,2
475,CTSSSSVGPTYEQYF,TRBV14*02,None,TRBJ2-7*01,2
476,CATSLSVGPTYEKYF,TRBV14*02,None,TRBJ2-7*01,2
477,CARSFSVGPNYEQYF,TRBV14*02,None,TRBJ2-7*01,2
478,CGRSFSVGPTYEQYF,TRBV14*02,None,TRBJ2-7*01,2
479,CANSLRQGPTYEQCF,TRBV27*01,None,TRBJ2-7*01,2
480,CASRFSVGPTYDQYF,TRBV14*02,None,TRBJ2-7*01,2
481,CDSSLRQGPTYEQYF,TRBV27*01,None,TRBJ2-7*01,2
482,CASRFSVGLTYEQYF,TRBV14*02,None,TRBJ2-7*01,2
483,CASRFSVGHTYEQYF,TRBV14*02,None,TRBJ2-7*01,2
484,CANSFSVGPTYGQYF,TRBV14*02,None,TRBJ2-7*01,2
485,CANSFSVGPTYEQYF,TRBV14*02,None,TRBJ2-1*01,2
486,CDSSFSVRPTYEQYF,TRBV14*02,None,TRBJ2-7*01,2
487,CANSFSVEPTYEQYF,TRBV14*02,None,TRBJ2-7*01,2
488,CASRLRQGPTYEQYF,TRBV27*01,None,TRBJ2-7*01,2
489,CGSSFSLGPTYEQYF,TRBV14*02,None,TRBJ2-7*01,2
490,CTSSFSVGPTYAQYF,TRBV14*02,None,TRBJ2-7*01,2
491,CTSSFSVGPTYEQYF,TRBV14*02,None,TRBJ2-1*01,2
492,CTSSFSVGPTYEQYF,TRBV7-2*03,None,TRBJ2-7*01,2
493,CASNFSVRPTYEQYF,TRBV14*02,None,TRBJ2-7*01,2
494,CARSFRVGPTYEQYF,TRBV14*02,None,TRBJ2-7*01,2
495,CTSSLRQGPTYEQYF,TRBV27*01,None,TRBJ2-7*01,2
496,CARSFSVGHTYEQYF,TRBV14*02,None,TRBJ2-7*01,2
497,CVSSFSVGPTYDQYF,TRBV14*02,None,TRBJ2-7*01,2
498,CAGSLRQGPTYEQYF,TRBV27*01,None,TRBJ2-7*01,2
499,CVSSPSYNEQFF,TRBV2*02,None,TRBJ2-7*01,2
500,CASTPSYNEQFF,TRBV14*02,None,TRBJ2-1*01,2
501,CASGFSVGDTYEQYF,TRBV14*02,None,TRBJ2-7*01,2
502,CVSSLSVGPTYEQYF,TRBV14*02,None,TRBJ2-7*01,2
503,CSAVAGFPYEQYF,TRBV20-1*02,None,TRBJ2-7*01,2
504,CASGFRVGPTYEQYF,TRBV14*02,None,TRBJ2-7*01,2
505,CVSSLTGVEQFF,TRBV7-2*04,None,TRBJ2-1*01,2
506,CASCFSVGHTYEQYF,TRBV14*02,None,TRBJ2-7*01,2
507,CACSFSVGPTYERYF,TRBV14*02,None,TRBJ2-7*01,2
508,CASSLRVGPTYDQYF,TRBV14*02,None,TRBJ2-7*01,1
509,CASSMREGGNYEQYF,TRBV27*01,None,TRBJ2-7*01,1
510,CSVDEGMSNTEAFF,TRBV29-1*02,None,TRBJ1-1*01,1
511,CSFSFTVGPTYEQYF,TRBV14*02,None,TRBJ2-7*01,1
512,CASSLRVGPTFEKYF,TRBV14*02,None,TRBJ2-7*01,1
513,CSVDEERSNTEALF,TRBV29-1*02,None,TRBJ1-1*01,1
514,CSVDEGRSKTEACF,TRBV29-1*02,None,TRBJ1-1*01,1
515,CSVDRAPNTEAFF,TRBV29-1*02,None,TRBJ1-1*01,1
516,CASSLRRGVNYEQYF,TRBV27*01,None,TRBJ2-7*01,1
517,CASSLRRGPTYEQYF,TRBV27*01,None,TRBJ2-7*01,1
518,CSVEEGTRGTQYF,TRBV29-1*01,None,TRBJ2-3*01,1
519,CASSLRVSYEQYF,TRBV7-8*03,None,TRBJ2-7*01,1
520,CSSGFSVGPTYEQYF,TRBV14*02,None,TRBJ2-7*01,1
521,CSTVTGFCYEQYF,TRBV20-1*03,None,TRBJ2-7*01,1
522,CSVEQGPGGKQYF,TRBV29-1*02,None,TRBJ2-3*01,1
523,CSSVFSVGPTYEQYF,TRBV14*02,None,TRBJ2-7*01,1
524,CSTNFIVGPTFERYF,TRBV14*02,None,TRBJ2-7*01,1
525,CSTSFRVGPTYEQYF,TRBV14*02,None,TRBJ2-7*01,1
526,CSHVAGFYYELYF,TRBV20-1*06,None,TRBJ2-7*01,1
527,CSTSFSMGSTYEQYF,TRBV14*02,None,TRBJ2-7*01,1
528,CASSLSLRPAYEQYF,TRBV14*02,None,TRBJ2-7*01,1
529,CASSLSLGPTYEQYF,TRBV27*01,None,TRBJ2-7*01,1
530,CSGSFRVGPTYEQYF,TRBV14*02,None,TRBJ2-7*01,1
531,CSTSFSVGPTYEQYF,TRBV14*02,None,TRBJ2-7*01,1
532,CASSLVTRTTDTQYF,TRBV7-9*04,None,TRBJ2-3*01,1
533,CASSLSLGPTYEQYF,TRBV14*02,None,TRBJ2-7*01,1
534,CSTSFTVAANTEEYF,TRBV27*01,None,TRBJ1-1*01,1
535,CASSLSLGPTYEQYF,TRBV14*01,None,TRBJ2-7*01,1
536,CASSLSLGPTYEQNF,TRBV14*02,None,TRBJ2-7*01,1
537,CSTSTSVGPTHEQYF,TRBV14*02,None,TRBJ2-7*01,1
538,CASSLRWGGNNEQYF,TRBV6-6*03,None,TRBJ2-7*01,1
539,CASSLRRGGNYEMYF,TRBV27*01,None,TRBJ2-7*01,1
540,CSVEQGPLGTQYF,TRBV29-1*02,None,TRBJ2-3*01,1
541,CASSLVTGTTDTQYF,TRBV11-3*02,None,TRBJ2-3*01,1
542,CASSNSVRPTYVQYF,TRBV14*02,None,TRBJ2-7*01,1
543,CSVVEGLRCKQYF,TRBV29-1*02,None,TRBJ2-7*01,1
544,CASSLRQGSNYEQYF,TRBV2*02,None,TRBJ2-7*01,1
545,CASSLRQGRSYEQYF,TRBV27*01,None,TRBJ2-7*01,1
546,CSYSLRQGGNYEKYF,TRBV27*01,None,TRBJ2-7*01,1
547,CASSPAYEQYF,TRBV2*02,None,TRBJ2-7*01,1
548,CASSPAYEQYF,TRBV27*01,None,TRBJ2-7*01,1
549,CSAVSGFSYEQYF,TRBV20-1*06,None,TRBJ2-7*01,1
550,CSAVSGFSYEQYF,TRBV20-1*03,None,TRBJ2-7*01,1
551,CASSLRQGRNYGQYF,TRBV27*01,None,TRBJ2-7*01,1
552,CTISFSVRTTYEQYF,TRBV14*02,None,TRBJ2-7*01,1
553,CASSLRQGPTYQQYF,TRBV27*01,None,TRBJ2-7*01,1
554,CASSLRQGPTYKQYF,TRBV27*01,None,TRBJ2-7*01,1
555,CTNSFSVGPTYEQYF,TRBV14*02,None,TRBJ2-7*01,1
556,CSAVPGLSYEQYF,TRBV20-1*02,None,TRBJ2-7*01,1
557,CASSMSVGPTYEQYF,TRBV14*02,None,TRBJ2-7*01,1
558,CASSMRQGPTYEQYF,TRBV27*01,None,TRBJ2-7*01,1
559,CASSLRQGVNYEQYF,TRBV12-3*01,None,TRBJ2-7*01,1
560,CSVGQAIGTEAFF,TRBV29-1*02,None,TRBJ1-1*01,1
561,CSAVSRFSYEQHF,TRBV20-1*06,None,TRBJ2-7*01,1
562,CASSLRRGGNYDQYF,TRBV27*01,None,TRBJ2-7*01,1
563,CSVEQGPRGTLYF,TRBV29-1*02,None,TRBJ2-3*01,1
564,CSVETGSADTQYF,TRBV29-1*02,None,TRBJ2-3*01,1
565,CASSLRQRGNYEQYF,TRBV14*02,None,TRBJ2-7*01,1
566,CASSLRQRGNSEQYF,TRBV6-2*01,None,TRBJ2-7*01,1
567,CSVGQAPGTEAFF,TRBV29-1*02,None,TRBJ1-1*01,1
568,CASSLRQGVNYEQYF,TRBV14*02,None,TRBJ2-7*01,1
569,CASSLRQRANYEQYF,TRBV27*01,None,TRBJ2-7*01,1
570,CSVGQATGAEAFF,TRBV29-1*02,None,TRBJ1-1*01,1
571,CSVGQATGNEAFF,TRBV29-1*02,None,TRBJ1-1*01,1
572,CSVGTSGGQHQHF,TRBV29-1*02,None,TRBJ1-5*01,1
573,CSAVSGISYEQYF,TRBV20-1*03,None,TRBJ2-7*01,1
574,CSVHRGPNTETYF,TRBV29-1*02,None,TRBJ1-1*01,1
575,CSISFSVGPTYEQYF,TRBV14*01,None,TRBJ2-7*01,1
576,CSSSVSVGPTYEQNF,TRBV14*02,None,TRBJ2-7*01,1
577,CASSLSMGPTYEQYF,TRBV14*02,None,TRBJ2-7*01,1
578,CSSSFSIGPTYEQYF,TRBV14*02,None,TRBJ2-7*01,1
579,CSRSVSFGPTYEQYF,TRBV14*02,None,TRBJ2-7*01,1
580,CSSSFLVGPTYEQYF,TRBV14*02,None,TRBJ2-7*01,1
581,CASSLSVGPTYGQYF,TRBV13*01,None,TRBJ2-7*01,1
582,CASSLSVGPTYERYF,TRBV14*02,None,TRBJ2-7*01,1
583,CASSLTGVEQFF,TRBV11-2*03,None,TRBJ2-1*01,1
584,CSSSFRVLHTYEQYF,TRBV14*02,None,TRBJ2-7*01,1
585,CSNSFSGVPTYEQYF,TRBV14*02,None,TRBJ2-7*01,1
586,CSSSFIVESTYEQYF,TRBV14*02,None,TRBJ2-7*01,1
587,CSSSFSVEPTYEQYF,TRBV6-7*01,None,TRBJ2-7*01,1
588,CSSSFSVGATYEQYF,TRBV14*02,None,TRBJ2-7*01,1
589,CASSLSVGPTYEQYF,TRBV14*01,None,TRBJ2-7*01,1
590,CASSLTGVQQFF,TRBV7-9*04,None,TRBJ2-1*01,1
591,CASSLSVGPTYEPYF,TRBV14*02,None,TRBJ2-7*01,1
592,CSSSFSVGPAYEQYF,TRBV14*02,None,TRBJ2-7*01,1
593,CSSSFIVGPTYEQYF,TRBV14*02,None,TRBJ2-7*01,1
594,CASSLSYNEQFF,TRBV27*01,None,TRBJ2-1*01,1
595,CASSLSVGPTYDHYF,TRBV14*02,None,TRBJ2-7*01,1
596,CASSLSVGSTYEQYF,TRBV14*02,None,TRBJ2-7*01,1
597,CASSLSVSPTYERYF,TRBV14*02,None,TRBJ2-7*01,1
598,CASSLSVRPTNEPYF,TRBV14*02,None,TRBJ2-7*01,1
599,CSSILRVGLTYEQYF,TRBV14*02,None,TRBJ2-7*01,1
600,CASSLSVRASKEQFF,TRBV14*02,None,TRBJ2-1*01,1
601,CSSPSYNEHFF,TRBV2*02,None,TRBJ2-1*01,1
602,CSSRFSVGPTYAQYF,TRBV14*02,None,TRBJ2-7*01,1
603,CSSGFSVGPTYEHYF,TRBV14*02,None,TRBJ2-7*01,1
604,CASSLSVGPTYKQYF,TRBV14*02,None,TRBJ2-7*01,1
605,CSSRLRQGGNYEQYF,TRBV14*02,None,TRBJ2-7*01,1
606,CASSLSYKEQFF,TRBV2*02,None,TRBJ2-1*01,1
607,CASSLSYNEEFF,TRBV2*02,None,TRBJ2-1*01,1
608,CASSLSVGPTYVQYF,TRBV14*02,None,TRBJ2-7*01,1
609,CSSSFIVEPTYEQYF,TRBV14*02,None,TRBJ2-7*01,1
610,CSSGFCVEPTYERYF,TRBV14*02,None,TRBJ2-7*01,1
611,CSSSFSVGPPYEQYF,TRBV14*02,None,TRBJ2-7*01,1
612,CSSSFSVGPPYQQYF,TRBV14*02,None,TRBJ2-7*01,1
613,CASSLVTGTTDTLSF,TRBV7-9*04,None,TRBJ2-3*01,1
614,CSSSLRQGGNYEQYF,TRBV2*02,None,TRBJ2-7*01,1
615,CASSLVTATTDTLYF,TRBV7-9*04,None,TRBJ2-3*01,1
616,CASSLSVGHTYEQYF,TRBV14*02,None,TRBJ2-7*01,1
617,CSSSLPQGGNYEQYF,TRBV27*01,None,TRBJ2-7*01,1
618,CSSSLREGGNYEQYF,TRBV27*01,None,TRBJ2-7*01,1
619,CASSLSVGATYEQYF,TRBV14*02,None,TRBJ2-7*01,1
620,CSSSLRPGGNFEQYF,TRBV27*01,None,TRBJ2-7*01,1
621,CSSSLRQGPTYEQYF,TRBV27*01,None,TRBJ2-7*01,1
622,CSSSISVGPTYEQYF,TRBV14*02,None,TRBJ2-7*01,1
623,CSISFSVGPTYLQYF,TRBV10-3*02,None,TRBJ2-7*01,1
624,CSSSPSHNEQFF,TRBV2*02,None,TRBJ2-1*01,1
625,CSSSSSVGPTYAQYF,TRBV14*02,None,TRBJ2-7*01,1
626,CASSLVTGNTDTQYF,TRBV7-9*04,None,TRBJ2-3*01,1
627,CASSLSVGAPYEQYF,TRBV14*02,None,TRBJ2-7*01,1
628,CASSLSVVPPYEQYF,TRBV14*02,None,TRBJ2-7*01,1
629,CSSSLGESGGEQYF,TRBV11-2*03,None,TRBJ2-7*01,1
630,CSSSGMEGQGALYGYTF,TRBV28*01,TRBD1*01,TRBJ1-2*01,1
631,CSSSFSVGPSYEQYF,TRBV14*02,None,TRBJ2-7*01,1
632,CSISFSVGSPYEQYF,TRBV14*02,None,TRBJ2-7*01,1
633,CSSSFSVGPTYEKYF,TRBV14*02,None,TRBJ2-7*01,1
634,CSSSFSVGPTYEPYF,TRBV14*02,None,TRBJ2-7*01,1
635,CASSLSVGPTNEQYF,TRBV14*02,None,TRBJ2-1*01,1
636,CASSLSVGPTHEQYF,TRBV14*02,None,TRBJ2-7*01,1
637,CASSLSVGPTCEQYF,TRBV14*02,None,TRBJ2-7*01,1
638,CSMETGSTDTQYF,TRBV29-1*03,None,TRBJ2-3*01,1
639,CASSLSVGPSYNEQFF,TRBV14*02,None,TRBJ2-1*01,1
640,CASSLSVGLSYELYF,TRBV14*02,None,TRBJ2-7*01,1
641,CSSSFSVGPTYGQYF,TRBV14*02,None,TRBJ2-7*01,1
642,CSSSFSVGTTYEQYF,TRBV14*02,None,TRBJ2-7*01,1
643,CASSLTVVPTYEKYF,TRBV14*02,None,TRBJ2-7*01,1
644,CTRSFSVGPTYDQYF,TRBV14*02,None,TRBJ2-7*01,1
645,CASSLSVGLTYELYF,TRBV27*01,None,TRBJ2-7*01,1
646,CSSSFVTVSQPQHF,TRBV28*01,None,TRBJ1-5*01,1
647,CASSLRQGPTYGQYF,TRBV14*02,None,TRBJ2-7*01,1
648,CASSLRQGPTYEQYF,TRBV13*02,None,TRBJ2-7*01,1
649,CASSLRQGPTYERYF,TRBV14*02,None,TRBJ2-7*01,1
650,CVSSFSVAPTYEQYF,TRBV14*02,None,TRBJ2-7*01,1
651,CASSLRQGGNSEQYF,TRBV27*01,None,TRBJ2-7*01,1
652,CASSLRQGGNSELYF,TRBV27*01,None,TRBJ2-7*01,1
653,CASSLRQGGNSAQYF,TRBV27*01,None,TRBJ2-7*01,1
654,CASSLRQGGNNVQYF,TRBV27*01,None,TRBJ2-7*01,1
655,CVSSFSVGATYELYF,TRBV14*02,None,TRBJ2-7*01,1
656,CASSLRQGGNHEQYF,TRBV14*02,None,TRBJ2-7*01,1
657,CVSSFSVGATYEQYF,TRBV14*02,None,TRBJ2-7*01,1
658,CASSLRQGGNFEQYF,TRBV12-4*02,None,TRBJ2-7*01,1
659,CVSSFSVGFTYEQYF,TRBV14*02,None,TRBJ2-7*01,1
660,CASSLRQGGNDEQYF,TRBV14*02,None,TRBJ2-7*01,1
661,CASSLRQGGNDDQYF,TRBV27*01,None,TRBJ2-7*01,1
662,CVSSFSVGPTYAQYF,TRBV14*02,None,TRBJ2-7*01,1
663,CVSSFSVGPTYEPNF,TRBV14*02,None,TRBJ2-7*01,1
664,CVSSFSVGPTYEQYF,TRBV14*02,None,TRBJ1-1*01,1
665,CASSLRQGGKYAQYF,TRBV27*01,None,TRBJ2-7*01,1
666,CVSSFSVGPTYGQYF,TRBV14*02,None,TRBJ2-7*01,1
667,CASSLRQGGIYAKYF,TRBV27*01,None,TRBJ2-7*01,1
668,CASSLRQGGNYAQYF,TRBV27*01,None,TRBJ2-1*01,1
669,CASSLRQGGNYDQHF,TRBV3-1*01,None,TRBJ2-7*01,1
670,CVSSFSVGRTYEQYF,TRBV14*02,None,TRBJ2-7*01,1
671,CASSLRQGGNYDQYF,TRBV12-4*02,None,TRBJ2-7*01,1
672,CASSLRQGGNYEQFF,TRBV2*02,None,TRBJ2-1*01,1
673,CVSLLRQRGNYEQYF,TRBV2*03,None,TRBJ2-7*01,1
674,CVSNFSVGPTYEQYF,TRBV14*02,None,TRBJ2-7*01,1
675,CASSLRQGGNYEQDF,TRBV27*01,None,TRBJ2-7*01,1
676,CVSRCSVGPTYEQYF,TRBV14*02,None,TRBJ2-7*01,1
677,CVSRWDRFPVNSPLHF,TRBV7-8*03,None,TRBJ1-6*01,1
678,CASSLRQGGNYEPYF,TRBV27*01,None,TRBJ1-1*01,1
679,CASSLRQGGNYEPYF,TRBV14*02,None,TRBJ2-7*01,1
680,CVSSCSLGATYEQYF,TRBV14*02,None,TRBJ2-7*01,1
681,CASSLRQGGNYEKYF,TRBV6-9*01,None,TRBJ2-7*01,1
682,CASSLRQGGNYEKYF,TRBV27*01,None,TRBJ1-1*01,1
683,CVSSCSVGPTYEQYF,TRBV14*02,None,TRBJ2-7*01,1
684,CASSLRQGGNYEHYF,TRBV12-3*01,None,TRBJ2-7*01,1
685,CASSLRQGGNYEEYF,TRBV27*01,None,TRBJ2-7*01,1
686,CVSSDSVGPTYEQYF,TRBV14*02,None,TRBJ2-7*01,1
687,CVSSFRVGPTYEQYF,TRBV14*02,None,TRBJ2-7*01,1
688,CASSLRQGGNYDQYF,TRBV14*02,None,TRBJ2-7*01,1
689,CVSSFSVGPTYVQYF,TRBV14*02,None,TRBJ2-7*01,1
690,CASSLRQGGDYEHYF,TRBV27*01,None,TRBJ2-7*01,1
691,CASSLRQGPTYEQYF,TRBV6-9*01,None,TRBJ2-7*01,1
692,CASSLRPGGNYEQYF,TRBV14*02,None,TRBJ2-7*01,1
693,CVSSLRQGGNNEQYF,TRBV27*01,None,TRBJ2-7*01,1
694,CVSSLRQGPTYEQYF,TRBV27*01,None,TRBJ2-7*01,1
695,CASSLRLGPTYEQYF,TRBV14*02,None,TRBJ2-7*01,1
696,CVSSLRQGVNYEQYF,TRBV27*01,None,TRBJ2-7*01,1
697,CASSLRLGGNYEQYF,TRBV14*02,None,TRBJ2-7*01,1
698,CASSLRKGPAYEQYF,TRBV14*02,None,TRBJ2-7*01,1
699,CVSSLTDVQQFF,TRBV11-3*02,None,TRBJ2-1*01,1
700,CVSSPSYNEQFF,TRBV27*01,None,TRBJ2-1*01,1
701,CVSSSSVGPTYEQYF,TRBV14*02,None,TRBJ2-7*01,1
702,CASSLRHGGNYEKYF,TRBV27*01,None,TRBJ2-7*01,1
703,CVSSTSVGPTCEQNF,TRBV14*02,None,TRBJ2-7*01,1
704,CASSLRHGGNYAQYF,TRBV27*01,None,TRBJ2-7*01,1
705,CASSLRGGPSYEQYF,TRBV27*01,None,TRBJ2-7*01,1
706,CVSTLRQGGNYEQYF,TRBV27*01,None,TRBJ2-7*01,1
707,CASSLREGPTYEQYF,TRBV27*01,None,TRBJ2-7*01,1
708,CASSLREGPTYEQYF,TRBV12-4*02,None,TRBJ2-7*01,1
709,CASSLREGGTYEQYF,TRBV27*01,None,TRBJ2-7*01,1
710,CASSLRPGGNNEQYF,TRBV27*01,None,TRBJ2-7*01,1
711,CVSSLRQGCNYEQYF,TRBV28*01,None,TRBJ2-7*01,1
712,CVSSFSVGSTYERYF,TRBV14*02,None,TRBJ2-7*01,1
713,CASSLRQAGNYEQYF,TRBV14*02,None,TRBJ2-7*01,1
714,CASSLRQGGDYDQYF,TRBV27*01,None,TRBJ2-7*01,1
715,CVSSFSVRPTYEQYF,TRBV14*02,None,TRBJ2-7*01,1
716,CVSSFSVVPTYEQYF,TRBV14*02,None,TRBJ2-7*01,1
717,CVSSFTVKPTYEKYF,TRBV14*02,None,TRBJ2-7*01,1
718,CASSLRQGDNYEQYF,TRBV14*02,None,TRBJ2-7*01,1
719,CASSLRQGDNYEQFF,TRBV27*01,None,TRBJ2-1*01,1
720,CVSSISVGATYEQYF,TRBV14*02,None,TRBJ2-7*01,1
721,CASSLRQGDNCEQYF,TRBV27*01,None,TRBJ2-7*01,1
722,CASSLRQGDHYEQYF,TRBV27*01,None,TRBJ2-7*01,1
723,CVSSISVGPIYEQNF,TRBV14*02,None,TRBJ2-7*01,1
724,CASSLRQGCIYEQNF,TRBV27*01,None,TRBJ2-7*01,1
725,CVSSISVGPNYEQYF,TRBV14*02,None,TRBJ2-7*01,1
726,CASSLRQEPTYEQYF,TRBV27*01,None,TRBJ2-7*01,1
727,CVSSISVGPTYEQYF,TRBV14*02,None,TRBJ2-7*01,1
728,CASSLRQAPTYEQYF,TRBV27*01,None,TRBJ2-7*01,1
729,CASSLRQAGNYEQYF,TRBV27*01,None,TRBJ2-7*01,1
730,CVSSLRHGGNYEQYF,TRBV27*01,None,TRBJ2-7*01,1
731,CVSGYSVGPTYEQYF,TRBV14*01,None,TRBJ2-7*01,1
732,CVSCFSVGPTYEQYF,TRBV14*02,None,TRBJ2-7*01,1
733,CVRSFSVGPTYEQYF,TRBV14*02,None,TRBJ2-7*01,1
734,CTSSFSVDPNYEQYF,TRBV14*02,None,TRBJ2-7*01,1
735,CASSLRQGPNYEQYF,TRBV27*01,None,TRBJ2-7*01,1
736,CASSLRQGPNYEQYF,TRBV14*02,None,TRBJ2-7*01,1
737,CTSSFSVGATYEQYF,TRBV7-2*03,None,TRBJ2-7*01,1
738,CTSSFSVGPTNEQYF,TRBV14*02,None,TRBJ2-7*01,1
739,CASSLRQGPDYEQYF,TRBV27*01,None,TRBJ2-7*01,1
740,CASSLRQGPAYEQYF,TRBV27*01,None,TRBJ2-7*01,1
741,CTSSFSVGPTSEQYF,TRBV14*02,None,TRBJ2-7*01,1
742,CASSLRQGLTYEQYF,TRBV27*01,None,TRBJ2-7*01,1
743,CTSSFSVGPTYDQYF,TRBV14*02,None,TRBJ2-7*01,1
744,CASSLRQGHTYEQYF,TRBV27*01,None,TRBJ2-7*01,1
745,CASSLRQGHTYEKYF,TRBV27*01,None,TRBJ2-7*01,1
746,CTSSFSVGPTYDQYF,TRBV7-2*03,None,TRBJ2-7*01,1
747,CASSLRQGGTYGQYF,TRBV27*01,None,TRBJ2-7*01,1
748,CTSSFSVGPTYEKYF,TRBV14*02,None,TRBJ2-7*01,1
749,CTSSFSVGPTYEQYF,TRBV13*01,None,TRBJ2-7*01,1
750,CTSSFSVGPTYERYF,TRBV14*02,None,TRBJ2-7*01,1
751,CASSLRQGGSYEQYF,TRBV14*02,None,TRBJ2-7*01,1
752,CASSLRQGPPYDQYF,TRBV27*01,None,TRBJ2-7*01,1
753,CTSSFSVASTYEQYF,TRBV14*02,None,TRBJ1-6*02,1
754,CVRSFRVGPTYGQYF,TRBV14*02,None,TRBJ2-7*01,1
755,CASSLRQGPTDEQYF,TRBV27*01,None,TRBJ2-7*01,1
756,CASSLRQGPTYEQYF,TRBV6-6*03,None,TRBJ2-7*01,1
757,CTRSFSVGPTYEQYF,TRBV14*02,None,TRBJ2-7*01,1
758,CTSGFSVGPTYEQYF,TRBV14*02,None,TRBJ2-7*01,1
759,CTSGFSVGPTYGKYF,TRBV14*02,None,TRBJ2-7*01,1
760,CTSRFSVGPTYEQYF,TRBV14*02,None,TRBJ2-7*01,1
761,CTSRLRQGANYEQYF,TRBV27*01,None,TRBJ2-7*01,1
762,CASSLRQGPTYEQYF,TRBV14*02,None,TRBJ2-1*01,1
763,CASSPAYNEQVF,TRBV2*02,None,TRBJ2-1*01,1
764,CASSLRQGPTYEQYF,TRBV13*01,None,TRBJ2-7*01,1
765,CTSRLRQGPTYEQHF,TRBV27*01,None,TRBJ2-7*01,1
766,CTSRPCDNEQFF,TRBV2*03,None,TRBJ2-7*01,1
767,CTSSCSVGPIYEQYF,TRBV14*02,None,TRBJ2-7*01,1
768,CTSSFRVWPTYEQYF,TRBV14*02,None,TRBJ2-7*01,1
769,CASSLRQGPTYEQCF,TRBV27*01,None,TRBJ2-7*01,1
770,CASSLRQGPTNEQYF,TRBV27*01,None,TRBJ2-7*01,1
771,CTSSFSLGPTYGQYF,TRBV14*02,None,TRBJ2-7*01,1
772,CTSSFSVAPIHEQYF,TRBV14*02,None,TRBJ2-7*01,1
773,CASSLRQGGNYVRYF,TRBV27*01,None,TRBJ2-7*01,1
774,CTSSFSVGPTYKQYF,TRBV14*02,None,TRBJ2-7*01,1
775,CASSLRQGGNYQRYF,TRBV27*01,None,TRBJ2-7*01,1
776,CTSSFSVGPTYVQYF,TRBV14*02,None,TRBJ2-7*01,1
777,CTSSVSVGSTYEQYF,TRBV14*02,None,TRBJ2-7*01,1
778,CTSTPGDEEREQDF,TRBV25-1*01,None,TRBJ2-7*01,1
779,CASSLRQGGNYEQYF,TRBV2*03,None,TRBJ2-7*01,1
780,CTTSFSVGPTYEQYF,TRBV14*02,None,TRBJ2-7*01,1
781,CVFSSAGNNKLIF,TRBV2*02,None,TRBJ1-6*01,1
782,CVGSFSVGPTYEQYF,TRBV14*02,None,TRBJ2-7*01,1
783,CASSLRQGGNYEQYF,TRBV14*02,None,TRBJ2-1*01,1
784,CVGSLRQGGNYEQYF,TRBV27*01,None,TRBJ2-7*01,1
785,CVICHSCKEQYF,TRBV2*02,None,TRBJ2-1*01,1
786,CVISCSVGPTYEQYF,TRBV14*02,None,TRBJ2-6*01,1
787,CVISFSVGPTYEQYF,TRBV14*02,None,TRBJ2-7*01,1
788,CVISFSVGPTYTQYF,TRBV29-1*02,None,TRBJ2-7*01,1
789,CVLISGGTKKLIF,TRBV2*02,None,TRBJ1-6*01,1
790,CVLSCSVGPNYEQYF,TRBV14*02,None,TRBJ2-7*01,1
791,CVNNASVGPTYEQYF,TRBV14*02,None,TRBJ2-7*01,1
792,CVPSFREGPTYEQYF,TRBV14*02,None,TRBJ2-7*01,1
793,CASSLRQGGNYEQHF,TRBV14*02,None,TRBJ2-7*01,1
794,CTSSSVVGLTYEQYF,TRBV14*01,None,TRBJ2-7*01,1
795,CTSSSSYNEQFF,TRBV2*02,None,TRBJ2-1*01,1
796,CTSSSSVRPTDAQYF,TRBV14*02,None,TRBJ2-7*01,1
797,CASSLRQGGNYGQYF,TRBV14*02,None,TRBJ2-7*01,1
798,CTSSHSYNEQFF,TRBV2*02,None,TRBJ2-1*01,1
799,CTSSLRKGGNYEQYF,TRBV6-6*03,None,TRBJ2-7*01,1
800,CASSLRQGGNYHQHF,TRBV27*01,None,TRBJ2-7*01,1
801,CASSLRQGGNYGRYF,TRBV27*01,None,TRBJ2-7*01,1
802,CTSSLRQGPTYEQYF,TRBV14*02,None,TRBJ2-7*01,1
803,CASSLRQGGNYGQYF,TRBV2*02,None,TRBJ2-7*01,1
804,CTSSLSVGHTCEQYF,TRBV14*02,None,TRBJ2-7*01,1
805,CASSLRQGGNYGHYF,TRBV27*01,None,TRBJ2-7*01,1
806,CASSLRQGGNYEQYF,TRBV6-6*01,None,TRBJ2-7*01,1
807,CASSLRQGGNYEYYF,TRBV27*01,None,TRBJ2-7*01,1
808,CTSSPSCNEQFF,TRBV2*02,None,TRBJ2-1*01,1
809,CTSSPSVGPTYGQYF,TRBV14*02,None,TRBJ2-7*01,1
810,CTSSPSYNEQFF,TRBV14*02,None,TRBJ2-1*01,1
811,CASSLRQGGNYERYF,TRBV14*02,None,TRBJ2-7*01,1
812,CTSSPSYNEQYF,TRBV13*02,None,TRBJ2-7*01,1
813,CTSSPSYNEQYF,TRBV2*02,None,TRBJ2-1*01,1
814,CASSPAYNEQFF,TRBV2*02,None,TRBJ2-7*01,1
815,CASTPSYKEQFF,TRBV2*02,None,TRBJ2-1*01,1
816,CASSPCDNEQSF,TRBV2*03,None,TRBJ2-1*01,1
817,CATSLRQGGYYQQYF,TRBV27*01,None,TRBJ2-7*01,1
818,CASSVRVGPTYEQYF,TRBV14*02,None,TRBJ2-7*01,1
819,CATSLRQGGNYVHYF,TRBV27*01,None,TRBJ2-7*01,1
820,CASSVRQGGNYEQYF,TRBV27*01,None,TRBJ2-7*01,1
821,CASSVRQGGNYEHYF,TRBV27*01,None,TRBJ2-7*01,1
822,CASSVRQGCYYEQYF,TRBV27*01,None,TRBJ2-7*01,1
823,CASSVRQEPTYEQYF,TRBV27*01,None,TRBJ2-7*01,1
824,CASSVCVGLTYEQYF,TRBV14*02,None,TRBJ2-7*01,1
825,CASSTYNEQFF,TRBV2*02,None,TRBJ2-1*01,1
826,CASSTTYEQYF,TRBV2*02,None,TRBJ2-7*01,1
827,CASSVSVGPTYKQYF,TRBV14*02,None,TRBJ2-7*01,1
828,CATSLSVGPTNEQYF,TRBV14*02,None,TRBJ2-7*01,1
829,CASSTSYNEQYF,TRBV2*02,None,TRBJ2-1*01,1
830,CATSPSYNEHYF,TRBV15*02,None,TRBJ2-7*01,1
831,CATSPSYNEQFF,TRBV2*02,None,TRBJ2-1*01,1
832,CAWSRWEADYNNEQFF,TRBV11-3*02,None,TRBJ2-1*01,1
833,CAWSRWEADYNNEQYF,TRBV30*04,None,TRBJ2-7*01,1
834,CASSTSVRATYVQYF,TRBV14*02,None,TRBJ2-7*01,1
835,CAWSRWEAVYNNEQFF,TRBV30*04,None,TRBJ2-1*01,1
836,CASSVRVGRTYEQYF,TRBV14*02,None,TRBJ2-7*01,1
837,CATSLRQGGDYEQYF,TRBV27*01,None,TRBJ2-7*01,1
838,CASSVRWGPTYEQYF,TRBV14*02,None,TRBJ2-7*01,1
839,CASSVSEGPTYEQYF,TRBV14*02,None,TRBJ2-7*01,1
840,CASSVSVGPTYEQYF,TRBV9*02,None,TRBJ2-7*01,1
841,CASSVSVGPTYEQYF,TRBV9*01,None,TRBJ2-7*01,1
842,CATSFSVGPTYEEYF,TRBV14*02,None,TRBJ2-7*01,1
843,CATSFSVGPTYEKYF,TRBV14*02,None,TRBJ2-7*01,1
844,CASSVSVGPTYEQYF,TRBV13*02,None,TRBJ2-7*01,1
845,CASSVSVGPTSEQYF,TRBV14*02,None,TRBJ2-7*01,1
846,CASSVSVGPTHEQYF,TRBV14*02,None,TRBJ2-7*01,1
847,CASSVSVGPNYEQYF,TRBV14*02,None,TRBJ2-7*01,1
848,CATSFSVGPTYEQFF,TRBV14*02,None,TRBJ2-1*01,1
849,CATSFSVGPTYEQHF,TRBV14*02,None,TRBJ2-7*01,1
850,CASSVSVGPIYEQYF,TRBV14*02,None,TRBJ2-7*01,1
851,CASSVSVGPDYEQYF,TRBV14*02,None,TRBJ2-7*01,1
852,CATSFSVGPTYEQYF,TRBV14*02,None,TRBJ2-1*01,1
853,CASSVSVEPTYEQYF,TRBV14*02,None,TRBJ2-7*01,1
854,CATSLIVGLTYEQCF,TRBV14*02,None,TRBJ1-1*01,1
855,CATSLRQGAKYEQYF,TRBV27*01,None,TRBJ2-7*01,1
856,CASSVSGGPTYETYF,TRBV14*02,None,TRBJ2-7*01,1
857,CASSTSSNEQYF,TRBV2*02,None,TRBJ2-7*01,1
858,CASSTSFNKQFF,TRBV2*02,None,TRBJ2-1*01,1
859,CAWSRWEEDYNNEQFF,TRBV30*04,None,TRBJ2-1*01,1
860,CASSSSVGPTYEQYF,TRBV13*01,None,TRBJ2-7*01,1
861,CASSSSVGPTYEQFF,TRBV14*02,None,TRBJ2-1*01,1
862,CASSSSVGPTYEQCF,TRBV14*02,None,TRBJ2-7*01,1
863,CASSSSVGPTYAKYF,TRBV14*02,None,TRBJ2-7*01,1
864,CASSSSVGPNYEKYF,TRBV14*02,None,TRBJ2-7*01,1
865,CDSSFSVAPTYEQYF,TRBV14*02,None,TRBJ2-7*01,1
866,CASSSSVEPTYAQYF,TRBV14*02,None,TRBJ2-7*01,1
867,CDSSFSVGLTYEQYF,TRBV14*02,None,TRBJ1-1*01,1
868,CASSSSVAPTYELYF,TRBV14*02,None,TRBJ1-2*01,1
869,CASSSSSNEQFF,TRBV2*02,None,TRBJ2-1*01,1
870,CASSSSLGPTYEQYF,TRBV14*02,None,TRBJ2-7*01,1
871,CASSSSAGPTYEQYF,TRBV14*02,None,TRBJ2-7*01,1
872,CASSSRQGPSYEQYF,TRBV27*01,None,TRBJ2-7*01,1
873,CDSSFSVGPIYEQYF,TRBV14*02,None,TRBJ2-7*01,1
874,CDSSFSVGPTHEQYF,TRBV14*02,None,TRBJ2-7*01,1
875,CASSSIVGTPSEQYF,TRBV9*03,None,TRBJ2-7*01,1
876,CASSSIVGPTYEQYF,TRBV14*02,None,TRBJ2-7*01,1
877,CASSRWTVNYGYSF,TRBV11-3*02,None,TRBJ1-2*01,1
878,CASSSSVGPTYEQNF,TRBV14*02,None,TRBJ2-7*01,1
879,CASSSSVGPTYEQYF,TRBV14*02,None,TRBJ1-1*01,1
880,CAYSVTSYQETQYF,TRBV27*01,None,TRBJ2-1*01,1
881,CDSSFSMGPTYEQYF,TRBV14*02,None,TRBJ2-7*01,1
882,CASSSTVGPTYEQYF,TRBV14*02,None,TRBJ2-7*01,1
883,CASSSSYNQQFF,TRBV2*02,None,TRBJ2-1*01,1
884,CASSSSYNEQLF,TRBV2*02,None,TRBJ2-1*01,1
885,CDICFSGEPSYEQYF,TRBV14*02,None,TRBJ2-7*01,1
886,CASSSSVVPTYEQYF,TRBV14*02,None,TRBJ2-7*01,1
887,CASSSSVVPTSEQYF,TRBV27*01,None,TRBJ2-7*01,1
888,CDRRFSVGPTYEQYF,TRBV14*02,None,TRBJ2-7*01,1
889,CDSCVSVGPTYEQYF,TRBV10-1*02,None,TRBJ2-7*01,1
890,CASSSSVRPTYEQYF,TRBV14*02,None,TRBJ2-7*01,1
891,CDSRFSVGPTYEHYF,TRBV14*02,None,TRBJ2-7*01,1
892,CASSSSVGYTYDQYF,TRBV14*02,None,TRBJ2-7*01,1
893,CASSSSVGPTYVQYF,TRBV14*02,None,TRBJ2-7*01,1
894,CDSRLSYNEQFF,TRBV27*01,None,TRBJ2-1*01,1
895,CDSSFIVGPTYEQYF,TRBV14*02,None,TRBJ2-7*01,1
896,CASSSSVGPTYEQYF,TRBV2*02,None,TRBJ2-7*01,1
897,CDSSFSLRPTYEQYF,TRBV14*02,None,TRBJ2-7*01,1
898,CDSSFSLVPTYEQYF,TRBV14*02,None,TRBJ2-7*01,1
899,CASSVSVGPTYGQYF,TRBV14*02,None,TRBJ1-2*01,1
900,CATSFSVGPTSEQYF,TRBV14*02,None,TRBJ2-7*01,1
901,CSAVAWFSYEQYF,TRBV20-1*03,None,TRBJ2-7*01,1
902,CASTFSLGPIYEQYF,TRBV14*02,None,TRBJ2-7*01,1
903,CASYFSVRPTYEQYF,TRBV14*02,None,TRBJ2-7*01,1
904,CASTFSVGPTYAQYF,TRBV14*02,None,TRBJ2-7*01,1
905,CASTFSVGPAYEQYF,TRBV14*01,None,TRBJ2-7*01,1
906,CASTFSVGLTYEQYF,TRBV14*02,None,TRBJ2-7*01,1
907,CASTFSVGATCEQYF,TRBV14*02,None,TRBJ2-7*01,1
908,CASTFSVEPSYEQYF,TRBV14*02,None,TRBJ2-7*01,1
909,CASTFSVAPTYAQYF,TRBV14*02,None,TRBJ2-7*01,1
910,CATDFIVGPTYEQYF,TRBV14*02,None,TRBJ2-7*01,1
911,CASTFRVGPTYEQYF,TRBV14*02,None,TRBJ2-7*01,1
912,CASSVSVGPTYQQYF,TRBV14*02,None,TRBJ2-7*01,1
913,CASTFIVGPTYEQYF,TRBV14*02,None,TRBJ2-7*01,1
914,CATGFIVEPTYEQYF,TRBV14*02,None,TRBJ2-7*01,1
915,CASTFIVGPTYEQYF,TRBV14*02,None,TRBJ2-3*01,1
916,CASTCSVGPTYEQYF,TRBV14*02,None,TRBJ2-7*01,1
917,CASTCSVGLIYEQYF,TRBV14*02,None,TRBJ2-7*01,1
918,CASSYVAANTEAFF,TRBV6-6*02,None,TRBJ1-1*01,1
919,CASSYSVVPTYKQYF,TRBV27*01,None,TRBJ2-7*01,1
920,CATGFSVGPNYEQYF,TRBV14*02,None,TRBJ2-7*01,1
921,CASTFSVGPTYEEYF,TRBV14*02,None,TRBJ2-7*01,1
922,CASTFSVGPTYEQFF,TRBV14*02,None,TRBJ2-7*01,1
923,CASYFSVGPTYEQYF,TRBV14*02,None,TRBJ2-7*01,1
924,CASVLSVGPAYELYF,TRBV14*02,None,TRBJ2-7*01,1
925,CASTPSYNEQFF,TRBV7-7*02,None,TRBJ2-1*01,1
926,CASTPPYNEQFF,TRBV2*02,None,TRBJ2-1*01,1
927,CASTPGAAEREQYF,TRBV25-1*01,None,TRBJ2-7*01,1
928,CASTLRQGPTYEQYF,TRBV27*01,None,TRBJ2-7*01,1
929,CASTPTPAGCDLYF,TRBV25-1*01,None,TRBJ2-7*01,1
930,CASTLRQGGNYEQYF,TRBV13*01,None,TRBJ2-7*01,1
931,CASTLRQGGNYAQYF,TRBV27*01,None,TRBJ2-7*01,1
932,CASTISVGPTYEQYF,TRBV14*02,None,TRBJ2-7*01,1
933,CASTHSYNEQFF,TRBV2*02,None,TRBJ2-1*01,1
934,CASTFSVRPTYVKYF,TRBV14*02,None,TRBJ2-7*01,1
935,CASTFSVGTTYEQYF,TRBV14*02,None,TRBJ2-7*01,1
936,CASTFSVGSTYEKYF,TRBV14*02,None,TRBJ2-7*01,1
937,CASTFSVGPTYQQYF,TRBV14*02,None,TRBJ2-7*01,1
938,CASTFSVGPTYGQYF,TRBV14*02,None,TRBJ1-2*01,1
939,CASTSSVGPTYVQYF,TRBV14*02,None,TRBJ2-7*01,1
940,CASTFSVGPTYEQYF,TRBV6-6*05,None,TRBJ2-7*01,1
941,CASVFSVGSTYQQYF,TRBV14*02,None,TRBJ2-7*01,1
942,CASSYSVRSASDQYF,TRBV14*02,None,TRBJ2-7*01,1
943,CASSYSVRRTYQQYF,TRBV14*02,None,TRBJ2-7*01,1
944,CASSYSVGSNNEQYF,TRBV14*02,None,TRBJ2-7*01,1
945,CASSYGAGKTKAIF,TRBV6-6*03,None,TRBJ1-1*01,1
946,CASSYGAANTEAYF,TRBV6-6*03,None,TRBJ2-7*01,1
947,CASSYGAANTEAFF,TRBV6-6*05,None,TRBJ1-1*01,1
948,CATSFRQGGNYEQYF,TRBV27*01,None,TRBJ2-7*01,1
949,CASSYGAANTEAFF,TRBV6-2*01,None,TRBJ1-1*01,1
950,CASSYGAAKAEAFF,TRBV6-2*01,None,TRBJ1-1*01,1
951,CASSWVCVAVNSPHYF,TRBV7-8*01,None,TRBJ1-6*01,1
952,CATSFSLGPTCEKYF,TRBV14*02,None,TRBJ2-7*01,1
953,CASSWTGTGGEKLFF,TRBV14*02,TRBD1*01,TRBJ1-4*01,1
954,CASSWTGTGGDKQFF,TRBV27*01,TRBD1*01,TRBJ1-4*01,1
955,CATSFSVGLTYEQYF,TRBV14*02,None,TRBJ2-7*01,1
956,CASSWTGPGGEKLFF,TRBV27*01,None,TRBJ1-4*01,1
957,CATSFSVGPTQQHYF,TRBV14*02,None,TRBJ2-7*01,1
958,CASSVSVVPTYEQYF,TRBV14*02,None,TRBJ2-7*01,1
959,CASSVSVRANYEQYF,TRBV9*01,None,TRBJ2-7*01,1
960,CASSVSVGTTYEQYF,TRBV14*02,None,TRBJ2-7*01,1
961,CASSVSVGRTYEQYF,TRBV14*02,None,TRBJ2-7*01,1
962,CASSVSVGRTYAQYF,TRBV14*02,None,TRBJ2-7*01,1
963,CASSYGAANTETFF,TRBV6-6*05,None,TRBJ1-1*01,1
964,CASSYGVANTEAFF,TRBV6-6*03,None,TRBJ1-1*01,1
965,CASSYSVGPTYQQYF,TRBV14*02,None,TRBJ2-7*01,1
966,CASSYGVEPTYEQYF,TRBV14*02,None,TRBJ2-7*01,1
967,CATIFSVGPTYERYF,TRBV14*02,None,TRBJ2-7*01,1
968,CATRFGVGPTYEQYF,TRBV14*02,None,TRBJ2-7*01,1
969,CATRFSVGPTYEQYF,TRBV14*02,None,TRBJ2-7*01,1
970,CASSYSVGPTYELYF,TRBV14*02,None,TRBJ2-7*01,1
971,CASSYSVGPTYDQYF,TRBV14*02,None,TRBJ2-7*01,1
972,CASSYSVGHTYEQYF,TRBV14*02,None,TRBJ2-7*01,1
973,CASSYSVGHTYEQYF,TRBV13*01,None,TRBJ2-7*01,1
974,CASSYSVETTYEQYF,TRBV14*02,None,TRBJ2-7*01,1
975,CASSYSVEPTYEQYF,TRBV14*02,None,TRBJ2-7*01,1
976,CASSYSVDPTYEQYF,TRBV14*02,None,TRBJ2-7*01,1
977,CASSYSNYGYTF,TRBV6-6*03,None,TRBJ1-2*01,1
978,CASSYSNCGYTF,TRBV6-6*02,None,TRBJ1-2*01,1
979,CASSYSMGPTYDQYF,TRBV14*02,None,TRBJ2-7*01,1
980,CASSYSGGPIYEQYF,TRBV9*03,None,TRBJ2-7*01,1
981,CASSYRAATSAAFF,TRBV6-5*01,None,TRBJ1-1*01,1
982,CASSYRAANTEAFF,TRBV6-6*03,None,TRBJ1-1*01,1
983,CASSYRAANTEAFF,TRBV6-3*01,None,TRBJ1-1*01,1
984,CASSRVSYNEQFF,TRBV7-9*02,None,TRBJ2-1*01,1
985,CDSSFSVGPTYEPYF,TRBV14*02,None,TRBJ2-7*01,1
986,CDSSFSVGRTYEQYF,TRBV14*02,None,TRBJ2-7*01,1
987,CPSSVSVGPTYAQYF,TRBV14*02,None,TRBJ2-7*01,1
988,CASSPSYKEQSF,TRBV2*02,None,TRBJ2-1*01,1
989,CPSSLRQGVNYEQYF,TRBV27*01,None,TRBJ2-7*01,1
990,CASSPSYKEKFF,TRBV2*02,None,TRBJ2-1*01,1
991,CPSSPSYNEQYF,TRBV2*02,None,TRBJ2-1*01,1
992,CPSSSSVGPAYVQYF,TRBV14*02,None,TRBJ2-7*01,1
993,CASSPSYIDQFF,TRBV2*02,None,TRBJ2-1*01,1
994,CASSPSYHVQFF,TRBV2*02,None,TRBJ2-1*01,1
995,CPSSSSVGPTYEQYF,TRBV14*02,None,TRBJ2-7*01,1
996,CASSPSYEQYF,TRBV27*01,None,TRBJ2-7*01,1
997,CASSRVSYNEQFF,TRBV28*01,None,TRBJ2-7*01,1
998,CPSSVSVGPTYEQYF,TRBV14*02,None,TRBJ2-1*01,1
999,CPSSVSVGPTYEQYF,TRBV14*02,None,TRBJ2-7*01,1
1000,CASSPSYEQYF,TRBV14*02,None,TRBJ2-7*01,1
1001,CPSSVSVVPTYEQYF,TRBV9*02,None,TRBJ2-7*01,1
1002,CASSPSYDRQFF,TRBV2*02,None,TRBJ2-1*01,1
1003,CPSTFNVVPTYVQYF,TRBV14*02,None,TRBJ2-7*01,1
1004,CPSTFSVGPSYDQYF,TRBV14*02,None,TRBJ2-7*01,1
1005,CASSPSYDGQIF,TRBV2*02,None,TRBJ2-1*01,1
1006,CPSSLGQGSNYEQYF,TRBV13*02,None,TRBJ2-7*01,1
1007,CASSPSYKKQFF,TRBV2*02,None,TRBJ2-1*01,1
1008,CPSSFWLGPTYEQYF,TRBV14*02,None,TRBJ2-7*01,1
1009,CPSSFSVVPTYEQYF,TRBV14*02,None,TRBJ2-7*01,1
1010,CASSPSYNEKIF,TRBV2*02,None,TRBJ2-1*01,1
1011,CPSSFSVGPTDEQYF,TRBV14*02,None,TRBJ2-7*01,1
1012,CPSSFSVGPTYDQYF,TRBV14*02,None,TRBJ2-7*01,1
1013,CASSPSYNEHFF,TRBV27*01,None,TRBJ2-1*01,1
1014,CASSPSYNEHFF,TRBV2*02,None,TRBJ2-7*01,1
1015,CPSSFSVGPTYEQNF,TRBV14*02,None,TRBJ2-7*01,1
1016,CPSSFSVGPTYGQYF,TRBV14*02,None,TRBJ2-7*01,1
1017,CPSSFSVGPTYKPYF,TRBV14*02,None,TRBJ2-7*01,1
1018,CASSPSYNEHFF,TRBV2*02,None,TRBJ2-5*01,1
1019,CPSSFSVGPTYKQYF,TRBV14*02,None,TRBJ2-7*01,1
1020,CPSSFSVGTRFDQYF,TRBV14*02,None,TRBJ2-7*01,1
1021,CASSPSYNEEFF,TRBV14*02,None,TRBJ2-1*01,1
1022,CASSPSYNDQLF,TRBV2*02,None,TRBJ2-1*01,1
1023,CPSSFSVGTTYEQYF,TRBV14*02,None,TRBJ2-7*01,1
1024,CASSPSYNDQFF,TRBV2*03,None,TRBJ2-1*01,1
1025,CPSSFSVRPTYEQGF,TRBV14*02,None,TRBJ2-7*01,1
1026,CASSPSYNDQFF,TRBV2*02,None,TRBJ2-7*01,1
1027,CASSPSYDEQFF,TRBV27*01,None,TRBJ2-1*01,1
1028,CQKEGRSGDEKLFF,TRBV5-3*01,None,TRBJ1-4*01,1
1029,CASSPSYDEQFF,TRBV14*02,None,TRBJ2-1*01,1
1030,CSAVAGFSSEQYF,TRBV20-1*02,None,TRBJ2-7*01,1
1031,CASSPSAGPTNEQYF,TRBV14*02,None,TRBJ2-7*01,1
1032,CASSPPYNEQFF,TRBV2*02,None,TRBJ2-7*01,1
1033,CSAVAGFSYAQYF,TRBV20-1*02,None,TRBJ2-7*01,1
1034,CSAVAGFSYEEYF,TRBV20-1*06,None,TRBJ2-7*01,1
1035,CASSPLYNEEFF,TRBV2*02,None,TRBJ2-1*01,1
1036,CASSPGQGAGGTQYF,TRBV18*01,TRBD1*01,TRBJ2-3*01,1
1037,CASSPGQGAGDTRYF,TRBV18*01,TRBD1*01,TRBJ2-3*01,1
1038,CSAVAGFSYEHYF,TRBV20-1*02,None,TRBJ2-7*01,1
1039,CASTPSCNEQFF,TRBV2*02,None,TRBJ2-1*01,1
1040,CASSPGQGAGDTQYF,TRBV18*01,TRBD1*01,TRBJ2-5*01,1
1041,CSAVAGLSYEQYF,TRBV20-1*02,None,TRBJ2-7*01,1
1042,CASSPFYNEQFF,TRBV2*03,None,TRBJ2-1*01,1
1043,CSAVAGLSYEQYF,TRBV20-1*06,None,TRBJ2-7*01,1
1044,CSAVAGSSYEQYF,TRBV20-1*02,None,TRBJ2-7*01,1
1045,CASSPFYNELFF,TRBV2*02,None,TRBJ2-1*01,1
1046,CSAVAGSSYEQYF,TRBV20-1*06,None,TRBJ2-7*01,1
1047,CSAVAWFSYEEYF,TRBV20-1*06,None,TRBJ2-7*01,1
1048,CASSPSCNEQFF,TRBV14*02,None,TRBJ2-1*01,1
1049,CSAVAGFSHEQYF,TRBV20-1*06,None,TRBJ2-7*01,1
1050,CASSPSVGPTYEQYF,TRBV14*02,None,TRBJ2-7*01,1
1051,CSAVAGFSCEQYF,TRBV20-1*03,None,TRBJ2-7*01,1
1052,CQSSLRQGGNYEQYF,TRBV27*01,None,TRBJ2-7*01,1
1053,CASSPSSNEQFF,TRBV2*02,None,TRBJ2-7*01,1
1054,CRAVAGFSYEQYF,TRBV20-1*06,None,TRBJ2-7*01,1
1055,CASSPSSNEEFF,TRBV2*02,None,TRBJ2-1*01,1
1056,CSAAAGFYHEQYF,TRBV20-1*03,None,TRBJ2-7*01,1
1057,CASSPSNNEHSF,TRBV2*02,None,TRBJ2-1*01,1
1058,CSAAAGVSYEHYF,TRBV20-1*02,None,TRBJ2-7*01,1
1059,CASSPSNKVQFF,TRBV2*02,None,TRBJ2-1*01,1
1060,CASSPSNKDQFF,TRBV2*02,None,TRBJ2-1*01,1
1061,CASSPSLRGTYEQYF,TRBV3-1*01,None,TRBJ2-7*01,1
1062,CSAVAEFSYEQYF,TRBV20-1*02,None,TRBJ2-7*01,1
1063,CSAVAEFSYEQYF,TRBV20-1*03,None,TRBJ2-7*01,1
1064,CASSPSHNEPFF,TRBV2*02,None,TRBJ2-1*01,1
1065,CASSPSFNEQFF,TRBV2*02,None,TRBJ2-1*01,1
1066,CASSPSENEQFF,TRBV2*02,None,TRBJ2-1*01,1
1067,CASSPSCNQHFF,TRBV2*02,None,TRBJ2-1*01,1
1068,CSAVAGFPYEQYF,TRBV20-1*06,None,TRBJ2-7*01,1
1069,CASSPSYNEKLF,TRBV2*02,None,TRBJ2-1*01,1
1070,CPSSFSVGPAYHLHF,TRBV14*02,None,TRBJ2-7*01,1
1071,CPSSFSMGPPYEQYF,TRBV14*02,None,TRBJ2-7*01,1
1072,CDSSTSYNEQFF,TRBV2*02,None,TRBJ2-7*01,1
1073,CDSSWRQGPTYEQYF,TRBV27*01,None,TRBJ2-7*01,1
1074,CDSSYSVGPTYDQYF,TRBV14*02,None,TRBJ2-7*01,1
1075,CGCSFSVGPTNEQYF,TRBV14*02,None,TRBJ2-7*01,1
1076,CGNSFSVGPTYEKYF,TRBV14*02,None,TRBJ2-7*01,1
1077,CGRSFSLGPTYEQYF,TRBV14*02,None,TRBJ2-7*01,1
1078,CGSCFSVGPTYEQYF,TRBV14*02,None,TRBJ2-7*01,1
1079,CASSPTYEQYF,TRBV14*02,None,TRBJ2-7*01,1
1080,CGSCLRQGVNYAHYF,TRBV12-4*01,None,TRBJ1-6*01,1
1081,CASSPSYYEQFF,TRBV27*01,None,TRBJ2-1*01,1
1082,CASSPSYYEQFF,TRBV2*02,None,TRBJ2-1*01,1
1083,CASSPSYVEQFF,TRBV2*02,None,TRBJ2-1*01,1
1084,CASSPSYTVQFF,TRBV2*02,None,TRBJ2-7*01,1
1085,CGSNFSVVPTYAHHF,TRBV14*02,None,TRBJ1-6*01,1
1086,CGSRFSVGPTYEQYF,TRBV14*02,None,TRBJ2-7*01,1
1087,CASSPSYSEQFF,TRBV14*02,None,TRBJ2-1*01,1
1088,CGSRWDRFPVNLPLHF,TRBV7-8*03,None,TRBJ1-6*01,1
1089,CGSRWREGGNYEQYF,TRBV27*01,None,TRBJ2-7*01,1
1090,CDSSVRQLPTYEQYF,TRBV27*01,None,TRBJ2-7*01,1
1091,CDSSTSYNDHFF,TRBV2*02,None,TRBJ2-1*01,1
1092,CGSSFSLGANYDQYF,TRBV14*02,None,TRBJ1-6*02,1
1093,CDSSPYYNEQFF,TRBV2*02,None,TRBJ2-1*01,1
1094,CDSSISVGQTYEQYF,TRBV14*02,None,TRBJ2-7*01,1
1095,CDSSLREGGNYEQYF,TRBV12-4*01,None,TRBJ2-7*01,1
1096,CDSSLRQGGNCEQYF,TRBV27*01,None,TRBJ2-7*01,1
1097,CASSRVSYNEKFF,TRBV28*01,None,TRBJ2-1*01,1
1098,CASSRSYNEQFF,TRBV14*02,None,TRBJ2-1*01,1
1099,CASSRMEGQGALYGYTF,TRBV28*01,TRBD1*01,TRBJ1-2*01,1
1100,CASSRDRGSNYPQYF,TRBV14*02,None,TRBJ2-4*01,1
1101,CDSSLRQGGTYEQYF,TRBV27*01,None,TRBJ2-7*01,1
1102,CASSRDRGSNQHQHF,TRBV14*02,None,TRBJ1-5*01,1
1103,CASSRDGGSNQPQHF,TRBV14*02,None,TRBJ1-5*01,1
1104,CASSPYYYEQFF,TRBV2*02,None,TRBJ2-1*01,1
1105,CDSSLSVRRIYENYF,TRBV14*02,None,TRBJ2-7*01,1
1106,CASSPYYNEQFF,TRBV2*02,None,TRBJ2-7*01,1
1107,CDSSPNYNEQFF,TRBV2*02,None,TRBJ2-1*01,1
1108,CASSPYNEQFF,TRBV2*02,None,TRBJ2-1*01,1
1109,CASSPWTDNYGYTF,TRBV4-3*02,None,TRBJ1-2*01,1
1110,CDSSPSYNEQFF,TRBV14*02,None,TRBJ2-1*01,1
1111,CGSSFRVGPTYEQYF,TRBV18*01,None,TRBJ2-7*01,1
1112,CGSSFSVGATYEQYF,TRBV9*01,None,TRBJ2-7*01,1
1113,CASSPSYNEQFF,TRBV13*01,None,TRBJ2-1*01,1
1114,CASSPSYNEQFF,TRBV7-7*02,None,TRBJ2-1*01,1
1115,CLSSFSVGPTYEQYF,TRBV14*02,None,TRBJ2-7*01,1
1116,CASSPSYNEQFF,TRBV6-7*01,None,TRBJ2-1*01,1
1117,CMLRRYGGSQGNLIF,TRBV27*01,None,TRBJ1-1*01,1
1118,CNSSFSVGPTYEQYF,TRBV14*02,None,TRBJ2-7*01,1
1119,CPGSFSEGPSYEQYF,TRBV14*02,None,TRBJ2-7*01,1
1120,CPGSFSVGPTHEQYF,TRBV14*02,None,TRBJ2-7*01,1
1121,CASSPSYNEQFF,TRBV25-1*01,None,TRBJ2-1*01,1
1122,CASSPSYNEQFF,TRBV2*03,None,TRBJ2-7*01,1
1123,CPITFSVVPTYEQYF,TRBV14*02,None,TRBJ2-7*01,1
1124,CPSRFSVGPTYEQYF,TRBV14*02,None,TRBJ2-7*01,1
1125,CPSSASYNEQCF,TRBV2*02,None,TRBJ2-1*01,1
1126,CPSSCIVGPSYLQYF,TRBV14*01,None,TRBJ2-7*01,1
1127,CPSSFNVGPTYEQYF,TRBV14*02,None,TRBJ2-7*01,1
1128,CPSSFRQGGNYEQYF,TRBV27*01,None,TRBJ2-7*01,1
1129,CPSSFRVGPTYDQYF,TRBV14*02,None,TRBJ2-7*01,1
1130,CPSSFRVGPTYVQYF,TRBV6-7*01,None,TRBJ2-7*01,1
1131,CASSPSYNEQFF,TRBV14*01,None,TRBJ2-1*01,1
1132,CASSPSYNEQFF,TRBV6-8*01,None,TRBJ2-1*01,1
1133,CASSPSYNEQIF,TRBV13*02,None,TRBJ2-1*01,1
1134,CGSSFSVGHTYEQYF,TRBV14*02,None,TRBJ2-7*01,1
1135,CLCSLRQGGGYEQYF,TRBV27*01,None,TRBJ2-7*01,1
1136,CASSPSYNKQFF,TRBV14*02,None,TRBJ2-1*01,1
1137,CASSPSYNHFFF,TRBV2*02,None,TRBJ2-1*01,1
1138,CGSSFSVGPTSEQYF,TRBV14*02,None,TRBJ2-7*01,1
1139,CASSPSYNGKFF,TRBV2*02,None,TRBJ2-1*01,1
1140,CGSSFSVGTTYEQYF,TRBV14*02,None,TRBJ2-7*01,1
1141,CGSSPSYNEQFF,TRBV27*01,None,TRBJ2-1*01,1
1142,CGSSPSYNGQFF,TRBV2*02,None,TRBJ2-1*01,1
1143,CGSSVSLAPTYEHYF,TRBV14*02,None,TRBJ2-7*01,1
1144,CGSSVSVGTTYEQYF,TRBV14*02,None,TRBJ2-7*01,1
1145,CGSSYGAANTEAFF,TRBV6-6*01,None,TRBJ1-1*01,1
1146,CGSSYGAANTEAFF,TRBV6-6*03,None,TRBJ1-1*01,1
1147,CASSPSYNEQSF,TRBV2*02,None,TRBJ2-7*01,1
1148,CGVEQGPRGTQYF,TRBV29-1*02,None,TRBJ2-3*01,1
1149,CHSSFSVGSNYEQYF,TRBV14*02,None,TRBJ2-7*01,1
1150,CINNSNVGPTYPHYF,TRBV14*02,None,TRBJ1-6*01,1
1151,CIRSFCVGFSYQQYF,TRBV14*02,None,TRBJ2-7*01,1
1152,CISSFSVGPTSEQYF,TRBV14*02,None,TRBJ2-7*01,1
1153,CSAVAGFSYEQYF,TRBV20-1*02,None,TRBJ2-5*01,1
1154,CACCFTVGHTYEQYF,TRBV14*02,None,TRBJ2-7*01,1
1155,CASSLREGGNNEQYF,TRBV27*01,None,TRBJ2-1*01,1
1156,CASRFREAGSGLHF,TRBV11-3*02,None,TRBJ2-7*01,1
1157,CASRFSVGPNYEQYF,TRBV27*01,None,TRBJ2-7*01,1
1158,CASRFSVGPNYAQYF,TRBV14*02,None,TRBJ2-7*01,1
1159,CASRFSVGPIYEQYF,TRBV14*02,None,TRBJ2-7*01,1
1160,CASRFSVGGTYVQYF,TRBV14*02,None,TRBJ2-7*01,1
1161,CASRFSVGGTYEQYF,TRBV9*01,None,TRBJ2-7*01,1
1162,CASRFSVGATYGQYF,TRBV14*02,None,TRBJ2-7*01,1
1163,CASRFSMGHTYEQYF,TRBV14*02,None,TRBJ2-7*01,1
1164,CASRFSLGPTYVQYF,TRBV14*02,None,TRBJ2-7*01,1
1165,CASRFRVGPTYKHYF,TRBV14*02,None,TRBJ2-7*01,1
1166,CASRFRVGPTYEQYF,TRBV14*02,None,TRBJ2-7*01,1
1167,CASRFRVGPTSEKCF,TRBV14*02,None,TRBJ1-1*01,1
1168,CASRCYFNGQLF,TRBV2*02,None,TRBJ2-1*01,1
1169,CASRFSVGPTCEQYF,TRBV14*02,None,TRBJ2-7*01,1
1170,CASRCSVGHTYDQYF,TRBV14*02,None,TRBJ2-7*01,1
1171,CASPSYNEQFF,TRBV2*02,None,TRBJ2-1*01,1
1172,CASNYGAANTEAFF,TRBV6-6*05,None,TRBJ1-1*01,1
1173,CASNRQGTNEQYF,TRBV6-6*05,None,TRBJ2-7*01,1
1174,CASNLRRRSNYAYYF,TRBV27*01,None,TRBJ2-7*01,1
1175,CASNLRQGPTYEQYF,TRBV27*01,None,TRBJ2-7*01,1
1176,CASNLRQGGNYGQYF,TRBV27*01,None,TRBJ2-7*01,1
1177,CASNLRQGGNYEQYF,TRBV6-6*03,None,TRBJ2-7*01,1
1178,CASNLRNGLTYVQYF,TRBV6-5*01,None,TRBJ2-7*01,1
1179,CASNLRGTSGYAYTF,TRBV6-6*03,None,TRBJ1-2*01,1
1180,CASNLRGTRGYGYTF,TRBV25-1*01,None,TRBJ1-2*01,1
1181,CASRFSVGPSYEQYF,TRBV14*02,None,TRBJ2-7*01,1
1182,CASRFSVGPTNEQYF,TRBV14*02,None,TRBJ2-7*01,1
1183,CASNLRGTRGYDYTF,TRBV27*01,None,TRBJ1-2*01,1
1184,CASRFSVGTTYEQYF,TRBV14*02,None,TRBJ2-7*01,1
1185,CASRLQQGSNYEQFF,TRBV27*01,None,TRBJ2-1*01,1
1186,CASRLPQGSTYEQYF,TRBV27*01,None,TRBJ2-7*01,1
1187,CASRLLQGGNYEQYF,TRBV14*02,None,TRBJ2-7*01,1
1188,CASRLGTLETQYF,TRBV28*01,None,TRBJ2-5*01,1
1189,CASRISVGPTYEQYF,TRBV14*02,None,TRBJ2-7*01,1
1190,CASRISVAPTYVLYF,TRBV14*02,None,TRBJ2-7*01,1
1191,CASRFTVGPTYEQYF,TRBV14*02,None,TRBJ2-7*01,1
1192,CASRFSVVCTYEQYF,TRBV14*02,None,TRBJ2-7*01,1
1193,CASRFSVRQTSEQYF,TRBV14*02,None,TRBJ2-7*01,1
1194,CASRFSVRPTYEQYF,TRBV14*02,None,TRBJ2-7*01,1
1195,CASRFSVGTTYKQYF,TRBV14*02,None,TRBJ2-7*01,1
1196,CASRFSVGSTYEQYF,TRBV14*02,None,TRBJ2-7*01,1
1197,CASRFSVGPTYAQYF,TRBV14*02,None,TRBJ2-7*01,1
1198,CASRFSVGPTYVLYF,TRBV14*02,None,TRBJ2-7*01,1
1199,CASRFSVGPTYQQYF,TRBV27*01,None,TRBJ2-7*01,1
1200,CASRFSVGPTYKQYF,TRBV14*02,None,TRBJ2-7*01,1
1201,CASRFSVGPTYETYF,TRBV14*02,None,TRBJ2-7*01,1
1202,CASRFSVGPTYEQYF,TRBV27*01,None,TRBJ2-7*01,1
1203,CASRFSVGPTYEQYF,TRBV14*02,None,TRBJ1-1*01,1
1204,CASRFSVGPTYEQSF,TRBV14*02,None,TRBJ2-7*01,1
1205,CASRFSVGPTYEQHF,TRBV14*02,None,TRBJ2-7*01,1
1206,CASRFSVGPTYEPYF,TRBV14*02,None,TRBJ2-7*01,1
1207,CASRFSVGPTYEEYF,TRBV14*02,None,TRBJ2-7*01,1
1208,CASRFSVGPTYAQYF,TRBV6-7*01,None,TRBJ2-7*01,1
1209,CASNLRGTRGYGFSF,TRBV27*01,None,TRBJ1-2*01,1
1210,CASNFSVVPTYEQYF,TRBV14*01,None,TRBJ2-7*01,1
1211,CASGFSVGPTYVKYF,TRBV14*02,None,TRBJ2-7*01,1
1212,CASIFSLGPNYEQYF,TRBV14*02,None,TRBJ2-7*01,1
1213,CASIFSVGPTYGQYF,TRBV14*02,None,TRBJ2-7*01,1
1214,CASIFSVGPTYERYF,TRBV14*02,None,TRBJ2-7*01,1
1215,CASIFSVGPTYERNF,TRBV14*02,None,TRBJ2-7*01,1
1216,CASIFSVGPTYEQYF,TRBV6-7*01,None,TRBJ2-7*01,1
1217,CASIFSVGPTYAQYF,TRBV7-2*02,None,TRBJ2-7*01,1
1218,CASIFSVGPTYAQYF,TRBV27*01,None,TRBJ2-7*01,1
1219,CASIFSVGPTYAQYF,TRBV14*02,None,TRBJ2-7*01,1
1220,CASIFSVGPTDEQYF,TRBV14*02,None,TRBJ2-7*01,1
1221,CASIFSVGPSYAQYF,TRBV14*02,None,TRBJ2-7*01,1
1222,CASIFSVGPNYEQYF,TRBV14*02,None,TRBJ2-7*01,1
1223,CASIFSVGPAYEQYF,TRBV14*02,None,TRBJ2-7*01,1
1224,CASIFSAGPTYEQYF,TRBV14*02,None,TRBJ2-7*01,1
1225,CASIFSVRPTYEQYF,TRBV14*02,None,TRBJ2-7*01,1
1226,CASIFRVGHAYVQYF,TRBV14*02,None,TRBJ2-7*01,1
1227,CASIFIVGPTYEQYF,TRBV14*02,None,TRBJ2-7*01,1
1228,CASIFIMESTYEQYF,TRBV14*01,None,TRBJ2-7*01,1
1229,CASIFGQGPTYGQYF,TRBV14*02,None,TRBJ2-7*01,1
1230,CASGLRQGGNYVQYF,TRBV27*01,None,TRBJ2-7*01,1
1231,CASGLRQGGNYEQYF,TRBV27*01,None,TRBJ2-1*01,1
1232,CASGLRQGGNYEQHF,TRBV27*01,None,TRBJ2-7*01,1
1233,CASGLRKGGNYDQYF,TRBV27*01,None,TRBJ2-7*01,1
1234,CASGLPQGVNYEKYF,TRBV27*01,None,TRBJ2-7*01,1
1235,CASGGQNYGYTF,TRBV11-2*03,None,TRBJ1-2*01,1
1236,CASGGMEGQGALYGYTF,TRBV28*01,TRBD1*01,TRBJ1-2*01,1
1237,CASIFSVGTTYEQYF,TRBV14*02,None,TRBJ2-7*01,1
1238,CASIISVGPTYEQYF,TRBV14*02,None,TRBJ2-7*01,1
1239,CASNFSVGRTYEQYF,TRBV14*02,None,TRBJ2-7*01,1
1240,CASKRGTRVVDTKNF,TRBV12-4*02,None,TRBJ2-3*01,1
1241,CASNFSVGPTYGQYF,TRBV14*02,None,TRBJ2-7*01,1
1242,CASNFSVGPSYEQYF,TRBV14*02,None,TRBJ2-7*01,1
1243,CASNFSVGPIYEQYF,TRBV14*02,None,TRBJ2-7*01,1
1244,CASNFRGTRGYGYTF,TRBV27*01,None,TRBJ1-2*01,1
1245,CASMYSYNEQFF,TRBV2*02,None,TRBJ2-1*01,1
1246,CASMFSVGATYEQYF,TRBV14*02,None,TRBJ2-7*01,1
1247,CASMFSEGPTYEQYF,TRBV14*02,None,TRBJ2-7*01,1
1248,CASLSVGPTYEQYF,TRBV14*02,None,TRBJ2-7*01,1
1249,CASLPSYNEQFF,TRBV2*02,None,TRBJ2-1*01,1
1250,CASLFSVGPTDDQYF,TRBV14*02,None,TRBJ2-7*01,1
1251,CASKSNLYRKTQHF,TRBV3-1*01,None,TRBJ2-7*01,1
1252,CASKPGTSVVDTQYF,TRBV27*01,TRBD2*02,TRBJ2-3*01,1
1253,CASILRQGCNYEQYF,TRBV27*01,None,TRBJ2-7*01,1
1254,CASKPGTSLVETQYF,TRBV12-4*02,None,TRBJ2-3*01,1
1255,CASIVTVGTIYEQYF,TRBV14*02,None,TRBJ2-7*01,1
1256,CASIVSVGATYEQYF,TRBV14*02,None,TRBJ2-7*01,1
1257,CASITNVGPTYEQYF,TRBV14*02,None,TRBJ2-7*01,1
1258,CASIPSYNEQYF,TRBV2*02,None,TRBJ2-1*01,1
1259,CASIPSYNEQFF,TRBV27*01,None,TRBJ2-1*01,1
1260,CASIPSYNEQFF,TRBV2*02,None,TRBJ2-7*01,1
1261,CASIPSYNEQFF,TRBV14*02,None,TRBJ2-1*01,1
1262,CASIPSYKEQFF,TRBV2*02,None,TRBJ2-1*01,1
1263,CASIPANYEHYF,TRBV2*02,None,TRBJ2-1*01,1
1264,CASILSYNEQFF,TRBV2*02,None,TRBJ2-1*01,1
1265,CASRLRHGGNYEQYF,TRBV27*01,None,TRBJ2-7*01,1
1266,CASRLRQEGNYEQYF,TRBV27*01,None,TRBJ2-7*01,1
1267,CASRLRQGGNYAQYF,TRBV27*01,None,TRBJ2-7*01,1
1268,CASSCSVGPTYEAYF,TRBV14*02,None,TRBJ2-7*01,1
1269,CASSCSVVLTNEQYF,TRBV14*02,None,TRBJ2-7*01,1
1270,CASSCSVSPTNKQYF,TRBV14*02,None,TRBJ2-7*01,1
1271,CASSCSVRPTYLQHF,TRBV14*02,None,TRBJ2-7*01,1
1272,CASSCSVRPTYEQCF,TRBV27*01,None,TRBJ2-7*01,1
1273,CASSCSVGSVYEQYF,TRBV14*02,None,TRBJ2-7*01,1
1274,CASSCSVGSTYLQHF,TRBV14*02,None,TRBJ2-7*01,1
1275,CASSCSVGPTYGQYF,TRBV27*01,None,TRBJ2-7*01,1
1276,CASSCSVGPTYERYF,TRBV14*02,None,TRBJ2-7*01,1
1277,CASSCSVGPTYEQYF,TRBV9*03,None,TRBJ2-7*01,1
1278,CASSCSVGPTYEQYF,TRBV14*02,None,TRBJ2-1*01,1
1279,CASSCSVGPTYEKYF,TRBV14*02,None,TRBJ2-7*01,1
1280,CASSCSVGPTSEQYF,TRBV14*02,None,TRBJ2-7*01,1
1281,CASSCSVWATNEQYF,TRBV14*02,None,TRBJ2-7*01,1
1282,CASSCSVGPTNEQYF,TRBV14*02,None,TRBJ2-7*01,1
1283,CASSCSVGPTFEQYF,TRBV14*02,None,TRBJ2-7*01,1
1284,CASSCSVGPTDEKYF,TRBV14*02,None,TRBJ2-7*01,1
1285,CASSCSVGPSYEQYF,TRBV14*02,None,TRBJ2-7*01,1
1286,CASSCSVGPSNEQYF,TRBV14*02,None,TRBJ2-7*01,1
1287,CASSCSVGPNNEQFF,TRBV14*02,None,TRBJ2-7*01,1
1288,CASSCSVGPKYEQYF,TRBV14*02,None,TRBJ2-7*01,1
1289,CASSCSVGPAYEQYF,TRBV14*02,None,TRBJ2-7*01,1
1290,CASSCSVGLTYEQYF,TRBV14*02,None,TRBJ2-7*01,1
1291,CASSCSVGDTYEQYF,TRBV14*02,None,TRBJ2-7*01,1
1292,CASSCSVGANYEQYF,TRBV14*02,None,TRBJ2-7*01,1
1293,CASSCSVVPTYEQYF,TRBV14*02,None,TRBJ2-7*01,1
1294,CASSCTVGPTYERYF,TRBV14*02,None,TRBJ2-7*01,1
1295,CASRLRQGGNYEPYF,TRBV27*01,None,TRBJ2-7*01,1
1296,CASSFCVGRANEQYF,TRBV7-9*01,None,TRBJ2-7*01,1
1297,CASSFGVGPTYDQYF,TRBV14*02,None,TRBJ2-7*01,1
1298,CASSFGVGPTYAQYF,TRBV14*02,None,TRBJ2-7*01,1
1299,CASSFGVGPSYEQYF,TRBV14*02,None,TRBJ2-7*01,1
1300,CASSFGVGPPYEQYF,TRBV14*02,None,TRBJ2-7*01,1
1301,CASSFGVGLTYEQYF,TRBV14*02,None,TRBJ2-7*01,1
1302,CASSFGVGATYEYYF,TRBV14*02,None,TRBJ2-7*01,1
1303,CASSFGVGATYEQYF,TRBV14*02,None,TRBJ2-7*01,1
1304,CASSFGVGATYEQYF,TRBV14*02,None,TRBJ1-1*01,1
1305,CASSFGQGGNYEQYF,TRBV27*01,None,TRBJ2-7*01,1
1306,CASSFFVTPTYEQYF,TRBV14*02,None,TRBJ2-7*01,1
1307,CASSFCVGSTYEQYF,TRBV14*02,None,TRBJ2-7*01,1
1308,CASSFCVGPTYKQYF,TRBV14*02,None,TRBJ2-7*01,1
1309,CASSCYMGPTQDQYF,TRBV14*02,None,TRBJ1-1*01,1
1310,CASSFCVGPTYKKYF,TRBV14*02,None,TRBJ2-7*01,1
1311,CASSFCVGPTFEKYF,TRBV14*02,None,TRBJ2-7*01,1
1312,CASSFCVGLTYEQYF,TRBV14*01,None,TRBJ2-7*01,1
1313,CASSFCVCPTYEMYF,TRBV14*02,None,TRBJ2-7*01,1
1314,CASSFCMGATYEQYF,TRBV14*02,None,TRBJ2-7*01,1
1315,CASSFCLGSTYEQYF,TRBV14*02,None,TRBJ2-7*01,1
1316,CASSFCLGLTYEQYF,TRBV14*02,None,TRBJ2-7*01,1
1317,CASSFCFGPTYQQYF,TRBV14*02,None,TRBJ2-7*01,1
1318,CASSFCAGPTYEQYF,TRBV14*02,None,TRBJ2-7*01,1
1319,CASSFAVGPTYEQYF,TRBV14*02,None,TRBJ2-7*01,1
1320,CASSDPYNEQFF,TRBV2*02,None,TRBJ2-1*01,1
1321,CASSCSVAPNYEQYF,TRBV14*02,None,TRBJ2-7*01,1
1322,CASSCSMGPTHEQYF,TRBV14*02,None,TRBJ2-7*01,1
1323,CASSCSMGAPYVLYF,TRBV14*02,None,TRBJ2-7*01,1
1324,CASRPSYTEQFF,TRBV2*02,None,TRBJ2-1*01,1
1325,CASRWDRFPVNSLLHF,TRBV7-8*03,None,TRBJ1-6*01,1
1326,CASRWDRFPANSPLHF,TRBV7-8*03,None,TRBJ1-6*01,1
1327,CASRWDQLPENSPLHF,TRBV11-2*03,None,TRBJ1-6*01,1
1328,CASRWDCFPVNSPLHF,TRBV7-8*03,None,TRBJ1-6*01,1
1329,CASRWDCFPVNSPLHF,TRBV7-3*05,None,TRBJ1-6*01,1
1330,CASRVSVGPTYEQYF,TRBV14*02,None,TRBJ2-7*01,1
1331,CASRVRLTPNDKQYF,TRBV14*02,None,TRBJ2-7*01,1
1332,CASRSSVGPTYEQYF,TRBV14*02,None,TRBJ2-7*01,1
1333,CASRSSSTGELLF,TRBV28*01,None,TRBJ2-2*01,1
1334,CASRSGVGPNYEQYF,TRBV14*02,None,TRBJ2-7*01,1
1335,CASRPTGHVYGYTF,TRBV13*01,None,TRBJ1-2*01,1
1336,CASRPSYNERFF,TRBV2*02,None,TRBJ2-1*01,1
1337,CASSCSLGPTYAQYF,TRBV14*02,None,TRBJ2-7*01,1
1338,CASRPSYNEQYF,TRBV27*01,None,TRBJ2-1*01,1
1339,CASRPSYNEQFF,TRBV2*02,None,TRBJ2-7*01,1
1340,CASRPSYIEQCF,TRBV2*02,None,TRBJ2-1*01,1
1341,CASRPSYEQYF,TRBV2*02,None,TRBJ2-7*01,1
1342,CASRPAYNEQFF,TRBV2*02,None,TRBJ2-1*01,1
1343,CASRLSVGPTYEQYF,TRBV27*01,None,TRBJ2-7*01,1
1344,CASRLRQRRNYEQYF,TRBV27*01,None,TRBJ2-7*01,1
1345,CASRLRQRGHYEQYF,TRBV27*01,None,TRBJ2-7*01,1
1346,CASRLRQGRNHEQYF,TRBV6-9*01,None,TRBJ2-7*01,1
1347,CASRLRQGPTYKQYF,TRBV27*01,None,TRBJ2-7*01,1
1348,CASRLRQGGRYEQYF,TRBV27*01,None,TRBJ2-7*01,1
1349,CASRWDRFPVNSPFHF,TRBV7-8*03,None,TRBJ1-6*01,1
1350,CASRWDRFPVNSPLHF,TRBV11-2*03,None,TRBJ1-6*01,1
1351,CASRWDRFPVNSPLHF,TRBV7-3*04,None,TRBJ1-6*01,1
1352,CASRWDRFPVNSPLHF,TRBV7-9*04,None,TRBJ1-1*01,1
1353,CASSCSGGTTYEQYF,TRBV14*02,None,TRBJ2-7*01,1
1354,CASSCSEGTTYEQYF,TRBV14*02,None,TRBJ2-7*01,1
1355,CASSCSAGPTYEQYF,TRBV14*02,None,TRBJ2-7*01,1
1356,CASSCRVGPNYEQYF,TRBV14*02,None,TRBJ2-7*01,1
1357,CASSCGVGHKYEQYF,TRBV14*02,None,TRBJ2-7*01,1
1358,CASSAYYNEQFF,TRBV2*02,None,TRBJ2-1*01,1
1359,CASSAYNEQFF,TRBV2*02,None,TRBJ2-1*01,1
1360,CASSASYNEQFF,TRBV27*01,None,TRBJ2-1*01,1
1361,CASSASYEEQFF,TRBV2*02,None,TRBJ2-1*01,1
1362,CASSASVGPTYEQYF,TRBV14*02,None,TRBJ2-7*01,1
1363,CASSASVGPNYEQYF,TRBV14*02,None,TRBJ2-7*01,1
1364,CASRYSVGLTYEQYF,TRBV14*02,None,TRBJ2-7*01,1
1365,CASRYSSTGELFF,TRBV28*01,None,TRBJ2-2*01,1
1366,CASRYGAANTEAFF,TRBV6-6*03,None,TRBJ1-1*01,1
1367,CASRYAAANTEFFF,TRBV6-6*05,None,TRBJ1-1*01,1
1368,CASRWYLFPVNSPLHF,TRBV7-3*05,None,TRBJ1-6*01,1
1369,CASRWTGSLYEAFF,TRBV6-6*03,None,TRBJ1-1*01,1
1370,CASRWDRSPVNSPLHF,TRBV7-8*03,None,TRBJ1-6*01,1
1371,CASRWDRLPVNSPLHF,TRBV7-8*03,None,TRBJ1-6*01,1
1372,CASRWDRFTVKSPLHF,TRBV7-9*01,None,TRBJ1-6*01,1
1373,CASRWDRFRVNSPLHF,TRBV7-3*04,None,TRBJ1-6*01,1
1374,CASRWDRFPVNSTLHF,TRBV7-8*03,None,TRBJ1-6*01,1
1375,CASRWDRFPVNSPLNF,TRBV7-8*03,None,TRBJ1-6*01,1
1376,CASGFTLESTYEQFF,TRBV14*02,None,TRBJ2-7*01,1
1377,CASGFSVGPTYEQYF,TRBV14*02,None,TRBJ2-1*01,1
1378,CASSFGVGPTYEQCF,TRBV14*02,None,TRBJ2-7*01,1
1379,CAISFSVGPDYEQYF,TRBV14*02,None,TRBJ2-7*01,1
1380,CAISFSVGPTYVQYF,TRBV14*02,None,TRBJ2-7*01,1
1381,CAISFSVGPTYVLSF,TRBV14*02,None,TRBJ2-7*01,1
1382,CAISFSVGPTYQQYF,TRBV14*02,None,TRBJ2-7*01,1
1383,CAISFSVGPTYKQYF,TRBV14*02,None,TRBJ2-7*01,1
1384,CAISFSVGPTYEMYF,TRBV14*02,None,TRBJ2-7*01,1
1385,CAISFSVGPTYDQYF,TRBV14*02,None,TRBJ2-7*01,1
1386,CAISFSVGPTYAQYF,TRBV14*02,None,TRBJ2-7*01,1
1387,CAISFSVGPTCEQYF,TRBV14*02,None,TRBJ2-7*01,1
1388,CAISFSVGPPYEQYF,TRBV14*02,None,TRBJ2-7*01,1
1389,CAISFSVGPPSEQYF,TRBV14*02,None,TRBJ2-7*01,1
1390,CAISFSVGPNYEQYF,TRBV14*02,None,TRBJ2-7*01,1
1391,CAISFSVGPAYEQYF,TRBV14*02,None,TRBJ2-7*01,1
1392,CAISLHQGGHYEQYF,TRBV27*01,None,TRBJ2-7*01,1
1393,CAISFSVGLTDEQYF,TRBV14*02,None,TRBJ2-7*01,1
1394,CAISFSVGHNYEQYF,TRBV14*02,None,TRBJ2-7*01,1
1395,CAISFSLGPTYEEYF,TRBV14*02,None,TRBJ2-7*01,1
1396,CAISFSAGPTYEQYF,TRBV14*02,None,TRBJ2-7*01,1
1397,CAISFRVGPTYEPYF,TRBV14*02,None,TRBJ2-7*01,1
1398,CAISFIVGPTYEQYF,TRBV14*02,None,TRBJ2-7*01,1
1399,CAISFGVGPTYEQYF,TRBV14*02,None,TRBJ2-7*01,1
1400,CAISCSVRPTYEQYF,TRBV14*02,None,TRBJ2-7*01,1
1401,CAISCSVGPTYEQYF,TRBV14*02,None,TRBJ2-7*01,1
1402,CAIRLRQGPTYEQYF,TRBV27*01,None,TRBJ2-7*01,1
1403,CAGTYTMAPTSLQHF,TRBV6-7*01,None,TRBJ2-7*01,1
1404,CAISFSVGQTYEQYF,TRBV14*02,None,TRBJ2-7*01,1
1405,CAISLRQGGNYAQYF,TRBV27*01,None,TRBJ1-2*01,1
1406,CAGSVSVGPTYEPYF,TRBV14*02,None,TRBJ2-7*01,1
1407,CANRLRPGGNTLQYF,TRBV25-1*01,None,TRBJ2-7*01,1
1408,CANSLRQGPTYEQYF,TRBV27*01,None,TRBJ2-7*01,1
1409,CANSLRQGGNYEQYF,TRBV2*02,None,TRBJ2-7*01,1
1410,CANSLRQGGNYEQYF,TRBV14*02,None,TRBJ2-7*01,1
1411,CANSLRQGGNYEQYF,TRBV12-3*01,None,TRBJ2-7*01,1
1412,CANSKISYNEQFF,TRBV12-4*02,None,TRBJ2-1*01,1
1413,CANSFSVVPTYEQYF,TRBV14*02,None,TRBJ2-7*01,1
1414,CANSFSVGPTYERYF,TRBV14*02,None,TRBJ2-7*01,1
1415,CANSFSVGPTYEPYF,TRBV14*02,None,TRBJ2-7*01,1
1416,CANSFSVGPAYEQYF,TRBV14*02,None,TRBJ2-7*01,1
1417,CANSFSVGLSSEQYF,TRBV14*02,None,TRBJ2-7*01,1
1418,CANSFSGVPSCEQYF,TRBV14*02,None,TRBJ2-7*01,1
1419,CAMSISVGSTYEPYF,TRBV14*02,None,TRBJ2-7*01,1
1420,CAISLRQGGNYAQYF,TRBV27*01,None,TRBJ2-7*01,1
1421,CALSLRQGPTYEQYF,TRBV27*01,None,TRBJ2-7*01,1
1422,CALSCSVGPTYEQYF,TRBV14*02,None,TRBJ2-7*01,1
1423,CAKSFSVGPTYEQYF,TRBV14*02,None,TRBJ2-7*01,1
1424,CAITPSAGGRQLYF,TRBV25-1*01,None,TRBJ2-7*01,1
1425,CAISYRAANTDFFF,TRBV6-6*03,None,TRBJ1-1*01,1
1426,CAISSSVGPTYEQYF,TRBV14*02,None,TRBJ2-7*01,1
1427,CAISPSYNEQSF,TRBV2*02,None,TRBJ2-1*01,1
1428,CAISPSYNEQFF,TRBV14*02,None,TRBJ2-1*01,1
1429,CAISPSYDEQYF,TRBV2*02,None,TRBJ2-1*01,1
1430,CAISLRQGGNYEQYF,TRBV14*02,None,TRBJ2-7*01,1
1431,CAISLRQGGNYEQYF,TRBV10-3*01,None,TRBJ2-7*01,1
1432,CAGSYSVGTTYEQYF,TRBV14*02,None,TRBJ2-7*01,1
1433,CAGSSSVGPTYEQYF,TRBV14*02,None,TRBJ2-7*01,1
1434,CASGFSVGPTYEQYF,TRBV14*01,None,TRBJ2-7*01,1
1435,CACSFSVGPTYEQYF,TRBV2*02,None,TRBJ2-7*01,1
1436,CACSSSVGPTYAQYF,TRBV14*02,None,TRBJ2-7*01,1
1437,CACSPWTDNYGYTF,TRBV11-2*03,None,TRBJ1-2*01,1
1438,CACSPTYTEQFF,TRBV2*02,None,TRBJ2-1*01,1
1439,CACSPTYNEQFF,TRBV2*02,None,TRBJ2-1*01,1
1440,CACSPSYTEQFF,TRBV13*02,None,TRBJ2-1*01,1
1441,CACSMPQGGNYEHYF,TRBV27*01,None,TRBJ2-7*01,1
1442,CACSLRQGGNYEHYF,TRBV27*01,None,TRBJ2-7*01,1
1443,CACSGMEGQGALYGYTF,TRBV28*01,TRBD1*01,TRBJ1-2*01,1
1444,CACSFSVRPTYGQYF,TRBV14*02,None,TRBJ2-7*01,1
1445,CACSFSVRPTYEQYF,TRBV14*02,None,TRBJ2-7*01,1
1446,CACSFSVGPTYEQYF,TRBV6-7*01,None,TRBJ2-7*01,1
1447,CACSFSVGPTYEQYF,TRBV13*01,None,TRBJ2-7*01,1
1448,CAESFSLGAAYEQYF,TRBV14*02,None,TRBJ2-7*01,1
1449,CACSFSVGPTYEQYF,TRBV10-2*01,None,TRBJ2-7*01,1
1450,CACSFSVGPTYEKYF,TRBV14*02,None,TRBJ2-7*01,1
1451,CACSFSVGHTYEQYF,TRBV14*02,None,TRBJ2-7*01,1
1452,CACSFSVGATYEQYF,TRBV14*02,None,TRBJ2-7*01,1
1453,CACSFSVEPTYEQYF,TRBV14*02,None,TRBJ2-7*01,1
1454,CACSFSMGPTYEQYF,TRBV14*02,None,TRBJ2-7*01,1
1455,CACSFNVGPTYEQHF,TRBV14*02,None,TRBJ2-7*01,1
1456,CACSFIMGPTYEQYF,TRBV14*02,None,TRBJ2-7*01,1
1457,CACSFCVGPTYEKYF,TRBV14*02,None,TRBJ2-7*01,1
1458,CACRLREGGNLEQYF,TRBV3-1*02,None,TRBJ2-7*01,1
1459,CACIFSVGPTYEQYF,TRBV27*01,None,TRBJ2-7*01,1
1460,CAEILLFSGGYNKLIF,TRBV2*02,None,TRBJ1-6*01,1
1461,CAGGFSVGPTYEQYF,TRBV14*02,None,TRBJ2-7*01,1
1462,CAGSRWEADYNNEKFF,TRBV30*04,None,TRBJ2-1*01,1
1463,CAGSFSVGPTYERYF,TRBV14*02,None,TRBJ2-7*01,1
1464,CAGSPTYEQYF,TRBV2*02,None,TRBJ2-7*01,1
1465,CAGSPSYNEKLF,TRBV2*02,None,TRBJ2-1*01,1
1466,CAGSPSDNEQFF,TRBV2*02,None,TRBJ2-1*01,1
1467,CAGSLRQGGNYEQYF,TRBV12-4*02,None,TRBJ2-7*01,1
1468,CAGSFSVVVTYEQSF,TRBV14*02,None,TRBJ2-7*01,1
1469,CAGSFSVGTTYEQYF,TRBV14*02,None,TRBJ2-7*01,1
1470,CAGSFSVGSTYEQYF,TRBV14*02,None,TRBJ2-7*01,1
1471,CAGSFSVGSPYAQYF,TRBV14*02,None,TRBJ2-7*01,1
1472,CAGSFSVGRTYEQYF,TRBV14*02,None,TRBJ2-7*01,1
1473,CAGSFSVGPTYVQYF,TRBV14*02,None,TRBJ2-7*01,1
1474,CAGSFSVGPTYEYYF,TRBV14*02,None,TRBJ2-7*01,1
1475,CAGSFSVGPTYEQYF,TRBV14*02,None,TRBJ2-1*01,1
1476,CAGNFSVGPTYEQYF,TRBV14*02,None,TRBJ2-7*01,1
1477,CAGSFSVGPTYEQHF,TRBV14*02,None,TRBJ2-7*01,1
1478,CAGSFSVGPTYAQYF,TRBV14*02,None,TRBJ2-7*01,1
1479,CAGSFSVGPTSQQYF,TRBV14*02,None,TRBJ2-7*01,1
1480,CAGSFSVGPTNEQYF,TRBV14*02,None,TRBJ2-7*01,1
1481,CAGSFSVGPSYEQYF,TRBV14*02,None,TRBJ2-7*01,1
1482,CAGSFSVEPTYEQYF,TRBV14*02,None,TRBJ2-7*01,1
1483,CAGSFSMGPTYEQYF,TRBV14*02,None,TRBJ2-7*01,1
1484,CAGSFSLGPTYEQYF,TRBV14*02,None,TRBJ2-7*01,1
1485,CAGSFRQRGNYEQYF,TRBV27*01,None,TRBJ2-7*01,1
1486,CAGSCSVGPTYEKYF,TRBV14*02,None,TRBJ2-7*01,1
1487,CAGRPSYNEQFF,TRBV2*02,None,TRBJ2-7*01,1
1488,CANSLRQRGNYEQYF,TRBV27*01,None,TRBJ2-7*01,1
1489,CANSLSVGHTYEKYF,TRBV14*02,None,TRBJ2-7*01,1
1490,CANSLSVGPTYEQYF,TRBV14*02,None,TRBJ2-7*01,1
1491,CASCFRVGPTSGQYF,TRBV14*02,None,TRBJ2-7*01,1
1492,CASCFSVGTTYEQYF,TRBV14*02,None,TRBJ2-7*01,1
1493,CASCFSVGSTYEQYF,TRBV14*02,None,TRBJ2-7*01,1
1494,CASCFSVGPTYNKYF,TRBV14*02,None,TRBJ2-7*01,1
1495,CASCFSVGPTYKQYF,TRBV14*02,None,TRBJ2-7*01,1
1496,CASCFSVGPTYEQYF,TRBV27*01,None,TRBJ2-7*01,1
1497,CASCFSVGPTYAQYF,TRBV14*02,None,TRBJ2-7*01,1
1498,CASCFSVGPTSEQYF,TRBV14*02,None,TRBJ2-7*01,1
1499,CASCFSVGLTYKQYF,TRBV14*02,None,TRBJ2-7*01,1
1500,CASCFSLGPTDEQYF,TRBV14*02,None,TRBJ2-7*01,1
1501,CASCFSLGPSYEQYF,TRBV14*02,None,TRBJ2-7*01,1
1502,CASCFRVGPTYEQYF,TRBV14*02,None,TRBJ2-7*01,1
1503,CASCASYYEHFF,TRBV2*02,None,TRBJ1-2*01,1
1504,CASCFSVVPTYEQYF,TRBV14*02,None,TRBJ2-7*01,1
1505,CASAFSVGPTYEQYF,TRBV14*02,None,TRBJ2-7*01,1
1506,CARVFSVGPTYEKYF,TRBV14*02,None,TRBJ1-2*01,1
1507,CARTLRQGGNYLFSF,TRBV27*01,None,TRBJ2-7*01,1
1508,CARSYSVGPTYEQYF,TRBV14*02,None,TRBJ2-7*01,1
1509,CARSVRVGPTYEQYF,TRBV14*02,None,TRBJ2-7*01,1
1510,CARSPSYNEQLF,TRBV2*02,None,TRBJ2-1*01,1
1511,CARSPSYNEQFF,TRBV14*02,None,TRBJ2-1*01,1
1512,CARSPSYKEQFF,TRBV2*02,None,TRBJ2-7*01,1
1513,CARSPSYKEQFF,TRBV2*02,None,TRBJ2-1*01,1
1514,CARSLSVGPTYEQYF,TRBV14*02,None,TRBJ2-7*01,1
1515,CARSLSVGPTCDMYF,TRBV14*02,None,TRBJ2-7*01,1
1516,CASCFSVVLTYEQYF,TRBV13*01,None,TRBJ2-7*01,1
1517,CASCLSVGPTYEQYF,TRBV14*02,None,TRBJ2-7*01,1
1518,CANSLYDIEQYF,TRBV2*02,None,TRBJ2-1*01,1
1519,CASGEQNYGYTF,TRBV7-9*04,None,TRBJ1-2*01,1
1520,CASGFSVGPTYDQYF,TRBV14*02,None,TRBJ2-7*01,1
1521,CASGFSVGPTYAQYF,TRBV14*02,None,TRBJ2-7*01,1
1522,CASGFSVGPSYEQYF,TRBV14*02,None,TRBJ2-7*01,1
1523,CASGFSVGPPYEQYF,TRBV14*02,None,TRBJ2-7*01,1
1524,CASGFSVGHTYEQYF,TRBV14*02,None,TRBJ2-7*01,1
1525,CASGFSVGANYEQYF,TRBV14*02,None,TRBJ2-7*01,1
1526,CASGFSVEPIYEQYF,TRBV14*02,None,TRBJ2-7*01,1
1527,CASGFSMGPTYEQYF,TRBV14*02,None,TRBJ2-7*01,1
1528,CASGFRVVPTYEQYF,TRBV27*01,None,TRBJ2-7*01,1
1529,CASGFRVGPAYEQYF,TRBV14*02,None,TRBJ2-7*01,1
1530,CASGFRVEPTYEQYF,TRBV14*02,None,TRBJ2-7*01,1
1531,CASGCSVGHTYEQYF,TRBV14*02,None,TRBJ2-7*01,1
1532,CASCPSYNEKFF,TRBV13*02,None,TRBJ2-1*01,1
1533,CASFSVGPTYKQYF,TRBV27*01,None,TRBJ2-7*01,1
1534,CASFSVGPTYEQYF,TRBV27*01,None,TRBJ2-7*01,1
1535,CASFPANNEQFF,TRBV2*02,None,TRBJ2-1*01,1
1536,CASFFSVEPTYEQYF,TRBV14*02,None,TRBJ2-7*01,1
1537,CASDFSVGPTYEQYF,TRBV14*02,None,TRBJ2-7*01,1
1538,CASCYGAANTEAFF,TRBV6-6*03,None,TRBJ1-1*01,1
1539,CASCVSVRPTYEQYF,TRBV14*02,None,TRBJ2-7*01,1
1540,CASCVSVGPTYEKYF,TRBV14*02,None,TRBJ2-7*01,1
1541,CASCRVSNTEEFF,TRBV28*01,None,TRBJ2-1*01,1
1542,CASCPSYNGQFF,TRBV2*02,None,TRBJ2-1*01,1
1543,CASCPSYNEQYF,TRBV2*02,None,TRBJ2-1*01,1
1544,CARSLSVGHTYELYF,TRBV14*02,None,TRBJ2-7*01,1
1545,CARSLRQGGTYEQYF,TRBV27*01,None,TRBJ2-7*01,1
1546,CARSLRQGGNYEQYF,TRBV14*02,None,TRBJ2-7*01,1
1547,CARRFSVGPTYEQYF,TRBV27*01,None,TRBJ2-7*01,1
1548,CARSFSVAPTYEQNF,TRBV14*02,None,TRBJ2-7*01,1
1549,CARSFSVAPNYEQYF,TRBV14*02,None,TRBJ2-7*01,1
1550,CARSFSMGPTYEQYF,TRBV14*02,None,TRBJ2-7*01,1
1551,CARSFSLGPTYEQYF,TRBV14*02,None,TRBJ2-7*01,1
1552,CARSFRVGRNYEQYF,TRBV14*02,None,TRBJ2-7*01,1
1553,CARSFNVGPTYGQYF,TRBV14*02,None,TRBJ2-7*01,1
1554,CARSFIVGPTYEQYF,TRBV14*02,None,TRBJ2-7*01,1
1555,CARSFGVGPTYEQYF,TRBV14*02,None,TRBJ2-7*01,1
1556,CARSCSVGPTYEQYF,TRBV14*02,None,TRBJ2-7*01,1
1557,CARSCGAGHTDAFF,TRBV6-6*03,None,TRBJ1-1*01,1
1558,CARRGMEGQEALYGYTF,TRBV6-6*05,None,TRBJ1-2*01,1
1559,CARRFSVGPTYEQDF,TRBV14*02,None,TRBJ2-7*01,1
1560,CARSLRQGGNYEQSF,TRBV2*02,None,TRBJ2-7*01,1
1561,CARRFSLCQTYELYF,TRBV14*02,None,TRBJ2-7*01,1
1562,CARNLRGRRGYGYTF,TRBV27*01,None,TRBJ1-2*01,1
1563,CARILRQGGNCEQYF,TRBV27*01,None,TRBJ2-7*01,1
1564,CARGRQNYGYTF,TRBV7-9*07,None,TRBJ1-2*01,1
1565,CARGPSYNEQFF,TRBV2*02,None,TRBJ2-5*01,1
1566,CARGFSVGPTYEQYF,TRBV2*02,None,TRBJ2-7*01,1
1567,CARGFSVGPTYEQYF,TRBV14*02,None,TRBJ2-7*01,1
1568,CARCLRQGGNYAQYF,TRBV24-1*01,None,TRBJ2-7*01,1
1569,CARCFSVVPTYEQYF,TRBV14*02,None,TRBJ2-7*01,1
1570,CAPSIRQGGNYEQYF,TRBV27*01,None,TRBJ2-7*01,1
1571,CANSSSVGPTYEQYF,TRBV27*01,None,TRBJ2-7*01,1
1572,CARSFSVGITYEQYF,TRBV14*02,None,TRBJ2-7*01,1
1573,CARSFSVGPAYEQYF,TRBV14*02,None,TRBJ2-7*01,1
1574,CARSFSVGPAYEQYF,TRBV3-1*01,None,TRBJ2-7*01,1
1575,CARSFSVGPNYEPYF,TRBV14*02,None,TRBJ2-7*01,1
1576,CARSLRQGGNYELYF,TRBV6-9*01,None,TRBJ2-7*01,1
1577,CARSLRQGGCYEQYF,TRBV14*02,None,TRBJ2-7*01,1
1578,CARSITVGPTYEQYF,TRBV14*02,None,TRBJ2-7*01,1
1579,CARSISVVPTYEQYF,TRBV14*02,None,TRBJ2-7*01,1
1580,CARSHSYNEQFF,TRBV2*02,None,TRBJ2-1*01,1
1581,CARSHSYNEHFF,TRBV2*02,None,TRBJ2-1*01,1
1582,CARSFSVRPSYLLYF,TRBV14*02,None,TRBJ2-7*01,1
1583,CARSFSVGQIYEQYF,TRBV14*02,None,TRBJ2-7*01,1
1584,CARSFSVGPTYVKYF,TRBV14*02,None,TRBJ2-7*01,1
1585,CARSFSVGPTYKQYF,TRBV14*02,None,TRBJ2-7*01,1
1586,CARSFSVGPTYKKNF,TRBV14*02,None,TRBJ2-7*01,1
1587,CARSFSVGPTYGQYF,TRBV14*02,None,TRBJ2-7*01,1
1588,CARSFSVGPTYEQYF,TRBV7-9*07,None,TRBJ2-7*01,1
1589,CARSFSVGPTYEQYF,TRBV14*01,None,TRBJ2-7*01,1
1590,CARSFSVGPTYEQYF,TRBV13*01,None,TRBJ2-7*01,1
1591,CARSFSVGPTYEQHF,TRBV14*02,None,TRBJ2-7*01,1
1592,CARSFSVGPTYEQFF,TRBV14*02,None,TRBJ2-7*01,1
1593,CARSFSVGPTYEKYF,TRBV14*02,None,TRBJ2-7*01,1
1594,CARSFSVGPTYEHYF,TRBV2*02,None,TRBJ2-7*01,1
1595,CARSFSVGPTYEEYF,TRBV14*02,None,TRBJ2-7*01,1
1596,CARSFSVGPTYDQYF,TRBV14*02,None,TRBJ2-7*01,1
1597,CARSFSVGPTYAQYF,TRBV5-5*01,None,TRBJ2-7*01,1
1598,CARSFSVGPSYEQYF,TRBV14*02,None,TRBJ2-7*01,1
1599,CASSFGVGPTYEEYF,TRBV14*02,None,TRBJ2-7*01,1
1600,CASSFGVGPTYEQYF,TRBV2*02,None,TRBJ2-7*01,1
1601,CASSLREGDNYELYF,TRBV14*02,None,TRBJ2-7*01,1
1602,CASSFSVGRTYQQYF,TRBV14*02,None,TRBJ2-7*01,1
1603,CASSFSVGTTYEQNF,TRBV14*02,None,TRBJ2-7*01,1
1604,CASSFSVGTTYELYF,TRBV14*02,None,TRBJ2-6*01,1
1605,CASSFSVGTTDEQYF,TRBV14*01,None,TRBJ2-7*01,1
1606,CASSFSVGTFSQQFF,TRBV14*02,None,TRBJ2-1*01,1
1607,CASSFSVGSTYQQYF,TRBV14*02,None,TRBJ2-7*01,1
1608,CASSFSVGSTYKQYF,TRBV13*01,None,TRBJ2-7*01,1
1609,CASSFSVGSTYEQYF,TRBV14*02,None,TRBJ1-1*01,1
1610,CASSFSVGSTYEQSF,TRBV14*02,None,TRBJ2-7*01,1
1611,CASSFSVGSTYELYF,TRBV14*02,None,TRBJ2-7*01,1
1612,CASSFSVGSTHGQYF,TRBV14*02,None,TRBJ2-7*01,1
1613,CASSFSVGRTYVQYF,TRBV14*02,None,TRBJ2-7*01,1
1614,CASSFSVGRTYLQYF,TRBV14*01,None,TRBJ2-7*01,1
1615,CASSFSVGYTYEQYF,TRBV14*02,None,TRBJ2-7*01,1
1616,CASSFSVGRTYKQYF,TRBV14*02,None,TRBJ2-7*01,1
1617,CASSFSVGRTYEMYF,TRBV7-2*01,None,TRBJ2-7*01,1
1618,CASSFSVGRTYEKYF,TRBV14*02,None,TRBJ2-7*01,1
1619,CASSFSVGRTSDQYF,TRBV14*02,None,TRBJ2-7*01,1
1620,CASSFSVGRTNEQYF,TRBV14*02,None,TRBJ2-7*01,1
1621,CASSFSVGRSYEQYF,TRBV14*02,None,TRBJ2-7*01,1
1622,CASSFSVGRAYEQYF,TRBV14*02,None,TRBJ2-7*01,1
1623,CASSFSVGPTYWQYF,TRBV14*02,None,TRBJ2-7*01,1
1624,CASSFSVGPTYVQSF,TRBV14*02,None,TRBJ2-7*01,1
1625,CASSFSVGPTYVQSF,TRBV13*01,None,TRBJ2-7*01,1
1626,CASSFSVGPTYVKYF,TRBV14*02,None,TRBJ2-7*01,1
1627,CASSFSVGTTYVQYF,TRBV14*02,None,TRBJ2-7*01,1
1628,CASSFSVLHTYEQNF,TRBV14*02,None,TRBJ2-7*01,1
1629,CASSFSVGPTYQYF,TRBV14*02,None,TRBJ2-7*01,1
1630,CASSFSVRPTNEQYF,TRBV14*02,None,TRBJ2-7*01,1
1631,CASSFSVRPTYETYF,TRBV14*02,None,TRBJ2-7*01,1
1632,CASSFSVRPTYERYF,TRBV14*02,None,TRBJ2-7*01,1
1633,CASSFSVRPTYEQYF,TRBV14*02,None,TRBJ2-1*01,1
1634,CASSFSVRPTYEQYF,TRBV14*01,None,TRBJ2-7*01,1
1635,CASSFSVRPTYEQNF,TRBV14*02,None,TRBJ2-7*01,1
1636,CASSFSVRPTYEQFF,TRBV14*02,None,TRBJ2-1*01,1
1637,CASSFSVRPTYEPYF,TRBV14*02,None,TRBJ2-7*01,1
1638,CASSFSVRPTYEKYF,TRBV14*02,None,TRBJ2-7*01,1
1639,CASSFSVRPTYDKYF,TRBV14*02,None,TRBJ2-7*01,1
1640,CASSFSVRPTYAKYF,TRBV14*02,None,TRBJ2-7*01,1
1641,CASSFSVRPTSEQYF,TRBV14*02,None,TRBJ2-7*01,1
1642,CASSFSVRPPYEQYF,TRBV14*02,None,TRBJ2-7*01,1
1643,CASSFSVLPTYEQYF,TRBV14*02,None,TRBJ2-7*01,1
1644,CASSFSVRPNYEQYF,TRBV14*02,None,TRBJ2-7*01,1
1645,CASSFSVRPNYEKYF,TRBV14*02,None,TRBJ2-7*01,1
1646,CASSFSVRPNYDQYF,TRBV14*02,None,TRBJ2-7*01,1
1647,CASSFSVRPAYEQYF,TRBV14*02,None,TRBJ2-7*01,1
1648,CASSFSVRLTYAQYF,TRBV14*02,None,TRBJ2-7*01,1
1649,CASSFSVRLIYDQYF,TRBV14*02,None,TRBJ2-7*01,1
1650,CASSFSVRHTYQQYF,TRBV14*02,None,TRBJ2-7*01,1
1651,CASSFSVRHTYEQYF,TRBV14*02,None,TRBJ2-7*01,1
1652,CASSFSVRETYEQYF,TRBV18*01,None,TRBJ2-7*01,1
1653,CASSFSVRATYQQYF,TRBV14*02,None,TRBJ2-7*01,1
1654,CASSFSVPPTYKQYF,TRBV14*02,None,TRBJ2-7*01,1
1655,CASSFSVGPTYTQYF,TRBV14*02,None,TRBJ2-7*01,1
1656,CASSFSVGPTYQQYF,TRBV2*02,None,TRBJ2-7*01,1
1657,CASSFSVGPTEEQYF,TRBV14*02,None,TRBJ2-7*01,1
1658,CASSFSVGPTYDLYF,TRBV14*02,None,TRBJ2-7*01,1
1659,CASSFSVGPTYELYF,TRBV14*01,None,TRBJ2-7*01,1
1660,CASSFSVGPTYELFF,TRBV14*02,None,TRBJ2-7*01,1
1661,CASSFSVGPTYEKYF,TRBV9*02,None,TRBJ2-7*01,1
1662,CASSFSVGPTYEKNF,TRBV14*02,None,TRBJ2-7*01,1
1663,CASSFSVGPTYEKFF,TRBV14*02,None,TRBJ2-1*01,1
1664,CASSFSVGPTYEHYF,TRBV9*01,None,TRBJ2-7*01,1
1665,CASSFSVGPTYEAYF,TRBV14*02,None,TRBJ2-7*01,1
1666,CASSFSVGPTYDQYF,TRBV2*02,None,TRBJ2-7*01,1
1667,CASSFSVGPTYDQYF,TRBV14*02,None,TRBJ1-6*01,1
1668,CASSFSVGPTYDQYF,TRBV14*02,None,TRBJ1-1*01,1
1669,CASSFSVGPTYDQSF,TRBV14*02,None,TRBJ2-7*01,1
1670,CASSFSVGPTYAQYF,TRBV2*02,None,TRBJ2-7*01,1
1671,CASSFSVGPTYEPSF,TRBV14*02,None,TRBJ2-7*01,1
1672,CASSFSVGPTYAQYF,TRBV14*02,None,TRBJ2-1*01,1
1673,CASSFSVGPTYAQNF,TRBV14*02,None,TRBJ2-7*01,1
1674,CASSFSVGPTSQQYF,TRBV14*02,None,TRBJ2-7*01,1
1675,CASSFSVGPTSEQYF,TRBV14*02,None,TRBJ1-2*01,1
1676,CASSFSVGPTSDLYF,TRBV14*02,None,TRBJ2-7*01,1
1677,CASSFSVGPTSDHYF,TRBV14*02,None,TRBJ2-7*01,1
1678,CASSFSVGPTREQYF,TRBV14*02,None,TRBJ2-7*01,1
1679,CASSFSVGPTNQLYF,TRBV14*02,None,TRBJ2-7*01,1
1680,CASSFSVGPTNETYF,TRBV14*02,None,TRBJ2-7*01,1
1681,CASSFSVGPTKEQYF,TRBV14*02,None,TRBJ2-7*01,1
1682,CASSFSVGPTHDQYF,TRBV14*02,None,TRBJ2-7*01,1
1683,CASSFSVGPTYENYF,TRBV14*02,None,TRBJ2-7*01,1
1684,CASSFSVGPTYEQCF,TRBV2*02,None,TRBJ2-7*01,1
1685,CASSFSVGPTYQLYF,TRBV14*02,None,TRBJ2-7*01,1
1686,CASSFSVGPTYERYF,TRBV14*02,None,TRBJ2-1*01,1
1687,CASSFSVGPTYNEQYF,TRBV14*02,None,TRBJ2-7*01,1
1688,CASSFSVGPTYNEQLF,TRBV14*02,None,TRBJ2-1*01,1
1689,CASSFSVGPTYNEQFF,TRBV14*02,None,TRBJ2-7*01,1
1690,CASSFSVGPTYKRYF,TRBV14*02,None,TRBJ2-7*01,1
1691,CASSFSVGPTYKRYF,TRBV14*02,None,TRBJ2-5*01,1
1692,CASSFSVGPTYKQYF,TRBV2*02,None,TRBJ2-7*01,1
1693,CASSFSVGPTYKQNF,TRBV14*02,None,TRBJ2-7*01,1
1694,CASSFSVGPTYGRYF,TRBV14*02,None,TRBJ2-7*01,1
1695,CASSFSVGPTYGKYF,TRBV14*02,None,TRBJ2-7*01,1
1696,CASSFSVGPTYEWYF,TRBV14*02,None,TRBJ2-7*01,1
1697,CASSFSVGPTYERYF,TRBV5-5*01,None,TRBJ2-7*01,1
1698,CASSFSVGPTYERHF,TRBV14*02,None,TRBJ2-7*01,1
1699,CASSFSVGPTYEQHF,TRBV2*02,None,TRBJ2-7*01,1
1700,CASSFSVGPTYEQYF,TRBV5-7*01,None,TRBJ2-7*01,1
1701,CASSFSVGPTYEQYF,TRBV5-5*01,None,TRBJ2-7*01,1
1702,CASSFSVGPTYEQYF,TRBV18*01,None,TRBJ1-1*01,1
1703,CASSFSVGPTYEQYF,TRBV14*02,None,TRBJ2-3*01,1
1704,CASSFSVGPTYEQYF,TRBV13*02,None,TRBJ2-7*01,1
1705,CASSFSVGPTYEQYF,TRBV11-3*01,None,TRBJ2-7*01,1
1706,CASSFSVGPTYEQYF,TRBV11-1*01,None,TRBJ2-7*01,1
1707,CASSFSVGPTYEQYF,TRBV10-2*01,None,TRBJ2-7*01,1
1708,CASSFSVGPTYEQTF,TRBV14*02,None,TRBJ2-7*01,1
1709,CASSFSVGPTYEQNF,TRBV14*02,None,TRBJ1-1*01,1
1710,CASSFSVGPTYEQLF,TRBV14*02,None,TRBJ2-1*01,1
1711,CASSFSVRPTYGQFF,TRBV14*02,None,TRBJ2-7*01,1
1712,CASSFSVRPTYGQYF,TRBV14*02,None,TRBJ2-7*01,1
1713,CASSFSVRPTYKQYF,TRBV14*02,None,TRBJ2-7*01,1
1714,CASSISVGPTYDQYF,TRBV14*02,None,TRBJ2-7*01,1
1715,CASSLGESGGEQYF,TRBV7-8*01,None,TRBJ2-7*01,1
1716,CASSLGESGGEQYF,TRBV6-6*05,None,TRBJ2-7*01,1
1717,CASSLGESGGEQYF,TRBV11-3*03,None,TRBJ2-7*01,1
1718,CASSLDVRPTDTQYF,TRBV14*02,None,TRBJ2-3*01,1
1719,CASSLCVGPTYEQYF,TRBV14*02,None,TRBJ2-7*01,1
1720,CASSISVVPNYDQYF,TRBV14*02,None,TRBJ2-7*01,1
1721,CASSISVGSTYEQYF,TRBV14*02,None,TRBJ2-7*01,1
1722,CASSISVGSTSQQYF,TRBV14*02,None,TRBJ2-7*01,1
1723,CASSISVGRTYEQCF,TRBV14*02,None,TRBJ2-7*01,1
1724,CASSISVGPTYKQYF,TRBV14*02,None,TRBJ2-7*01,1
1725,CASSISVGPTYEQYF,TRBV27*01,None,TRBJ2-7*01,1
1726,CASSISVGPTYAQYF,TRBV14*02,None,TRBJ2-7*01,1
1727,CASSLGETGGEQYF,TRBV7-2*04,None,TRBJ2-7*01,1
1728,CASSISVGPTNEQYF,TRBV14*02,None,TRBJ2-7*01,1
1729,CASSISVGPTNEQNF,TRBV14*02,None,TRBJ2-7*01,1
1730,CASSISVGPTNDQYF,TRBV14*02,None,TRBJ2-7*01,1
1731,CASSISVGPTHEQYF,TRBV9*02,None,TRBJ2-7*01,1
1732,CASSISVGPTDEQYF,TRBV14*02,None,TRBJ2-7*01,1
1733,CASSISVGPNYEQYF,TRBV14*02,None,TRBJ2-6*01,1
1734,CASSISVGPNYDQYF,TRBV14*02,None,TRBJ2-7*01,1
1735,CASSISVGPIYEQYF,TRBV14*02,None,TRBJ2-7*01,1
1736,CASSISVGLTYVLYF,TRBV14*02,None,TRBJ2-7*01,1
1737,CASSISLGPTYEQYF,TRBV14*02,None,TRBJ2-7*01,1
1738,CASSISGGPTYEQYF,TRBV14*02,None,TRBJ2-7*01,1
1739,CASSLGESSGEQYF,TRBV14*02,None,TRBJ2-7*01,1
1740,CASSLGEYGGEQYF,TRBV11-3*01,None,TRBJ2-7*01,1
1741,CASSFSVRPTYLQYF,TRBV14*02,None,TRBJ2-7*01,1
1742,CASSLLQGGKYVQHF,TRBV27*01,None,TRBJ2-7*01,1
1743,CASSLREGCNYEQYF,TRBV27*01,None,TRBJ2-7*01,1
1744,CASSLQTDYRSPLHF,TRBV6-6*04,None,TRBJ1-6*02,1
1745,CASSLQTDYNSPLHF,TRBV6-6*05,None,TRBJ1-6*02,1
1746,CASSLQQGPTYEQYF,TRBV27*01,None,TRBJ2-7*01,1
1747,CASSLQQGGNYKQYF,TRBV27*01,None,TRBJ2-7*01,1
1748,CASSLQHGGNYEQYF,TRBV27*01,None,TRBJ2-7*01,1
1749,CASSLPQGSNYEQYF,TRBV27*01,None,TRBJ2-7*01,1
1750,CASSLPQGGNYEQYF,TRBV14*02,None,TRBJ2-7*01,1
1751,CASSLPKVGNSDLYF,TRBV27*01,None,TRBJ2-7*01,1
1752,CASSLMIGTTDEQYF,TRBV14*02,None,TRBJ2-3*01,1
1753,CASSLLQGGNYEQYF,TRBV27*01,None,TRBJ1-6*02,1
1754,CASSLIVGPTYEQYF,TRBV14*02,None,TRBJ2-7*01,1
1755,CASSLGKDNGGYTF,TRBV11-2*03,None,TRBJ1-2*01,1
1756,CASSLIVGPTSEQYF,TRBV14*02,None,TRBJ2-7*01,1
1757,CASSLHVGITYEQYF,TRBV14*02,None,TRBJ2-7*01,1
1758,CASSLHQGGNDEQYF,TRBV27*01,None,TRBJ2-7*01,1
1759,CASSLGVGPIYEHYF,TRBV14*02,None,TRBJ2-7*01,1
1760,CASSLGQSGGEQYF,TRBV11-3*02,None,TRBJ2-7*01,1
1761,CASSLGQSGGELYF,TRBV7-2*04,None,TRBJ2-7*01,1
1762,CASSLGQGPTYEQYF,TRBV27*01,None,TRBJ2-7*01,1
1763,CASSLGQGGNYEQYF,TRBV12-3*01,None,TRBJ2-7*01,1
1764,CASSLGPGGNYEQYF,TRBV27*01,None,TRBJ2-7*01,1
1765,CASSLGLGPAYKQYF,TRBV14*02,None,TRBJ2-7*01,1
1766,CASSLGLGANYEQYF,TRBV12-4*01,None,TRBJ2-7*01,1
1767,CASSISGGPAYEQYF,TRBV14*02,None,TRBJ2-7*01,1
1768,CASSISAGPTYEQYF,TRBV14*02,None,TRBJ2-7*01,1
1769,CASSIRVGPTYEQYF,TRBV14*02,None,TRBJ2-7*01,1
1770,CASSFSVVPTYEQSF,TRBV14*02,None,TRBJ2-7*01,1
1771,CASSFTTYQRPQYF,TRBV6-6*05,None,TRBJ2-5*01,1
1772,CASSFSYNEQFF,TRBV2*02,None,TRBJ2-1*01,1
1773,CASSFSWGPTYEQYF,TRBV14*02,None,TRBJ2-7*01,1
1774,CASSFSVWPTYEQYF,TRBV14*02,None,TRBJ2-7*01,1
1775,CASSFSVVTTYVQYF,TRBV14*02,None,TRBJ2-7*01,1
1776,CASSFSVVSTYVQYF,TRBV14*02,None,TRBJ2-7*01,1
1777,CASSFSVVQTYEHYF,TRBV14*02,None,TRBJ2-7*01,1
1778,CASSFSVVPTYTQYF,TRBV14*02,None,TRBJ2-7*01,1
1779,CASSFSVVPTYHQYF,TRBV14*02,None,TRBJ2-7*01,1
1780,CASSFSVVPTYGQYF,TRBV14*02,None,TRBJ2-7*01,1
1781,CASSFSVVPTYEQYF,TRBV14*01,None,TRBJ2-7*01,1
1782,CASSFSVVPTYEQFF,TRBV14*02,None,TRBJ2-1*01,1
1783,CASSIRVGPSYEQYF,TRBV14*02,None,TRBJ2-7*01,1
1784,CASSFSVVPTYEKYF,TRBV14*02,None,TRBJ2-7*01,1
1785,CASSFSVVPTYDQYF,TRBV14*02,None,TRBJ2-7*01,1
1786,CASSFSVVPPYVQYF,TRBV14*02,None,TRBJ2-7*01,1
1787,CASSFSVVPPYEQYF,TRBV14*02,None,TRBJ2-7*01,1
1788,CASSFSVVPNYEEYF,TRBV14*02,None,TRBJ2-7*01,1
1789,CASSFSVVPAYEQYF,TRBV6-6*05,None,TRBJ2-7*01,1
1790,CASSFSVVHPYEQYF,TRBV14*02,None,TRBJ2-7*01,1
1791,CACGFSVGPTYEQYF,TRBV14*02,None,TRBJ2-7*01,1
1792,CASSFSVRRTYEQYF,TRBV13*01,None,TRBJ2-7*01,1
1793,CASSFSVRQTYEQYF,TRBV14*02,None,TRBJ2-7*01,1
1794,CASSFSVRPTYVQSF,TRBV14*02,None,TRBJ2-7*01,1
1795,CASSFTVAATYGQYF,TRBV14*02,None,TRBJ2-7*01,1
1796,CASSFTVGHTYEQYF,TRBV14*02,None,TRBJ2-7*01,1
1797,CASSFTVGLTCEQYF,TRBV14*02,None,TRBJ2-7*01,1
1798,CASSFTVGLTYEQYF,TRBV14*02,None,TRBJ2-7*01,1
1799,CASSIIVGPTYEQYF,TRBV14*02,None,TRBJ2-7*01,1
1800,CASSHWTDNYGSSF,TRBV11-3*02,None,TRBJ1-2*01,1
1801,CASSHSYNEQFF,TRBV2*02,None,TRBJ2-7*01,1
1802,CASSHSVGPTYEQYF,TRBV14*02,None,TRBJ2-7*01,1
1803,CASSHGVGATYEQYF,TRBV14*02,None,TRBJ2-1*01,1
1804,CASSHGAANTEAFF,TRBV6-6*03,None,TRBJ1-1*01,1
1805,CASSGREGQGALYGHNF,TRBV28*01,None,TRBJ1-2*01,1
1806,CASSGRDGQGALYGYTF,TRBV6-6*05,TRBD1*01,TRBJ1-2*01,1
1807,CASSGMGGQVSLYGYTF,TRBV28*01,None,TRBJ1-2*01,1
1808,CASSGMEVQGALYGYTF,TRBV28*01,None,TRBJ1-2*01,1
1809,CASSGMEGQRALYGYTF,TRBV28*01,None,TRBJ1-2*01,1
1810,CASSGMEGQGGPYGHTF,TRBV28*01,TRBD1*01,TRBJ1-2*01,1
1811,CASSGMEGQGGLYVYTF,TRBV6-6*05,TRBD1*01,TRBJ1-2*01,1
1812,CASSGMEGQGAPYGYTF,TRBV28*01,TRBD1*01,TRBJ1-2*01,1
1813,CASSGMEGQGALYSYTF,TRBV28*01,TRBD1*01,TRBJ1-2*01,1
1814,CASSGMEGQGALYGYYF,TRBV28*01,TRBD1*01,TRBJ1-2*01,1
1815,CASSGLEGQGALYGYTF,TRBV28*01,TRBD1*01,TRBJ1-2*01,1
1816,CASSFYVGPTYEQYF,TRBV14*02,None,TRBJ2-7*01,1
1817,CASSFVVGPTYEQFF,TRBV14*02,None,TRBJ2-1*01,1
1818,CASSFVTVSQPQHF,TRBV6-6*03,None,TRBJ1-5*01,1
1819,CASSFTVGPTYQQYF,TRBV14*02,None,TRBJ2-7*01,1
1820,CASSFTVGPTYEPYF,TRBV14*02,None,TRBJ2-7*01,1
1821,CASSFTVGPTHEQYF,TRBV14*02,None,TRBJ2-7*01,1
1822,CASSFSVGPTFQQYF,TRBV14*02,None,TRBJ2-7*01,1
1823,CASSFSVGPTDKQYF,TRBV14*02,None,TRBJ2-7*01,1
1824,CASSFGVGPTYEQYF,TRBV27*01,None,TRBJ2-7*01,1
1825,CASSFRVVPTYEQYF,TRBV14*02,None,TRBJ2-7*01,1
1826,CASSFSIGPTYGQYF,TRBV14*02,None,TRBJ2-7*01,1
1827,CASSFSGGPTYEQYF,TRBV12-5*01,None,TRBJ2-7*01,1
1828,CASSFSGETTYGHYF,TRBV13*01,None,TRBJ2-7*01,1
1829,CASSFSEGPTYEQFF,TRBV14*02,None,TRBJ2-1*01,1
1830,CASSFSEAPTYEQYF,TRBV14*02,None,TRBJ2-7*01,1
1831,CASSFSDGPTYEPDF,TRBV14*02,None,TRBJ2-7*01,1
1832,CASSFSAGTTYEQYF,TRBV14*02,None,TRBJ2-7*01,1
1833,CASSFSAGPTYEKYF,TRBV14*02,None,TRBJ2-7*01,1
1834,CASSFSAGPTHEQYF,TRBV14*02,None,TRBJ2-7*01,1
1835,CASSFSAGPSYEQYF,TRBV14*02,None,TRBJ2-7*01,1
1836,CASSFRVVPTYEQYF,TRBV7-2*04,None,TRBJ2-7*01,1
1837,CASSFRVTSAYDQNF,TRBV6-7*01,None,TRBJ2-7*01,1
1838,CASSFSLAPNYAHYF,TRBV14*02,None,TRBJ2-7*01,1
1839,CASSFRVIPTYEQYF,TRBV14*02,None,TRBJ2-7*01,1
1840,CASSFRVGTTYEQYF,TRBV14*02,None,TRBJ2-7*01,1
1841,CASSFRVGRTYKQYF,TRBV14*02,None,TRBJ2-7*01,1
1842,CASSFRVGRTYEQYF,TRBV9*03,None,TRBJ2-7*01,1
1843,CASSFRVGRTYEQYF,TRBV14*02,None,TRBJ2-7*01,1
1844,CASSFRVGPTYVQYF,TRBV14*02,None,TRBJ2-7*01,1
1845,CASSFRVGPTYKKYF,TRBV14*02,None,TRBJ2-7*01,1
1846,CASSFRVGPTYGQYF,TRBV14*02,None,TRBJ2-7*01,1
1847,CASSFRVGPTYEQYF,TRBV6-7*01,None,TRBJ2-7*01,1
1848,CASSFRVGPTYEQYF,TRBV2*02,None,TRBJ2-7*01,1
1849,CASSFRVGPTYEQYF,TRBV14*01,None,TRBJ2-7*01,1
1850,CASSFSIPRTSLQYF,TRBV14*02,None,TRBJ2-7*01,1
1851,CASSFSLAPTYAQYF,TRBV14*02,None,TRBJ2-7*01,1
1852,CASSFRVGPTYEQDF,TRBV14*02,None,TRBJ2-7*01,1
1853,CASSFSMAPSCEQSF,TRBV14*02,None,TRBJ2-7*01,1
1854,CASSFSMGPTYKQYF,TRBV14*02,None,TRBJ2-7*01,1
1855,CASSFSMGPTYEPYF,TRBV14*02,None,TRBJ2-7*01,1
1856,CASSFSMGPTYDQSF,TRBV14*02,None,TRBJ2-7*01,1
1857,CASSFSMGPTYAQYF,TRBV14*02,None,TRBJ2-7*01,1
1858,CASSFSMGPTYAQYF,TRBV14*02,None,TRBJ2-6*01,1
1859,CASSFSMGPTSVQYF,TRBV14*02,None,TRBJ2-7*01,1
1860,CASSFSMGPTDEQYF,TRBV14*02,None,TRBJ2-7*01,1
1861,CASSFSMGPTDEQCF,TRBV14*02,None,TRBJ2-7*01,1
1862,CASSFSMGPIYEQYF,TRBV14*02,None,TRBJ2-7*01,1
1863,CASSFSMGLTYEQYF,TRBV14*02,None,TRBJ2-7*01,1
1864,CASSFSMGATYVQYF,TRBV14*02,None,TRBJ2-7*01,1
1865,CASSFSMAATYDQYF,TRBV14*02,None,TRBJ2-7*01,1
1866,CASSFSLEPTYQQCF,TRBV14*02,None,TRBJ2-7*01,1
1867,CASSFSLVPTYVQYF,TRBV14*02,None,TRBJ2-7*01,1
1868,CASSFSLGPTYQQYF,TRBV14*02,None,TRBJ2-7*01,1
1869,CASSFSLGPTYAHYF,TRBV14*02,None,TRBJ2-7*01,1
1870,CASSFSLGPTHEQYF,TRBV14*02,None,TRBJ2-7*01,1
1871,CASSFSLGPPYEQYF,TRBV14*02,None,TRBJ2-7*01,1
1872,CASSFSLGPNYEQYF,TRBV14*02,None,TRBJ2-7*01,1
1873,CASSFSLGPIYEQYF,TRBV14*02,None,TRBJ2-7*01,1
1874,CASSFSLGPAYEQFF,TRBV14*02,None,TRBJ2-7*01,1
1875,CASSFSLGLTYELYF,TRBV14*02,None,TRBJ2-7*01,1
1876,CASSFSLGLFTVQYF,TRBV14*02,None,TRBJ2-7*01,1
1877,CASSFSLGATYEQYF,TRBV14*02,None,TRBJ2-7*01,1
1878,CASSFRVGPTYEQFF,TRBV14*02,None,TRBJ2-7*01,1
1879,CASSFRVGPTYEKYF,TRBV14*02,None,TRBJ2-7*01,1
1880,CASSFSVGPTDKQHF,TRBV14*02,None,TRBJ2-7*01,1
1881,CASSFIVGPTYEHYF,TRBV14*02,None,TRBJ2-7*01,1
1882,CASSFLQGPTYEQYF,TRBV27*01,None,TRBJ2-7*01,1
1883,CASSFIVVPTYEQYF,TRBV14*02,None,TRBJ2-7*01,1
1884,CASSFIVGSTYEQYF,TRBV14*02,None,TRBJ2-7*01,1
1885,CASSFIVGPTYQQYF,TRBV14*02,None,TRBJ2-7*01,1
1886,CASSFIVGPTYKRNF,TRBV14*02,None,TRBJ2-7*01,1
1887,CASSFIVGPTYKQYF,TRBV14*02,None,TRBJ2-7*01,1
1888,CASSFIVGPTYGQNF,TRBV14*02,None,TRBJ2-7*01,1
1889,CASSFIVGPTYERYF,TRBV14*02,None,TRBJ2-7*01,1
1890,CASSFIVGPTYEQYF,TRBV14*01,None,TRBJ2-7*01,1
1891,CASSFIVGPTYEQNF,TRBV14*02,None,TRBJ2-7*01,1
1892,CASSFIVGPTYEPYF,TRBV14*02,None,TRBJ2-7*01,1
1893,CASSFIVGPTHEQYF,TRBV14*02,None,TRBJ2-7*01,1
1894,CASSFNVALTYEQYF,TRBV14*02,None,TRBJ2-7*01,1
1895,CASSFIVGPSYEQYF,TRBV10-1*02,None,TRBJ2-7*01,1
1896,CASSFIVGPPYDQYF,TRBV14*02,None,TRBJ2-7*01,1
1897,CASSFIVGPAYEQYF,TRBV14*02,None,TRBJ2-7*01,1
1898,CASSFIVGATYEQYF,TRBV14*02,None,TRBJ2-7*01,1
1899,CASSFIVGATHEQYF,TRBV14*02,None,TRBJ2-7*01,1
1900,CASSFIVEPTYEQNF,TRBV14*02,None,TRBJ2-7*01,1
1901,CASSFIMGPTYEQYF,TRBV14*02,None,TRBJ2-7*01,1
1902,CASSFHVGPTYEQYF,TRBV14*02,None,TRBJ2-7*01,1
1903,CASSFGVRPTSEQYF,TRBV14*02,None,TRBJ2-7*01,1
1904,CASSFGVGRTYEQYF,TRBV14*02,None,TRBJ2-7*01,1
1905,CASSFGVGPTYKQYF,TRBV14*02,None,TRBJ2-7*01,1
1906,CASSFNLGPTYEQYF,TRBV14*02,None,TRBJ2-7*01,1
1907,CASSFNVGPAYEQYF,TRBV14*02,None,TRBJ2-7*01,1
1908,CASSFRVGPTYDQYF,TRBV14*02,None,TRBJ2-7*01,1
1909,CASSFRLGPTYEQYF,TRBV14*02,None,TRBJ2-7*01,1
1910,CASSFRVGPTFEQYF,TRBV14*02,None,TRBJ2-7*01,1
1911,CASSFRVGPTCEQYF,TRBV14*02,None,TRBJ2-7*01,1
1912,CASSFRVGHTYEQYF,TRBV14*02,None,TRBJ2-7*01,1
1913,CASSFRVETTYEQYF,TRBV14*02,None,TRBJ2-7*01,1
1914,CASSFRVEPTYQQYF,TRBV14*02,None,TRBJ2-7*01,1
1915,CASSFRVEPTYEQYF,TRBV14*02,None,TRBJ2-7*01,1
1916,CASSFRQRGNYEQYF,TRBV27*01,None,TRBJ2-7*01,1
1917,CASSFRQRGNYDHHF,TRBV27*01,None,TRBJ2-7*01,1
1918,CASSFRQGGNYAKYF,TRBV27*01,None,TRBJ2-7*01,1
1919,CASSFRQGCNYEQYF,TRBV27*01,None,TRBJ2-7*01,1
1920,CASSFRQAPTYEQYF,TRBV14*02,None,TRBJ1-6*01,1
1921,CASSFRLGATYEQYF,TRBV14*02,None,TRBJ2-7*01,1
1922,CASSFNVGPTYAQYF,TRBV14*02,None,TRBJ2-7*01,1
1923,CASSFRLAATYEQYF,TRBV14*02,None,TRBJ2-7*01,1
1924,CASSFRHGPSYELYF,TRBV14*02,None,TRBJ2-7*01,1
1925,CASSFRGPTYEQYF,TRBV14*02,None,TRBJ2-7*01,1
1926,CASSFNVVPTYEQYF,TRBV14*02,None,TRBJ2-7*01,1
1927,CASSFNVRSTYEQYF,TRBV14*02,None,TRBJ2-7*01,1
1928,CASSFNVIPTYEQYF,TRBV14*02,None,TRBJ2-7*01,1
1929,CASSFNVGSTYEQFF,TRBV14*02,None,TRBJ2-7*01,1
1930,CASSFNVGPTYEQNF,TRBV14*02,None,TRBJ2-7*01,1
1931,CASSFNVGPTYEQDF,TRBV14*02,None,TRBJ2-7*01,1
1932,CASSFNVGPTYEKYF,TRBV14*02,None,TRBJ2-7*01,1
1933,CASSFNVGPTYDQYF,TRBV14*02,None,TRBJ2-7*01,1
1934,CASSFSMGPTYQLYF,TRBV14*02,None,TRBJ2-7*01,1
1935,CASSFSMGSTYGQYF,TRBV14*02,None,TRBJ2-7*01,1
1936,CASSFSMLPNYHQYF,TRBV14*02,None,TRBJ2-7*01,1
1937,CASSFSVGPAYKKYF,TRBV5-5*01,None,TRBJ2-7*01,1
1938,CASSFSVGPIYEQYF,TRBV2*02,None,TRBJ2-7*01,1
1939,CASSFSVGPIYEQYF,TRBV14*01,None,TRBJ2-7*01,1
1940,CASSFSVGPIYEQYF,TRBV13*01,None,TRBJ2-7*01,1
1941,CASSFSVGPIYEQHF,TRBV14*02,None,TRBJ2-7*01,1
1942,CASSFSVGPIYEQFF,TRBV14*02,None,TRBJ2-1*01,1
1943,CASSFSVGPIYDQYF,TRBV14*02,None,TRBJ2-7*01,1
1944,CASSFSVGPISEQYF,TRBV14*02,None,TRBJ2-7*01,1
1945,CASSFSVGPIDKQYF,TRBV14*02,None,TRBJ2-7*01,1
1946,CASSFSVGPFYEQYF,TRBV14*02,None,TRBJ2-7*01,1
1947,CASSFSVGPDYEQYF,TRBV14*02,None,TRBJ2-7*01,1
1948,CASSFSVGPCYEQYF,TRBV14*02,None,TRBJ2-7*01,1
1949,CASSFSVGPAYGQYF,TRBV14*02,None,TRBJ2-7*01,1
1950,CASSFSVGPKYEQCF,TRBV14*02,None,TRBJ2-7*01,1
1951,CASSFSVGPAYERYF,TRBV14*02,None,TRBJ2-7*01,1
1952,CASSFSVGPAYEQYF,TRBV2*02,None,TRBJ2-7*01,1
1953,CASSFSVGPAYEQYF,TRBV14*01,None,TRBJ2-7*01,1
1954,CASSFSVGPAYEQYF,TRBV13*01,None,TRBJ2-7*01,1
1955,CASSFSVGPAYEQCF,TRBV14*02,None,TRBJ2-7*01,1
1956,CASSFSVGPAYELYF,TRBV14*02,None,TRBJ2-7*01,1
1957,CASSFSVGPAYEKYF,TRBV14*02,None,TRBJ2-7*01,1
1958,CASSFSVGPANEQYF,TRBV14*02,None,TRBJ2-7*01,1
1959,CASSFSVGPADEQYF,TRBV14*02,None,TRBJ2-7*01,1
1960,CASSFSVGLTYEQYF,TRBV6-6*05,None,TRBJ2-7*01,1
1961,CASSFSVGLTYEQYF,TRBV13*01,None,TRBJ2-7*01,1
1962,CASSFSVGPIYVQYF,TRBV14*02,None,TRBJ2-7*01,1
1963,CASSFSVGPKYEQYF,TRBV14*02,None,TRBJ2-7*01,1
1964,CASSFSQGGNYEQYF,TRBV27*01,None,TRBJ2-7*01,1
1965,CASSFSVGPSYEHYF,TRBV14*02,None,TRBJ2-7*01,1
1966,CASSFSVGPTDEQYF,TRBV14*02,None,TRBJ2-1*01,1
1967,CASSFSVGPTDEQYF,TRBV14*01,None,TRBJ2-7*01,1
1968,CASSFSVGPTDEEYF,TRBV14*02,None,TRBJ2-7*01,1
1969,CASSFSVGPTCKQYF,TRBV14*02,None,TRBJ2-7*01,1
1970,CASSFSVGPTCEQYF,TRBV2*02,None,TRBJ2-7*01,1
1971,CASSFSVGPTCELYF,TRBV14*02,None,TRBJ2-7*01,1
1972,CASSFSVGPTCAQYF,TRBV14*02,None,TRBJ2-7*01,1
1973,CASSFSVGPTAEQYF,TRBV14*02,None,TRBJ2-7*01,1
1974,CASSFSVGPSYVQYF,TRBV4-1*02,None,TRBJ2-7*01,1
1975,CASSFSVGPSYQQYF,TRBV14*02,None,TRBJ2-7*01,1
1976,CASSFSVGPSYEQYF,TRBV5-7*01,None,TRBJ2-7*01,1
1977,CASSFSVGPSYEEYF,TRBV14*02,None,TRBJ2-7*01,1
1978,CASSFSVGPLYEQYF,TRBV14*02,None,TRBJ2-7*01,1
1979,CASSFSVGPSYAQSF,TRBV14*02,None,TRBJ2-7*01,1
1980,CASSFSVGPSCEQYF,TRBV14*02,None,TRBJ2-7*01,1
1981,CASSFSVGPPYEQHF,TRBV14*02,None,TRBJ2-7*01,1
1982,CASSFSVGPPYEQCF,TRBV14*02,None,TRBJ2-7*01,1
1983,CASSFSVGPPYEEYF,TRBV14*02,None,TRBJ2-7*01,1
1984,CASSFSVGPPDEQYF,TRBV14*02,None,TRBJ2-7*01,1
1985,CASSFSVGPNYHQHF,TRBV14*02,None,TRBJ2-7*01,1
1986,CASSFSVGPNYEQYF,TRBV13*01,None,TRBJ2-7*01,1
1987,CASSFSVGPNYEQFF,TRBV14*02,None,TRBJ2-7*01,1
1988,CASSFSVGPNYAQYF,TRBV14*02,None,TRBJ2-7*01,1
1989,CASSFSVGPNHEQYF,TRBV14*02,None,TRBJ2-7*01,1
1990,CASSFSVGLTYEQNF,TRBV14*02,None,TRBJ2-7*01,1
1991,CASSFSVGLTYEKYF,TRBV14*02,None,TRBJ2-7*01,1
1992,CASSFSVGLTSDLYF,TRBV14*02,None,TRBJ2-7*01,1
1993,CASSFSVCPTYEQYF,TRBV14*02,None,TRBJ2-7*01,1
1994,CASSFSVEPTYEQYF,TRBV14*02,None,TRBJ1-6*01,1
1995,CASSFSVEPTYEQFF,TRBV14*02,None,TRBJ2-7*01,1
1996,CASSFSVEPTYEQDF,TRBV14*02,None,TRBJ2-7*01,1
1997,CASSFSVEPTYEKYF,TRBV14*02,None,TRBJ2-7*01,1
1998,CASSFSVEPTYDQWF,TRBV14*02,None,TRBJ2-7*01,1
1999,CASSFSVEPPYEQYF,TRBV14*02,None,TRBJ2-7*01,1
2000,CASSFSVEPNYEQYF,TRBV14*02,None,TRBJ2-7*01,1
2001,CASSFSVEPAYEQYF,TRBV14*02,None,TRBJ2-7*01,1
2002,CASSFSVELNYEQYF,TRBV14*02,None,TRBJ2-7*01,1
2003,CASSFSVECTYEQYF,TRBV14*02,None,TRBJ2-7*01,1
2004,CASSFSVEATYEQYF,TRBV14*02,None,TRBJ2-7*01,1
2005,CASSFSVAPTYEQYF,TRBV11-3*01,None,TRBJ2-7*01,1
2006,CASSFSVGLTDEQYF,TRBV14*02,None,TRBJ2-7*01,1
2007,CASSFSVAPTYEQNF,TRBV14*02,None,TRBJ2-7*01,1
2008,CASSFSVAPTYEKYF,TRBV14*02,None,TRBJ2-7*01,1
2009,CASSFSVAPTSVQYF,TRBV14*02,None,TRBJ2-7*01,1
2010,CASSFSVAPTSEQYF,TRBV14*02,None,TRBJ2-7*01,1
2011,CASSFSVAPTHEQYF,TRBV14*02,None,TRBJ2-7*01,1
2012,CASSFSVAPNYAQYF,TRBV14*02,None,TRBJ2-7*01,1
2013,CASSFSVALTYEQYF,TRBV14*02,None,TRBJ2-7*01,1
2014,CASSFSTYSANYGYTF,TRBV12-4*02,None,TRBJ1-2*01,1
2015,CASSFSTGPTYEQYF,TRBV14*02,None,TRBJ2-7*01,1
2016,CASSFSTCSANYGYTF,TRBV12-4*02,None,TRBJ1-2*01,1
2017,CASSFSSGPTYEQYF,TRBV14*02,None,TRBJ2-7*01,1
2018,CASSFSVEPTYERYF,TRBV14*02,None,TRBJ2-7*01,1
2019,CASSFSVEPTYGQYF,TRBV14*02,None,TRBJ2-7*01,1
2020,CASSFSVEPTYQQYF,TRBV14*02,None,TRBJ2-7*01,1
2021,CASSFSVERTYEQYF,TRBV14*02,None,TRBJ2-7*01,1
2022,CASSFSVGLSYVQYF,TRBV14*02,None,TRBJ2-7*01,1
2023,CASSFSVGLNYEQYF,TRBV14*02,None,TRBJ2-7*01,1
2024,CASSFSVGLIYEQYF,TRBV14*02,None,TRBJ2-7*01,1
2025,CASSFSVGLIYDQYF,TRBV14*02,None,TRBJ2-7*01,1
2026,CASSFSVGISYEQSF,TRBV14*02,None,TRBJ2-7*01,1
2027,CASSFSVGHTYQQYF,TRBV14*02,None,TRBJ2-7*01,1
2028,CASSFSVGHTYEQNF,TRBV14*02,None,TRBJ2-7*01,1
2029,CASSFSVGHTYEKYF,TRBV14*02,None,TRBJ2-7*01,1
2030,CASSFSVGHTYEEYF,TRBV14*02,None,TRBJ2-7*01,1
2031,CASSFSVGHTSEQYF,TRBV14*02,None,TRBJ2-7*01,1
2032,CASSFSVGHTDTQYF,TRBV14*02,None,TRBJ2-7*01,1
2033,CASSFSVGHNYEQYF,TRBV14*02,None,TRBJ2-7*01,1
2034,CASSFSVGHNCEQYF,TRBV14*02,None,TRBJ2-7*01,1
2035,CASSFSVGHIYEQYF,TRBV14*02,None,TRBJ2-7*01,1
2036,CASSFSVGDTYDQYF,TRBV14*02,None,TRBJ2-7*01,1
2037,CASSFSVGATYVQYF,TRBV14*02,None,TRBJ2-7*01,1
2038,CASSFSVGATYEQYF,TRBV6-7*01,None,TRBJ2-7*01,1
2039,CASSFSVGATYEQYF,TRBV5-5*01,None,TRBJ2-7*01,1
2040,CASSFSVGATYEQYF,TRBV14*02,None,TRBJ2-1*01,1
2041,CASSFSVGATNEQYF,TRBV14*02,None,TRBJ2-7*01,1
2042,CASSFSVGASYEQYF,TRBV3-1*02,None,TRBJ2-7*01,1
2043,CASSFSVGASYEQYF,TRBV14*02,None,TRBJ2-7*01,1
2044,CASSFSVGANYAQYF,TRBV13*01,None,TRBJ2-7*01,1
2045,CVVGSGGYSKLIF,TRBV10-3*04,None,TRBJ2-2*01,1
