,CDR3seq,V-region,D-region,J-region,Frequency
1,CATSIWGYTF,TRBV15*02,None,TRBJ1-2*01,539
2,CASSGSNTNIQYF,TRBV19*03,None,TRBJ2-4*01,44
3,CASRWDRFPVNSPLHF,TRBV7-8*03,None,TRBJ1-6*01,28
4,CASRLGTLETQYF,TRBV28*01,None,TRBJ2-5*01,27
5,CSVPSGGVSGANVLTF,TRBV29-1*02,None,TRBJ2-6*01,24
6,CSAVAGFSYEQYF,TRBV20-1*02,None,TRBJ2-7*01,20
7,CSAVAGFSYEQYF,TRBV20-1*06,None,TRBJ2-7*01,18
8,CASSPSGRGSNEQFF,TRBV11-3*03,None,TRBJ2-1*01,18
9,CASSPSGRGSNEQFF,TRBV7-9*04,None,TRBJ2-1*01,16
10,CASTPGAAEREQYF,TRBV25-1*01,None,TRBJ2-7*01,15
11,CASSLPGTRYEQFF,TRBV5-1*02,None,TRBJ2-1*01,15
12,CATASGGYTF,TRBV15*02,None,TRBJ1-2*01,13
13,CSVETGSTDTQYF,TRBV29-1*02,None,TRBJ2-3*01,13
14,CSAVAGFSYEQYF,TRBV20-1*03,None,TRBJ2-7*01,10
15,CASSFSVGPTYEQYF,TRBV14*02,None,TRBJ2-7*01,9
16,CATSIWGYTF,TRBV15*01,None,TRBJ1-2*01,7
17,CSALMAGQAFF,TRBV20-1*06,None,TRBJ1-1*01,7
18,CASSFPPRETQYF,TRBV19*03,None,TRBJ2-5*01,7
19,CATSIWGLHLRF,TRBV15*02,None,TRBJ1-2*01,6
20,CSAQHRSGDHNEQFF,TRBV20-1*03,None,TRBJ2-1*01,6
21,CATSIWGHTF,TRBV15*02,None,TRBJ1-2*01,5
22,CSAQHRSGDHNEQFF,TRBV20-1*06,None,TRBJ2-1*01,4
23,CSALMAGQAFF,TRBV20-1*02,None,TRBJ1-1*01,4
24,CASSEEHSPLHF,TRBV2*03,None,TRBJ1-6*01,4
25,CATSMGGYTF,TRBV15*02,None,TRBJ1-2*01,4
26,CAASIWGYTF,TRBV15*02,None,TRBJ1-2*01,4
27,CATSTWGYTF,TRBV15*02,None,TRBJ1-2*01,3
28,CASSAPGSDTQYF,TRBV2*02,None,TRBJ2-3*01,3
29,CSMETGSTDTQYF,TRBV29-1*03,None,TRBJ2-3*01,3
30,CSVEVGRVNEQFF,TRBV29-1*02,None,TRBJ2-1*01,3
31,CATSIWGLHF,TRBV15*02,None,TRBJ1-2*01,3
32,CASSGSNTNIQCF,TRBV19*03,None,TRBJ2-4*01,2
33,CASSLTRGETQYF,TRBV11-2*03,None,TRBJ2-5*01,2
34,CASSGMEGQGALYGYTF,TRBV28*01,TRBD1*01,TRBJ1-2*01,2
35,CATSIWGLTF,TRBV15*02,None,TRBJ1-2*01,2
36,CSALMAGQAFF,TRBV20-1*03,None,TRBJ1-1*01,2
37,CATSIWGCTF,TRBV15*02,None,TRBJ1-2*01,2
38,CSAQHRSGDHNEQFF,TRBV20-1*02,None,TRBJ2-1*01,2
39,CSAQHRSGDHKEQFF,TRBV20-1*02,None,TRBJ2-3*01,1
40,CSVPSGGDSGANVLTF,TRBV29-1*02,None,TRBJ2-6*01,1
41,CSMETAGTDTQYF,TRBV29-1*03,None,TRBJ2-3*01,1
42,CSMETGSTDTQYF,TRBV29-1*02,None,TRBJ2-7*01,1
43,CSNIAGFSYEQYF,TRBV20-1*03,None,TRBJ2-7*01,1
44,CSPVAGFSDEQNF,TRBV20-1*06,None,TRBJ2-7*01,1
45,CATSIWRIHLRF,TRBV15*02,None,TRBJ1-2*01,1
46,CSSSLLRTRYEQFF,TRBV5-1*01,None,TRBJ2-1*01,1
47,CSVASGGVSGDNVLTF,TRBV29-1*02,None,TRBJ2-6*01,1
48,CATSIWGYSF,TRBV15*02,None,TRBJ1-2*01,1
49,CATSIWGYNF,TRBV15*02,None,TRBJ1-2*01,1
50,CATSIWGVHLRF,TRBV15*02,None,TRBJ1-2*01,1
51,CSVPSGDVSGPTVLTF,TRBV29-1*02,None,TRBJ2-6*01,1
52,CATSIWGLQLRF,TRBV15*02,None,TRBJ1-2*01,1
53,CIAVAGFSYEQYF,TRBV20-1*02,None,TRBJ2-7*01,1
54,CATSIWGLPF,TRBV15*02,None,TRBJ1-2*01,1
55,CSVPSGGVSAATVLTF,TRBV29-1*02,None,TRBJ2-6*01,1
56,CATSIWGLNLRF,TRBV15*02,None,TRBJ1-2*01,1
57,CSVPSGGVSGAKVLTF,TRBV29-1*02,None,TRBJ2-6*01,1
58,CSVPSGGVSGANVLTF,TRBV29-1*01,None,TRBJ2-6*01,1
59,CATSIWGLHLQF,TRBV15*02,None,TRBJ1-2*01,1
60,CATSIWGLHHRF,TRBV15*02,None,TRBJ1-2*01,1
61,CSVPSGGVSLANVLTF,TRBV29-1*02,None,TRBJ2-6*01,1
62,CATSIWGIHLRF,TRBV15*02,None,TRBJ1-2*01,1
63,CSVPSGGVSWANVLTF,TRBV29-1*02,None,TRBJ2-6*01,1
64,CATSIWGHSF,TRBV15*02,None,TRBJ1-2*01,1
65,CDTSIWGLHLRF,TRBV15*02,None,TRBJ1-2*01,1
66,CNDVAGVSYEQYF,TRBV20-1*02,None,TRBJ2-7*01,1
67,CSAQHRSGDHKEQFF,TRBV20-1*02,None,TRBJ2-1*01,1
68,CSALAGVSYEQYF,TRBV20-1*02,None,TRBJ2-7*01,1
69,CSAQHRRGDHNKQFF,TRBV20-1*06,None,TRBJ2-1*01,1
70,CSAQHRSGDHKEQFF,TRBV20-1*06,None,TRBJ2-1*01,1
71,CSAQHRRGDHNEQFF,TRBV20-1*06,None,TRBJ2-1*01,1
72,CSALMVGQAFF,TRBV20-1*06,None,TRBJ1-1*01,1
73,CSASDWQGSCNEQFF,TRBV20-1*04,None,TRBJ2-1*01,1
74,CSAVAGFCYEQYF,TRBV20-1*02,None,TRBJ2-7*01,1
75,CATSIWDYTF,TRBV15*02,None,TRBJ1-2*01,1
76,CSAVAGISYEQYF,TRBV20-1*02,None,TRBJ2-7*01,1
77,CSAVAGLSYEQYF,TRBV20-1*03,None,TRBJ2-7*01,1
78,CSALMAGKAFF,TRBV20-1*01,None,TRBJ1-1*01,1
79,CSALMAGEAFF,TRBV20-1*02,None,TRBJ1-1*01,1
80,CSALAGFSYEQYF,TRBV20-1*02,None,TRBJ2-7*01,1
81,CSGKTGSTDTQYF,TRBV29-1*03,None,TRBJ2-3*01,1
82,CSAISGRFLGRANVLTF,TRBV20-1*05,None,TRBJ2-6*01,1
83,CSAVAGYSYEQYF,TRBV20-1*06,None,TRBJ2-7*01,1
84,CSAVAVFAYEQYF,TRBV20-1*03,None,TRBJ2-7*01,1
85,CSAGTGTSSLIYHQYF,TRBV20-1*06,None,TRBJ2-7*01,1
86,CSAGAGFSYEQYF,TRBV20-1*02,None,TRBJ2-7*01,1
87,CSAFMAVQAFF,TRBV20-1*06,None,TRBJ1-1*01,1
88,CSAFMAGQAFF,TRBV20-1*03,None,TRBJ1-1*01,1
89,CRVPSGCVSAANILTF,TRBV29-1*02,None,TRBJ2-6*01,1
90,CRAQHRSGDHNEQYF,TRBV20-1*02,None,TRBJ2-7*01,1
91,CSAVAVFSYEQYF,TRBV20-1*02,None,TRBJ2-7*01,1
92,CPSRASNTTLQSF,TRBV19*03,None,TRBJ2-6*01,1
93,CAAASGGYTF,TRBV15*02,None,TRBJ1-2*01,1
94,CATGIGGLHLRF,TRBV15*02,None,TRBJ1-2*01,1
95,CATSIWAYTF,TRBV15*02,None,TRBJ1-2*01,1
96,CASRWDRVPVKSPLRF,TRBV7-8*03,None,TRBJ1-6*01,1
97,CASRWDRFPVNSPLHF,TRBV7-4*01,None,TRBJ1-6*01,1
98,CASRWDRFPVNSPLHF,TRBV7-8*03,None,TRBJ1-2*01,1
99,CASRWDRFPVNSPLHF,TRBV7-9*04,None,TRBJ1-6*01,1
100,CASRWDRFPVTLPIHF,TRBV7-8*03,None,TRBJ1-6*01,1
101,CASRWDRFSVNSPLHF,TRBV7-2*01,None,TRBJ1-6*01,1
102,CASRWDRFSVNSPLHF,TRBV7-8*03,None,TRBJ1-6*01,1
103,CASRWDRLPVNSPLHF,TRBV7-8*03,None,TRBJ1-6*01,1
104,CASRWDRVPVTSPLTF,TRBV7-8*03,None,TRBJ1-2*01,1
105,CATSILGLQLRF,TRBV15*02,None,TRBJ1-2*01,1
106,CASRWDSIPINTLLHF,TRBV7-3*04,None,TRBJ1-1*01,1
107,CASRWNSLPVNSTLRF,TRBV3-1*01,None,TRBJ1-6*01,1
108,CASRWQRFPVNSTLHF,TRBV7-8*03,None,TRBJ1-6*01,1
109,CASRWYSFSVNSPLHF,TRBV7-8*03,None,TRBJ1-6*01,1
110,CASSARNTDTYYF,TRBV19*03,None,TRBJ2-4*01,1
111,CASSEEHSPLHF,TRBV11-3*03,None,TRBJ1-6*01,1
112,CASSEEHSPLHF,TRBV2*02,None,TRBJ1-6*01,1
113,CASRWDRFPVNSPLHF,TRBV11-3*03,None,TRBJ1-6*01,1
114,CASRWDRFPVNSAHHF,TRBV7-8*03,None,TRBJ1-6*01,1
115,CASRWDRFPVKSPLHF,TRBV7-8*03,None,TRBJ1-6*01,1
116,CASRWDRFPINSPLHF,TRBV7-8*03,None,TRBJ1-6*01,1
117,CACRWDRFPVNSPLHF,TRBV7-8*03,None,TRBJ1-6*01,1
118,CAIASGGYTF,TRBV15*02,None,TRBJ1-2*01,1
119,CAISIWGYTF,TRBV15*02,None,TRBJ1-2*01,1
120,CALIIWGLHLRF,TRBV15*02,None,TRBJ1-2*01,1
121,CALKPGPAERDPYF,TRBV28*01,None,TRBJ2-7*01,1
122,CALRPPGGAPKIIF,TRBV12-4*02,None,TRBJ1-1*01,1
123,CANRWDRFPVNSPLHF,TRBV7-8*03,None,TRBJ1-6*01,1
124,CAPRIWYLHLRF,TRBV15*02,None,TRBJ1-2*01,1
125,CARRPSGRGSNEQFF,TRBV11-3*03,None,TRBJ2-1*01,1
126,CARRPSGRGSNEQFF,TRBV7-9*04,None,TRBJ2-1*01,1
127,CASNLRGPRGSGYTF,TRBV27*01,None,TRBJ1-2*01,1
128,CASRCDRFPVNSPLHF,TRBV7-8*03,None,TRBJ1-6*01,1
129,CASRGGRFPVNSPHHF,TRBV7-8*03,None,TRBJ1-6*01,1
130,CASRWDRCPVNSPLHF,TRBV7-8*03,None,TRBJ1-6*01,1
131,CASRWDRFPEHSPLHF,TRBV7-8*03,None,TRBJ1-6*01,1
132,CASSFPPRETQYF,TRBV19*03,None,TRBJ2-3*01,1
133,CASSFSTCSANYGYTF,TRBV12-3*01,None,TRBJ1-2*01,1
134,CASSFSVGPTYGQYF,TRBV14*02,None,TRBJ2-7*01,1
135,CASSPSGRGSNEQFF,TRBV11-3*03,None,TRBJ2-3*01,1
136,CASSPSGWGSNEQFF,TRBV11-3*03,None,TRBJ2-1*01,1
137,CASSSTRGETQYF,TRBV11-2*03,None,TRBJ2-5*01,1
138,CASSVCGLHLGF,TRBV15*02,None,TRBJ1-2*01,1
139,CASSVSNTNIQYF,TRBV19*03,None,TRBJ2-4*01,1
140,CASTPGAAAREQYF,TRBV25-1*01,None,TRBJ2-7*01,1
141,CASTPGAAEREQYF,TRBV4-2*02,None,TRBJ2-7*01,1
142,CASTPGSAERHHYF,TRBV25-1*01,None,TRBJ2-7*01,1
143,CASTPSARGSNEQFF,TRBV7-9*04,None,TRBJ2-1*01,1
144,CATCIWGYTF,TRBV15*02,None,TRBJ1-2*01,1
145,CATDIWGLHLRF,TRBV15*02,None,TRBJ1-2*01,1
146,CATGIWGYTF,TRBV15*02,None,TRBJ1-2*01,1
147,CATNIWGYTF,TRBV15*02,None,TRBJ1-2*01,1
148,CATRIWGYTF,TRBV15*02,None,TRBJ1-2*01,1
149,CATSICGLHF,TRBV15*02,None,TRBJ1-2*01,1
150,CATSICGLHLRF,TRBV15*02,None,TRBJ1-2*01,1
151,CASSPSGRGTNEQFF,TRBV7-9*04,None,TRBJ2-1*01,1
152,CASSPSGGGSNEQFF,TRBV11-3*03,None,TRBJ2-1*01,1
153,CASSFVTVSQPQHF,TRBV28*01,None,TRBJ1-5*01,1
154,CASSPSERGSNEQFF,TRBV11-3*03,None,TRBJ2-1*01,1
155,CASSGPNTNIQYF,TRBV19*03,None,TRBJ2-4*01,1
156,CASSGSNANIQYF,TRBV19*03,None,TRBJ2-4*01,1
157,CASSGSNRKIQYF,TRBV19*03,None,TRBJ2-4*01,1
158,CASSGSNTDIQYF,TRBV19*03,None,TRBJ2-4*01,1
159,CASSGSNTGIQYF,TRBV19*03,None,TRBJ2-4*01,1
160,CASSGSNTNIPYF,TRBV19*03,None,TRBJ2-4*01,1
161,CASSGSNTNNQYF,TRBV19*03,None,TRBJ2-4*01,1
162,CASSGSNTNTQYF,TRBV19*03,None,TRBJ2-4*01,1
163,CASSIWGIHFWF,TRBV15*02,None,TRBJ1-2*01,1
164,CASSIWGYTF,TRBV15*01,None,TRBJ1-2*01,1
165,CASSIWGYTF,TRBV15*02,None,TRBJ1-2*01,1
166,CASSLPGTGYEQFF,TRBV5-1*02,None,TRBJ2-1*01,1
167,CASSLPPRETQYF,TRBV19*03,None,TRBJ2-5*01,1
168,CASSLTRGETQYF,TRBV11-3*02,None,TRBJ2-5*01,1
169,CASSPAPEAVYGYTF,TRBV4-3*02,None,TRBJ1-2*01,1
170,CTTSIWGYTF,TRBV15*02,None,TRBJ1-2*01,1
