,CDR3seq,V-region,D-region,J-region,Frequency
1,CATSIWGYTF,TRBV15*02,None,TRBJ1-2*01,299
2,CASTPGAAEREQYF,TRBV25-1*01,None,TRBJ2-7*01,51
3,CASRLGTLETQYF,TRBV28*01,None,TRBJ2-5*01,37
4,CASSFSTCSANYGYTF,TRBV12-4*02,None,TRBJ1-2*01,33
5,CASRWDRFPVNSPLHF,TRBV7-8*03,None,TRBJ1-6*01,29
6,CASSLAVTSVTYEQYF,TRBV5-1*01,None,TRBJ2-7*01,26
7,CAMREVSNAGGTSYGKLTF,TRBV2*02,None,TRBJ1-1*01,24
8,CASSFSVGPTYEQYF,TRBV14*02,None,TRBJ2-7*01,21
9,CATASGGYTF,TRBV15*02,None,TRBJ1-2*01,18
10,CATRDRAFQETQYF,TRBV6-6*05,None,TRBJ2-5*01,15
11,CSASDWQGSYNEQFF,TRBV20-1*06,None,TRBJ2-1*01,14
12,CSVWWVRPQETQYF,TRBV29-1*02,None,TRBJ2-5*01,14
13,CSASDWQGSYNEQFF,TRBV20-1*04,None,TRBJ2-1*01,13
14,CSASDWQGSYNEQFF,TRBV20-1*03,None,TRBJ2-1*01,12
15,CASSFPPRETQYF,TRBV19*03,None,TRBJ2-5*01,12
16,CSAVAGFSYEQYF,TRBV20-1*03,None,TRBJ2-7*01,11
17,CSAVAGFSYEQYF,TRBV20-1*02,None,TRBJ2-7*01,10
18,CSASDWQGSYNEQFF,TRBV20-1*02,None,TRBJ2-1*01,9
19,CSAVAGFSYEQYF,TRBV20-1*06,None,TRBJ2-7*01,8
20,CSASDWQGSYNEQFF,TRBV20-1*05,None,TRBJ2-1*01,8
21,CATSIWVYTF,TRBV15*02,None,TRBJ1-2*01,8
22,CSVDEGRSNTEAFF,TRBV29-1*02,None,TRBJ1-1*01,7
23,CSASDWQGSYNEQFF,TRBV20-1*07,None,TRBJ2-1*01,7
24,CATRDRAFQETQYF,TRBV6-6*03,None,TRBJ2-5*01,6
25,CASSLGGPSYNEQFF,TRBV5-5*02,None,TRBJ2-1*01,6
26,CASSLTGVEQFF,TRBV11-3*02,None,TRBJ2-1*01,5
27,CASSLTGVEQFF,TRBV11-2*03,None,TRBJ2-1*01,4
28,CATSIWGHTF,TRBV15*02,None,TRBJ1-2*01,4
29,CATSMGGYTF,TRBV15*02,None,TRBJ1-2*01,4
30,CASSFPPRETQYF,TRBV19*03,None,TRBJ2-3*01,4
31,CASSLQTDYNSPLHF,TRBV6-6*03,None,TRBJ1-6*02,3
32,CASSLGGPSYNEQFF,TRBV5-4*04,None,TRBJ2-1*01,3
33,CASSLGGPSYNEQFF,TRBV5-8*02,None,TRBJ2-1*01,3
34,CASGGQNYGYTF,TRBV7-9*04,None,TRBJ1-2*01,3
35,CATSIWGLTF,TRBV15*02,None,TRBJ1-2*01,3
36,CATSIWGLPF,TRBV15*02,None,TRBJ1-2*01,3
37,CASSLGGPSYNEQFF,TRBV5-4*02,None,TRBJ2-1*01,2
38,CASSLGGPSYNEQFF,TRBV5-4*03,None,TRBJ2-1*01,2
39,CASSRQGTNEQYF,TRBV6-6*04,None,TRBJ2-7*01,2
40,CPTSIWGYTF,TRBV15*02,None,TRBJ1-2*01,2
41,CATREVSNAGGTSYGKLTF,TRBV2*02,None,TRBJ1-1*01,2
42,CVTSIWGYTF,TRBV15*02,None,TRBJ1-2*01,2
43,CATSIRGYTF,TRBV15*02,None,TRBJ1-2*01,2
44,CASGGQNYGYTF,TRBV11-3*03,None,TRBJ1-2*01,2
45,CASRLGTPETQYF,TRBV28*01,None,TRBJ2-5*01,2
46,CASRFSTCSANYGYTF,TRBV12-4*02,None,TRBJ1-2*01,2
47,CASRWDRFPVNSPHHF,TRBV7-8*03,None,TRBJ1-6*01,2
48,CAMREVSTAGGTSYGKLTF,TRBV2*02,None,TRBJ1-1*01,2
49,CSSSLAVTIVTYEQHF,TRBV5-1*01,None,TRBJ2-7*01,1
50,CPSSFSTRSANYGYTF,TRBV12-4*02,None,TRBJ1-2*01,1
51,CPSTPGAAASVQYF,TRBV25-1*01,None,TRBJ2-7*01,1
52,CSSSDWHGAYNEQFF,TRBV20-1*03,None,TRBJ2-1*01,1
53,CSSCLVVTSVTNQQYF,TRBV5-1*01,None,TRBJ2-7*01,1
54,CRASDSQVSYNEQFF,TRBV20-1*04,None,TRBJ2-1*01,1
55,CRASDWQGAYNEQFF,TRBV20-1*06,None,TRBJ2-1*01,1
56,CGSRWDRFPVNSPLHF,TRBV7-8*03,None,TRBJ1-6*01,1
57,CRASDWQGCYNDQFF,TRBV20-1*06,None,TRBJ2-1*01,1
58,CRASDWQGSYNEQFF,TRBV20-1*03,None,TRBJ2-1*01,1
59,CSSCDWQGSYNDQFF,TRBV20-1*02,None,TRBJ2-1*01,1
60,CRAVAGFSYEQYF,TRBV20-1*03,None,TRBJ2-7*01,1
61,CRSGGEDDNYTF,TRBV7-9*07,None,TRBJ1-2*01,1
62,CSMREVSNAGGTSYGKLTF,TRBV2*02,None,TRBJ1-1*01,1
63,CPSRLTRVGQFF,TRBV11-2*03,None,TRBJ2-1*01,1
64,CSASDWQGSYNERFF,TRBV20-1*06,None,TRBJ2-1*01,1
65,CGSGGQNYGYTF,TRBV7-9*04,None,TRBJ1-2*01,1
66,CRVPSGEVSWAKVLTF,TRBV29-1*03,None,TRBJ2-6*01,1
67,CVSSLTGVEQFF,TRBV11-3*02,None,TRBJ2-1*01,1
68,CATSIWGIHLRF,TRBV15*02,None,TRBJ1-2*01,1
69,CATSIWGLHLRF,TRBV15*02,None,TRBJ1-2*01,1
70,CVSSIWGYTF,TRBV15*02,None,TRBJ1-2*01,1
71,CTSTPGAAEREQYF,TRBV25-1*01,None,TRBJ2-7*01,1
72,CSVDEVRSNTEAFF,TRBV29-1*02,None,TRBJ1-1*01,1
73,CATSIWGQHLRF,TRBV15*02,None,TRBJ1-2*01,1
74,CATSIWGVHLRF,TRBV15*02,None,TRBJ1-2*01,1
75,CSVDEGRSNTKASF,TRBV29-1*02,None,TRBJ1-1*01,1
76,CSVDEGRSNSEAFF,TRBV29-1*02,None,TRBJ1-1*01,1
77,CSVDEERSNNEAFF,TRBV29-1*02,None,TRBJ1-1*01,1
78,CSSSTGSEQYF,TRBV6-6*03,None,TRBJ2-7*01,1
79,CATSVWGYTF,TRBV15*02,None,TRBJ1-2*01,1
80,CATTIWGYTF,TRBV15*02,None,TRBJ1-2*01,1
81,CGASDWQGSYNEQFF,TRBV20-1*03,None,TRBJ2-1*01,1
82,CGAVAGLSYDQYF,TRBV20-1*03,None,TRBJ2-7*01,1
83,CSACDWQDSYNEQFF,TRBV20-1*06,None,TRBJ2-1*01,1
84,CSGVAGSSYEQYF,TRBV20-1*06,None,TRBJ2-7*01,1
85,CSASDWQGSYNERFF,TRBV20-1*03,None,TRBJ2-1*01,1
86,CSASDWQGAYNEQFF,TRBV20-1*04,None,TRBJ2-1*01,1
87,CATSIWDYTF,TRBV15*02,None,TRBJ1-2*01,1
88,CSASDWQGSCREQFF,TRBV20-1*03,None,TRBJ2-1*01,1
89,CSASDWQGSYNAQFF,TRBV20-1*06,None,TRBJ2-1*01,1
90,CSASYWQGSYNEQFF,TRBV20-1*03,None,TRBJ2-1*01,1
91,CSASYWQDSYNEQFF,TRBV20-1*02,None,TRBJ2-1*01,1
92,CSASDWQGSYNEQFF,TRBV20-1*03,None,TRBJ2-7*01,1
93,CSASSWQRSYNEQFF,TRBV20-1*03,None,TRBJ2-1*01,1
94,CSASQWQGSYNDQFF,TRBV20-1*04,None,TRBJ2-1*01,1
95,CSASGWQGSYNERFF,TRBV20-1*05,None,TRBJ2-1*01,1
96,CSASDWQSSYNEQFF,TRBV20-1*01,None,TRBJ2-1*01,1
97,CSASDWQSFYNEQFF,TRBV20-1*07,None,TRBJ2-1*01,1
98,CSASDWQGSYNEQIF,TRBV20-1*03,None,TRBJ2-1*01,1
99,CSASDWQGSYNEQIF,TRBV20-1*04,None,TRBJ2-1*01,1
100,CSASDWQGSYNEQYF,TRBV20-1*06,None,TRBJ2-1*01,1
101,CSATDWRPSYNEQFF,TRBV20-1*07,None,TRBJ2-1*01,1
102,CSASDWQCSYNEQFF,TRBV20-1*03,None,TRBJ2-1*01,1
103,CSASDWLGSYNEQFF,TRBV20-1*06,None,TRBJ2-1*01,1
104,CSAVAGFSYEQYF,TRBV20-1*04,None,TRBJ2-7*01,1
105,CSAFDSQGSYNEQFF,TRBV20-1*03,None,TRBJ2-1*01,1
106,CSAVTVFYYEQYF,TRBV20-1*06,None,TRBJ2-7*01,1
107,CSAGDWQGSYNEQFF,TRBV20-1*06,None,TRBJ2-1*01,1
108,CSAIYWEGSHNGQFF,TRBV20-1*04,None,TRBJ2-1*01,1
109,CSAVSGFSSVQYF,TRBV20-1*06,None,TRBJ2-7*01,1
110,CSAVAGLSYEKYF,TRBV20-1*03,None,TRBJ2-7*01,1
111,CSASAWQGSYNEQFF,TRBV20-1*05,None,TRBJ2-1*01,1
112,CSASDWKRSYNAQLF,TRBV20-1*06,None,TRBJ2-1*01,1
113,CSASCWQGSYNEQFF,TRBV20-1*06,None,TRBJ2-1*01,1
114,CSASDCQASYNEQFF,TRBV20-1*07,None,TRBJ2-1*01,1
115,CSASDCQGSYNEKFF,TRBV20-1*03,None,TRBJ2-1*01,1
116,CSASDGQGFYNEQFF,TRBV20-1*06,None,TRBJ2-1*01,1
117,CSAVAGFSYEHYF,TRBV20-1*03,None,TRBJ2-7*01,1
118,CSASDWHCFYNEQFF,TRBV20-1*07,None,TRBJ2-1*01,1
119,CSASDWQGAYTEQFF,TRBV20-1*04,None,TRBJ2-1*01,1
120,CACRLGPQETQYF,TRBV30*01,None,TRBJ2-5*01,1
121,CATSIGGYTF,TRBV15*02,None,TRBJ1-2*01,1
122,CASSFSICSANYGYTF,TRBV12-4*02,None,TRBJ1-2*01,1
123,CASRRDRFPANSPLHF,TRBV11-3*02,None,TRBJ1-6*01,1
124,CASRSTGVEQFF,TRBV11-2*03,None,TRBJ2-1*01,1
125,CASRWDRFLVNSPLHF,TRBV4-3*02,None,TRBJ1-6*01,1
126,CASRWDRFPGNSNLNF,TRBV7-3*05,None,TRBJ1-6*01,1
127,CASRWDRFPLNSPLHF,TRBV7-8*03,None,TRBJ1-6*01,1
128,CASRWDRFPVNSHLHF,TRBV7-8*03,None,TRBJ1-6*01,1
129,CASRWDRFPVNSPLHF,TRBV7-2*01,None,TRBJ1-6*01,1
130,CASRWDRFPVNSPLHF,TRBV7-8*03,None,TRBJ1-2*01,1
131,CASRWDRFPVNSPLNF,TRBV7-8*03,None,TRBJ1-6*01,1
132,CASRWDRLPVNSPLHF,TRBV7-8*03,None,TRBJ1-6*01,1
133,CASRWDRVPVNSPLHF,TRBV7-1*01,None,TRBJ1-6*01,1
134,CASRWDRVPVNSPLHF,TRBV7-8*03,None,TRBJ1-6*01,1
135,CASRWDRVPVNSPLLF,TRBV7-8*03,None,TRBJ1-6*01,1
136,CASRYRSHGKLFF,TRBV28*01,None,TRBJ2-2*01,1
137,CASRYSSTGELFF,TRBV28*01,None,TRBJ2-2*01,1
138,CASSCSVRPTYEQYF,TRBV14*02,None,TRBJ2-7*01,1
139,CASSCWTCSANYGYTF,TRBV12-4*02,None,TRBJ1-2*01,1
140,CASSEVRGEQYF,TRBV6-1*01,None,TRBJ2-7*01,1
141,CASSFFTCSANYGYTF,TRBV12-4*02,None,TRBJ1-2*01,1
142,CASRPGTLETQYF,TRBV28*01,None,TRBJ2-5*01,1
143,CASRLGTLGTQYF,TRBV28*01,None,TRBJ2-5*01,1
144,CASRLGTLETQYF,TRBV6-6*03,None,TRBJ2-5*01,1
145,CAPSIWGYTF,TRBV15*02,None,TRBJ1-2*01,1
146,CAGLIQGAQKLVF,TRBV6-6*02,None,TRBJ1-1*01,1
147,CAGSFSVRLTYEQYF,TRBV14*02,None,TRBJ2-7*01,1
148,CAIREVSNAGGTSYGKLTF,TRBV2*02,None,TRBJ1-1*01,1
149,CAIRWDSFPVNSPLLF,TRBV11-3*01,None,TRBJ1-6*01,1
150,CAKRLWSHPYNEQSF,TRBV5-5*03,None,TRBJ2-7*01,1
151,CALSPPGGASKIIF,TRBV12-4*02,None,TRBJ1-1*01,1
152,CAMRQVSNAGATSDGELIF,TRBV2*02,None,TRBJ1-1*01,1
153,CAPRDRPFQETQYF,TRBV6-6*05,None,TRBJ2-5*01,1
154,CARCLGGPSYNEQFF,TRBV5-8*02,None,TRBJ2-1*01,1
155,CASRLGTLETQNF,TRBV28*01,None,TRBJ2-5*01,1
156,CARRWDRFPVNSPLHF,TRBV7-8*03,None,TRBJ1-6*01,1
157,CARSYSTCSANYGYTF,TRBV6-6*01,None,TRBJ1-2*01,1
158,CASCFSVGPTYEQYF,TRBV14*02,None,TRBJ2-7*01,1
159,CASGFSTCSANYGYTF,TRBV2*02,None,TRBJ1-2*01,1
160,CASGGQNNVYTF,TRBV7-9*03,None,TRBJ1-2*01,1
161,CASNFPPRETQYF,TRBV19*03,None,TRBJ2-5*01,1
162,CASNQGGHPYNEQFF,TRBV5-8*02,None,TRBJ2-1*01,1
163,CASRIGTLETQYF,TRBV28*01,None,TRBJ2-5*01,1
164,CASSFRVGPTYEQYF,TRBV14*02,None,TRBJ2-7*01,1
165,CASSFSSFSANYGYSF,TRBV12-4*02,None,TRBJ1-2*01,1
166,CATSICGYTF,TRBV15*02,None,TRBJ1-2*01,1
167,CASSFSTCAFNYGYTF,TRBV12-4*02,None,TRBJ1-2*01,1
168,CASTPGAAEREQHF,TRBV25-1*01,None,TRBJ2-7*01,1
169,CASTPGAAEREQYF,TRBV7-9*05,None,TRBJ2-7*01,1
170,CASTPGAAERKQYF,TRBV25-1*01,None,TRBJ2-7*01,1
171,CASTTGAAEREQYF,TRBV25-1*01,None,TRBJ2-7*01,1
172,CATCLWGLHLRF,TRBV15*03,None,TRBJ1-2*01,1
173,CATIIWGYTF,TRBV15*02,None,TRBJ1-2*01,1
174,CATMERAFQETKYF,TRBV6-6*03,None,TRBJ2-5*01,1
175,CATNIWGYTF,TRBV15*02,None,TRBJ1-2*01,1
176,CATRARAFQEPKYF,TRBV6-6*03,None,TRBJ2-5*01,1
177,CATRDRAFNETQYF,TRBV6-6*04,None,TRBJ2-5*01,1
178,CACSFTMRPTYVQYF,TRBV14*02,None,TRBJ2-7*01,1
179,CATRDRAFQEIQYF,TRBV6-8*01,None,TRBJ2-5*01,1
180,CATRDRAFQETQHF,TRBV6-6*05,None,TRBJ2-5*01,1
181,CATRDRALQETQYF,TRBV6-6*05,None,TRBJ2-7*01,1
182,CATRDRPFQETQYF,TRBV6-6*03,None,TRBJ2-5*01,1
183,CATRDRSFQETQYF,TRBV6-6*03,None,TRBJ2-5*01,1
184,CATSDRAFQETQYF,TRBV6-6*03,None,TRBJ2-5*01,1
185,CATSDRSFQETKYF,TRBV6-6*05,None,TRBJ2-7*01,1
186,CATSFWGYTF,TRBV15*02,None,TRBJ1-2*01,1
187,CASSVSTCSANYGYTF,TRBV12-4*02,None,TRBJ1-2*01,1
188,CASSSSTCSANYGYTF,TRBV12-4*02,None,TRBJ1-2*01,1
189,CASSRSGTGSDDQIF,TRBV11-3*03,None,TRBJ2-1*01,1
190,CASSLAFTSVTYEQYF,TRBV5-1*01,None,TRBJ2-7*01,1
191,CASSFSTCSADYGYTF,TRBV12-4*02,None,TRBJ1-2*01,1
192,CASSFSTCSANSGYTF,TRBV12-4*02,None,TRBJ1-2*01,1
193,CASSFSTCSANYGNTF,TRBV12-4*02,None,TRBJ1-2*01,1
194,CASSFSTCSVNYGYTF,TRBV12-4*02,None,TRBJ1-2*01,1
195,CASSFSVEPTYEQYF,TRBV14*02,None,TRBJ2-7*01,1
196,CASSFSVGHTYDQYF,TRBV14*02,None,TRBJ2-7*01,1
197,CASSFSVGPTYEKYF,TRBV14*02,None,TRBJ2-7*01,1
198,CASSFSVGPTYEQYF,TRBV3-1*01,None,TRBJ2-7*01,1
199,CASSLALTSVSHEQYF,TRBV5-1*01,None,TRBJ2-7*01,1
200,CASSLVVTSVTYEQYF,TRBV5-1*01,None,TRBJ2-7*01,1
201,CASSLAVTSPTYSQYF,TRBV5-1*01,None,TRBJ2-7*01,1
202,CASSLAVTSVTYEQYF,TRBV5-1*01,None,TRBJ2-5*01,1
203,CASSLGGPSYNEQFF,TRBV5-4*04,None,TRBJ2-7*01,1
204,CASSLGGPSYNEQFF,TRBV5-5*03,None,TRBJ2-5*01,1
205,CASSLGGPSYNVQFF,TRBV5-4*02,None,TRBJ2-1*01,1
206,CASSLIGVEQFF,TRBV11-3*02,None,TRBJ2-1*01,1
207,CASSLSVTSVTYEQYF,TRBV5-1*02,None,TRBJ2-7*01,1
208,CASSLTGVEQFF,TRBV7-3*04,None,TRBJ2-1*01,1
209,CATRDRAFQATQYF,TRBV6-6*05,None,TRBJ2-7*01,1
