,CDR3seq,V-region,D-region,J-region,Frequency
1,CASSFPPRETQYF,TRBV19*03,None,TRBJ2-5*01,74355
2,CASSFPPRETQYF,TRBV19*03,None,TRBJ2-3*01,9723
3,CALSPPGGASKIIF,TRBV12-4*02,None,TRBJ1-1*01,403
4,CASSFPPRGTQYF,TRBV19*03,None,TRBJ2-5*01,242
5,CASGFPPRETQYF,TRBV19*03,None,TRBJ2-5*01,229
6,CASSFPPREAQYF,TRBV19*03,None,TRBJ2-5*01,227
7,CASSFPPGETQYF,TRBV19*03,None,TRBJ2-5*01,165
8,CASSLPPRETQYF,TRBV19*03,None,TRBJ2-5*01,147
9,CASSFPPWETQYF,TRBV19*03,None,TRBJ2-5*01,127
10,CASSFPPRETKYF,TRBV19*03,None,TRBJ2-5*01,115
11,CASSFPPRETRYF,TRBV19*03,None,TRBJ2-5*01,112
12,CSSSFPPRETQYF,TRBV19*03,None,TRBJ2-5*01,95
13,CASSFPPLETQYF,TRBV19*03,None,TRBJ2-5*01,94
14,CASSFPPQETQYF,TRBV19*03,None,TRBJ2-5*01,83
15,CALSPPGGASKIIF,TRBV2*02,None,TRBJ1-1*01,81
16,CALSPPGGASKIIF,TRBV12-4*02,None,TRBJ1-2*01,78
17,CASSFPSRETQYF,TRBV19*03,None,TRBJ2-5*01,78
18,CASSFPPRETQCF,TRBV19*03,None,TRBJ2-5*01,77
19,CVSSFPPRETQYF,TRBV19*03,None,TRBJ2-5*01,75
20,CASSFPLRETQYF,TRBV19*03,None,TRBJ2-5*01,72
21,CASSFPPRETQHF,TRBV19*03,None,TRBJ2-5*01,72
22,CASSFHPRETQYF,TRBV19*03,None,TRBJ2-5*01,70
23,CASSFPTRETQYF,TRBV19*03,None,TRBJ2-5*01,69
24,CAGSFPPRETQYF,TRBV19*03,None,TRBJ2-5*01,68
25,CARSFPPRETQYF,TRBV19*03,None,TRBJ2-5*01,65
26,CACSFPPRETQYF,TRBV19*03,None,TRBJ2-5*01,63
27,CPSSFPPRETQYF,TRBV19*03,None,TRBJ2-5*01,63
28,CASSFPPREIQYF,TRBV19*03,None,TRBJ2-5*01,63
29,CASSFSPRETQYF,TRBV19*03,None,TRBJ2-5*01,61
30,CTSSFPPRETQYF,TRBV19*03,None,TRBJ2-5*01,59
31,CASSFPHRETQYF,TRBV19*03,None,TRBJ2-5*01,55
32,CASSFPPRETLYF,TRBV19*03,None,TRBJ2-5*01,54
33,CALSPPGGASKIIF,TRBV12-4*02,None,TRBJ1-6*02,54
34,CASSFPPRDTQYF,TRBV19*03,None,TRBJ2-5*01,52
35,CASSSPPRETQYF,TRBV19*03,None,TRBJ2-5*01,50
36,CASSFPPRKTQYF,TRBV19*03,None,TRBJ2-5*01,50
37,CALSPPGGASKIIF,TRBV12-4*02,None,TRBJ1-6*01,49
38,CASSFPPRESQYF,TRBV19*03,None,TRBJ2-5*01,49
39,CASSFTPRETQYF,TRBV19*03,None,TRBJ2-5*01,45
40,CASSFLPRETQYF,TRBV19*03,None,TRBJ2-5*01,45
41,CANSFPPRETQYF,TRBV19*03,None,TRBJ2-5*01,43
42,CASSFPPREPQYF,TRBV19*03,None,TRBJ2-5*01,41
43,CASSFPPRENQYF,TRBV19*03,None,TRBJ2-5*01,41
44,CAWSGDYRNEQFF,TRBV30*04,None,TRBJ2-1*01,40
45,CASSFPPRQTQYF,TRBV19*03,None,TRBJ2-5*01,39
46,CASSFPPRETHYF,TRBV19*03,None,TRBJ2-5*01,39
47,CASSFPPPETQYF,TRBV19*03,None,TRBJ2-5*01,37
48,CASIFPPRETQYF,TRBV19*03,None,TRBJ2-5*01,37
49,CASRFPPRETQYF,TRBV19*03,None,TRBJ2-5*01,36
50,CASSFPPRATQYF,TRBV19*03,None,TRBJ2-5*01,34
51,CGSSFPPRETQYF,TRBV19*03,None,TRBJ2-5*01,34
52,CDSSFPPRETQYF,TRBV19*03,None,TRBJ2-5*01,33
53,CASRWDRFPVNSPLHF,TRBV7-8*03,None,TRBJ1-6*01,33
54,CASSFAPRETQYF,TRBV19*03,None,TRBJ2-5*01,33
55,CASSFPPRETQNF,TRBV19*03,None,TRBJ2-5*01,31
56,CASSFPPLETQYF,TRBV19*03,None,TRBJ2-3*01,30
57,CASSFPPRETQYF,TRBV19*01,None,TRBJ2-5*01,29
58,CASSFPPRGTQYF,TRBV19*03,None,TRBJ2-3*01,28
59,CASGFPPRETQYF,TRBV19*03,None,TRBJ2-3*01,28
60,CASSFRPRETQYF,TRBV19*03,None,TRBJ2-5*01,27
61,CASSFPARETQYF,TRBV19*03,None,TRBJ2-5*01,27
62,CASSFPPREAQYF,TRBV19*03,None,TRBJ2-3*01,26
63,CASSTGSEQYF,TRBV6-6*03,None,TRBJ2-7*01,26
64,CASSFPRRETQYF,TRBV19*03,None,TRBJ2-5*01,25
65,CALSPPGGASKIIF,TRBV13*02,None,TRBJ1-1*01,25
66,CASRLGTLETQYF,TRBV28*01,None,TRBJ2-5*01,24
67,CASSCPPRETQYF,TRBV19*03,None,TRBJ2-5*01,22
68,CASSFSVGPTYEQYF,TRBV14*02,None,TRBJ2-7*01,22
69,CAISFPPRETQYF,TRBV19*03,None,TRBJ2-5*01,22
70,CASSFPPGETQYF,TRBV19*03,None,TRBJ2-3*01,20
71,CASSFPPRETQYF,TRBV19*02,None,TRBJ2-5*01,19
72,CASSFPPRETEYF,TRBV19*03,None,TRBJ2-5*01,19
73,CASSFPPRETPYF,TRBV19*03,None,TRBJ2-5*01,18
74,CASSYPPRETQYF,TRBV19*03,None,TRBJ2-5*01,18
75,CASNFPPRETQYF,TRBV19*03,None,TRBJ2-5*01,17
76,CASSLPPRETQYF,TRBV19*03,None,TRBJ2-3*01,17
77,CASTFPPRETQYF,TRBV19*03,None,TRBJ2-5*01,17
78,CASTPGAAEREQYF,TRBV25-1*01,None,TRBJ2-7*01,16
79,CASSFPPRETQYF,TRBV19*03,None,TRBJ2-7*01,16
80,CASSFHPRETQYF,TRBV19*03,None,TRBJ2-3*01,16
81,CASSQDRRTTDTQYF,TRBV4-2*01,None,TRBJ2-3*01,15
82,CSSSFPPRETQYF,TRBV19*03,None,TRBJ2-3*01,14
83,CASSFPPWETQYF,TRBV19*03,None,TRBJ2-3*01,14
84,CASSFPSRETQYF,TRBV19*03,None,TRBJ2-3*01,14
85,CATSFPPRETQYF,TRBV19*03,None,TRBJ2-5*01,13
86,CVSSFPPRETQYF,TRBV19*03,None,TRBJ2-3*01,13
87,CASCFPPRETQYF,TRBV19*03,None,TRBJ2-5*01,13
88,CASSFPPRETRYF,TRBV19*03,None,TRBJ2-3*01,13
89,CASSFPPRETQHF,TRBV19*03,None,TRBJ2-3*01,13
90,CASSFPPRETKYF,TRBV19*03,None,TRBJ2-3*01,12
91,CASSFSPRETQYF,TRBV19*03,None,TRBJ2-3*01,12
92,CASSFPPRVTQYF,TRBV19*03,None,TRBJ2-5*01,12
93,CATSRRQGETQYF,TRBV15*02,None,TRBJ2-5*01,11
94,CASSIPPRETQYF,TRBV19*03,None,TRBJ2-5*01,11
95,CASSFPPRETQCF,TRBV19*03,None,TRBJ2-3*01,10
96,CARSFPPRETQYF,TRBV19*03,None,TRBJ2-3*01,10
97,CASSFPPREPQYF,TRBV19*03,None,TRBJ2-3*01,9
98,CASSFPPRETQFF,TRBV19*03,None,TRBJ2-5*01,9
99,CASSFPPRDTQYF,TRBV19*03,None,TRBJ2-3*01,9
100,CAGSFPPRETQYF,TRBV19*03,None,TRBJ2-3*01,9
101,CACSFPPRETQYF,TRBV19*03,None,TRBJ2-3*01,9
102,CASSFPPQETQYF,TRBV19*03,None,TRBJ2-3*01,9
103,CASSFPPRKTQYF,TRBV19*03,None,TRBJ2-3*01,8
104,CASSFPHRETQYF,TRBV19*03,None,TRBJ2-3*01,8
105,CASSFPTRETQYF,TRBV19*03,None,TRBJ2-3*01,8
106,CALSPPGGASKISF,TRBV12-4*02,None,TRBJ1-1*01,8
107,CALSLPGGASKIIF,TRBV12-4*02,None,TRBJ1-1*01,8
108,CASSQGGAVSYEQFF,TRBV4-1*02,None,TRBJ2-1*01,8
109,CASSFPPRETHYF,TRBV19*03,None,TRBJ2-3*01,8
110,CASSFPPRATLYF,TRBV19*03,None,TRBJ2-5*01,8
111,CANSFPPRETQYF,TRBV19*03,None,TRBJ2-3*01,8
112,CALSPPGGASKLIF,TRBV12-4*02,None,TRBJ1-1*01,7
113,CASSFPPRETQDF,TRBV19*03,None,TRBJ2-5*01,7
114,CASSFPPRETQNF,TRBV19*03,None,TRBJ2-3*01,7
115,CASSFPPREIQYF,TRBV19*03,None,TRBJ2-3*01,7
116,CASKPGTSVVDTQYF,TRBV12-4*02,TRBD2*02,TRBJ2-3*01,7
117,CASSFLPRETQYF,TRBV19*03,None,TRBJ2-3*01,7
118,CPSSFPPRETQYF,TRBV19*03,None,TRBJ2-3*01,6
119,CASSFPPRQTQYF,TRBV19*03,None,TRBJ2-3*01,6
120,CASSFPPRETQYF,TRBV19*03,None,TRBJ2-1*01,6
121,CASSFPPRESQYF,TRBV19*03,None,TRBJ2-3*01,6
122,CASIFPPRETQYF,TRBV19*03,None,TRBJ2-3*01,6
123,CASSVPPRETQYF,TRBV19*03,None,TRBJ2-5*01,5
124,CDSSFPPRETQYF,TRBV19*03,None,TRBJ2-3*01,5
125,CASSFPRETQYF,TRBV19*03,None,TRBJ2-5*01,5
126,CASSFPLRETQYF,TRBV19*03,None,TRBJ2-3*01,5
127,CALSPPGGAAKIIF,TRBV12-4*02,None,TRBJ1-1*01,5
128,CASSFTPRETQYF,TRBV19*03,None,TRBJ2-3*01,5
129,CALSPPRGASKIIF,TRBV12-4*02,None,TRBJ1-1*01,5
130,CASRFPPRETQYF,TRBV19*03,None,TRBJ2-3*01,5
131,CASSLDRVSQPQHF,TRBV11-3*01,None,TRBJ1-5*01,5
132,CASGERGATETQYF,TRBV10-2*01,None,TRBJ2-5*01,5
133,CALSPPGGASKITF,TRBV12-4*02,None,TRBJ1-1*01,4
134,CASSFPPREDQYF,TRBV19*03,None,TRBJ2-5*01,4
135,CALSPPGGASKIIF,TRBV6-4*02,None,TRBJ1-2*01,4
136,CASSFHTRETQYF,TRBV19*03,None,TRBJ2-5*01,4
137,CSAVAGFSYEQYF,TRBV20-1*06,None,TRBJ2-7*01,4
138,CSAVAGFSYEQYF,TRBV20-1*03,None,TRBJ2-7*01,4
139,CALSHPGGASKIIF,TRBV12-4*02,None,TRBJ1-1*01,4
140,CASNFPPRETQYF,TRBV19*03,None,TRBJ2-3*01,4
141,CASSFPPRETLYF,TRBV19*03,None,TRBJ2-3*01,4
142,CALSAPGGASKIIF,TRBV12-4*02,None,TRBJ1-1*01,4
143,CASRRTGSFYEAFF,TRBV6-6*03,None,TRBJ1-1*01,4
144,CASSFPPRETQYF,TRBV19*01,None,TRBJ2-3*01,4
145,CASSQDRRTTDTQYF,TRBV5-5*03,None,TRBJ2-3*01,4
146,CASSFPPRETQYF,TRBV19*02,None,TRBJ2-3*01,4
147,CALSPPEGASKIIF,TRBV12-4*02,None,TRBJ1-1*01,4
148,CASRRTGSFYEAFF,TRBV6-6*05,None,TRBJ1-1*01,3
149,CASSCPPRETQYF,TRBV19*03,None,TRBJ2-3*01,3
150,CALIPPGGASKIIF,TRBV12-4*02,None,TRBJ1-1*01,3
151,CALSPPGGASKIVF,TRBV12-4*02,None,TRBJ1-1*01,3
152,CALSPPGGAYKIIF,TRBV12-4*02,None,TRBJ1-1*01,3
153,CASKPGTSVVDTQYF,TRBV12-4*02,TRBD2*01,TRBJ2-3*01,3
154,CASSFAPRETQYF,TRBV19*03,None,TRBJ2-3*01,3
155,CASSQDRRTTDTQYF,TRBV5-4*03,None,TRBJ2-3*01,3
156,CSSSFPPREAQYF,TRBV19*03,None,TRBJ2-5*01,3
157,CASRSLDRGRTDTQYF,TRBV12-4*02,None,TRBJ2-3*01,3
158,CALSPPGGASKIIF,TRBV6-6*05,None,TRBJ1-6*01,3
159,CALRPPGGASKIIF,TRBV12-4*02,None,TRBJ1-1*01,3
160,CASSFSPREAQYF,TRBV19*03,None,TRBJ2-5*01,3
161,CALSPSGGASKIIF,TRBV12-4*02,None,TRBJ1-1*01,3
162,CAGYDSNAGGTSYGKLTF,TRBV28*01,None,TRBJ1-1*01,3
163,CASSYPPRETQYF,TRBV19*03,None,TRBJ2-3*01,3
164,CALSTPGGASKIIF,TRBV12-4*02,None,TRBJ1-1*01,3
165,CALSPPVGASKIIF,TRBV12-4*02,None,TRBJ1-1*01,3
166,CALSPPGGASKIIF,TRBV10-3*01,None,TRBJ1-1*01,3
167,CALSPTGGASKIIF,TRBV12-4*02,None,TRBJ1-1*01,3
168,CASSFPPPETQYF,TRBV19*03,None,TRBJ2-3*01,3
169,CAMSPPGGASKIIF,TRBV12-4*02,None,TRBJ1-1*01,3
170,CTSSFPPRETQYF,TRBV19*03,None,TRBJ2-3*01,3
171,CATSTGGVQPQHF,TRBV6-6*05,TRBD1*01,TRBJ1-5*01,3
172,CVSSFLPRETQYF,TRBV19*03,None,TRBJ2-5*01,3
173,CASSFPPREHQYF,TRBV19*03,None,TRBJ2-5*01,3
174,CASSFPPRENQYF,TRBV19*03,None,TRBJ2-3*01,3
175,CASSFPPREPHYF,TRBV19*03,None,TRBJ2-5*01,3
176,CASSFPPRETKCF,TRBV19*03,None,TRBJ2-5*01,3
177,CALSPSGGASKIIF,TRBV2*02,None,TRBJ1-1*01,3
178,CASSFPPRVTQYF,TRBV19*03,None,TRBJ2-3*01,3
179,CSVDSDSQIRSIF,TRBV29-1*02,None,TRBJ2-3*01,3
180,CASSFPPRETEYF,TRBV19*03,None,TRBJ2-3*01,3
181,CASSFPPRDTHYF,TRBV19*03,None,TRBJ2-5*01,3
182,CASGFLPRETQYF,TRBV19*03,None,TRBJ2-5*01,2
183,CALSPTGGASKIIF,TRBV13*02,None,TRBJ1-1*01,2
184,CALSPTRGASKIIF,TRBV12-4*02,None,TRBJ1-1*01,2
185,CASSSPPRETQYF,TRBV19*03,None,TRBJ2-3*01,2
186,CASSQDRRTTDTQYF,TRBV5-4*04,None,TRBJ2-3*01,2
187,CALSTPGGASKIIF,TRBV2*02,None,TRBJ1-1*01,2
188,CARSFPPRETLYF,TRBV19*03,None,TRBJ2-5*01,2
189,CASSVPPRETQYF,TRBV19*03,None,TRBJ2-3*01,2
190,CASSTGSEQYF,TRBV6-6*05,None,TRBJ2-7*01,2
191,CSSSFPPRETKYF,TRBV19*03,None,TRBJ2-5*01,2
192,CARSFPPRETRYF,TRBV19*03,None,TRBJ2-5*01,2
193,CARSFPPRETQYF,TRBV30*04,None,TRBJ2-5*01,2
194,CSSSFPPLETQYF,TRBV19*03,None,TRBJ2-5*01,2
195,CSSSFPPRATQYF,TRBV19*03,None,TRBJ2-5*01,2
196,CASSTGSEQYF,TRBV19*03,None,TRBJ2-7*01,2
197,CARRWDRFPVNSPLHF,TRBV7-8*03,None,TRBJ1-6*01,2
198,CSSSFPPREPQYF,TRBV19*03,None,TRBJ2-5*01,2
199,CALSLSGGASKIIF,TRBV12-4*02,None,TRBJ1-1*01,2
200,CASIFPLRETQYF,TRBV19*03,None,TRBJ2-5*01,2
201,CALRPPGGASKIIF,TRBV2*02,None,TRBJ1-1*01,2
202,CTSSFPPRETLYF,TRBV19*03,None,TRBJ2-3*01,2
203,CAISFPPRETQYF,TRBV19*03,None,TRBJ2-3*01,2
204,CAISETPWQEAQSTDTQYF,TRBV10-3*01,None,TRBJ2-3*01,2
205,CASSFPPQEAQYF,TRBV19*03,None,TRBJ2-5*01,2
206,CASSFPPRAPQYF,TRBV19*03,None,TRBJ2-5*01,2
207,CASSFPPRETQSF,TRBV19*03,None,TRBJ2-5*01,2
208,CASSFPPRATQYF,TRBV19*03,None,TRBJ2-3*01,2
209,CASSFPPRETQDF,TRBV19*03,None,TRBJ2-3*01,2
210,CAGSFPPRETQCF,TRBV19*03,None,TRBJ2-5*01,2
211,CAGSFPPRESQYF,TRBV19*03,None,TRBJ2-5*01,2
212,CASSFPPREAKYF,TRBV19*03,None,TRBJ2-5*01,2
213,CASSFPPREAQYF,TRBV19*01,None,TRBJ2-5*01,2
214,CASSFPPRETPYF,TRBV19*03,None,TRBJ2-3*01,2
215,CASSFPPREKQYF,TRBV19*03,None,TRBJ2-5*01,2
216,CASSFPPRETHHF,TRBV19*03,None,TRBJ2-5*01,2
217,CALCPPGGASKIIF,TRBV2*02,None,TRBJ1-1*01,2
218,CASSFPLRETQCF,TRBV19*03,None,TRBJ2-5*01,2
219,CASSFPARENQYF,TRBV19*03,None,TRBJ2-5*01,2
220,CSSSFSPRETQYF,TRBV19*03,None,TRBJ2-5*01,2
221,CASSLDRVSQPQHF,TRBV11-2*01,None,TRBJ1-5*01,2
222,CASRFPPREAQYF,TRBV19*03,None,TRBJ2-5*01,2
223,CSSSFPPRETQYF,TRBV19*01,None,TRBJ2-5*01,2
224,CSSSFPTRETQYF,TRBV19*03,None,TRBJ2-5*01,2
225,CASRLGTLGTQYF,TRBV28*01,None,TRBJ2-5*01,2
226,CASRLPPRETQYF,TRBV19*03,None,TRBJ2-5*01,2
227,CASRVPPRETQYF,TRBV19*03,None,TRBJ2-5*01,2
228,CSVDSDSQIQYF,TRBV29-1*02,None,TRBJ2-3*01,2
229,CASSFRPRETQYF,TRBV19*03,None,TRBJ2-3*01,2
230,CASSCPPRETKYF,TRBV19*03,None,TRBJ2-5*01,2
231,CALSPRGGASKIIF,TRBV12-4*02,None,TRBJ1-1*01,2
232,CASSFPSREPQYF,TRBV19*03,None,TRBJ2-5*01,2
233,CASSFAPRGTQYF,TRBV19*03,None,TRBJ2-5*01,2
234,CASSFFPRETQYF,TRBV19*03,None,TRBJ2-5*01,2
235,CSVDSDSHTQYF,TRBV29-1*02,None,TRBJ2-3*01,2
236,CASSFPPPESQYF,TRBV19*03,None,TRBJ2-5*01,2
237,CALSPPGGASKIIF,TRBV9*03,None,TRBJ1-1*01,2
238,CALSPPGRASKIIF,TRBV12-4*02,None,TRBJ1-1*01,2
239,CALSPPGSASKIIF,TRBV12-4*02,None,TRBJ1-1*01,2
240,CALSPPGGASKIIF,TRBV10-3*02,None,TRBJ1-2*01,2
241,CALSPPGGASKILF,TRBV12-4*02,None,TRBJ1-1*01,2
242,CALSPPGGASKIIF,TRBV10-3*02,None,TRBJ1-6*01,2
243,CAWSGDYRNEQFF,TRBV30*01,None,TRBJ2-1*01,2
244,CALSPPGGASKVIF,TRBV12-4*02,None,TRBJ1-1*01,2
245,CALSPPGGASKIIF,TRBV6-6*05,None,TRBJ1-1*01,2
246,CALSPPGVASKIIF,TRBV12-4*02,None,TRBJ1-1*01,2
247,CALSPPGGASKMIF,TRBV12-4*02,None,TRBJ1-1*01,2
248,CAWSGDYRNEQFF,TRBV30*02,None,TRBJ2-1*01,2
249,CALSPPGGGSKIIF,TRBV12-4*02,None,TRBJ1-1*01,2
250,CGSSFPPREAQYF,TRBV19*03,None,TRBJ2-5*01,2
251,CALSPPGGASKIIF,TRBV10-3*02,None,TRBJ1-1*01,2
252,CDSSLPPRETQYF,TRBV19*03,None,TRBJ2-5*01,2
253,CALSPPGGASKIIF,TRBV6-6*01,None,TRBJ1-6*02,2
254,CALSPPGGASKIIF,TRBV12-4*01,None,TRBJ1-2*01,2
255,CGSSFPPRETQYF,TRBV19*03,None,TRBJ2-3*01,2
256,CSAVAGFSYEQYF,TRBV20-1*02,None,TRBJ2-7*01,2
257,CALSPPGGASKIIF,TRBV12-3*01,None,TRBJ1-2*01,2
258,CALSPLGGASKIIF,TRBV12-4*02,None,TRBJ1-1*01,2
259,CALSPPGGASKIIF,TRBV6-6*01,None,TRBJ1-2*01,2
260,CASSFPPRVTRYF,TRBV19*03,None,TRBJ2-3*01,1
261,CASSFPPRVTQFF,TRBV19*03,None,TRBJ2-5*01,1
262,CASSFPPWEAQYF,TRBV19*03,None,TRBJ2-3*01,1
263,CASSFPPWDTQYF,TRBV19*03,None,TRBJ2-5*01,1
264,CASSFPPSETQYF,TRBV19*03,None,TRBJ2-5*01,1
265,CASSFPPTYTQYF,TRBV19*03,None,TRBJ2-7*01,1
266,CASSFPPRVTQHF,TRBV19*03,None,TRBJ2-5*01,1
267,CASSFPPSENQYF,TRBV19*03,None,TRBJ2-5*01,1
268,CSSGFPPRETQYF,TRBV19*03,None,TRBJ2-5*01,1
269,CTSSFPHRETQYF,TRBV19*03,None,TRBJ2-5*01,1
270,CTSILPPRETQNF,TRBV19*03,None,TRBJ2-5*01,1
271,CASSFPPRVTKYF,TRBV19*03,None,TRBJ2-5*01,1
272,CASTWDRFPVNSSLHF,TRBV7-8*03,None,TRBJ1-6*01,1
273,CASSFPPRVPQYF,TRBV19*03,None,TRBJ2-5*01,1
274,CASSFPPRQTQFF,TRBV19*03,None,TRBJ2-5*01,1
275,CASSFPPRKTQSF,TRBV19*02,None,TRBJ2-5*01,1
276,CSLTPLGGASKILF,TRBV13*02,None,TRBJ1-1*01,1
277,CTSSFPPREPQYF,TRBV19*03,None,TRBJ2-5*01,1
278,CASSFPPRLKQYF,TRBV19*03,None,TRBJ2-5*01,1
279,CASSFPPRMTQYF,TRBV19*03,None,TRBJ2-5*01,1
280,CASSFPPRQTKYF,TRBV19*03,None,TRBJ2-5*01,1
281,CSNSFPPRETQYF,TRBV19*03,None,TRBJ2-5*01,1
282,CSRSFPPRATQYF,TRBV19*03,None,TRBJ2-5*01,1
283,CASSFPPRTPQYF,TRBV19*03,None,TRBJ2-5*01,1
284,CTSSFPPREIQYF,TRBV19*03,None,TRBJ2-5*01,1
285,CASSFPPRSTQYF,TRBV19*03,None,TRBJ2-5*01,1
286,CASSFPPRTIQYF,TRBV19*03,None,TRBJ2-5*01,1
287,CASSFPPRTPLYF,TRBV19*03,None,TRBJ2-5*01,1
288,CTSSFPPREAQYF,TRBV19*01,None,TRBJ2-5*01,1
289,CASSFPPWESQYF,TRBV19*03,None,TRBJ2-5*01,1
290,CSRSFPPRETQYF,TRBV19*03,None,TRBJ2-5*01,1
291,CASSFPPWEPQYF,TRBV19*03,None,TRBJ2-5*01,1
292,CASSFPPWKLQYF,TRBV19*03,None,TRBJ2-5*01,1
293,CTRSFPPRETQNF,TRBV19*03,None,TRBJ2-5*01,1
294,CASSFPSRGTPYF,TRBV19*03,None,TRBJ2-5*01,1
295,CSVDSDSQIQNIF,TRBV29-1*02,None,TRBJ2-3*01,1
296,CGLSPPGGASKIIF,TRBV12-4*02,None,TRBJ1-1*01,1
297,CGCSFPTRAPLYF,TRBV19*03,None,TRBJ2-5*01,1
298,CASSFPSRETHYF,TRBV19*03,None,TRBJ2-5*01,1
299,CASSFPSRETKYF,TRBV19*03,None,TRBJ2-5*01,1
300,CASSFPSRETQYF,TRBV19*03,None,TRBJ2-1*01,1
301,CFTSFPPREPQYF,TRBV19*03,None,TRBJ2-5*01,1
302,CESSFPPRETQYF,TRBV19*03,None,TRBJ2-5*01,1
303,CASSFPTLETQYF,TRBV19*03,None,TRBJ2-5*01,1
304,CGLSPPGGASMLIF,TRBV12-4*02,None,TRBJ1-1*01,1
305,CASSFPTRAPQSF,TRBV19*03,None,TRBJ2-5*01,1
306,CASSFPTRASQYF,TRBV19*03,None,TRBJ2-5*01,1
307,CASSFPTRATQYF,TRBV19*03,None,TRBJ2-5*01,1
308,CASSFPTREAQDF,TRBV19*03,None,TRBJ2-5*01,1
309,CSVDSDNHTQYF,TRBV29-1*02,None,TRBJ2-3*01,1
310,CASSFPTREAQYF,TRBV19*02,None,TRBJ2-5*01,1
311,CDSSSPPRETQYF,TRBV19*03,None,TRBJ2-5*01,1
312,CASSFPTREIQYF,TRBV19*03,None,TRBJ2-5*01,1
313,CASSFPSRATQYF,TRBV19*03,None,TRBJ2-5*01,1
314,CASSFPRRVSQYF,TRBV19*03,None,TRBJ2-5*01,1
315,CGSSFPPQETQYF,TRBV19*03,None,TRBJ2-5*01,1
316,CGSSFPLRETQYF,TRBV19*03,None,TRBJ2-5*01,1
317,CASSFPPWETQHF,TRBV19*03,None,TRBJ2-5*01,1
318,CSVVAASPYAQYF,TRBV20-1*06,None,TRBJ2-7*01,1
319,CSVSQARRATDTQYF,TRBV4-2*01,None,TRBJ2-3*01,1
320,CASSFPPRKTKYF,TRBV19*03,None,TRBJ2-5*01,1
321,CSSIFPPRETEYF,TRBV19*03,None,TRBJ2-5*01,1
322,CASSFPQGETQYF,TRBV19*03,None,TRBJ2-5*01,1
323,CASSFPQQETQYF,TRBV19*03,None,TRBJ2-5*01,1
324,CASSFPQRETQYF,TRBV19*03,None,TRBJ2-5*01,1
325,CSVETGTPDTQYF,TRBV29-1*02,None,TRBJ2-3*01,1
326,CGLSPPVGASKIIF,TRBV12-4*02,None,TRBJ1-1*01,1
327,CGSRFPPRETQYF,TRBV19*03,None,TRBJ2-5*01,1
328,CASSFPRQENEYF,TRBV19*02,None,TRBJ2-3*01,1
329,CASSFPRRATQYF,TRBV19*03,None,TRBJ2-5*01,1
330,CASSFPRRETQSF,TRBV19*03,None,TRBJ2-5*01,1
331,CASSFPRRETQYF,TRBV19*01,None,TRBJ2-5*01,1
332,CGRSFPPRETQYF,TRBV19*03,None,TRBJ2-5*01,1
333,CASSFPRRKPLYF,TRBV19*03,None,TRBJ2-5*01,1
334,CASSFPRRQALYF,TRBV19*03,None,TRBJ2-5*01,1
335,CASSFPPRKTQHF,TRBV19*03,None,TRBJ2-3*01,1
336,CTSSFPPRETPYF,TRBV19*03,None,TRBJ2-5*01,1
337,CASSFPPRKPHCF,TRBV19*03,None,TRBJ2-5*01,1
338,CVSSFDPRETQYF,TRBV19*03,None,TRBJ2-5*01,1
339,CASSFPPRETLNF,TRBV19*03,None,TRBJ2-5*01,1
340,CPSSFPPRETTYF,TRBV19*03,None,TRBJ2-5*01,1
341,CSLSPPGGASKIIF,TRBV12-4*02,None,TRBJ1-1*01,1
342,CVSSFPPLETQYF,TRBV19*03,None,TRBJ2-5*01,1
343,CVSSFPPGETQYF,TRBV19*03,None,TRBJ2-5*01,1
344,CPSSFPPRETQYF,TRBV19*02,None,TRBJ2-5*01,1
345,CPSSFPPRETQYF,TRBV19*02,None,TRBJ2-3*01,1
346,CPSSFPPRETQCF,TRBV19*03,None,TRBJ2-5*01,1
347,CPSSFPPRETLYF,TRBV19*03,None,TRBJ2-3*01,1
348,CVSSFPPREPQYF,TRBV19*03,None,TRBJ2-5*01,1
349,CPSSFPPRETKYF,TRBV19*03,None,TRBJ2-5*01,1
350,CPSSFPPRETHYF,TRBV19*03,None,TRBJ2-5*01,1
351,CPSSFPPREAQYF,TRBV19*03,None,TRBJ2-5*01,1
352,CPSSFPPRDTQYF,TRBV19*03,None,TRBJ2-3*01,1
353,CPSSFPPRATQYF,TRBV19*03,None,TRBJ2-5*01,1
354,CPSSFPLRETQYF,TRBV19*03,None,TRBJ2-5*01,1
355,CPSSCRVVPTYEQYF,TRBV14*02,None,TRBJ2-7*01,1
356,CPSRLGTLETQYF,TRBV28*01,None,TRBJ2-5*01,1
357,CPSSFPPRGTQYF,TRBV19*03,None,TRBJ2-3*01,1
358,CPSSFPPRGTQYF,TRBV19*03,None,TRBJ2-5*01,1
359,CTSSFPPRETKYF,TRBV19*03,None,TRBJ2-5*01,1
360,CASSFPPRETHSF,TRBV19*03,None,TRBJ2-5*01,1
361,CASSFPPRESQYF,TRBV19*03,TRBD2*01,TRBJ2-5*01,1
362,CASSFPPRESRYF,TRBV19*03,None,TRBJ2-5*01,1
363,CASSFPPRETDYF,TRBV19*03,None,TRBJ2-5*01,1
364,CVWSGDYRNEQFF,TRBV30*04,None,TRBJ2-1*01,1
365,CSAVAGVSYEQYF,TRBV20-1*06,None,TRBJ2-7*01,1
366,CSAVAGVSYEQYF,TRBV20-1*03,None,TRBJ2-7*01,1
367,CVSSLPPRETQYF,TRBV19*03,None,TRBJ2-5*01,1
368,CSAVAGLSYEQYF,TRBV20-1*03,None,TRBJ2-7*01,1
369,CVSSITMTGPEQFF,TRBV6-6*05,None,TRBJ2-1*01,1
370,CPSSFPTRETQYF,TRBV19*03,None,TRBJ2-5*01,1
371,CSAVAGFSYAQYF,TRBV20-1*06,None,TRBJ2-7*01,1
372,CASSFPPRETKSF,TRBV19*03,None,TRBJ2-5*01,1
373,CVSSFPPRETRYF,TRBV19*03,None,TRBJ2-5*01,1
374,CRAVAGFFYEQYF,TRBV20-1*03,None,TRBJ2-7*01,1
375,CASSFPPRETKYF,TRBV19*01,None,TRBJ2-5*01,1
376,CASSFPPRETKYF,TRBV19*02,None,TRBJ2-5*01,1
377,CVSSFPPRETQYF,TRBV29-1*02,None,TRBJ2-5*01,1
378,CPSTFPPRETQYF,TRBV19*03,None,TRBJ2-5*01,1
379,CVLSRPGGASKISF,TRBV2*02,None,TRBJ1-1*01,1
380,CVLSPPGGASKIIF,TRBV12-4*02,None,TRBJ1-1*01,1
381,CVISYHANPGELFF,TRBV10-3*02,None,TRBJ2-2*01,1
382,CTSSFPPRETQHF,TRBV19*03,None,TRBJ2-5*01,1
383,CTSSFPPRGAQYF,TRBV19*03,None,TRBJ2-5*01,1
384,CASSFPPRETQYF,TRBV28*01,None,TRBJ2-5*01,1
385,CASSFPPRETRHF,TRBV19*03,None,TRBJ2-3*01,1
386,CASSFPPRETRYF,TRBV19*03,None,TRBJ2-7*01,1
387,CASSFPPRETYYF,TRBV19*03,None,TRBJ2-5*01,1
388,CASSFPPREVQYF,TRBV19*03,None,TRBJ2-5*01,1
389,CASSFPPRGPQYF,TRBV19*03,None,TRBJ2-5*01,1
390,CGSSFPPRGTQYF,TRBV19*03,None,TRBJ2-5*01,1
391,CASSFPPRGSQYF,TRBV19*03,None,TRBJ2-5*01,1
392,CPSRFPPREIQYF,TRBV19*03,None,TRBJ2-5*01,1
393,CASSFPPRGTHTF,TRBV19*03,None,TRBJ2-5*01,1
394,CASSFPPRGTQCF,TRBV19*03,None,TRBJ2-3*01,1
395,CASSFPPRGTQCF,TRBV19*03,None,TRBJ2-5*01,1
396,CASSFPPRGTQYF,TRBV19*02,None,TRBJ2-3*01,1
397,CTSSFPPRETQCF,TRBV19*02,None,TRBJ2-5*01,1
398,CASSFPTRETHYF,TRBV19*03,None,TRBJ2-5*01,1
399,CASSFPPRKAQYF,TRBV19*03,None,TRBJ2-5*01,1
400,CASSFPPRKDQYF,TRBV19*03,None,TRBJ2-5*01,1
401,CTSSFPPRQTQYF,TRBV19*03,None,TRBJ2-5*01,1
402,CASSFPPRETQYF,TRBV19*03,None,TRBJ2-6*01,1
403,CTSSFPSRKPQYF,TRBV19*03,None,TRBJ2-5*01,1
404,CTSSSPPRETQYF,TRBV19*01,None,TRBJ2-5*01,1
405,CASSFPPRETQKF,TRBV19*03,None,TRBJ2-5*01,1
406,CPSCFPPRETQYF,TRBV19*03,None,TRBJ2-5*01,1
407,CPRSPESYTDQFF,TRBV28*01,None,TRBJ2-1*01,1
408,CVGSFPPRKTQYF,TRBV19*02,None,TRBJ2-5*01,1
409,CPRSFPPRETQYF,TRBV19*03,None,TRBJ2-3*01,1
410,CASSFPPRETQYF,TRBV11-2*01,None,TRBJ2-3*01,1
411,CPRCFPPRAPQYF,TRBV19*03,None,TRBJ2-3*01,1
412,CASSFPPRETQYF,TRBV12-5*01,None,TRBJ2-5*01,1
413,CPLSSPGGASKIIF,TRBV12-4*02,None,TRBJ1-1*01,1
414,CPLSPPGAASKIIF,TRBV12-4*02,None,TRBJ1-1*01,1
415,CPISPSGRGSNEQFF,TRBV11-3*03,None,TRBJ2-1*01,1
416,CTSTFPPRESQYF,TRBV19*03,None,TRBJ2-5*01,1
417,CTSTCPPRETQYF,TRBV19*02,None,TRBJ2-7*01,1
418,CPISFPTRETQYF,TRBV19*03,None,TRBJ2-5*01,1
419,CASSFPPRETQYF,TRBV19*02,None,TRBJ2-7*01,1
420,CLSSFPPRETQYF,TRBV19*03,None,TRBJ2-5*01,1
421,CILSPHGGASKINF,TRBV12-4*02,None,TRBJ1-1*01,1
422,CASSFPTREPQYF,TRBV19*03,None,TRBJ2-5*01,1
423,CSTVSGSSYEQYF,TRBV20-1*05,None,TRBJ2-7*01,1
424,CASSFPTRETKYF,TRBV19*03,None,TRBJ2-7*01,1
425,CASSSPLRETQYF,TRBV19*03,None,TRBJ2-5*01,1
426,CASSQVRRTTDTQYF,TRBV5-8*02,None,TRBJ2-3*01,1
427,CAWSAAYRNAQSF,TRBV30*02,None,TRBJ2-1*01,1
428,CAWGGEYRGDQFF,TRBV30*05,None,TRBJ2-1*01,1
429,CAVSPPGCASKIIF,TRBV12-4*02,None,TRBJ1-1*01,1
430,CAVSPPEGASNIIF,TRBV12-4*02,None,TRBJ1-1*01,1
431,CASSRRLGETQYF,TRBV15*02,None,TRBJ2-5*01,1
432,CAVSHPGGASKIIF,TRBV2*02,None,TRBJ1-1*01,1
433,CASSRRQGETQYF,TRBV7-4*01,None,TRBJ2-5*01,1
434,CASSSPPREKHYF,TRBV19*03,None,TRBJ2-3*01,1
435,CASSQERRTADTKCF,TRBV5-4*04,None,TRBJ2-3*01,1
436,CASSSPPRETQYF,TRBV19*01,None,TRBJ2-5*01,1
437,CAVSFPPRETQYF,TRBV19*03,None,TRBJ2-5*01,1
438,CAVFPPGGASKLVF,TRBV12-4*02,None,TRBJ1-6*01,1
439,CASSSSPRETQYF,TRBV19*03,None,TRBJ2-5*01,1
440,CAVCPPGGAQKIIF,TRBV2*02,None,TRBJ1-6*02,1
441,CASSSWTGTGLGYTF,TRBV7-9*04,None,TRBJ1-2*01,1
442,CASSTCSEQYF,TRBV6-6*03,None,TRBJ2-7*01,1
443,CASSTGSEQHF,TRBV6-6*03,None,TRBJ2-7*01,1
444,CASSQGGAVSYEKFF,TRBV4-3*01,None,TRBJ2-3*01,1
445,CASSQEGAVSYEQFF,TRBV4-1*01,None,TRBJ2-1*01,1
446,CASSFPTRETLYF,TRBV19*03,None,TRBJ2-5*01,1
447,CASSQDRRTTDTQYF,TRBV14*01,None,TRBJ2-3*01,1
448,CAWSGDYRNEQLF,TRBV30*01,None,TRBJ2-1*01,1
449,CSSSFPPRENQYF,TRBV19*03,None,TRBJ2-3*01,1
450,CASSLRPREPQYF,TRBV19*03,None,TRBJ2-5*01,1
451,CASSLSPRETQYF,TRBV19*03,None,TRBJ2-5*01,1
452,CASSLSVGPTYEQYF,TRBV14*02,None,TRBJ2-7*01,1
453,CASSLTPRETQYF,TRBV19*03,None,TRBJ2-5*01,1
454,CSSRFPPGGTQYF,TRBV19*03,None,TRBJ2-5*01,1
455,CASSQDRRTTDKHYF,TRBV6-6*05,None,TRBJ2-3*01,1
456,CASSQDRRTTDTQYF,TRBV14*02,None,TRBJ2-3*01,1
457,CASSQDRRTTDTRYF,TRBV5-4*04,None,TRBJ2-3*01,1
458,CSSSFPPRDTLYF,TRBV19*03,None,TRBJ2-5*01,1
459,CASSQDRRTTDTQYF,TRBV4-3*04,None,TRBJ2-3*01,1
460,CAWSGDYMNEQFF,TRBV30*04,None,TRBJ2-1*01,1
461,CAWSGDDRNEQFF,TRBV30*04,None,TRBJ2-1*01,1
462,CASSQDRRTTDTQYF,TRBV5-5*02,None,TRBJ2-3*01,1
463,CAWSGCYRNKQYF,TRBV30*04,None,TRBJ2-1*01,1
464,CASSQDRRTTDTQYF,TRBV5-8*02,None,TRBJ2-3*01,1
465,CASSQDRRTTDTRYF,TRBV4-2*01,None,TRBJ2-3*01,1
466,CATTPAAAEPDYYF,TRBV25-1*01,None,TRBJ2-7*01,1
467,CATTCPARETQYF,TRBV19*03,None,TRBJ2-5*01,1
468,CASSTRSDQYF,TRBV6-6*03,None,TRBJ2-7*01,1
469,CATSFPAREAQYF,TRBV28*01,None,TRBJ2-5*01,1
470,CASSYPSRETQYF,TRBV19*03,None,TRBJ2-5*01,1
471,CASSYSGQGSDKQYF,TRBV6-6*03,None,TRBJ2-3*01,1
472,CASTFPPQETQYF,TRBV19*03,None,TRBJ2-5*01,1
473,CASTFPPREPQYF,TRBV19*03,None,TRBJ2-5*01,1
474,CATSFPPRETQYF,TRBV19*02,None,TRBJ2-5*01,1
475,CASTFPPRETHYF,TRBV19*03,None,TRBJ2-5*01,1
476,CASTFPPRETQYF,TRBV19*01,None,TRBJ2-5*01,1
477,CATSFPPRDTQYF,TRBV19*03,None,TRBJ2-5*01,1
478,CATSCPAREAQYF,TRBV19*03,None,TRBJ2-5*01,1
479,CASSVPPGEAQYF,TRBV19*03,None,TRBJ2-5*01,1
480,CATPTGGVQPKNF,TRBV6-6*02,None,TRBJ1-5*01,1
481,CASTLPPRETQYF,TRBV19*02,None,TRBJ2-5*01,1
482,CASTPGAAERELYF,TRBV25-1*01,None,TRBJ2-7*01,1
483,CSSSCHSSETYYF,TRBV19*03,None,TRBJ2-5*01,1
484,CATGQATSYEQYF,TRBV13*02,None,TRBJ2-7*01,1
485,CASTPGAAEREQYF,TRBV28*01,None,TRBJ2-7*01,1
486,CASTPGAEEREQYF,TRBV25-1*01,None,TRBJ2-7*01,1
487,CASTRGAAVREEYF,TRBV25-1*01,None,TRBJ2-7*01,1
488,CSSSFHPRETQYF,TRBV19*03,None,TRBJ2-5*01,1
489,CATSFPPRETQYF,TRBV19*03,None,TRBJ2-3*01,1
490,CASSYPPRETKYF,TRBV19*03,None,TRBJ2-5*01,1
491,CSSRFPPRETQYF,TRBV19*03,None,TRBJ2-5*01,1
492,CASSVPPGETQYF,TRBV19*03,None,TRBJ2-5*01,1
493,CASSVPPREAQYF,TRBV19*02,None,TRBJ2-5*01,1
494,CASSVPPREDQYF,TRBV19*02,None,TRBJ2-5*01,1
495,CSSSFPLRETQYF,TRBV19*03,None,TRBJ2-5*01,1
496,CASSVPPRETQYF,TRBV19*01,None,TRBJ2-5*01,1
497,CASSVPPRETQYF,TRBV19*02,None,TRBJ2-5*01,1
498,CASSVPPRETQYF,TRBV19*03,None,TRBJ2-1*01,1
499,CATSTGGVQPQHF,TRBV6-6*03,None,TRBJ1-5*01,1
500,CATSTGGVQPQHF,TRBV12-4*02,None,TRBJ1-5*01,1
501,CSSRFPPQENQYF,TRBV19*03,None,TRBJ2-5*01,1
502,CASSVPPRETYNF,TRBV19*03,None,TRBJ2-7*01,1
503,CASSVTPRETQHF,TRBV19*03,None,TRBJ2-5*01,1
504,CASSWTGTGGEKLFF,TRBV27*01,TRBD1*01,TRBJ1-4*01,1
505,CASSYHPREPKYF,TRBV19*03,None,TRBJ2-5*01,1
506,CASSYHPREPQYF,TRBV19*03,None,TRBJ2-5*01,1
507,CASSYLATTGELFF,TRBV6-6*05,None,TRBJ2-2*01,1
508,CASSYPPREIQYF,TRBV19*03,None,TRBJ2-5*01,1
509,CASSLRPLETQYF,TRBV19*03,None,TRBJ2-5*01,1
510,CASSLPYTVAQYF,TRBV19*03,None,TRBJ2-5*01,1
511,CASSLPTTETQYF,TRBV19*03,None,TRBJ2-5*01,1
512,CSSSFPSLETQYF,TRBV19*03,None,TRBJ2-3*01,1
513,CASSFSPRETQSF,TRBV19*03,None,TRBJ2-5*01,1
514,CSSVPRFSDEQYF,TRBV20-1*06,None,TRBJ2-7*01,1
515,CDSSFPPRGTQYF,TRBV19*03,None,TRBJ2-5*01,1
516,CASSFSVGPSYEQPF,TRBV14*02,None,TRBJ2-7*01,1
517,CDSSFPPRETQYF,TRBV19*03,None,TRBJ2-7*01,1
518,CSSIFPPRETQYF,TRBV19*03,None,TRBJ2-5*01,1
519,CDSSFPPRETKYF,TRBV19*03,None,TRBJ2-5*01,1
520,CASSFTHQETQNF,TRBV19*03,None,TRBJ2-5*01,1
521,CASSFTPGETQYF,TRBV19*03,None,TRBJ2-5*01,1
522,CASSFTPRSTQYF,TRBV19*01,None,TRBJ2-5*01,1
523,CASSFTPPETQYF,TRBV19*03,None,TRBJ2-5*01,1
524,CASSFTPQETEYF,TRBV19*03,None,TRBJ2-5*01,1
525,CASSFTPREAQYF,TRBV19*03,None,TRBJ2-3*01,1
526,CASSFTPREAQYF,TRBV19*03,None,TRBJ2-5*01,1
527,CASSFTPRETQYF,TRBV19*02,None,TRBJ2-5*01,1
528,CDSSFPARETQYF,TRBV19*03,None,TRBJ2-5*01,1
529,CSSSFPPRGTQYF,TRBV19*03,None,TRBJ2-5*01,1
530,CDSRFTPGETHYF,TRBV19*03,None,TRBJ2-1*01,1
531,CDSSFPRRETQYF,TRBV19*01,None,TRBJ2-5*01,1
532,CASSFSPRETQNF,TRBV19*03,None,TRBJ2-5*01,1
533,CASSFSPRENQYF,TRBV19*03,None,TRBJ2-5*01,1
534,CASSFSLRKTQYF,TRBV19*03,None,TRBJ2-5*01,1
535,CASSFPTRETQFF,TRBV19*03,None,TRBJ2-5*01,1
536,CASSFPTRETQLF,TRBV19*03,None,TRBJ2-7*01,1
537,CASSFPTRETQYF,TRBV19*02,None,TRBJ2-5*01,1
538,CASWCCVRPTYTQYF,TRBV14*02,None,TRBJ2-7*01,1
539,CASSFPTRGTQYF,TRBV19*03,None,TRBJ2-5*01,1
540,CASSFQPRETQYF,TRBV19*03,None,TRBJ2-5*01,1
541,CSTVAGFSYQHYF,TRBV20-1*06,None,TRBJ2-7*01,1
542,CASSFRNPDTQYF,TRBV19*03,None,TRBJ2-1*01,1
543,CASSFRPPETQYF,TRBV19*03,None,TRBJ2-5*01,1
544,CASSFRPQETQYF,TRBV19*03,None,TRBJ2-5*01,1
545,CASSFRPRETKYF,TRBV19*03,None,TRBJ2-5*01,1
546,CSTVAGFSYEQYF,TRBV20-1*06,None,TRBJ2-7*01,1
547,CASSFRRRETQYF,TRBV19*03,None,TRBJ2-5*01,1
548,CASSFRTRETLYF,TRBV19*03,None,TRBJ2-5*01,1
549,CASSFSARGTQYF,TRBV19*03,None,TRBJ2-5*01,1
550,CDSSFTPRETQYF,TRBV19*03,None,TRBJ2-5*01,1
551,CASSFSARNTQYF,TRBV19*03,None,TRBJ2-5*01,1
552,CDRSFPPRETQYF,TRBV19*03,None,TRBJ2-5*01,1
553,CASSFTRETQYF,TRBV19*03,None,TRBJ2-5*01,1
554,CASSLPTRETQYF,TRBV19*03,None,TRBJ2-5*01,1
555,CASSLPPREPQYF,TRBV19*03,None,TRBJ2-5*01,1
556,CAWSGHYGNQQFF,TRBV30*04,None,TRBJ2-1*01,1
557,CAWSGDYRSEQFF,TRBV30*04,None,TRBJ2-1*01,1
558,CASSLPPQETLYF,TRBV19*01,None,TRBJ2-5*01,1
559,CSAVARVSYEQYF,TRBV20-1*06,None,TRBJ2-7*01,1
560,CASSLPPRATQYF,TRBV19*03,None,TRBJ2-5*01,1
561,CASSLPPRDTQYF,TRBV19*03,None,TRBJ2-5*01,1
562,CASSLPPREAQYF,TRBV19*03,None,TRBJ2-3*01,1
563,CASSLPPREGQYF,TRBV19*03,None,TRBJ2-3*01,1
564,CASSLPPRETKYF,TRBV19*03,None,TRBJ2-3*01,1
565,CASSFTTRKTQYF,TRBV19*03,None,TRBJ2-5*01,1
566,CASSLPPRETQYF,TRBV19*02,None,TRBJ2-1*01,1
567,CASSLPPRETQYF,TRBV19*02,None,TRBJ2-3*01,1
568,CASSLPPRETQYF,TRBV19*02,None,TRBJ2-5*01,1
569,CAWSGDYRNKQFF,TRBV30*04,None,TRBJ2-1*01,1
570,CSSSFPPRETQCF,TRBV19*03,None,TRBJ2-5*01,1
571,CAWSGDYRNEQSF,TRBV30*04,None,TRBJ2-1*01,1
572,CASSLPRRETQYF,TRBV19*03,None,TRBJ2-5*01,1
573,CASSLPTRETQYF,TRBV19*03,None,TRBJ2-3*01,1
574,CASSLPPPETQYF,TRBV19*03,None,TRBJ2-5*01,1
575,CASSLPPLETQYF,TRBV19*03,None,TRBJ2-5*01,1
576,CASSLPLRETQYF,TRBV19*03,None,TRBJ2-5*01,1
577,CASSLDRVSQPQHF,TRBV7-2*04,None,TRBJ1-5*01,1
578,CASSFWTVTVLGYIF,TRBV14*01,None,TRBJ1-2*01,1
579,CDRIFPPRETQYF,TRBV19*03,None,TRBJ2-3*01,1
580,CASSFYSRQAKYF,TRBV19*03,None,TRBJ2-5*01,1
581,CASSGTHPETQYF,TRBV19*03,None,TRBJ2-4*01,1
582,CASSIHPRETQYF,TRBV19*03,None,TRBJ2-5*01,1
583,CDLSSPGGASKIIF,TRBV2*02,None,TRBJ1-1*01,1
584,CASSITMTGPEQFF,TRBV27*01,None,TRBJ2-1*01,1
585,CASSLAPRETQYF,TRBV19*03,None,TRBJ2-5*01,1
586,CASSLDRLSQPQHF,TRBV7-2*04,None,TRBJ1-5*01,1
587,CASSLDRVIQPQHF,TRBV7-2*04,None,TRBJ1-5*01,1
588,CSSSFPPRETQFF,TRBV19*03,None,TRBJ2-5*01,1
589,CASSLDRVRQLQHF,TRBV11-2*01,None,TRBJ1-5*01,1
590,CASSLDRVSQPQHF,TRBV11-2*03,None,TRBJ1-5*01,1
591,CDIVLGTLEAQYF,TRBV10-3*01,None,TRBJ2-5*01,1
592,CDISETPRHEAQSTDTQYF,TRBV10-3*01,None,TRBJ2-3*01,1
593,CAWSRDYRNEQFF,TRBV30*04,None,TRBJ2-1*01,1
594,CASSLDRVSQPQHF,TRBV11-3*02,None,TRBJ1-5*01,1
595,CASSLPPRATQYF,TRBV19*02,None,TRBJ2-5*01,1
596,CACCFPPRETKYF,TRBV19*03,None,TRBJ2-5*01,1
597,CASSFPPRESQCF,TRBV19*03,None,TRBJ2-5*01,1
598,CALSPPGSAAKIIF,TRBV2*02,None,TRBJ1-1*01,1
599,CALSPPGGASKIVF,TRBV12-4*02,None,TRBJ1-6*02,1
600,CALSPPGGASKLIF,TRBV12-4*02,None,TRBJ1-6*02,1
601,CALSPPGGASKLSF,TRBV12-4*02,None,TRBJ1-1*01,1
602,CALSPPGGASKVIF,TRBV13*02,None,TRBJ1-1*01,1
603,CALSPPGGASMIIF,TRBV12-4*02,None,TRBJ1-1*01,1
604,CALSPPGGASMIIF,TRBV13*02,None,TRBJ1-1*01,1
605,CALSPPGGASMIIF,TRBV2*02,None,TRBJ1-1*01,1
606,CALSPPGGASNIIF,TRBV12-4*02,None,TRBJ1-6*02,1
607,CALSPPGGASQIIF,TRBV12-4*02,None,TRBJ1-1*01,1
608,CALSPPGGASRIIF,TRBV12-4*02,None,TRBJ1-1*01,1
609,CALSPPGGASTIIF,TRBV12-4*02,None,TRBJ1-1*01,1
610,CALSPPGGASTIIF,TRBV12-4*02,None,TRBJ2-2*01,1
611,CALSPPGGATKIFF,TRBV12-4*02,None,TRBJ1-1*01,1
612,CALSPPGGATKIIF,TRBV2*02,None,TRBJ1-1*01,1
613,CALSPPGGATKINF,TRBV12-4*02,None,TRBJ1-1*01,1
614,CALSPPGGATKMIF,TRBV12-4*02,None,TRBJ1-1*01,1
615,CALSPPGGAYKIIF,TRBV2*02,None,TRBJ1-1*01,1
616,CALSPPGGGSKIYF,TRBV12-4*02,None,TRBJ1-1*01,1
617,CALSPPGGGYKMIF,TRBV12-4*02,None,TRBJ1-1*01,1
618,CALSPPGGSSKIIF,TRBV12-4*02,None,TRBJ1-1*01,1
619,CALSPPGGSSKILF,TRBV12-4*02,None,TRBJ1-1*01,1
620,CALSPPGGVSKIIF,TRBV12-4*02,None,TRBJ1-1*01,1
621,CALSPPGGVSKIIF,TRBV12-4*02,None,TRBJ1-2*01,1
622,CALSPPGGVSKIIF,TRBV6-6*01,None,TRBJ1-2*01,1
623,CALSPPGRASILIF,TRBV12-4*02,None,TRBJ1-1*01,1
624,CALSPPGGASKIVF,TRBV12-4*02,None,TRBJ1-6*01,1
625,CALSPPGGASKITF,TRBV13*02,None,TRBJ1-1*01,1
626,CALSPPGGASKITF,TRBV12-4*02,None,TRBJ1-6*02,1
627,CALSPPGGASKIIF,TRBV6-2*01,None,TRBJ1-6*02,1
628,CALSPPGGASIIF,TRBV12-4*02,None,TRBJ1-1*01,1
629,CALSPPGGASKIFF,TRBV6-6*05,None,TRBJ1-6*01,1
630,CALSPPGGASKIIF,TRBV10-3*01,None,TRBJ1-6*01,1
631,CALSPPGGASKIIF,TRBV10-3*02,None,TRBJ1-6*02,1
632,CALSPPGGASKIIF,TRBV12-3*01,None,TRBJ1-6*01,1
633,CALSPPGGASKIIF,TRBV12-4*01,None,TRBJ1-1*01,1
634,CALSPPGGASKIIF,TRBV12-4*02,None,TRBJ2-7*01,1
635,CALSPPGGASKIIF,TRBV13*02,None,TRBJ1-6*02,1
636,CALSPPGGASKIIF,TRBV2*02,None,TRBJ1-6*02,1
637,CALSPPGGASKIIF,TRBV6-1*01,None,TRBJ1-2*01,1
638,CALSPPGGASKIIF,TRBV6-2*01,None,TRBJ1-2*01,1
639,CALSPPGGASKIIF,TRBV6-3*01,None,TRBJ1-6*01,1
640,CALSPPGGASKISF,TRBV2*02,None,TRBJ1-1*01,1
641,CALSPPGGASKIIF,TRBV6-3*01,None,TRBJ1-6*02,1
642,CALSPPGGASKIIF,TRBV6-4*01,None,TRBJ1-1*01,1
643,CALSPPGGASKIIF,TRBV6-4*01,None,TRBJ1-2*01,1
644,CALSPPGGASKIIF,TRBV6-5*01,None,TRBJ1-1*01,1
645,CALSPPGGASKIIF,TRBV6-6*01,None,TRBJ1-6*01,1
646,CALSPPGGASKIIF,TRBV6-6*03,None,TRBJ1-6*02,1
647,CALSPPGGASKIIF,TRBV6-6*04,None,TRBJ1-2*01,1
648,CALSPPGGASKINF,TRBV12-4*02,None,TRBJ1-1*01,1
649,CALSPPGGASKINF,TRBV12-4*02,None,TRBJ1-2*01,1
650,CALSPPGGASKISF,TRBV12-4*02,None,TRBJ1-6*01,1
651,CALSPPGGASKISF,TRBV13*02,None,TRBJ1-1*01,1
652,CALSPPGRASNIIF,TRBV12-4*02,None,TRBJ1-1*01,1
653,CALSPPGSASKIIF,TRBV13*02,None,TRBJ1-1*01,1
654,CASSFPPRESLYF,TRBV19*03,None,TRBJ2-5*01,1
655,CALSPPGSASKIMF,TRBV12-4*02,None,TRBJ1-1*01,1
656,CALSVPVGASKIIF,TRBV2*02,None,TRBJ1-1*01,1
657,CALTPPGGASGIIF,TRBV12-4*02,None,TRBJ1-1*01,1
658,CALTPPGGASKIIF,TRBV12-4*02,None,TRBJ1-6*02,1
659,CALTPPGGASKIIF,TRBV2*02,None,TRBJ1-1*01,1
660,CAMIPPGGASKIIF,TRBV12-4*02,None,TRBJ1-6*02,1
661,CAMREVCNDVGSGYGKLTF,TRBV2*02,None,TRBJ1-1*01,1
662,CAMSETPWQEPQSTDTQYF,TRBV6-6*03,None,TRBJ2-3*01,1
663,CAMSPPGGAPKIIF,TRBV12-4*02,None,TRBJ1-1*01,1
664,CAMSPPGGASKIHF,TRBV12-4*02,None,TRBJ1-1*01,1
665,CAMSPPGGASKIIF,TRBV12-4*02,None,TRBJ1-6*01,1
666,CAMSPPGGASKIIF,TRBV2*02,None,TRBJ1-1*01,1
667,CANSFPPRETQNF,TRBV19*03,None,TRBJ2-5*01,1
668,CANSFPPRGTQYF,TRBV19*03,None,TRBJ2-5*01,1
669,CANSFPTRETQYF,TRBV19*03,None,TRBJ2-5*01,1
670,CANSLIDEQFF,TRBV7-9*07,None,TRBJ2-1*01,1
671,CANVTGSEQYF,TRBV6-6*03,None,TRBJ2-7*01,1
672,CANVTGSEQYF,TRBV6-6*05,None,TRBJ2-7*01,1
673,CAPSPHEGASKITF,TRBV9*03,None,TRBJ1-1*01,1
674,CARGERGATETQYF,TRBV10-2*01,None,TRBJ2-5*01,1
675,CARGFPPRDTQYF,TRBV19*03,None,TRBJ2-5*01,1
676,CARRFPPRETQYF,TRBV19*03,None,TRBJ2-5*01,1
677,CARRFRPRETQYF,TRBV9*01,None,TRBJ2-5*01,1
678,CARRFTPREAQYF,TRBV19*03,None,TRBJ2-7*01,1
679,CARSFHARETQYF,TRBV19*03,None,TRBJ2-3*01,1
680,CARSFHPREAQYF,TRBV19*03,None,TRBJ2-1*01,1
681,CALSSTEGASKIIF,TRBV12-4*02,None,TRBJ1-1*01,1
682,CALSSPGGASKINF,TRBV12-4*02,None,TRBJ1-1*01,1
683,CALSSPGGASKIIF,TRBV12-4*02,None,TRBJ1-6*01,1
684,CALSPPWGASKIIF,TRBV2*02,None,TRBJ1-1*01,1
685,CALSPPGSASKINF,TRBV12-4*02,None,TRBJ1-1*01,1
686,CALSPPGSATKIIF,TRBV2*02,None,TRBJ1-1*01,1
687,CALSPPGVASKIIF,TRBV2*02,None,TRBJ1-1*01,1
688,CALSPPKDASKLIF,TRBV12-4*02,None,TRBJ1-1*01,1
689,CALSPPVGAPKIIF,TRBV12-4*02,None,TRBJ1-1*01,1
690,CALSPPVGASKIIF,TRBV13*02,None,TRBJ1-1*01,1
691,CALSPPVGASKIIF,TRBV6-1*01,None,TRBJ1-1*01,1
692,CALSPPVGASKISF,TRBV12-4*02,None,TRBJ1-1*01,1
693,CALSPPVGGSKIIF,TRBV12-4*02,None,TRBJ1-1*01,1
694,CALSPPVSASKIIF,TRBV12-4*02,None,TRBJ1-1*01,1
695,CALSPPWGASKIIF,TRBV12-4*02,None,TRBJ1-1*01,1
696,CALSPRGGASKIIF,TRBV12-4*02,None,TRBJ2-2*01,1
697,CALSSLGGASKIIF,TRBV13*02,None,TRBJ1-6*02,1
698,CALSPRGGASKLIF,TRBV12-4*02,None,TRBJ1-1*01,1
699,CALSPSGGAAKIIF,TRBV12-4*02,None,TRBJ1-1*01,1
700,CALSPSGGASKIIF,TRBV12-4*02,None,TRBJ1-6*01,1
701,CALSPSGGASKIIF,TRBV12-4*02,None,TRBJ1-6*02,1
702,CALSPSGGASKIIF,TRBV13*02,None,TRBJ1-1*01,1
703,CALSPTGGACKIIF,TRBV6-6*02,None,TRBJ1-1*01,1
704,CALSPTGGASKTIF,TRBV2*02,None,TRBJ1-1*01,1
705,CALSPTGGGSMIIF,TRBV12-4*02,None,TRBJ1-2*01,1
706,CALSPWGASKIIF,TRBV12-4*02,None,TRBJ1-1*01,1
707,CALSRPLGASKISF,TRBV12-4*02,None,TRBJ1-1*01,1
708,CALSSLGGASKIIF,TRBV12-4*02,None,TRBJ1-1*01,1
709,CALSPPGGAPKIIF,TRBV12-4*02,None,TRBJ1-1*01,1
710,CALSPPGGAFKIIF,TRBV2*02,None,TRBJ1-1*01,1
711,CALSPPGGAFKIIF,TRBV12-4*02,None,TRBJ1-1*01,1
712,CALSPPGGACMIIF,TRBV12-4*02,None,TRBJ1-1*01,1
713,CALCPPGGASKIIF,TRBV12-4*02,None,TRBJ1-6*02,1
714,CALCPPGGASKIIF,TRBV13*02,None,TRBJ1-1*01,1
715,CALCPPGGASKIIF,TRBV6-6*05,None,TRBJ1-4*01,1
716,CALCPPGGASKINF,TRBV12-4*02,None,TRBJ1-1*01,1
717,CALCPPVGASKIIF,TRBV13*02,None,TRBJ1-1*01,1
718,CALCPSGGASKIIF,TRBV12-4*02,None,TRBJ1-1*01,1
719,CALCPTGGAYKLIF,TRBV2*02,None,TRBJ1-1*01,1
720,CALGPNGGASKIIF,TRBV6-6*05,None,TRBJ1-1*01,1
721,CALGPPGGASKIIF,TRBV13*02,None,TRBJ1-1*01,1
722,CALGPPGGATKIIF,TRBV12-4*02,None,TRBJ1-1*01,1
723,CALGPSGGASKIIF,TRBV12-4*02,None,TRBJ1-1*01,1
724,CALILPGGASKIIF,TRBV13*02,None,TRBJ1-1*01,1
725,CALILTGGASKIIF,TRBV2*02,None,TRBJ1-1*01,1
726,CALIPPGGASKIIF,TRBV13*02,None,TRBJ1-6*01,1
727,CALIRPGGASKIIF,TRBV12-4*02,None,TRBJ1-1*01,1
728,CALISPGGASKIIF,TRBV12-4*02,None,TRBJ1-6*01,1
729,CALNPPGGASKINF,TRBV12-4*02,None,TRBJ1-6*01,1
730,CALNPPGGASKIVF,TRBV12-4*02,None,TRBJ1-6*01,1
731,CALPPPGGASKIIF,TRBV12-4*02,None,TRBJ1-6*01,1
732,CALRLPGGASKIVF,TRBV2*02,None,TRBJ1-1*01,1
733,CALRLPGGDSKLIF,TRBV12-4*02,None,TRBJ1-6*01,1
734,CALRPARGSSKIIF,TRBV12-4*02,None,TRBJ2-2*01,1
735,CALRPCGGAYKIIF,TRBV2*02,None,TRBJ1-1*01,1
736,CALRPLAGAYKIIF,TRBV13*02,None,TRBJ1-1*01,1
737,CALRPPGCASKIIF,TRBV12-4*02,None,TRBJ1-1*01,1
738,CALCPPGGASKIIF,TRBV12-4*02,None,TRBJ1-4*01,1
739,CALCPPGGASKIIF,TRBV12-4*02,None,TRBJ1-1*01,1
740,CAISPPGGASKIIF,TRBV10-3*02,None,TRBJ1-1*01,1
741,CAGSFPPREKQYF,TRBV19*03,None,TRBJ2-3*01,1
742,CACSFAPRETQYF,TRBV19*03,None,TRBJ2-5*01,1
743,CACSFPLRETQYF,TRBV19*03,None,TRBJ2-5*01,1
744,CACSFPPREAQYF,TRBV19*03,None,TRBJ2-5*01,1
745,CACSFPPREPQYF,TRBV19*03,None,TRBJ2-5*01,1
746,CACSFPPRETKYF,TRBV19*03,None,TRBJ2-5*01,1
747,CACSFPPRETQYF,TRBV19*03,None,TRBJ2-7*01,1
748,CACSFSPRETQYF,TRBV19*03,None,TRBJ2-5*01,1
749,CACSFTPRETQYF,TRBV19*03,None,TRBJ2-5*01,1
750,CACSGDYRNEQFF,TRBV30*05,None,TRBJ2-1*01,1
751,CAFMMPVTDKLIF,TRBV9*03,None,TRBJ1-6*01,1
752,CAGSFAPRETQYF,TRBV19*03,None,TRBJ2-7*01,1
753,CAGSFPRRETQYF,TRBV19*03,None,TRBJ2-5*01,1
754,CAISFPPRQTQYF,TRBV19*03,None,TRBJ2-5*01,1
755,CAGYDSNACGTSYGKLTF,TRBV5-6*01,None,TRBJ1-1*01,1
756,CAGYDSNAGGSSYGKLTF,TRBV5-6*01,None,TRBJ1-1*01,1
757,CAGYDSNAGGTSYGKLTF,TRBV25-1*01,None,TRBJ1-1*01,1
758,CAGYDSNAGGTSYGKLTF,TRBV30*01,None,TRBJ1-1*01,1
759,CAGYDSNAGGTSYGKLTF,TRBV5-6*01,None,TRBJ1-1*01,1
760,CAGYDSNAGGTSYGKLTF,TRBV5-7*01,None,TRBJ1-1*01,1
761,CAGYDSNAVGTSYGKLTF,TRBV5-7*01,None,TRBJ1-1*01,1
762,CAINQGCAISYKQFF,TRBV4-1*02,None,TRBJ2-1*01,1
763,CAIRWDRFPVNSPLHF,TRBV7-8*03,None,TRBJ1-6*01,1
764,CAISETSWQEAQSTDTQYF,TRBV10-3*02,None,TRBJ2-3*01,1
765,CAISFPPGETQYF,TRBV19*03,None,TRBJ2-5*01,1
766,CALRPPGGAPKIIF,TRBV2*02,None,TRBJ1-1*01,1
767,CALRPPGGASKIIF,TRBV12-4*02,None,TRBJ1-6*01,1
768,CALRPPGGASKIIF,TRBV2*03,None,TRBJ1-6*01,1
769,CALSPPEDDSKIIF,TRBV12-4*02,None,TRBJ1-1*01,1
770,CALSPLGGASKIIF,TRBV13*02,None,TRBJ1-1*01,1
771,CALSPLGGAYKIIF,TRBV12-4*02,None,TRBJ1-1*01,1
772,CALSPLGGAYKIIF,TRBV12-4*02,None,TRBJ1-6*02,1
773,CALSPLRGASKIIF,TRBV12-4*02,None,TRBJ1-1*01,1
774,CALSPLRGASKIIF,TRBV13*02,None,TRBJ1-1*01,1
775,CALSPLRGASKLIF,TRBV12-4*02,None,TRBJ1-1*01,1
776,CALSPNGSASKIIF,TRBV13*02,None,TRBJ1-1*01,1
777,CALSPPAGASKIIF,TRBV13*02,None,TRBJ1-1*01,1
778,CALSPPAGASNIIF,TRBV12-4*02,None,TRBJ1-1*01,1
779,CALSPPAYAPKIIF,TRBV12-4*02,None,TRBJ1-1*01,1
780,CALSPPDGASKRIF,TRBV12-4*02,None,TRBJ1-1*01,1
781,CALSPPEGASKIIF,TRBV12-4*02,None,TRBJ1-6*02,1
782,CALSPHGGASKIIF,TRBV12-4*02,None,TRBJ1-1*01,1
783,CALSPPEGSSKIIF,TRBV2*02,None,TRBJ1-1*01,1
784,CALSPPGCAAKIIF,TRBV12-4*02,None,TRBJ1-1*01,1
785,CALSPPGCASKIIF,TRBV12-4*02,None,TRBJ1-1*01,1
786,CALSPPGCASKIIF,TRBV2*02,None,TRBJ1-1*01,1
787,CALSPPGCASKIIF,TRBV6-4*02,None,TRBJ1-1*01,1
788,CALSPPGCASKILF,TRBV12-4*02,None,TRBJ1-1*01,1
789,CALSPPGDASKIIF,TRBV12-4*02,None,TRBJ1-1*01,1
790,CALSPPGFATKIIF,TRBV12-4*02,None,TRBJ1-1*01,1
791,CALSPPGGAAKIIF,TRBV12-4*02,None,TRBJ1-6*02,1
792,CALSPPGGAAKIIF,TRBV2*02,None,TRBJ1-1*01,1
793,CALSPPGGAAKLIF,TRBV2*02,None,TRBJ1-1*01,1
794,CALSPHGGAYKIIF,TRBV12-4*02,None,TRBJ1-1*01,1
795,CALSPHGDAYKIIF,TRBV2*02,None,TRBJ1-1*01,1
796,CALRPPGGASKIVF,TRBV12-4*02,None,TRBJ1-1*01,1
797,CALSHPGGASNIIF,TRBV12-4*02,None,TRBJ1-1*01,1
798,CALRPPGGASKKIF,TRBV12-4*02,None,TRBJ1-1*01,1
799,CALRPPGGDSKIIF,TRBV12-4*02,None,TRBJ1-1*01,1
800,CALRPPGGSSKIIF,TRBV12-4*02,None,TRBJ1-1*01,1
801,CALRPPGGTSKIIF,TRBV12-4*02,None,TRBJ2-2*01,1
802,CALSAASGASKIIF,TRBV12-4*02,None,TRBJ1-1*01,1
803,CALSAPGGASKIIF,TRBV6-6*03,None,TRBJ1-1*01,1
804,CALSGDYRNEKFF,TRBV30*02,None,TRBJ2-1*01,1
805,CALSHPAGAAKIIF,TRBV2*02,None,TRBJ1-1*01,1
806,CALSHPGGASKIIF,TRBV13*02,None,TRBJ1-1*01,1
807,CALSHPGGASKIIF,TRBV2*02,None,TRBJ1-1*01,1
808,CALSHPGGASKLIF,TRBV12-4*02,None,TRBJ1-1*01,1
809,CALSHSGGASKILF,TRBV2*02,None,TRBJ1-1*01,1
810,CALSPGGASKIIF,TRBV12-4*02,None,TRBJ1-1*01,1
811,CALSHSGGASQIIF,TRBV12-4*02,None,TRBJ1-1*01,1
812,CALSLCGGASKIIF,TRBV2*02,None,TRBJ1-1*01,1
813,CALSLPGGASKIIF,TRBV12-4*02,None,TRBJ1-6*01,1
814,CALSLPGGASKIIF,TRBV12-4*02,None,TRBJ1-6*02,1
815,CALSLPGGASKIIF,TRBV13*02,None,TRBJ1-1*01,1
816,CALSLPGGASKIIF,TRBV2*02,None,TRBJ1-1*01,1
817,CALSLRGGASKTIF,TRBV12-4*02,None,TRBJ1-1*01,1
818,CALSLSGGASKISF,TRBV12-4*02,None,TRBJ1-1*01,1
819,CALSLTGGASKMIF,TRBV6-7*01,None,TRBJ1-1*01,1
820,CALSPAGGASKIIF,TRBV12-4*02,None,TRBJ1-1*01,1
821,CALSPAWGASKLIF,TRBV12-4*02,None,TRBJ1-1*01,1
822,CARSFPHREEQYF,TRBV19*03,None,TRBJ2-1*01,1
823,CARSFPPGETQYF,TRBV19*03,None,TRBJ2-5*01,1
824,CARSFPPREIKYF,TRBV19*03,None,TRBJ2-5*01,1
825,CASSFAPQETQYF,TRBV19*03,None,TRBJ2-5*01,1
826,CASSFPARETQYF,TRBV19*02,None,TRBJ2-5*01,1
827,CASSFPARETQYF,TRBV19*03,None,TRBJ2-3*01,1
828,CASSFPARQTQYF,TRBV19*03,None,TRBJ2-5*01,1
829,CASSFPFRETQYF,TRBV19*03,None,TRBJ2-3*01,1
830,CASSFPFRETQYF,TRBV19*03,None,TRBJ2-5*01,1
831,CASSFPHREAQYF,TRBV7-9*04,None,TRBJ2-5*01,1
832,CASSFPHRETLYF,TRBV19*03,None,TRBJ2-5*01,1
833,CASSFPHRKTQYF,TRBV19*03,None,TRBJ2-5*01,1
834,CASSFPLLETQYF,TRBV19*03,None,TRBJ2-5*01,1
835,CASSFPLRDTQYF,TRBV19*03,None,TRBJ2-5*01,1
836,CASSFPLREPQYF,TRBV19*03,None,TRBJ2-5*01,1
837,CASSFPLRETKYF,TRBV19*03,None,TRBJ2-5*01,1
838,CASSFPLRETLYF,TRBV19*03,None,TRBJ2-5*01,1
839,CASSFPLWETKYF,TRBV19*03,None,TRBJ2-3*01,1
840,CASSFPLWETQYF,TRBV19*03,None,TRBJ2-5*01,1
841,CASSFPNRETQYF,TRBV19*03,None,TRBJ2-5*01,1
842,CASSFPPCETQYF,TRBV19*03,None,TRBJ2-5*01,1
843,CASSFPPGDTQYF,TRBV19*03,None,TRBJ2-3*01,1
844,CASSFPPGEAQYF,TRBV19*03,None,TRBJ2-3*01,1
845,CASSFPPGEAQYF,TRBV19*03,None,TRBJ2-5*01,1
846,CASSFPPGEPQYF,TRBV19*03,None,TRBJ2-3*01,1
847,CASSFPPGESQYF,TRBV19*03,None,TRBJ2-5*01,1
848,CASSFPPGETRYF,TRBV19*03,None,TRBJ2-5*01,1
849,CASSFPPGGTQYF,TRBV19*01,None,TRBJ2-5*01,1
850,CASSFPPGKTQYF,TRBV19*03,None,TRBJ2-5*01,1
851,CASSFPARESRYF,TRBV19*03,None,TRBJ2-5*01,1
852,CASSFPAREIQYF,TRBV19*03,None,TRBJ2-5*01,1
853,CASSFPAREAQYF,TRBV19*03,None,TRBJ2-5*01,1
854,CASSFHPRETLYF,TRBV19*03,None,TRBJ2-3*01,1
855,CASSFAPRETKYF,TRBV19*02,None,TRBJ2-5*01,1
856,CASSFAPRETLYF,TRBV19*03,None,TRBJ2-5*01,1
857,CASSFAPRETQYF,TRBV19*01,None,TRBJ2-5*01,1
858,CASSFAPRETQYF,TRBV7-9*04,None,TRBJ2-5*01,1
859,CASSFAPRQTQYF,TRBV19*03,None,TRBJ2-5*01,1
860,CASSFGPRETQYF,TRBV19*03,None,TRBJ2-5*01,1
861,CASSFHHRETQYF,TRBV19*03,None,TRBJ2-5*01,1
862,CASSFHPGETQYF,TRBV19*03,None,TRBJ2-5*01,1
863,CASSFHPPEPQYF,TRBV19*03,None,TRBJ2-5*01,1
864,CASSFHPREAQYF,TRBV19*03,None,TRBJ2-5*01,1
865,CASSFHPREDQYF,TRBV19*03,None,TRBJ2-3*01,1
866,CASSFHPRETRYF,TRBV19*03,None,TRBJ2-7*01,1
867,CASSFPARATLYF,TRBV19*03,None,TRBJ2-5*01,1
868,CASSFHPRKLQYF,TRBV19*03,None,TRBJ2-5*01,1
869,CASSFHPRVTQNF,TRBV19*03,None,TRBJ2-5*01,1
870,CASSFHTRETQYF,TRBV19*03,None,TRBJ2-3*01,1
871,CASSFLARDTQYF,TRBV19*03,None,TRBJ2-3*01,1
872,CASSFLHRETQYF,TRBV19*03,None,TRBJ2-5*01,1
873,CASSFLPLETQYF,TRBV19*03,None,TRBJ2-5*01,1
874,CASSFLPREPKYF,TRBV19*03,None,TRBJ2-5*01,1
875,CASSFLPRETRYF,TRBV19*03,None,TRBJ2-5*01,1
876,CASSFPAGEAQYF,TRBV19*03,None,TRBJ2-5*01,1
877,CASSFPAGETQNF,TRBV19*03,None,TRBJ2-3*01,1
878,CASSFPAQETQYF,TRBV19*03,None,TRBJ2-5*01,1
879,CASSFPPHETQHF,TRBV19*03,None,TRBJ1-6*01,1
880,CASSFPPLDTLYF,TRBV19*03,None,TRBJ2-5*01,1
881,CASSFPPLDTQYF,TRBV19*03,None,TRBJ2-5*01,1
882,CASSFPPRELQYF,TRBV19*03,None,TRBJ2-5*01,1
883,CASSFPPRDSQYF,TRBV19*03,None,TRBJ2-5*01,1
884,CASSFPPRDTQYF,TRBV19*01,None,TRBJ2-3*01,1
885,CASSFPPRDTQYF,TRBV19*01,None,TRBJ2-5*01,1
886,CASSFPPRDTQYF,TRBV7-9*07,None,TRBJ2-5*01,1
887,CASSFPPREAKYF,TRBV19*03,None,TRBJ2-3*01,1
888,CASSFPPREAQHF,TRBV19*03,None,TRBJ2-5*01,1
889,CASSFPPREAQYF,TRBV19*02,None,TRBJ2-5*01,1
890,CASSFPPREDQYF,TRBV19*03,None,TRBJ2-3*01,1
891,CASSFPPREEQYF,TRBV19*03,None,TRBJ2-5*01,1
892,CASSFPPREGQYF,TRBV19*03,None,TRBJ2-5*01,1
893,CASSFPPREIKYF,TRBV19*03,None,TRBJ2-5*01,1
894,CASSFPPRENQFF,TRBV19*03,None,TRBJ2-5*01,1
895,CASSFPPRATQYF,TRBV19*03,None,TRBJ2-7*01,1
896,CASSFPPRENQYF,TRBV14*02,None,TRBJ2-5*01,1
897,CASSFPPREPHYF,TRBV19*01,None,TRBJ2-5*01,1
898,CASSFPPREPKYF,TRBV19*03,None,TRBJ2-3*01,1
899,CASSFPPREPKYF,TRBV19*03,None,TRBJ2-5*01,1
900,CASSFPPREPLYF,TRBV19*03,None,TRBJ2-3*01,1
901,CASSFPPREPLYF,TRBV19*03,None,TRBJ2-5*01,1
902,CASSFPPREPPYF,TRBV19*03,None,TRBJ2-5*01,1
903,CASSFPPREPQCF,TRBV19*03,None,TRBJ2-5*01,1
904,CASSFPPREPQSF,TRBV19*03,None,TRBJ2-5*01,1
905,CASSFPPREPYYF,TRBV19*03,None,TRBJ2-5*01,1
906,CASSFPPRERQYF,TRBV19*03,None,TRBJ2-5*01,1
907,CASSFPPRDPQYF,TRBV19*03,None,TRBJ2-5*01,1
908,CASSFPPRATQYF,TRBV19*01,None,TRBJ2-5*01,1
909,CASSFPPLEAQFF,TRBV19*03,None,TRBJ2-5*01,1
910,CASSFPPPETRYF,TRBV19*03,None,TRBJ2-3*01,1
911,CASSFPPLEAQYF,TRBV19*03,None,TRBJ2-5*01,1
912,CASSFPPLETLHF,TRBV19*03,None,TRBJ2-5*01,1
913,CASSFPPLQTQYF,TRBV19*03,None,TRBJ2-5*01,1
914,CASSFPPLVTQYF,TRBV19*03,None,TRBJ2-3*01,1
915,CASSFPPPAAQYF,TRBV19*03,None,TRBJ2-5*01,1
916,CASSFPPPATQYF,TRBV19*03,None,TRBJ2-5*01,1
917,CASSFPPPEAQYF,TRBV19*02,None,TRBJ2-5*01,1
918,CASSFPPPEAQYF,TRBV19*03,None,TRBJ2-5*01,1
919,CASSFPPPEPQNF,TRBV19*03,None,TRBJ2-5*01,1
920,CACRFGHRNAQYF,TRBV30*04,None,TRBJ2-3*01,1
921,CASSFPPPETQYF,TRBV19*02,None,TRBJ2-5*01,1
922,CASSFPPPEYQYF,TRBV19*03,None,TRBJ2-3*01,1
923,CASSFPPRATQCF,TRBV19*03,None,TRBJ2-5*01,1
924,CASSFPPPKTQHF,TRBV19*03,None,TRBJ2-5*01,1
925,CASSFPPQENQYF,TRBV19*03,None,TRBJ2-5*01,1
926,CASSFPPQETQYF,TRBV19*03,None,TRBJ1-6*02,1
927,CASSFPPQGTQYF,TRBV19*03,None,TRBJ2-3*01,1
928,CASSFPPQYTQYF,TRBV19*03,None,TRBJ2-5*01,1
929,CASSFPPRADQYF,TRBV19*03,None,TRBJ2-5*01,1
930,CASSFPPRAIQYF,TRBV19*03,None,TRBJ2-5*01,1
931,CASSFPPRAPLYF,TRBV19*03,None,TRBJ2-3*01,1
932,CASSFPPRASRYF,TRBV19*03,None,TRBJ2-5*01,1
933,CASSFPPRATHSF,TRBV19*03,None,TRBJ2-5*01,1
934,CASSFPPRATKYF,TRBV19*03,None,TRBJ2-5*01,1
935,CASSFAPRDTQYF,TRBV19*03,None,TRBJ2-5*01,1
936,CASSFAPQETQYF,TRBV19*01,None,TRBJ2-5*01,1
937,CARSFPPRESQYF,TRBV19*03,None,TRBJ2-5*01,1
938,CASSFALRETQYF,TRBV19*03,None,TRBJ2-5*01,1
939,CASICPPRETQYF,TRBV19*03,None,TRBJ2-5*01,1
940,CASIFHPRETQYF,TRBV19*03,None,TRBJ2-5*01,1
941,CASIFPHRETQYF,TRBV19*03,None,TRBJ2-5*01,1
942,CASIFPPGETQYF,TRBV19*03,None,TRBJ2-5*01,1
943,CASIFPPRAPQYF,TRBV19*03,None,TRBJ2-5*01,1
944,CASIFPPRATHYF,TRBV19*03,None,TRBJ2-5*01,1
945,CASIFPPRATLYF,TRBV19*03,None,TRBJ2-5*01,1
946,CASIFPPRATQYF,TRBV19*03,None,TRBJ2-5*01,1
947,CASIFPPRENQYF,TRBV19*03,None,TRBJ2-5*01,1
948,CASIFPPREPQYF,TRBV19*03,None,TRBJ2-5*01,1
949,CASIFPPRETKYF,TRBV19*03,None,TRBJ2-5*01,1
950,CASIFPPRETQCF,TRBV19*03,None,TRBJ2-5*01,1
951,CASIFPPRETQDF,TRBV19*03,None,TRBJ2-5*01,1
952,CASIFPPRETQNF,TRBV5-6*01,None,TRBJ2-3*01,1
953,CASIFPPRQNQYF,TRBV19*03,None,TRBJ2-5*01,1
954,CASIFPPRTPQYF,TRBV19*03,None,TRBJ2-5*01,1
955,CASIFPRREAQYF,TRBV19*03,None,TRBJ2-5*01,1
956,CASIYPPRETQYF,TRBV19*03,None,TRBJ2-5*01,1
957,CASKPGTRVVDTQYF,TRBV12-4*02,None,TRBJ2-3*01,1
958,CASKPGTSVVDPQYF,TRBV12-4*02,TRBD2*01,TRBJ2-3*01,1
959,CASNFPNPETQYF,TRBV19*03,None,TRBJ2-5*01,1
960,CASNFPPRATQYF,TRBV19*03,None,TRBJ2-5*01,1
961,CASNFPPRETKYF,TRBV19*03,None,TRBJ2-5*01,1
962,CASNFPPWETKSF,TRBV19*01,None,TRBJ2-3*01,1
963,CASNFPTRETQYF,TRBV19*03,None,TRBJ2-5*01,1
964,CASHFCVRPSYKQYF,TRBV16*01,None,TRBJ2-7*01,1
965,CASGLPPREPQYF,TRBV19*03,None,TRBJ2-5*01,1
966,CASGFRARASQYF,TRBV19*03,None,TRBJ2-5*01,1
967,CARSYPPRETQYF,TRBV19*03,None,TRBJ2-5*01,1
968,CARSFPPRETKYF,TRBV19*03,None,TRBJ2-5*01,1
969,CARSFPPRETQFF,TRBV19*03,None,TRBJ2-5*01,1
970,CARSFPPRQTQYF,TRBV19*03,None,TRBJ2-5*01,1
971,CARSFPRRDTHYF,TRBV19*03,None,TRBJ2-5*01,1
972,CARSFPSRGTQYF,TRBV19*03,None,TRBJ1-4*01,1
973,CARSFRVERTYEQYF,TRBV14*02,None,TRBJ2-7*01,1
974,CARSLPPRETQYF,TRBV19*03,None,TRBJ2-5*01,1
975,CARSQDRRTTDTQYF,TRBV5-8*02,None,TRBJ2-3*01,1
976,CARSSAPRETQSF,TRBV19*02,None,TRBJ2-5*01,1
977,CARSSPPRETQYF,TRBV19*03,None,TRBJ2-5*01,1
978,CARSYGAANTEAFF,TRBV6-6*05,None,TRBJ1-1*01,1
979,CASAFPPRETQYF,TRBV19*03,None,TRBJ2-5*01,1
980,CASGFPTRETQYF,TRBV19*03,None,TRBJ2-5*01,1
981,CASCCPPREAQYF,TRBV19*03,None,TRBJ2-5*01,1
982,CASCFHLRETQNF,TRBV19*03,None,TRBJ2-5*01,1
983,CASCFPPRETEYF,TRBV19*03,None,TRBJ2-5*01,1
984,CASCLPPRATKYF,TRBV19*03,None,TRBJ2-3*01,1
985,CASFFPPRETKYF,TRBV19*03,None,TRBJ2-5*01,1
986,CASGCPPRETQYF,TRBV19*03,None,TRBJ2-5*01,1
987,CASGFPGREPQHF,TRBV19*03,None,TRBJ2-5*01,1
988,CASGFPLLETQYF,TRBV19*03,None,TRBJ2-5*01,1
989,CASGFPPRENQYF,TRBV19*03,None,TRBJ2-5*01,1
990,CASGFPPRETEYF,TRBV19*03,None,TRBJ2-5*01,1
991,CASGFPSREAQYF,TRBV19*03,None,TRBJ2-5*01,1
992,CASNTGSEQYF,TRBV6-6*05,None,TRBJ2-7*01,1
993,CASPFPPRETLYF,TRBV19*03,None,TRBJ2-5*01,1
994,CASRFLGRETQYF,TRBV11-1*01,None,TRBJ2-5*01,1
995,CASRWGRFPVNSPHHF,TRBV7-8*03,None,TRBJ1-6*02,1
996,CASRWDRFPEKSALHF,TRBV11-2*03,None,TRBJ1-6*01,1
997,CASRWDRFPVNPPLHF,TRBV7-8*03,None,TRBJ1-6*01,1
998,CASRWDRFPVNSPLHF,TRBV11-2*03,None,TRBJ1-6*01,1
999,CASRWDRFPVNSPLHF,TRBV11-3*02,None,TRBJ1-6*01,1
1000,CASRWDRFPVNSPLHF,TRBV5-4*02,None,TRBJ1-6*01,1
1001,CASRWDRFPVNSPLHF,TRBV7-4*01,None,TRBJ1-6*01,1
1002,CASRWDRFPVNSPLHF,TRBV7-9*02,None,TRBJ1-6*01,1
1003,CASRWDRFPVNSPLHF,TRBV7-9*04,None,TRBJ1-6*01,1
1004,CASRWDRFPVNSSLHF,TRBV7-8*03,None,TRBJ1-6*01,1
1005,CASRWDRLPVNSPLHF,TRBV7-8*03,None,TRBJ1-6*01,1
1006,CASRWDRSPLNSPLRF,TRBV7-8*03,None,TRBJ1-6*01,1
1007,CASRWVRFPVNSPLHF,TRBV7-8*03,None,TRBJ1-6*01,1
1008,CASRWDLFPVNSPHHF,TRBV7-8*03,None,TRBJ1-6*01,1
1009,CASRWYRFPVNSPLHF,TRBV7-8*03,None,TRBJ1-6*01,1
1010,CASSCAPRETLYF,TRBV19*03,None,TRBJ2-3*01,1
1011,CASSCPAREAQYF,TRBV19*03,None,TRBJ2-5*01,1
1012,CASSCPPRDTQYF,TRBV19*03,None,TRBJ2-5*01,1
1013,CASSCPPREAQYF,TRBV19*03,None,TRBJ2-5*01,1
1014,CASSCPPRETQYF,TRBV19*02,None,TRBJ2-5*01,1
1015,CASSCPPRETQYF,TRBV19*03,None,TRBJ2-7*01,1
1016,CASSCPSQEAQYF,TRBV28*01,None,TRBJ2-1*01,1
1017,CASSCTPRETQYF,TRBV19*03,None,TRBJ2-5*01,1
1018,CASSDVSGQPQYF,TRBV6-6*03,None,TRBJ1-5*01,1
1019,CASSFAARETQYF,TRBV19*03,None,TRBJ2-5*01,1
1020,CASRWDRCPVNSPLHF,TRBV7-8*03,None,TRBJ1-6*01,1
1021,CASRWARFSVNSPLHF,TRBV5-4*02,None,TRBJ1-6*01,1
1022,CASRFPHRETQYF,TRBV19*03,None,TRBJ2-5*01,1
1023,CASRFPTRETQYF,TRBV19*03,None,TRBJ2-5*01,1
1024,CASRFPPRATQYF,TRBV19*03,None,TRBJ2-5*01,1
1025,CASRFPPREAQYF,TRBV19*03,None,TRBJ2-3*01,1
1026,CASRFPPREIQYF,TRBV19*03,None,TRBJ2-5*01,1
1027,CASRFPPREPQYF,TRBV19*03,None,TRBJ2-5*01,1
1028,CASRFPPRETKYF,TRBV19*03,None,TRBJ2-3*01,1
1029,CASRFPPRETKYF,TRBV19*03,None,TRBJ2-7*01,1
1030,CASRFPPRETQNF,TRBV19*01,None,TRBJ2-5*01,1
1031,CASRFPPRHTQYF,TRBV19*03,None,TRBJ2-5*01,1
1032,CASRFPPRQTQYF,TRBV19*03,None,TRBJ2-3*01,1
1033,CASRFPPWETQYF,TRBV19*03,None,TRBJ2-5*01,1
1034,CASRFPTRESQYF,TRBV19*03,None,TRBJ2-5*01,1
1035,CASRFSPGETQYF,TRBV19*03,None,TRBJ2-5*01,1
1036,CASRSPPRETQYF,TRBV19*03,None,TRBJ2-3*01,1
1037,CASRIPPRETQYF,TRBV19*03,None,TRBJ2-5*01,1
1038,CASRLGTLETQYF,TRBV6-6*05,None,TRBJ2-5*01,1
1039,CASRLGTLETQYF,TRBV7-8*03,None,TRBJ2-5*01,1
1040,CASRLRTLETQYF,TRBV28*01,None,TRBJ2-5*01,1
1041,CASRQDRRTTDTQYF,TRBV5-4*03,None,TRBJ2-3*01,1
1042,CASRRDRIPVNSPLHF,TRBV7-8*03,None,TRBJ1-6*01,1
1043,CASRRTGSFYEAFF,TRBV6-1*01,None,TRBJ1-1*01,1
1044,CASRRTGSFYEAFF,TRBV7-4*01,None,TRBJ1-1*01,1
1045,CASRRTGSFYEALF,TRBV6-6*05,None,TRBJ1-1*01,1
1046,CASRSFDRGRTDTQYF,TRBV12-4*02,None,TRBJ2-3*01,1
1047,CASRSLDRGRRDTQYF,TRBV12-4*02,None,TRBJ2-3*01,1
1048,CYSSFPPRETQYF,TRBV19*03,None,TRBJ2-5*01,1
