,CDR3seq,V-region,D-region,J-region,Frequency
1,CSVGTSGGQPQHF,TRBV29-1*02,None,TRBJ1-5*01,259685
2,CGVGTSGGQPQHF,TRBV29-1*02,None,TRBJ1-5*01,1049
3,CSAGTSGGQPQHF,TRBV29-1*03,None,TRBJ1-5*01,749
4,CSVGASGGQPQHF,TRBV29-1*02,None,TRBJ1-5*01,692
5,CSVGTSGGQPQHF,TRBV29-1*01,None,TRBJ1-5*01,613
6,CSVGTSGGRPQHF,TRBV29-1*02,None,TRBJ1-5*01,453
7,CSVGTSGSQPQHF,TRBV29-1*02,None,TRBJ1-5*01,398
8,CSVGTSGGQPRHF,TRBV29-1*02,None,TRBJ1-5*01,298
9,CSVGTSGGQSQHF,TRBV29-1*02,None,TRBJ1-5*01,297
10,CSVGTSGGQPQNF,TRBV29-1*02,None,TRBJ1-5*01,293
11,CSVGTSVGQPQHF,TRBV29-1*02,None,TRBJ1-5*01,292
12,CSVGTPGGQPQHF,TRBV29-1*02,None,TRBJ1-5*01,292
13,CSVRTSGGQPQHF,TRBV29-1*02,None,TRBJ1-5*01,290
14,CSVGTSGGQLQHF,TRBV29-1*02,None,TRBJ1-5*01,279
15,CSVGTSGGQTQHF,TRBV29-1*02,None,TRBJ1-5*01,276
16,CSVGTSEGQPQHF,TRBV29-1*02,None,TRBJ1-5*01,249
17,CSVGTSGGQPQYF,TRBV29-1*02,None,TRBJ1-5*01,237
18,CSVGTSGCQPQHF,TRBV29-1*02,None,TRBJ1-5*01,232
19,CSVWTSGGQPQHF,TRBV29-1*02,None,TRBJ1-5*01,225
20,CSVVTSGGQPQHF,TRBV29-1*02,None,TRBJ1-5*01,222
21,CSIGTSGGQPQHF,TRBV29-1*03,None,TRBJ1-5*01,212
22,CSVGTSGGQPKHF,TRBV29-1*02,None,TRBJ1-5*01,207
23,CSVGTSRGQPQHF,TRBV29-1*02,None,TRBJ1-5*01,196
24,CSVGTSGGKPQHF,TRBV29-1*02,None,TRBJ1-5*01,195
25,CSVGTSGGQHQHF,TRBV29-1*02,None,TRBJ1-5*01,195
26,CSVGTSWGQPQHF,TRBV29-1*02,None,TRBJ1-5*01,192
27,CSVGTLGGQPQHF,TRBV29-1*02,None,TRBJ1-5*01,192
28,CSVETSGGQPQHF,TRBV29-1*02,None,TRBJ1-5*01,189
29,CSIGTSGGQPQHF,TRBV29-1*02,None,TRBJ1-5*01,183
30,CSVGTSGGQPLHF,TRBV29-1*02,None,TRBJ1-5*01,180
31,CRVGTSGGQPQHF,TRBV29-1*02,None,TRBJ1-5*01,175
32,CSVGTSGGQAQHF,TRBV29-1*02,None,TRBJ1-5*01,170
33,CSVGSSGGQPQHF,TRBV29-1*02,None,TRBJ1-5*01,143
34,CSVGTSGGQPHHF,TRBV29-1*02,None,TRBJ1-5*01,133
35,CSVGTSGGEPQHF,TRBV29-1*02,None,TRBJ1-5*01,132
36,CSVGTSGGQPQRF,TRBV29-1*02,None,TRBJ1-5*01,131
37,CNVGTSGGQPQHF,TRBV29-1*02,None,TRBJ1-5*01,129
38,CSVGTSGDQPQHF,TRBV29-1*02,None,TRBJ1-5*01,125
39,CASSYSNYGYTF,TRBV6-6*03,None,TRBJ1-2*01,125
40,CASTPGAAEREQYF,TRBV25-1*01,None,TRBJ2-7*01,123
41,CASSFSVGPTYEQYF,TRBV14*02,None,TRBJ2-7*01,123
42,CSVGTSGGQPPHF,TRBV29-1*02,None,TRBJ1-5*01,108
43,CSVGTSGVQPQHF,TRBV29-1*02,None,TRBJ1-5*01,108
44,CSVGISGGQPQHF,TRBV29-1*02,None,TRBJ1-5*01,107
45,CSVGTAGGQPQHF,TRBV29-1*02,None,TRBJ1-5*01,105
46,CSVGTSGGHPQHF,TRBV29-1*02,None,TRBJ1-5*01,105
47,CSVGTSGGQPQQF,TRBV29-1*02,None,TRBJ1-5*01,104
48,CSVGTSGRQPQHF,TRBV29-1*02,None,TRBJ1-5*01,87
49,CSVGTSAGQPQHF,TRBV29-1*02,None,TRBJ1-5*01,84
50,CIVGTSGGQPQHF,TRBV29-1*02,None,TRBJ1-5*01,79
51,CATGQGTSYEQYF,TRBV2*02,None,TRBJ2-7*01,60
52,CSVGTSGAQPQHF,TRBV29-1*02,None,TRBJ1-5*01,59
53,CSFGTSGGQPQHF,TRBV29-1*02,None,TRBJ1-5*01,58
54,CSVGPSGGQPQHF,TRBV29-1*02,None,TRBJ1-5*01,53
55,CSVATSGGQPQHF,TRBV29-1*02,None,TRBJ1-5*01,50
56,CSFGTSGGQPQHF,TRBV29-1*03,None,TRBJ1-5*01,49
57,CSVGTTGGQPQHF,TRBV29-1*02,None,TRBJ1-5*01,48
58,CSVGTSGGQPQPF,TRBV29-1*02,None,TRBJ1-5*01,47
59,CSVGNSGGQPQHF,TRBV29-1*02,None,TRBJ1-5*01,46
60,CTVGTSGGQPQHF,TRBV29-1*02,None,TRBJ1-5*01,40
61,CSVGTSGGQRQHF,TRBV29-1*02,None,TRBJ1-5*01,39
62,CASRWDRFPVNSPLHF,TRBV7-8*03,None,TRBJ1-6*01,38
63,CSVGTSGGQPQDF,TRBV29-1*02,None,TRBJ1-5*01,37
64,CSVGTSGGLPQHF,TRBV29-1*02,None,TRBJ1-5*01,37
65,CSVGTSGGQPEHF,TRBV29-1*02,None,TRBJ1-5*01,37
66,CSGGTSGGQPQHF,TRBV29-1*02,None,TRBJ1-5*01,37
67,CCVGTSGGQPQHF,TRBV29-1*02,None,TRBJ1-5*01,37
68,CSVGTSGGQPQLF,TRBV29-1*02,None,TRBJ1-5*01,34
69,CSVGTSGGPPQHF,TRBV29-1*02,None,TRBJ1-5*01,33
70,CSGGTSGGQPQHF,TRBV29-1*03,None,TRBJ1-5*01,30
71,CAVRDGNNNARLMF,TRBV27*01,None,TRBJ1-3*01,30
72,CSLGTSGGQPQHF,TRBV29-1*02,None,TRBJ1-5*01,25
73,CASSTGSEQYF,TRBV6-6*03,None,TRBJ2-7*01,24
74,CSLGTSGGQPQHF,TRBV29-1*03,None,TRBJ1-5*01,24
75,CASSYGAANTEAFF,TRBV6-6*03,None,TRBJ1-1*01,23
76,CSDGTSGGQPQHF,TRBV29-1*02,None,TRBJ1-5*01,18
77,CSVGTSGGQTQNF,TRBV29-1*02,None,TRBJ1-5*01,17
78,CSAVAGFSYEQYF,TRBV20-1*02,None,TRBJ2-7*01,15
79,CSAVAGFSYEQYF,TRBV20-1*06,None,TRBJ2-7*01,15
80,CASSLPGTRYEQFF,TRBV5-1*02,None,TRBJ2-1*01,13
81,CSAVAGFSYEQYF,TRBV20-1*03,None,TRBJ2-7*01,11
82,CSVGTSGGQPKNF,TRBV29-1*02,None,TRBJ1-5*01,11
83,CSVGTSGSQPKHF,TRBV29-1*02,None,TRBJ1-5*01,11
84,CSDGTSGGQPQHF,TRBV29-1*03,None,TRBJ1-5*01,10
85,CSVGTSGGQQQHF,TRBV29-1*02,None,TRBJ1-5*01,10
86,CASSYSNYGYTF,TRBV6-6*02,None,TRBJ1-2*01,10
87,CSVGTSGGQDQHF,TRBV29-1*02,None,TRBJ1-5*01,10
88,CASSLSGRVEKLFF,TRBV12-4*02,None,TRBJ1-4*01,10
89,CASSQDRRTTDTQYF,TRBV4-2*01,None,TRBJ2-3*01,10
90,CSVVTSGGQPQNF,TRBV29-1*02,None,TRBJ1-5*01,10
91,CASSRVSYNEQFF,TRBV28*01,None,TRBJ2-1*01,9
92,CRVGTSGGQPQNF,TRBV29-1*02,None,TRBJ1-5*01,9
93,CASSLENRGYTF,TRBV11-3*03,None,TRBJ1-2*01,9
94,CSVGTSGSQPQNF,TRBV29-1*02,None,TRBJ1-5*01,9
95,CSVGTSGGQLHHF,TRBV29-1*02,None,TRBJ1-5*01,9
96,CSVRTSVGQPQHF,TRBV29-1*02,None,TRBJ1-5*01,8
97,CSVGTSGGQHQNF,TRBV29-1*02,None,TRBJ1-5*01,8
98,CASSPKRETQYF,TRBV18*01,None,TRBJ2-5*01,8
99,CSVGTSGGQAQYF,TRBV29-1*02,None,TRBJ1-5*01,8
100,CASSRQGTNEQYF,TRBV6-6*04,None,TRBJ2-7*01,8
101,CSVCTSGGQPQHF,TRBV29-1*02,None,TRBJ1-5*01,7
102,CSAGTGTSSLIYEQYF,TRBV20-1*06,None,TRBJ2-7*01,7
103,CSVRTSGGQPQNF,TRBV29-1*02,None,TRBJ1-5*01,7
104,CSVGTSVSQPQHF,TRBV29-1*02,None,TRBJ1-5*01,7
105,CSVGASVGQPQHF,TRBV29-1*02,None,TRBJ1-5*01,7
106,CASSYSNYGYTF,TRBV6-6*01,None,TRBJ1-2*01,7
107,CASSYSNYGYTF,TRBV6-6*05,None,TRBJ1-2*01,6
108,CAVRDGNNNARLMF,TRBV9*03,None,TRBJ1-3*01,6
109,CSVGTAGGQPQYF,TRBV29-1*02,None,TRBJ1-5*01,6
110,CSVSTSGGQPQHF,TRBV29-1*02,None,TRBJ1-5*01,6
111,CSVVTSGSQPQHF,TRBV29-1*02,None,TRBJ1-5*01,6
112,CASSWTGTGGEKLFF,TRBV27*01,TRBD1*01,TRBJ1-4*01,6
113,CSVGTAGGQAQHF,TRBV29-1*02,None,TRBJ1-5*01,6
114,CASSPGQGAGDTQYF,TRBV18*01,TRBD1*01,TRBJ2-3*01,6
115,CSIGTSGSQPQHF,TRBV29-1*03,None,TRBJ1-5*01,6
116,CASSLVTGTTDTQYF,TRBV7-9*04,None,TRBJ2-3*01,6
117,CASSYTGQGSYEQYF,TRBV6-6*03,None,TRBJ2-7*01,6
118,CSVGTSGSQLQHF,TRBV29-1*02,None,TRBJ1-5*01,6
119,CSVGSSGGQTQHF,TRBV29-1*02,None,TRBJ1-5*01,6
120,CASSLGESGGEQYF,TRBV11-3*02,None,TRBJ2-7*01,6
121,CRVGTSGSQPQHF,TRBV29-1*02,None,TRBJ1-5*01,6
122,CSAGTGTSSLIYEQYF,TRBV20-1*03,None,TRBJ2-7*01,6
123,CSVWTSGSQPQHF,TRBV29-1*02,None,TRBJ1-5*01,6
124,CSFGTSGGQPQNF,TRBV29-1*03,None,TRBJ1-5*01,6
125,CASSYGVNTEAFF,TRBV6-6*03,None,TRBJ1-1*01,5
126,CSVGTSGGQPYHF,TRBV29-1*02,None,TRBJ1-5*01,5
127,CSVGTAGGQPQNF,TRBV29-1*02,None,TRBJ1-5*01,5
128,CSVGTAVGQPQHF,TRBV29-1*02,None,TRBJ1-5*01,5
129,CSVGTSCGQPQHF,TRBV29-1*02,None,TRBJ1-5*01,5
130,CSVATSGGQPKHF,TRBV29-1*02,None,TRBJ1-5*01,5
131,CSVGTSGGQAQNF,TRBV29-1*02,None,TRBJ1-5*01,5
132,CIVGTSGGQTQHF,TRBV29-1*02,None,TRBJ1-5*01,5
133,CSVGTSRGQPKHF,TRBV29-1*02,None,TRBJ1-5*01,5
134,CSVGTSGGQLLHF,TRBV29-1*02,None,TRBJ1-5*01,5
135,CSVGTSGGQPHPF,TRBV29-1*02,None,TRBJ1-5*01,5
136,CSVGTSGGKPQPF,TRBV29-1*02,None,TRBJ1-5*01,5
137,CSVGSSGGQPQNF,TRBV29-1*02,None,TRBJ1-5*01,5
138,CSVWTSGGQTQHF,TRBV29-1*02,None,TRBJ1-5*01,5
139,CASSQDRRTTDTQYF,TRBV5-4*03,None,TRBJ2-3*01,5
140,CASSLGESGGEQYF,TRBV7-2*04,None,TRBJ2-7*01,5
141,CGVGTSGGQPKHF,TRBV29-1*02,None,TRBJ1-5*01,4
142,CSVGASGGQPQYF,TRBV29-1*02,None,TRBJ1-5*01,4
143,CRVGTSGGQLQHF,TRBV29-1*02,None,TRBJ1-5*01,4
144,CSVVTSGGQPQHF,TRBV29-1*01,None,TRBJ1-5*01,4
145,CRVGTSGGQPHHF,TRBV29-1*02,None,TRBJ1-5*01,4
146,CSVGPSGGQPQYF,TRBV29-1*02,None,TRBJ1-5*01,4
147,CSVGASGGQPQHF,TRBV29-1*01,None,TRBJ1-5*01,4
148,CSVGTSEGQPQNF,TRBV29-1*02,None,TRBJ1-5*01,4
149,CSVGTSGGPLQHF,TRBV29-1*02,None,TRBJ1-5*01,4
150,CIVWTSGGQPQHF,TRBV29-1*02,None,TRBJ1-5*01,4
151,CSVGTSEGQPLHF,TRBV29-1*02,None,TRBJ1-5*01,4
152,CSVVTSGRQPQHF,TRBV29-1*02,None,TRBJ1-5*01,4
153,CSAGTGTSSLIYEQYF,TRBV20-1*02,None,TRBJ2-7*01,4
154,CSVWTSVGQPQHF,TRBV29-1*02,None,TRBJ1-5*01,4
155,CSVGTSGGHPQYF,TRBV29-1*02,None,TRBJ1-5*01,4
156,CGAGTSGGQPQHF,TRBV29-1*03,None,TRBJ1-5*01,4
157,CSVWTSGGQPKHF,TRBV29-1*02,None,TRBJ1-5*01,4
158,CSVWTSGGQPQNF,TRBV29-1*02,None,TRBJ1-5*01,4
159,CRVGTSGGQHQHF,TRBV29-1*02,None,TRBJ1-5*01,4
160,CSVGASGSQPQHF,TRBV29-1*02,None,TRBJ1-5*01,4
161,CSVGTSGDQPHHF,TRBV29-1*02,None,TRBJ1-5*01,4
162,CSVGASGGQAQHF,TRBV29-1*02,None,TRBJ1-5*01,4
163,CSVWTSRGQPQHF,TRBV29-1*02,None,TRBJ1-5*01,4
164,CSVGTSGGEPQNF,TRBV29-1*02,None,TRBJ1-5*01,4
165,CSVGTSGGQPQSF,TRBV29-1*02,None,TRBJ1-5*01,4
166,CSVGTSASQPQHF,TRBV29-1*02,None,TRBJ1-5*01,4
167,CSVGTSGSQPQHF,TRBV29-1*01,None,TRBJ1-5*01,4
168,CSVRTSGGQPQHF,TRBV29-1*01,None,TRBJ1-5*01,4
169,CSVGTSGGQPQRF,TRBV29-1*01,None,TRBJ1-5*01,4
170,CSIGTSGGQPQNF,TRBV29-1*03,None,TRBJ1-5*01,4
171,CTSSYSNYGYTF,TRBV6-6*03,None,TRBJ1-2*01,4
172,CSVGTAGGQTQHF,TRBV29-1*02,None,TRBJ1-5*01,4
173,CASSLTRGETQYF,TRBV11-2*03,None,TRBJ2-5*01,4
174,CSVGTSGGETQHF,TRBV29-1*02,None,TRBJ1-5*01,4
175,CSVVTSGCQPQHF,TRBV29-1*02,None,TRBJ1-5*01,4
176,CSVGTSGGQLQPF,TRBV29-1*02,None,TRBJ1-5*01,4
177,CSVLTSGGQPQHF,TRBV29-1*02,None,TRBJ1-5*01,4
178,CSVKTSGGQPQHF,TRBV29-1*02,None,TRBJ1-5*01,4
179,CSVGTSEGQPKHF,TRBV29-1*02,None,TRBJ1-5*01,4
180,CASSYSNYGYTF,TRBV6-3*01,None,TRBJ1-2*01,4
181,CSVGTSWSQPQHF,TRBV29-1*02,None,TRBJ1-5*01,4
182,CSVWTSGGQPQHF,TRBV29-1*01,None,TRBJ1-5*01,4
183,CSSSYSNYGYTF,TRBV6-6*03,None,TRBJ1-2*01,4
184,CGVGTSGGRPQHF,TRBV29-1*02,None,TRBJ1-5*01,4
185,CIVGTSGGHPQHF,TRBV29-1*02,None,TRBJ1-5*01,4
186,CSVGTSGGQPQHF,TRBV29-1*02,None,TRBJ1-6*01,4
187,CSVGALGGQPQHF,TRBV29-1*02,None,TRBJ1-5*01,4
188,CGVGTSGGQPQHF,TRBV29-1*03,None,TRBJ1-5*01,4
189,CSVGTSGGQTQHF,TRBV29-1*01,None,TRBJ1-5*01,4
190,CASSLVTGTTDTQYF,TRBV11-3*03,None,TRBJ2-3*01,4
191,CGVGTSGGQPQHF,TRBV29-1*01,None,TRBJ1-5*01,4
192,CRVGTSWGQPQHF,TRBV29-1*02,None,TRBJ1-5*01,4
193,CSVGTSVGQLQHF,TRBV29-1*02,None,TRBJ1-5*01,4
194,CSVGSSVGQPQHF,TRBV29-1*02,None,TRBJ1-5*01,4
195,CSVGTSGGKTQHF,TRBV29-1*02,None,TRBJ1-5*01,4
196,CSVGTSGGQPLPF,TRBV29-1*02,None,TRBJ1-5*01,4
197,CSVGTSWCQPQHF,TRBV29-1*02,None,TRBJ1-5*01,4
198,CSVEVGRVNEQFF,TRBV29-1*02,None,TRBJ2-1*01,4
199,CSVGTSGGQPQNF,TRBV29-1*01,None,TRBJ1-5*01,4
200,CSVGTSVGQAQHF,TRBV29-1*02,None,TRBJ1-5*01,4
201,CSVGTSGGHTQHF,TRBV29-1*02,None,TRBJ1-5*01,4
202,CASSLGESGGEQYF,TRBV11-2*03,None,TRBJ2-7*01,4
203,CSVGTSESQPQHF,TRBV29-1*02,None,TRBJ1-5*01,4
204,CSVWTSGCQPQHF,TRBV29-1*02,None,TRBJ1-5*01,4
205,CSVGTSGVQTQHF,TRBV29-1*02,None,TRBJ1-5*01,3
206,CSVRTSGGKPQHF,TRBV29-1*02,None,TRBJ1-5*01,3
207,CSVGTSGFQPQHF,TRBV29-1*02,None,TRBJ1-5*01,3
208,CSVGTSGGQLKHF,TRBV29-1*02,None,TRBJ1-5*01,3
209,CSVGISGSQPQHF,TRBV29-1*02,None,TRBJ1-5*01,3
210,CSVWTSGGQLQHF,TRBV29-1*02,None,TRBJ1-5*01,3
211,CSVGTSVGEPQHF,TRBV29-1*02,None,TRBJ1-5*01,3
212,CSVGTSVGHPQHF,TRBV29-1*02,None,TRBJ1-5*01,3
213,CSVGTSGGQPQHF,TRBV29-1*03,None,TRBJ1-5*01,3
214,CSVGISGGQPQHF,TRBV29-1*01,None,TRBJ1-5*01,3
215,CSVGTSDGQPQHF,TRBV29-1*02,None,TRBJ1-5*01,3
216,CSVWTSWGQPQHF,TRBV29-1*02,None,TRBJ1-5*01,3
217,CSVDTSGGQPQHF,TRBV29-1*02,None,TRBJ1-5*01,3
218,CSVGTSVGQPKHF,TRBV29-1*02,None,TRBJ1-5*01,3
219,CIVGTSEGQPQHF,TRBV29-1*02,None,TRBJ1-5*01,3
220,CSVGTSGGQHQYF,TRBV29-1*02,None,TRBJ1-5*01,3
221,CSVRTSGGQTQHF,TRBV29-1*02,None,TRBJ1-5*01,3
222,CSVGTSVGQHQHF,TRBV29-1*02,None,TRBJ1-5*01,3
223,CSCGTSGGQPQHF,TRBV29-1*02,None,TRBJ1-5*01,3
224,CIVGTSGGQPKHF,TRBV29-1*02,None,TRBJ1-5*01,3
225,CSVETSGGQHQHF,TRBV29-1*02,None,TRBJ1-5*01,3
226,CSVGASGGKPQHF,TRBV29-1*02,None,TRBJ1-5*01,3
227,CSVGASGGQHQHF,TRBV29-1*02,None,TRBJ1-5*01,3
228,CSVGTSWGKPQHF,TRBV29-1*02,None,TRBJ1-5*01,3
229,CSVGASGGQLQHF,TRBV29-1*02,None,TRBJ1-5*01,3
230,CSVGASGGQPEHF,TRBV29-1*02,None,TRBJ1-5*01,3
231,CSVGASGCQPQHF,TRBV29-1*02,None,TRBJ1-5*01,3
232,CSVGTSGGQPRHF,TRBV29-1*01,None,TRBJ1-5*01,3
233,CSVWTSGGQPQPF,TRBV29-1*02,None,TRBJ1-5*01,3
234,CSVGTSGCQSQHF,TRBV29-1*02,None,TRBJ1-5*01,3
235,CGVGTSGGHPQHF,TRBV29-1*02,None,TRBJ1-5*01,3
236,CSVETSGGQPEHF,TRBV29-1*02,None,TRBJ1-5*01,3
237,CGVGTSGGKPQHF,TRBV29-1*02,None,TRBJ1-5*01,3
238,CSVGTSKGQPQHF,TRBV29-1*02,None,TRBJ1-5*01,3
239,CGVGTSGGQAQHF,TRBV29-1*02,None,TRBJ1-5*01,3
240,CSAQHRSGDHNEQFF,TRBV20-1*03,None,TRBJ2-1*01,3
241,CSVGTSAGQPQHF,TRBV29-1*01,None,TRBJ1-5*01,3
242,CSIVTSGGQPQHF,TRBV29-1*02,None,TRBJ1-5*01,3
243,CSVGTSAGQPQNF,TRBV29-1*02,None,TRBJ1-5*01,3
244,CSVGAPGGQPQHF,TRBV29-1*02,None,TRBJ1-5*01,3
245,CSVGTSWGQPKHF,TRBV29-1*02,None,TRBJ1-5*01,3
246,CGVGTSGGQSQHF,TRBV29-1*02,None,TRBJ1-5*01,3
247,CSVGTSGGQNQHF,TRBV29-1*02,None,TRBJ1-5*01,3
248,CSVGTSGCQPHHF,TRBV29-1*02,None,TRBJ1-5*01,3
249,CSVRTSEGQPQHF,TRBV29-1*02,None,TRBJ1-5*01,3
250,CSIGTSGSQPQHF,TRBV29-1*02,None,TRBJ1-5*01,3
251,CSVGTSGCQPQHF,TRBV29-1*01,None,TRBJ1-5*01,3
252,CSVGTSGGQPRNF,TRBV29-1*02,None,TRBJ1-5*01,3
253,CSVGSSGGQHQHF,TRBV29-1*02,None,TRBJ1-5*01,3
254,CSVGTSGGQTQYF,TRBV29-1*02,None,TRBJ1-5*01,3
255,CSVGTSGGQPTHF,TRBV29-1*02,None,TRBJ1-5*01,3
256,CSVGTSGGRPQYF,TRBV29-1*02,None,TRBJ1-5*01,3
257,CSVGTSGGTPQHF,TRBV29-1*02,None,TRBJ1-5*01,3
258,CSVGSSGSQPQHF,TRBV29-1*02,None,TRBJ1-5*01,3
259,CSVGTSGSKPQHF,TRBV29-1*02,None,TRBJ1-5*01,3
260,CSVVTSGGKPQHF,TRBV29-1*02,None,TRBJ1-5*01,3
261,CTVGTSEGQPQHF,TRBV29-1*02,None,TRBJ1-5*01,3
262,CSVGSSEGQPQHF,TRBV29-1*02,None,TRBJ1-5*01,3
263,CRVGTSVGQPQHF,TRBV29-1*02,None,TRBJ1-5*01,3
264,CSVGTSEGQPHHF,TRBV29-1*02,None,TRBJ1-5*01,3
265,CSVVTSWGQPQHF,TRBV29-1*02,None,TRBJ1-5*01,3
266,CRVGTSRGQPQHF,TRBV29-1*02,None,TRBJ1-5*01,3
267,CSVWTSGVQPQHF,TRBV29-1*02,None,TRBJ1-5*01,3
268,CSVGPSGGQPQHF,TRBV29-1*01,None,TRBJ1-5*01,3
269,CSVGTSGQPQHF,TRBV29-1*02,None,TRBJ1-5*01,3
270,CSVGTSEGQPQHF,TRBV29-1*01,None,TRBJ1-5*01,3
271,CASSYSNYGYNF,TRBV6-6*03,None,TRBJ1-2*01,3
272,CSVGTSGSQTQHF,TRBV29-1*02,None,TRBJ1-5*01,3
273,CASSLGESGGEQYF,TRBV6-6*05,None,TRBJ2-7*01,3
274,CSIGTSAGQPQHF,TRBV29-1*03,None,TRBJ1-5*01,3
275,CASSYSNYGYTF,TRBV6-5*01,None,TRBJ1-2*01,3
276,CASSYSNYVYTF,TRBV6-6*03,None,TRBJ1-2*01,3
277,CSVGTSGGKLQHF,TRBV29-1*02,None,TRBJ1-5*01,3
278,CSVGSSGGEPQHF,TRBV29-1*02,None,TRBJ1-5*01,3
279,CASSLENRGYTF,TRBV7-9*04,None,TRBJ1-2*01,3
280,CSVGNSGGQPQNF,TRBV29-1*02,None,TRBJ1-5*01,3
281,CSVGSSGGQPQHF,TRBV29-1*01,None,TRBJ1-5*01,3
282,CSVWTSGGQPRHF,TRBV29-1*02,None,TRBJ1-5*01,3
283,CSVGTSEGHPQHF,TRBV29-1*02,None,TRBJ1-5*01,3
284,CRVWTSGGQPQHF,TRBV29-1*03,None,TRBJ1-5*01,3
285,CSVWTAGGQPQHF,TRBV29-1*02,None,TRBJ1-5*01,3
286,CSVATSGSQPQHF,TRBV29-1*02,None,TRBJ1-5*01,3
287,CSVGTSGAQLQHF,TRBV29-1*02,None,TRBJ1-5*01,3
288,CSVGTSGGQTQDF,TRBV29-1*02,None,TRBJ1-5*01,3
289,CSVGTSGGQAQHF,TRBV29-1*01,None,TRBJ1-5*01,3
290,CSVATSVGQPQHF,TRBV29-1*02,None,TRBJ1-5*01,3
291,CSVGSSGGQPQYF,TRBV29-1*02,None,TRBJ1-5*01,3
292,CIVGTSVGQPQHF,TRBV29-1*02,None,TRBJ1-5*01,2
293,CSVGTSGPQPQHF,TRBV29-1*02,None,TRBJ1-5*01,2
294,CRVWTAGGQPQHF,TRBV29-1*03,None,TRBJ1-5*01,2
295,CSVETSGRQPQHF,TRBV29-1*02,None,TRBJ1-5*01,2
296,CSVETSGGQTQHF,TRBV29-1*02,None,TRBJ1-5*01,2
297,CSAQHRSGDHNEQFF,TRBV20-1*02,None,TRBJ2-1*01,2
298,CSVGTSRGQPQYF,TRBV29-1*02,None,TRBJ1-5*01,2
299,CSVETSGGQPQHF,TRBV29-1*02,None,TRBJ1-6*01,2
300,CRVWTSGGQPQHF,TRBV29-1*02,None,TRBJ1-5*01,2
301,CRVGTSGRQPQHF,TRBV29-1*02,None,TRBJ1-5*01,2
302,CSLGTSAGQPQHF,TRBV29-1*02,None,TRBJ1-5*01,2
303,CSLGTSGGQPQYF,TRBV29-1*03,None,TRBJ1-5*01,2
304,CSVETSGSQPQHF,TRBV29-1*02,None,TRBJ1-5*01,2
305,CSVGTSRGQTQHF,TRBV29-1*02,None,TRBJ1-5*01,2
306,CSVGTSRRQPQHF,TRBV29-1*02,None,TRBJ1-5*01,2
307,CSVGTSGNQPKHF,TRBV29-1*02,None,TRBJ1-5*01,2
308,CIVGTSGSQPQHF,TRBV29-1*02,None,TRBJ1-5*01,2
309,CSVGTSGGQSKHF,TRBV29-1*02,None,TRBJ1-5*01,2
310,CSVGTSGGQRQNF,TRBV29-1*02,None,TRBJ1-5*01,2
311,CSVWTSGRQPQHF,TRBV29-1*02,None,TRBJ1-5*01,2
312,CIVGTSGGHTQHF,TRBV29-1*02,None,TRBJ1-5*01,2
313,CIVGTSGGQPQHF,TRBV29-1*03,None,TRBJ1-5*01,2
314,CSAQHRSGDHNEQFF,TRBV20-1*06,None,TRBJ2-1*01,2
315,CSVGTSEGQSQHF,TRBV29-1*02,None,TRBJ1-5*01,2
316,CSVGTSGGQSQHF,TRBV29-1*01,None,TRBJ1-5*01,2
317,CSVGTSAGHPQHF,TRBV29-1*02,None,TRBJ1-5*01,2
318,CIVGTSGGQPQPF,TRBV29-1*02,None,TRBJ1-5*01,2
319,CSVGTSSGQPQHF,TRBV29-1*02,None,TRBJ1-5*01,2
320,CSVGTSAGQHQHF,TRBV29-1*02,None,TRBJ1-5*01,2
321,CIVGTSGCQPQHF,TRBV29-1*02,None,TRBJ1-5*01,2
322,CSAGASGGQPQHF,TRBV29-1*03,None,TRBJ1-5*01,2
323,CSVGTSGIQPQHF,TRBV29-1*02,None,TRBJ1-5*01,2
324,CIVGTSGGQTQNF,TRBV29-1*02,None,TRBJ1-5*01,2
325,CSVGTSAGQPENF,TRBV29-1*02,None,TRBJ1-5*01,2
326,CSVGTSEGQTQHF,TRBV29-1*02,None,TRBJ1-5*01,2
327,CSVGTSEGQPQPF,TRBV29-1*02,None,TRBJ1-5*01,2
328,CSTGTSGGQPQHF,TRBV29-1*03,None,TRBJ1-5*01,2
329,CSVWTSGGQSQHF,TRBV29-1*02,None,TRBJ1-5*01,2
330,CSVGTSGSQHQHF,TRBV29-1*02,None,TRBJ1-5*01,2
331,CSVGTSGCKPQHF,TRBV29-1*02,None,TRBJ1-5*01,2
332,CNVGTSGGQSQHF,TRBV29-1*02,None,TRBJ1-5*01,2
333,CSVGTSEGKPQHF,TRBV29-1*02,None,TRBJ1-5*01,2
334,CSVESSGGQPQHF,TRBV29-1*02,None,TRBJ1-5*01,2
335,CNVGTSGSQPQHF,TRBV29-1*02,None,TRBJ1-5*01,2
336,CSAGTSGGQTQHF,TRBV29-1*03,None,TRBJ1-5*01,2
337,CSVGTSARQPQHF,TRBV29-1*02,None,TRBJ1-5*01,2
338,CSVATSGGQPRHF,TRBV29-1*02,None,TRBJ1-5*01,2
339,CSVGTSGSQPQDF,TRBV29-1*02,None,TRBJ1-5*01,2
340,CSVGTSEGHPQNF,TRBV29-1*02,None,TRBJ1-5*01,2
341,CSVWTSVGQLQHF,TRBV29-1*02,None,TRBJ1-5*01,2
342,CSVGTSGVQPQNF,TRBV29-1*02,None,TRBJ1-5*01,2
343,CRVGTSGGQPQYF,TRBV29-1*02,None,TRBJ1-5*01,2
344,CSVGTSASQPQNF,TRBV29-1*02,None,TRBJ1-5*01,2
345,CSVGTSGVQPQHF,TRBV29-1*01,None,TRBJ1-5*01,2
346,CRVATSGGQPQHF,TRBV29-1*02,None,TRBJ1-5*01,2
347,CRAGTSGGQPQHF,TRBV29-1*03,None,TRBJ1-5*01,2
348,CSVGTSGSQPQYF,TRBV29-1*02,None,TRBJ1-5*01,2
349,CSVGTSGCQAQHF,TRBV29-1*02,None,TRBJ1-5*01,2
350,CSVGTSGGQPQYF,TRBV29-1*01,None,TRBJ1-5*01,2
351,CSAGTSGGQPLHF,TRBV29-1*03,None,TRBJ1-5*01,2
352,CSVGTSGVQHQHF,TRBV29-1*02,None,TRBJ1-5*01,2
353,CSAGTSGGQAQHF,TRBV29-1*03,None,TRBJ1-5*01,2
354,CSVGTSGVHPQHF,TRBV29-1*02,None,TRBJ1-5*01,2
355,CSVGTSGSQTQDF,TRBV29-1*02,None,TRBJ1-5*01,2
356,CSVGTSEGQAQHF,TRBV29-1*02,None,TRBJ1-5*01,2
357,CSVGTSEGQHQHF,TRBV29-1*02,None,TRBJ1-5*01,2
358,CSVGTSGSKTQHF,TRBV29-1*02,None,TRBJ1-5*01,2
359,CRVGTSEGQPQHF,TRBV29-1*02,None,TRBJ1-5*01,2
360,CSVGTSEGQPQYF,TRBV29-1*02,None,TRBJ1-5*01,2
361,CSVETSGGQPHHF,TRBV29-1*02,None,TRBJ1-5*01,2
362,CRVGTSGGQPQHF,TRBV29-1*03,None,TRBJ1-5*01,2
363,CSVWTSGSQPKHF,TRBV29-1*02,None,TRBJ1-5*01,2
364,CRVGTSGGQPKHF,TRBV29-1*02,None,TRBJ1-5*01,2
365,CSAGTSGRQPQHF,TRBV29-1*03,None,TRBJ1-5*01,2
366,CMVGTSGGQPQHF,TRBV29-1*02,None,TRBJ1-5*01,2
367,CSVGTSRGKPQHF,TRBV29-1*02,None,TRBJ1-5*01,2
368,CSVGTSGGQPQQF,TRBV29-1*01,None,TRBJ1-5*01,2
369,CRVGTSGGQLHHF,TRBV29-1*02,None,TRBJ1-5*01,2
370,CSVGTSGRQPQNF,TRBV29-1*02,None,TRBJ1-5*01,2
371,CSVGTSGRQPQQF,TRBV29-1*02,None,TRBJ1-5*01,2
372,CSVGTSAGQPQYF,TRBV29-1*02,None,TRBJ1-5*01,2
373,CSVGTSRCQPQHF,TRBV29-1*02,None,TRBJ1-5*01,2
374,CSVETSEGQPQNF,TRBV29-1*02,None,TRBJ1-5*01,2
375,CRVGTSGGKPQHF,TRBV29-1*02,None,TRBJ1-5*01,2
376,CSVETSEGQPQHF,TRBV29-1*02,None,TRBJ1-5*01,2
377,CSVGTSGGKPHHF,TRBV29-1*02,None,TRBJ1-5*01,2
378,CSVGTSQGQPQHF,TRBV29-1*02,None,TRBJ1-5*01,2
379,CSVGTSPGQPQHF,TRBV29-1*02,None,TRBJ1-5*01,2
380,CSAGTSAGQPQHF,TRBV29-1*03,None,TRBJ1-5*01,2
381,CSVETSAGQPQHF,TRBV29-1*02,None,TRBJ1-5*01,2
382,CSVGTSEGQLQHF,TRBV29-1*02,None,TRBJ1-5*01,2
383,CSVGTSAGQTQHF,TRBV29-1*02,None,TRBJ1-5*01,2
384,CSVGTSMGQPQHF,TRBV29-1*02,None,TRBJ1-5*01,2
385,CSVGTSGVQPLHF,TRBV29-1*02,None,TRBJ1-5*01,2
386,CSVGTSAGQRQHF,TRBV29-1*02,None,TRBJ1-5*01,2
387,CSVGTSGGQSQYF,TRBV29-1*02,None,TRBJ1-5*01,2
388,CSVGTSGGHTHHF,TRBV29-1*02,None,TRBJ1-5*01,2
389,CASSYSNYGYTF,TRBV6-2*01,None,TRBJ1-2*01,2
390,CASSYSNYGYSF,TRBV6-6*03,None,TRBJ1-2*01,2
391,CSVGTSGGQGQNF,TRBV29-1*02,None,TRBJ1-5*01,2
392,CSVGTSGGQHEHF,TRBV29-1*02,None,TRBJ1-5*01,2
393,CSFGTSGGQPQYF,TRBV29-1*02,None,TRBJ1-5*01,2
394,CASSYSNSGYTF,TRBV6-6*03,None,TRBJ1-2*01,2
395,CSFGTSGGQPQNF,TRBV29-1*02,None,TRBJ1-5*01,2
396,CSVRTSRGQPQHF,TRBV29-1*02,None,TRBJ1-5*01,2
397,CSVRTSGSQPQHF,TRBV29-1*02,None,TRBJ1-5*01,2
398,CASSQDRRTTDTQYF,TRBV5-4*02,None,TRBJ2-3*01,2
399,CSFGTSGGQPQHF,TRBV29-1*01,None,TRBJ1-5*01,2
400,CSVGTSGGEPLHF,TRBV29-1*02,None,TRBJ1-5*01,2
401,CSVRTSGRQPQHF,TRBV29-1*02,None,TRBJ1-5*01,2
402,CASSYSKYGYTF,TRBV6-6*03,None,TRBJ1-2*01,2
403,CSVGTSGGQHQHF,TRBV29-1*01,None,TRBJ1-5*01,2
404,CSVGTSGGKHQHF,TRBV29-1*02,None,TRBJ1-5*01,2
405,CSGGTSGGQQQHF,TRBV29-1*03,None,TRBJ1-5*01,2
406,CSFGTSGGHPQQF,TRBV29-1*03,None,TRBJ1-5*01,2
407,CSVRTSGGQPRHF,TRBV29-1*02,None,TRBJ1-5*01,2
408,CSVRTSGGQPQYF,TRBV29-1*02,None,TRBJ1-5*01,2
409,CSVRTSGGQPQRF,TRBV29-1*02,None,TRBJ1-5*01,2
410,CSVRTSGGQPQPF,TRBV29-1*02,None,TRBJ1-5*01,2
411,CSVGTSGGEHQHF,TRBV29-1*02,None,TRBJ1-5*01,2
412,CTVGTSGGQAQHF,TRBV29-1*02,None,TRBJ1-5*01,2
413,CSVRTSGGQPKHF,TRBV29-1*02,None,TRBJ1-5*01,2
414,CSVRTSGGQHQHF,TRBV29-1*02,None,TRBJ1-5*01,2
415,CSVGTSGGKPQYF,TRBV29-1*02,None,TRBJ1-5*01,2
416,CSVGTSGGEPQYF,TRBV29-1*02,None,TRBJ1-5*01,2
417,CSVWTSGGKPQHF,TRBV29-1*02,None,TRBJ1-5*01,2
418,CSVRTSGGHPQHF,TRBV29-1*02,None,TRBJ1-5*01,2
419,CSFVTSGGQPQHF,TRBV29-1*03,None,TRBJ1-5*01,2
420,CSVWTSGGQHQHF,TRBV29-1*02,None,TRBJ1-5*01,2
421,CASSQDRRTTDTQYF,TRBV5-8*02,None,TRBJ2-3*01,2
422,CSVGTAGGQHQHF,TRBV29-1*02,None,TRBJ1-5*01,2
423,CSVGPSGGQPKHF,TRBV29-1*02,None,TRBJ1-5*01,2
424,CASSQDRRTTDTQYF,TRBV5-5*03,None,TRBJ2-3*01,2
425,CASTPGAAEREQYF,TRBV4-2*02,None,TRBJ2-7*01,2
426,CSVVTSGGQTQHF,TRBV29-1*02,None,TRBJ1-5*01,2
427,CSVVTSGGQLQHF,TRBV29-1*02,None,TRBJ1-5*01,2
428,CSVGTSGGHPHHF,TRBV29-1*02,None,TRBJ1-5*01,2
429,CSVVTSGGQHQHF,TRBV29-1*02,None,TRBJ1-5*01,2
430,CSVGTSGGHLQHF,TRBV29-1*02,None,TRBJ1-5*01,2
431,CSGGTSGGQAQHF,TRBV29-1*03,None,TRBJ1-5*01,2
432,CSVVTSGGQAQHF,TRBV29-1*02,None,TRBJ1-5*01,2
433,CSVVTSGGPPQHF,TRBV29-1*02,None,TRBJ1-5*01,2
434,CSVGTSGGHAQHF,TRBV29-1*02,None,TRBJ1-5*01,2
435,CSIGTSGGQPHHF,TRBV29-1*02,None,TRBJ1-5*01,2
436,CSVVTSEGQPQHF,TRBV29-1*02,None,TRBJ1-5*01,2
437,CSVGTSGGHPQQF,TRBV29-1*02,None,TRBJ1-5*01,2
438,CSVGPSGCQPQHF,TRBV29-1*02,None,TRBJ1-5*01,2
439,CSVGPSWGQPQYF,TRBV29-1*02,None,TRBJ1-5*01,2
440,CTVGTSGGQHQHF,TRBV29-1*02,None,TRBJ1-5*01,2
441,CASSRQGTNEQYF,TRBV6-6*03,None,TRBJ2-7*01,2
442,CSVGTAGSQPQHF,TRBV29-1*02,None,TRBJ1-5*01,2
443,CATGQGTSYEQYF,TRBV13*02,None,TRBJ2-7*01,2
444,CASSQDRRTTDTQYF,TRBV5-5*02,None,TRBJ2-3*01,2
445,CSIGTSGGQPQYF,TRBV29-1*02,None,TRBJ1-5*01,2
446,CSVGTSGGQAQLF,TRBV29-1*02,None,TRBJ1-5*01,2
447,CSVGTSGGDTQHF,TRBV29-1*02,None,TRBJ1-5*01,2
448,CSVGTLGGQPKHF,TRBV29-1*02,None,TRBJ1-5*01,2
449,CSVWSSGGQPQHF,TRBV29-1*02,None,TRBJ1-5*01,2
450,CGVVTSGGQPQHF,TRBV29-1*02,None,TRBJ1-5*01,2
451,CSIVTSGSQPQHF,TRBV29-1*03,None,TRBJ1-5*01,2
452,CSVGTSWGQPQPF,TRBV29-1*02,None,TRBJ1-5*01,2
453,CACSYSNYGYTF,TRBV6-6*03,None,TRBJ1-2*01,2
454,CSVGTPGGQPQHF,TRBV29-1*01,None,TRBJ1-5*01,2
455,CSVGTSWGQLQHF,TRBV29-1*02,None,TRBJ1-5*01,2
456,CSIGTSWGQPQHF,TRBV29-1*03,None,TRBJ1-5*01,2
457,CSAVAGLSYEQYF,TRBV20-1*02,None,TRBJ2-7*01,2
458,CGVGASGGQPQHF,TRBV29-1*02,None,TRBJ1-5*01,2
459,CSVGTSGCQTQHF,TRBV29-1*02,None,TRBJ1-5*01,2
460,CSVGTSGGKPQHF,TRBV29-1*01,None,TRBJ1-5*01,2
461,CSVGTSWAQPQPF,TRBV29-1*02,None,TRBJ1-5*01,2
462,CGVGTLGGQPQHF,TRBV29-1*02,None,TRBJ1-5*01,2
463,CASSFRVGPTYEQYF,TRBV14*02,None,TRBJ2-7*01,2
464,CSVGTPGRQPQHF,TRBV29-1*02,None,TRBJ1-5*01,2
465,CSVGTSVGQPQYF,TRBV29-1*02,None,TRBJ1-5*01,2
466,CSVGTSGGKPLHF,TRBV29-1*02,None,TRBJ1-5*01,2
467,CSVGASAGQPQHF,TRBV29-1*02,None,TRBJ1-5*01,2
468,CGVGTSGGQPHHF,TRBV29-1*02,None,TRBJ1-5*01,2
469,CSLGTSGSQTQHF,TRBV29-1*02,None,TRBJ1-5*01,2
470,CSGVTSGGQPQHF,TRBV29-1*02,None,TRBJ1-5*01,2
471,CGVGTSGGQPQNF,TRBV29-1*02,None,TRBJ1-5*01,2
472,CGVGTSGGQPQPF,TRBV29-1*02,None,TRBJ1-5*01,2
473,CGVGTSGSQPQHF,TRBV29-1*02,None,TRBJ1-5*01,2
474,CSVGTSWVQPQHF,TRBV29-1*02,None,TRBJ1-5*01,2
475,CSVGASGGQPLHF,TRBV29-1*02,None,TRBJ1-5*01,2
476,CSVWTSGGQPHHF,TRBV29-1*02,None,TRBJ1-5*01,2
477,CASSYGNYGYTF,TRBV6-6*03,None,TRBJ1-2*01,2
478,CSVGTSGCQPQNF,TRBV29-1*02,None,TRBJ1-5*01,2
479,CSGGTSGGQTQHF,TRBV29-1*03,None,TRBJ1-5*01,2
480,CSVGTLVGQPQHF,TRBV29-1*02,None,TRBJ1-5*01,2
481,CSVGTSGDQPQYF,TRBV29-1*02,None,TRBJ1-5*01,2
482,CSIRTSGGQPQHF,TRBV29-1*02,None,TRBJ1-5*01,2
483,CSVGTSGGQPENF,TRBV29-1*02,None,TRBJ1-5*01,2
484,CSVGSSGGETQHF,TRBV29-1*02,None,TRBJ1-5*01,2
485,CSVGVSGGQPQHF,TRBV29-1*02,None,TRBJ1-5*01,2
486,CSLGNSGGQPQHF,TRBV29-1*02,None,TRBJ1-5*01,2
487,CASSTGSEQYF,TRBV6-6*05,None,TRBJ2-7*01,2
488,CASSYGAANTDAFF,TRBV6-6*03,None,TRBJ1-1*01,2
489,CSVGTSVGQPLHF,TRBV29-1*02,None,TRBJ1-5*01,2
490,CSVGSSGGKPQHF,TRBV29-1*02,None,TRBJ1-5*01,2
491,CSVGTSGDQPEHF,TRBV29-1*02,None,TRBJ1-5*01,2
492,CSVGASGGQSQHF,TRBV29-1*02,None,TRBJ1-5*01,2
493,CCVGTSGGQTQHF,TRBV29-1*02,None,TRBJ1-5*01,2
494,CSVGTSGDQAQHF,TRBV29-1*02,None,TRBJ1-5*01,2
495,CSVGASGGQPQNF,TRBV29-1*02,None,TRBJ1-5*01,2
496,CSVGTSVGQPQHF,TRBV29-1*01,None,TRBJ1-5*01,2
497,CSVGTSGGQPHNF,TRBV29-1*02,None,TRBJ1-5*01,2
498,CGVWTSGGQPQHF,TRBV29-1*02,None,TRBJ1-5*01,2
499,CSVWTSEGQPQHF,TRBV29-1*02,None,TRBJ1-5*01,2
500,CSVGTSGGHPQHF,TRBV29-1*02,None,TRBJ2-4*01,1
501,CSVGTSGAQPQQF,TRBV29-1*02,None,TRBJ1-5*01,1
502,CSVGTSGGHPQNF,TRBV29-1*02,None,TRBJ1-5*01,1
503,CSVGTSGGKLQPF,TRBV29-1*02,None,TRBJ1-5*01,1
504,CSVGTSGGKPEHF,TRBV29-1*02,None,TRBJ1-5*01,1
505,CSVGTSGGHSQHF,TRBV29-1*02,None,TRBJ1-5*01,1
506,CTVGTSGSQPQHF,TRBV29-1*02,None,TRBJ1-5*01,1
507,CSVGTSGAQPRNF,TRBV29-1*02,None,TRBJ1-5*01,1
508,CSVGTSGGHTKHF,TRBV29-1*02,None,TRBJ1-5*01,1
509,CSVGTSGGHTQRF,TRBV29-1*02,None,TRBJ1-5*01,1
510,CSVGTSGGKAQHF,TRBV29-1*02,None,TRBJ1-5*01,1
511,CSVGTSGAQSQHF,TRBV29-1*02,None,TRBJ1-5*01,1
512,CSVGTSGGKAQYF,TRBV29-1*02,None,TRBJ1-5*01,1
513,CSVGTSGGKHPHF,TRBV29-1*02,None,TRBJ1-5*01,1
514,CSVGTSGGKLHHF,TRBV29-1*02,None,TRBJ1-5*01,1
515,CSVGTSGARPQHF,TRBV29-1*02,None,TRBJ1-5*01,1
516,CSVGTSGCHAQYF,TRBV29-1*02,None,TRBJ1-5*01,1
517,CSVGTSGCEPQHF,TRBV29-1*02,None,TRBJ1-5*01,1
518,CSVGTSGATLQHF,TRBV29-1*02,None,TRBJ1-5*01,1
519,CSVGTSGGHPQHF,TRBV29-1*02,None,TRBJ1-6*02,1
520,CSVGTSGCQPQDF,TRBV29-1*02,None,TRBJ1-5*01,1
521,CSVGTSGGHPQHF,TRBV29-1*01,None,TRBJ1-5*01,1
522,CSVGTSGDHPQHF,TRBV29-1*02,None,TRBJ1-5*01,1
523,CSVGTSGEKPQHF,TRBV29-1*02,None,TRBJ1-5*01,1
524,CSVGTSGDQTQHF,TRBV29-1*02,None,TRBJ1-5*01,1
525,CSVGTSGDQTQHF,TRBV29-1*01,None,TRBJ1-5*01,1
526,CSVGTSGDQPQQF,TRBV29-1*02,None,TRBJ1-5*01,1
527,CTVGTSGGQPQHF,TRBV29-1*01,None,TRBJ1-5*01,1
528,CSVGTSGDQPQHF,TRBV29-1*01,None,TRBJ1-5*01,1
529,CSVGTSGDQPELF,TRBV29-1*02,None,TRBJ1-5*01,1
530,CSVGTSGCQPKHF,TRBV29-1*02,None,TRBJ1-5*01,1
531,CSVGTSGDKPQHF,TRBV29-1*02,None,TRBJ1-5*01,1
532,CSVGTSGCRLQHF,TRBV29-1*02,None,TRBJ1-5*01,1
533,CSVGTSGCQPEHF,TRBV29-1*02,None,TRBJ1-5*01,1
534,CSVGTSGCQSQNF,TRBV29-1*01,None,TRBJ1-5*01,1
535,CSVGTSGCQRQHF,TRBV29-1*02,None,TRBJ1-5*01,1
536,CSVGTSGCQPYHF,TRBV29-1*02,None,TRBJ1-5*01,1
537,CSVGTSGCQPKNF,TRBV29-1*02,None,TRBJ1-5*01,1
538,CSVGTSGCQPQDF,TRBV29-1*01,None,TRBJ1-5*01,1
539,CSVGTSGCQPQYF,TRBV29-1*02,None,TRBJ1-5*01,1
540,CSVGTSGCQPQTF,TRBV29-1*02,None,TRBJ1-5*01,1
541,CSVGTSGCQPQRF,TRBV29-1*02,None,TRBJ1-5*01,1
542,CSVGTSGCQPQQF,TRBV29-1*02,None,TRBJ1-5*01,1
543,CSVGTSGGEHEHF,TRBV29-1*02,None,TRBJ1-5*01,1
544,CSVGTSGGEPEHF,TRBV29-1*02,None,TRBJ1-5*01,1
545,CSVGTSGGHPQHF,TRBV20-1*06,None,TRBJ1-5*01,1
546,CSVGTSGGERQHF,TRBV29-1*02,None,TRBJ1-5*01,1
547,CSVGTSGGHPLHF,TRBV29-1*02,None,TRBJ1-5*01,1
548,CTVGTSGGQPQQF,TRBV29-1*02,None,TRBJ1-5*01,1
549,CSVGTSGGHHQHF,TRBV29-1*02,None,TRBJ1-5*01,1
550,CTVGTSGGQAQHF,TRBV5-1*02,None,TRBJ1-5*01,1
551,CSVGTSGCHPQHF,TRBV29-1*02,None,TRBJ1-5*01,1
552,CSVGTSGGETMHF,TRBV29-1*02,None,TRBJ1-5*01,1
553,CSVGTSGGESQYF,TRBV29-1*02,None,TRBJ1-5*01,1
554,CSVGTSGCQAKHF,TRBV29-1*02,None,TRBJ1-5*01,1
555,CSVGTSGGESQNF,TRBV29-1*02,None,TRBJ1-5*01,1
556,CSVGTSGGEPQQF,TRBV29-1*02,None,TRBJ1-5*01,1
557,CSVGTSGGEPKNF,TRBV29-1*02,None,TRBJ1-5*01,1
558,CSVGTSGGEPQLF,TRBV29-1*02,None,TRBJ1-5*01,1
559,CTVGTSGGQLQHF,TRBV29-1*03,None,TRBJ1-5*01,1
560,CTVGTSGGQPQNF,TRBV29-1*02,None,TRBJ1-5*01,1
561,CSVGTSGCQDQYF,TRBV29-1*02,None,TRBJ1-5*01,1
562,CTVGTSGGQPKHF,TRBV29-1*02,None,TRBJ1-5*01,1
563,CSVGTSGCQHQHF,TRBV29-1*01,None,TRBJ1-5*01,1
564,CSVGTSGGEPKRF,TRBV29-1*02,None,TRBJ1-5*01,1
565,CSVGTSGCQLFHF,TRBV29-1*02,None,TRBJ1-5*01,1
566,CSVGTSGCQLQHF,TRBV29-1*02,None,TRBJ1-5*01,1
567,CSVGTSGGEPQDF,TRBV29-1*02,None,TRBJ1-5*01,1
568,CSVWTSGCKPQYF,TRBV29-1*02,None,TRBJ1-5*01,1
569,CSVGTSGAQPQPF,TRBV29-1*02,None,TRBJ1-5*01,1
570,CSVGTARGQPQHF,TRBV29-1*02,None,TRBJ1-5*01,1
571,CSVGTGGGQPQYF,TRBV29-1*02,None,TRBJ1-5*01,1
572,CSVGTGGGQPQHF,TRBV29-1*02,None,TRBJ1-5*01,1
573,CSVGTGGCHPQNF,TRBV29-1*01,None,TRBJ1-5*01,1
574,CSVGTCGGQPQHF,TRBV29-1*02,None,TRBJ1-5*01,1
575,CSVGTAWGQPQHF,TRBV29-1*02,None,TRBJ1-5*01,1
576,CSVGTAVSQPQHF,TRBV29-1*02,None,TRBJ1-5*01,1
577,CVSSLPGTLYEQFF,TRBV5-1*02,None,TRBJ2-7*01,1
578,CSVGTAVGQAQYF,TRBV29-1*02,None,TRBJ1-5*01,1
579,CSVGTARGQPHHF,TRBV29-1*02,None,TRBJ1-5*01,1
580,CSVGTKGGQPQDF,TRBV29-1*02,None,TRBJ1-5*01,1
581,CVSSYRKYGYNF,TRBV6-6*03,None,TRBJ1-2*01,1
582,CSVGTARCQPQHF,TRBV29-1*02,None,TRBJ1-5*01,1
583,CSVGTAGYQPQHF,TRBV29-1*02,None,TRBJ1-5*01,1
584,CSVGTAGVQTQHF,TRBV29-1*01,None,TRBJ1-5*01,1
585,CSVGTAGVHTQHF,TRBV29-1*02,None,TRBJ1-5*01,1
586,CSVGTAGSQTQHF,TRBV29-1*02,None,TRBJ1-5*01,1
587,CSVGTAGSQPQLF,TRBV29-1*02,None,TRBJ1-5*01,1
588,CSVGTAGSQAQHF,TRBV29-1*02,None,TRBJ1-5*01,1
589,CSVGTIGGHPQHF,TRBV29-1*02,None,TRBJ1-5*01,1
590,CSVGTLAGQPQHF,TRBV29-1*02,None,TRBJ1-5*01,1
591,CSVGTSGAQPQNF,TRBV29-1*02,None,TRBJ1-5*01,1
592,CSVGTLGGQPQNF,TRBV29-1*02,None,TRBJ1-5*01,1
593,CSVGTLWGQPQHF,TRBV29-1*02,None,TRBJ1-5*01,1
594,CSVGTLVGQSQHF,TRBV29-1*02,None,TRBJ1-5*01,1
595,CSVGTLVGHTQNF,TRBV29-1*02,None,TRBJ1-5*01,1
596,CSVGTLRGQPQHF,TRBV29-1*02,None,TRBJ1-5*01,1
597,CSVGTLMGQPPYF,TRBV29-1*01,None,TRBJ1-5*01,1
598,CSVGTLGSQHQHF,TRBV29-1*02,None,TRBJ1-5*01,1
599,CSVGTLGGQRQHF,TRBV29-1*02,None,TRBJ1-5*01,1
600,CSVGTLGGQPQYF,TRBV29-1*02,None,TRBJ1-5*01,1
601,CTVWTSGRKPQHF,TRBV29-1*02,None,TRBJ1-5*01,1
602,CSVGTLEGQHQNF,TRBV29-1*02,None,TRBJ1-5*01,1
603,CSVGTLGGQPQHF,TRBV29-1*01,None,TRBJ1-5*01,1
604,CSVGTLGGQPLHF,TRBV29-1*02,None,TRBJ1-5*01,1
605,CSVGTLGGQDQHF,TRBV29-1*02,None,TRBJ1-5*01,1
606,CVRSLVTGTKDTQYF,TRBV7-9*04,None,TRBJ2-3*01,1
607,CSVGTLGGEPQHF,TRBV29-1*02,None,TRBJ1-5*01,1
608,CSVGTLGCKPQQF,TRBV29-1*02,None,TRBJ1-5*01,1
609,CSVGTLGAQPQHF,TRBV29-1*02,None,TRBJ1-5*01,1
610,CSVGTLEGQPQHF,TRBV29-1*02,None,TRBJ1-5*01,1
611,CSVGTAGGQTQYF,TRBV29-1*02,None,TRBJ1-5*01,1
612,CSVGTAGGQTQSF,TRBV29-1*02,None,TRBJ1-5*01,1
613,CSVGTAGGQTQNF,TRBV29-1*01,None,TRBJ1-5*01,1
614,CSVGSSGVQPQHF,TRBV29-1*02,None,TRBJ1-5*01,1
615,CSVGTAEGQPQHF,TRBV29-1*02,None,TRBJ1-5*01,1
616,CSVGTAAGQPQHF,TRBV29-1*02,None,TRBJ1-5*01,1
617,CSVGTAAGHPQHF,TRBV29-1*02,None,TRBJ1-5*01,1
618,CSVGSTGIKPQDF,TRBV29-1*02,None,TRBJ1-5*01,1
619,CSVGSSWGQPQNF,TRBV29-1*02,None,TRBJ1-5*01,1
620,CSVGSSWGQPQHF,TRBV29-1*02,None,TRBJ1-5*01,1
621,CSVGSSRGQPQHF,TRBV29-1*02,None,TRBJ1-5*01,1
622,CSVGSSMWEIQHF,TRBV29-1*02,None,TRBJ1-2*01,1
623,CSVGSSGVETQHF,TRBV29-1*02,None,TRBJ1-5*01,1
624,CVSSYSNYGYTF,TRBV6-6*03,None,TRBJ1-2*01,1
625,CSVGSSGSQPHHF,TRBV29-1*02,None,TRBJ1-5*01,1
626,CSVGSSGGQTQRF,TRBV29-1*02,None,TRBJ1-5*01,1
627,CSVGSSGGQTQIF,TRBV29-1*02,None,TRBJ1-5*01,1
628,CYVGTSGGQPQHF,TRBV29-1*02,None,TRBJ1-5*01,1
629,CSVGSSGGQTQHF,TRBV20-1*04,None,TRBJ1-5*01,1
630,CSVGSSGGQRQHF,TRBV29-1*02,None,TRBJ1-5*01,1
631,CSVGSSGGQQQYF,TRBV29-1*02,None,TRBJ1-5*01,1
632,CSVGSSGGQPRHF,TRBV29-1*02,None,TRBJ1-5*01,1
633,CSVGTAGCKQQHF,TRBV29-1*02,None,TRBJ1-5*01,1
634,CSVGTAGCQPPHF,TRBV29-1*02,None,TRBJ1-5*01,1
635,CSVGTAGCQPQHF,TRBV29-1*02,None,TRBJ1-5*01,1
636,CSVGTAGDQPQHF,TRBV29-1*02,None,TRBJ1-5*01,1
637,CSVGTAGGQPQQF,TRBV29-1*02,None,TRBJ1-5*01,1
638,CVVGNSGGQPQHF,TRBV29-1*02,None,TRBJ1-5*01,1
639,CVVGTSGGQPQHF,TRBV29-1*02,None,TRBJ1-5*01,1
640,CSVGTAGGQPQHF,TRBV29-1*01,None,TRBJ1-5*01,1
641,CSVGTAGGQPLHF,TRBV29-1*02,None,TRBJ1-5*01,1
642,CSVGTAGGQPKHF,TRBV29-1*02,None,TRBJ1-5*01,1
643,CSVGTAGGQPEHF,TRBV29-1*02,None,TRBJ1-5*01,1
644,CVVGTSGGQPQNF,TRBV29-1*03,None,TRBJ1-5*01,1
645,CSVGTAGGQHHHF,TRBV29-1*02,None,TRBJ1-5*01,1
646,CSVGTAGGQAQYF,TRBV29-1*02,None,TRBJ1-5*01,1
647,CYDGTSGGKPQNF,TRBV29-1*01,None,TRBJ1-5*01,1
648,CSVGTAGGPPQHF,TRBV29-1*02,None,TRBJ1-5*01,1
649,CSVGTAGGKTQNF,TRBV20-1*06,None,TRBJ1-5*01,1
650,CSVGTAGGHPQHF,TRBV29-1*02,None,TRBJ1-5*01,1
651,CSVGTAGGETQHF,TRBV29-1*02,None,TRBJ1-5*01,1
652,CSVGTAGGEPLHF,TRBV29-1*02,None,TRBJ1-5*01,1
653,CSVGTAGGDTQNF,TRBV29-1*02,None,TRBJ1-5*01,1
654,CTVWTSGGQTQHF,TRBV29-1*03,None,TRBJ1-5*01,1
655,CSVGTPGCHPQHF,TRBV29-1*02,None,TRBJ1-5*01,1
656,CSVGTPGCKPQHF,TRBV29-1*02,None,TRBJ1-5*01,1
657,CSVGTSEAKPKHF,TRBV29-1*02,None,TRBJ1-5*01,1
658,CTVRTSWGHPQHF,TRBV29-1*02,None,TRBJ1-6*01,1
659,CSVGTSEGEPQQF,TRBV29-1*02,None,TRBJ1-5*01,1
660,CSVGTSEGEPQHF,TRBV29-1*02,None,TRBJ1-5*01,1
661,CSVGTSEGEPEHF,TRBV29-1*02,None,TRBJ1-5*01,1
662,CSVGTSEGEHQLF,TRBV29-1*01,None,TRBJ1-5*01,1
663,CSVGTSEDQPQNF,TRBV29-1*02,None,TRBJ1-5*01,1
664,CTVVPSGGQGHPF,TRBV20-1*06,None,TRBJ1-5*01,1
665,CSVGTSEARPQHF,TRBV29-1*02,None,TRBJ1-5*01,1
666,CSVGTSDGQPQYF,TRBV29-1*02,None,TRBJ1-5*01,1
667,CSVGTSAGQPPYF,TRBV29-1*02,None,TRBJ1-5*01,1
668,CSVGTSDGEPQHF,TRBV29-1*02,None,TRBJ1-5*01,1
669,CTVVTSGGHPQHF,TRBV29-1*02,None,TRBJ1-5*01,1
670,CSVGTSAVQAQHF,TRBV29-1*02,None,TRBJ1-5*01,1
671,CSVGTSASQPQHF,TRBV29-1*02,None,TRBJ1-1*01,1
672,CSVGTSASQAQYF,TRBV29-1*02,None,TRBJ1-5*01,1
673,CSVGTSARHTQYF,TRBV29-1*02,None,TRBJ1-5*01,1
674,CSVGTSAGWPQHF,TRBV29-1*01,None,TRBJ1-6*01,1
675,CSVGTSAGRPQHF,TRBV29-1*02,None,TRBJ1-5*01,1
676,CSVGTSEGKPQPF,TRBV29-1*02,None,TRBJ1-5*01,1
677,CSVGTSEGLHEHF,TRBV29-1*02,None,TRBJ1-5*01,1
678,CTVGTSWGHPQHF,TRBV29-1*02,None,TRBJ1-5*01,1
679,CSVGTSEGQLYHF,TRBV29-1*02,None,TRBJ1-5*01,1
680,CTVGTSVDQPQHF,TRBV29-1*02,None,TRBJ1-5*01,1
681,CSVGTSGAQPQDF,TRBV29-1*02,None,TRBJ1-5*01,1
682,CSVGTSGAQPLHF,TRBV29-1*02,None,TRBJ1-5*01,1
683,CSVGTSGAQPHNF,TRBV29-1*02,None,TRBJ1-5*01,1
684,CSVGTSGAQHQHF,TRBV29-1*02,None,TRBJ1-5*01,1
685,CSVGTSGAQAQQF,TRBV29-1*02,None,TRBJ1-5*01,1
686,CSVGTSGAQAQHF,TRBV29-1*02,None,TRBJ1-5*01,1
687,CSVGTSGAPPQHF,TRBV29-1*02,None,TRBJ1-5*01,1
688,CSVGTSGAKPQHF,TRBV29-1*02,None,TRBJ1-5*01,1
689,CSVGTSGAKPHHF,TRBV29-1*01,None,TRBJ1-5*01,1
690,CSVGTSFGQPQHF,TRBV29-1*02,None,TRBJ1-5*01,1
691,CSVGTSESQAQHF,TRBV29-1*02,None,TRBJ1-5*01,1
692,CSVGTSEGQPYHF,TRBV29-1*02,None,TRBJ1-5*01,1
693,CSVGTSEGQPQQF,TRBV29-1*02,None,TRBJ1-5*01,1
694,CTVGTSVGHPQHF,TRBV29-1*01,None,TRBJ1-5*01,1
695,CSVGTSEGQPLNF,TRBV29-1*02,None,TRBJ1-5*01,1
696,CSVGTSEGQNQHF,TRBV29-1*02,None,TRBJ1-5*01,1
697,CTVWTSEGQLQPF,TRBV29-1*02,None,TRBJ1-5*01,1
698,CSVGTSAGQPPHF,TRBV29-1*02,None,TRBJ1-5*01,1
699,CSVGTPGDHPKNF,TRBV29-1*02,None,TRBJ1-5*01,1
700,CTVWTSGGQPQHF,TRBV29-1*02,None,TRBJ1-5*01,1
701,CSVGTPRGQPQHF,TRBV29-1*02,None,TRBJ1-5*01,1
702,CSVGTPGSQPQHF,TRBV29-1*02,None,TRBJ1-5*01,1
703,CSVGTPGSNPQHF,TRBV29-1*02,None,TRBJ1-5*01,1
704,CSVGTPGGQTQYF,TRBV29-1*02,None,TRBJ1-5*01,1
705,CSVGTPGGQSQHF,TRBV29-1*02,None,TRBJ1-5*01,1
706,CSVGTPGGQPRHF,TRBV29-1*02,None,TRBJ1-5*01,1
707,CSVGTPGGQPQRF,TRBV29-1*02,None,TRBJ1-5*01,1
708,CSVGTPGGQPQNF,TRBV29-1*02,None,TRBJ1-5*01,1
709,CSVGTPGGQPKHF,TRBV29-1*02,None,TRBJ1-5*01,1
710,CSVGTSAGQPKHF,TRBV29-1*02,None,TRBJ1-5*01,1
711,CTVWTSGGQPQHF,TRBV29-1*03,None,TRBJ1-5*01,1
712,CSVGTPGGQLQHF,TRBV29-1*02,None,TRBJ1-5*01,1
713,CSVGTPGGLPLHF,TRBV29-1*01,None,TRBJ1-5*01,1
714,CSVGTPGGKPQHF,TRBV29-1*02,None,TRBJ1-5*01,1
715,CSVGTPGGKHQHF,TRBV29-1*01,None,TRBJ1-5*01,1
716,CSVGTPGGHPQHF,TRBV29-1*02,None,TRBJ1-5*01,1
717,CSVGTPGGEPQHF,TRBV29-1*02,None,TRBJ1-5*01,1
718,CSVGTPGDQPQHF,TRBV29-1*01,None,TRBJ1-5*01,1
719,CSVGTPVVQTENF,TRBV29-1*02,None,TRBJ1-5*01,1
720,CSVGTPWGQPQHF,TRBV29-1*02,None,TRBJ1-5*01,1
721,CSVGTRECQPQHF,TRBV29-1*02,None,TRBJ1-5*01,1
722,CSVGTRGSQAQHF,TRBV29-1*02,None,TRBJ2-4*01,1
723,CSVGTSAGQPHHF,TRBV29-1*02,None,TRBJ1-5*01,1
724,CTVWTSGGQPKNF,TRBV29-1*02,None,TRBJ1-5*01,1
725,CSVGTSAGQLQHF,TRBV29-1*02,None,TRBJ1-5*01,1
726,CSVGTSAGQHLHF,TRBV29-1*02,None,TRBJ1-5*01,1
727,CSVGTSAGQDEHF,TRBV29-1*02,None,TRBJ1-5*01,1
728,CSVGTSAGQAQHF,TRBV29-1*02,None,TRBJ1-5*01,1
729,CSVGTSAGLPHLF,TRBV29-1*02,None,TRBJ1-5*01,1
730,CSVGTSAGHPQNF,TRBV29-1*02,None,TRBJ1-5*01,1
731,CSVGTSAGHPHHF,TRBV29-1*02,None,TRBJ1-5*01,1
732,CSVGTSAGETQYF,TRBV29-1*02,None,TRBJ1-5*01,1
733,CSVGTSAGEPQYF,TRBV29-1*02,None,TRBJ1-5*01,1
734,CSVGTSAGEPQHF,TRBV29-1*02,None,TRBJ1-5*01,1
735,CSVGTSAGEAQHF,TRBV29-1*02,None,TRBJ1-5*01,1
736,CSVGTSAFQPQHF,TRBV29-1*02,None,TRBJ1-5*01,1
737,CSVGTSADQPQHF,TRBV29-1*02,None,TRBJ1-5*01,1
738,CSVGTRVTQAQLF,TRBV29-1*02,None,TRBJ1-5*01,1
739,CSVGTRGSQPQHF,TRBV29-1*02,None,TRBJ1-5*01,1
740,CSVGTSGGKPENF,TRBV29-1*02,None,TRBJ1-5*01,1
741,CSVGTSGGQPPQF,TRBV29-1*02,None,TRBJ1-5*01,1
742,CSVGTSGGKPKHF,TRBV29-1*02,None,TRBJ1-5*01,1
743,CSVGTSWGTPQPF,TRBV29-1*02,None,TRBJ1-5*01,1
744,CSVGTTGTQPQHF,TRBV29-1*02,None,TRBJ1-5*01,1
745,CSVGTTGRQPQHF,TRBV29-1*02,None,TRBJ1-5*01,1
746,CSVGTTGGQPQYF,TRBV29-1*02,None,TRBJ1-5*01,1
747,CSVWTSGGQPKHF,TRBV29-1*01,None,TRBJ1-5*01,1
748,CSVGTTGGQLQHF,TRBV29-1*02,None,TRBJ1-5*01,1
749,CSVGTTGDQPQHF,TRBV29-1*02,None,TRBJ1-5*01,1
750,CSVGTTESQPQHF,TRBV29-1*02,None,TRBJ1-5*01,1
751,CSVGTTEGQPQHF,TRBV29-1*02,None,TRBJ1-5*01,1
752,CSVGTSWSQHQHF,TRBV29-1*02,None,TRBJ1-5*01,1
753,CSVGTSWGQPQQF,TRBV29-1*02,None,TRBJ1-5*01,1
754,CSVWTSGGQPENF,TRBV29-1*02,None,TRBJ1-5*01,1
755,CSVGTSWGQPQNF,TRBV29-1*02,None,TRBJ1-5*01,1
756,CSVGTSWGQPLHF,TRBV29-1*02,None,TRBJ1-5*01,1
757,CSVGTSWGQPHHF,TRBV29-1*02,None,TRBJ1-5*01,1
758,CSVGTSWGQLQPF,TRBV29-1*02,None,TRBJ1-5*01,1
759,CSVGTSWGQHQHF,TRBV29-1*02,None,TRBJ1-5*01,1
760,CSVGTSWGQAQHF,TRBV29-1*02,None,TRBJ1-5*01,1
761,CSVGTSWGPLQHF,TRBV29-1*02,None,TRBJ1-5*01,1
762,CSVGTSWGHPQHF,TRBV29-1*02,None,TRBJ1-5*01,1
763,CSVGTSWGEPQHF,TRBV29-1*02,None,TRBJ1-5*01,1
764,CSVGTTRGQPQHF,TRBV29-1*02,None,TRBJ1-5*01,1
765,CSVGTTRRQPQHF,TRBV29-1*02,None,TRBJ1-5*01,1
766,CSVGTTVGHPQHF,TRBV29-1*02,None,TRBJ1-5*01,1
767,CSVGTTWGQPQHF,TRBV29-1*02,None,TRBJ1-5*01,1
768,CSVRTSGGQAQHF,TRBV29-1*02,None,TRBJ1-5*01,1
769,CSVRTSGGPPQHF,TRBV29-1*02,None,TRBJ1-5*01,1
770,CSVRTSGGHDQHF,TRBV29-1*02,None,TRBJ1-5*01,1
771,CSVRTSGGEPQHF,TRBV29-1*02,None,TRBJ1-5*01,1
772,CSVRTSGDQPQHF,TRBV29-1*02,None,TRBJ1-5*01,1
773,CSVRTSGAQSQQF,TRBV29-1*02,None,TRBJ1-5*01,1
774,CSVRTSGAQPQHF,TRBV29-1*02,None,TRBJ1-5*01,1
775,CSVRTSAGQHQHF,TRBV29-1*02,None,TRBJ1-5*01,1
776,CSVRTAGGQPQHF,TRBV29-1*02,None,TRBJ1-5*01,1
777,CSVRSSGGQPQHF,TRBV29-1*02,None,TRBJ1-5*01,1
778,CSVRSSERDPQHF,TRBV29-1*02,None,TRBJ1-5*01,1
779,CSVRISGGQPQHF,TRBV29-1*02,None,TRBJ1-5*01,1
780,CSVPTSGGQPQHF,TRBV29-1*02,None,TRBJ1-5*01,1
781,CSVLSGGVSGANVLTF,TRBV29-1*02,None,TRBJ2-6*01,1
782,CSVHSAPGQAQYF,TRBV29-1*02,None,TRBJ1-5*01,1
783,CSVGVSGGQPQYF,TRBV29-1*02,None,TRBJ1-5*01,1
784,CSVGVSGDQPQHF,TRBV29-1*02,None,TRBJ1-5*01,1
785,CSVGTYRGQPQHF,TRBV29-1*02,None,TRBJ1-5*01,1
786,CSVGTVGGQPQHF,TRBV29-1*02,None,TRBJ1-5*01,1
787,CSVGTSWDQPQHF,TRBV29-1*02,None,TRBJ1-5*01,1
788,CSVGTSVVQTQNF,TRBV29-1*02,None,TRBJ1-5*01,1
789,CSVGTSVVQPQHF,TRBV29-1*02,None,TRBJ1-5*01,1
790,CSVGTSVDQPQHF,TRBV29-1*02,None,TRBJ1-5*01,1
791,CSVGTSVCHPLHF,TRBV29-1*02,None,TRBJ1-5*01,1
792,CSVGTSVAQPQHF,TRBV29-1*02,None,TRBJ1-5*01,1
793,CSVGTSTGQPQHF,TRBV29-1*02,None,TRBJ1-5*01,1
794,CSVGTSTGQPEHF,TRBV29-1*02,None,TRBJ1-5*01,1
795,CSVGTSSGQTHQF,TRBV29-1*01,None,TRBJ1-5*01,1
796,CSVGTSSGKPLPF,TRBV29-1*02,None,TRBJ1-5*01,1
797,CSVWTSGGQPQHF,TRBV29-1*03,None,TRBJ1-5*01,1
798,CSVGTSRRQPQHF,TRBV29-1*01,None,TRBJ1-5*01,1
799,CSVGTSRGTHPHF,TRBV29-1*02,None,TRBJ1-5*01,1
800,CSVGTSRGQPRHF,TRBV29-1*02,None,TRBJ1-5*01,1
801,CSVGTSRGQPQNF,TRBV29-1*02,None,TRBJ1-5*01,1
802,CSVGTSRGQPQHF,TRBV29-1*01,None,TRBJ1-5*01,1
803,CSVGTSRGQPLHF,TRBV29-1*02,None,TRBJ1-5*01,1
804,CSVGTSRGQLQHF,TRBV29-1*02,None,TRBJ1-5*01,1
805,CSVGTSRGQHQHF,TRBV29-1*02,None,TRBJ1-5*01,1
806,CSVGTSRGQHQHF,TRBV29-1*01,None,TRBJ1-5*01,1
807,CSVGTSRGQAQHF,TRBV29-1*02,None,TRBJ1-5*01,1
808,CSVGTSRGQAKHF,TRBV29-1*02,None,TRBJ1-5*01,1
809,CSVGTSRGHHQHF,TRBV29-1*02,None,TRBJ1-5*01,1
810,CSVGTSVCQPQHF,TRBV29-1*02,None,TRBJ1-5*01,1
811,CSVGTSVGHPQHF,TRBV29-1*01,None,TRBJ1-5*01,1
812,CSVGTSVVKPQHF,TRBV29-1*02,None,TRBJ1-5*01,1
813,CSVGTSVGHTQHF,TRBV29-1*02,None,TRBJ1-5*01,1
814,CSVWTSGGQPKHF,TRBV29-1*03,None,TRBJ1-5*01,1
815,CSVGTSVSQPKYF,TRBV29-1*02,None,TRBJ1-5*01,1
816,CSVGTSVGRPQHF,TRBV29-1*02,None,TRBJ1-5*01,1
817,CSVGTSVGQSQYF,TRBV29-1*02,None,TRBJ1-5*01,1
818,CSVGTSVGQSQHF,TRBV29-1*02,None,TRBJ1-5*01,1
819,CSVGTSVGQPQRF,TRBV29-1*02,None,TRBJ1-5*01,1
820,CSVGTSVGQPQQF,TRBV29-1*02,None,TRBJ1-5*01,1
821,CSVGTSVGQPQNF,TRBV29-1*02,None,TRBJ1-5*01,1
822,CSVWTSGGQPQDF,TRBV29-1*01,None,TRBJ1-5*01,1
823,CSVGTSVGQPHHF,TRBV29-1*02,None,TRBJ1-5*01,1
824,CSVGTSVGQPEHF,TRBV29-1*02,None,TRBJ1-5*01,1
825,CSVGTSVGQHQHF,TRBV29-1*01,None,TRBJ1-5*01,1
826,CSVGTSVGQHDHF,TRBV29-1*02,None,TRBJ1-5*01,1
827,CSVGTSVGQAQYF,TRBV29-1*02,None,TRBJ1-5*01,1
828,CSVGTSVGQAQNF,TRBV29-1*02,None,TRBJ1-5*01,1
829,CSVGTSVGPPQHF,TRBV29-1*02,None,TRBJ1-5*01,1
830,CSVGTSVGKPQHF,TRBV29-1*02,None,TRBJ1-5*01,1
831,CSVGTSVGKLQHF,TRBV29-1*02,None,TRBJ1-5*01,1
832,CSVGTSVGHTQNF,TRBV29-1*02,None,TRBJ1-5*01,1
833,CSVRTSGGQPKNF,TRBV29-1*02,None,TRBJ1-5*01,1
834,CSVRTSGGQPQHF,TRBV29-1*02,None,TRBJ2-4*01,1
835,CSVGTSRDQPQHF,TRBV29-1*02,None,TRBJ1-5*01,1
836,CSVVTSGSQTQRF,TRBV29-1*02,None,TRBJ1-5*01,1
837,CSVVTSWGKPQHF,TRBV29-1*02,None,TRBJ1-5*01,1
838,CSVVTSWAQHQHF,TRBV29-1*02,None,TRBJ1-5*01,1
839,CSVVTSVGQPQHF,TRBV29-1*02,None,TRBJ1-5*01,1
840,CSVVTSRGQPQHF,TRBV29-1*02,None,TRBJ1-5*01,1
841,CSVVTSRGQPKHF,TRBV29-1*02,None,TRBJ1-5*01,1
842,CSVVTSLGHAQYF,TRBV29-1*02,None,TRBJ1-5*01,1
843,CSVWTSGGHPQHF,TRBV29-1*02,None,TRBJ1-5*01,1
844,CSVWTSGGNPLHF,TRBV29-1*02,None,TRBJ1-5*01,1
845,CSVVTSGVQPQHF,TRBV29-1*02,None,TRBJ1-5*01,1
846,CSVWTSGGPPQHF,TRBV29-1*02,None,TRBJ1-5*01,1
847,CSVWTSGGQPEHF,TRBV29-1*02,None,TRBJ1-5*01,1
848,CSVVTSGSQAQTF,TRBV29-1*02,None,TRBJ1-5*01,1
849,CSVWTSGGQAQNF,TRBV29-1*02,None,TRBJ1-5*01,1
850,CSVVTSGRPPLHF,TRBV29-1*02,None,TRBJ1-5*01,1
851,CSVVTSGGQRHHF,TRBV29-1*01,None,TRBJ1-5*01,1
852,CSVVTSGGQPRHF,TRBV29-1*02,None,TRBJ1-5*01,1
853,CSVVTSGGQPQYF,TRBV29-1*02,None,TRBJ1-5*01,1
854,CSVVTSGGQPQRF,TRBV29-1*02,None,TRBJ1-5*01,1
855,CSVVTSGGQPQRF,TRBV29-1*01,None,TRBJ1-5*01,1
856,CSVVTSGGQPQQF,TRBV29-1*02,None,TRBJ1-5*01,1
857,CSVVTSWSQPQHF,TRBV29-1*02,None,TRBJ1-5*01,1
858,CSVWALGGQPQNF,TRBV29-1*02,None,TRBJ1-5*01,1
859,CSVWGSGGQPQHF,TRBV29-1*02,None,TRBJ1-5*01,1
860,CSVWISGGQPQHF,TRBV29-1*02,None,TRBJ1-5*01,1
861,CSVWTSGCQAQHF,TRBV29-1*02,None,TRBJ1-5*01,1
862,CSVWTSEGPLHHF,TRBV29-1*02,None,TRBJ1-5*01,1
863,CSVWTPGGQPQHF,TRBV29-1*02,None,TRBJ1-5*01,1
864,CSVWTPGGQPHHF,TRBV29-1*02,None,TRBJ1-5*01,1
865,CSVWTLGGQPQHF,TRBV29-1*02,None,TRBJ1-5*01,1
866,CSVWTCRGQPQHF,TRBV29-1*02,None,TRBJ1-5*01,1
867,CSVWTSGGDTQRF,TRBV29-1*02,None,TRBJ1-5*01,1
868,CSVWTAGGHTQHF,TRBV29-1*02,None,TRBJ1-5*01,1
869,CSVWTAGGEPQHF,TRBV29-1*02,None,TRBJ1-5*01,1
870,CSVWSSVGQPQHF,TRBV29-1*01,None,TRBJ1-5*01,1
871,CSVWSSGVQPQHF,TRBV29-1*02,None,TRBJ1-5*01,1
872,CSVWSSGGQTQHF,TRBV29-1*03,None,TRBJ1-5*01,1
873,CSVWSSGGQTQHF,TRBV29-1*02,None,TRBJ1-5*01,1
874,CSVWTSGGEPQHF,TRBV29-1*02,None,TRBJ1-5*01,1
875,CSVWSSGGQPKHF,TRBV29-1*02,None,TRBJ1-5*01,1
876,CSVWSAGGQPLHF,TRBV29-1*02,None,TRBJ1-5*01,1
877,CSVWSAGGEPQHF,TRBV29-1*02,None,TRBJ1-5*01,1
878,CSVWNSGGQPQHF,TRBV29-1*02,None,TRBJ1-5*01,1
879,CSVWISGSQPQHF,TRBV29-1*02,None,TRBJ1-5*01,1
880,CSVVTSGGQPPNF,TRBV29-1*02,None,TRBJ1-5*01,1
881,CSVVTSGGQPPHF,TRBV29-1*02,None,TRBJ1-5*01,1
882,CSVVTSGGQPLHF,TRBV29-1*02,None,TRBJ1-5*01,1
883,CSVVNSGGQPQHF,TRBV29-1*02,None,TRBJ1-5*01,1
884,CSVVASGGQPQRF,TRBV29-1*02,None,TRBJ1-5*01,1
885,CSVVASGGQPKHF,TRBV29-1*02,None,TRBJ1-5*01,1
886,CSVVAGFSYEQYF,TRBV20-1*02,None,TRBJ2-7*01,1
887,CSVVAGCSHEQYF,TRBV20-1*03,None,TRBJ2-7*01,1
888,CSVSTSGVQPQHF,TRBV29-1*02,None,TRBJ1-5*01,1
889,CSVSTSGGQTQHF,TRBV29-1*02,None,TRBJ1-5*01,1
890,CSVWTSGGQLPHF,TRBV29-1*02,None,TRBJ1-5*01,1
891,CSVSTSEGQPQHF,TRBV29-1*02,None,TRBJ1-5*01,1
892,CSVRTTVGQPQHF,TRBV29-1*02,None,TRBJ1-5*01,1
893,CSVRTSVGQPQHF,TRBV29-1*02,None,TRBJ1-6*01,1
894,CSVRTSVGQPQHF,TRBV29-1*01,None,TRBJ1-5*01,1
895,CSVRTSGSQPQHF,TRBV29-1*01,None,TRBJ1-5*01,1
896,CSVRTSGSQPQHF,TRBV10-1*02,None,TRBJ1-5*01,1
897,CSVRTSGGRPQHF,TRBV29-1*02,None,TRBJ1-5*01,1
898,CSVRTSGGQVQHF,TRBV29-1*03,None,TRBJ1-5*01,1
899,CSVRTSGGQTHHF,TRBV29-1*01,None,TRBJ1-5*01,1
900,CSVRTSGGQRQHF,TRBV29-1*02,None,TRBJ1-5*01,1
901,CSVRTSGGQQQHF,TRBV29-1*02,None,TRBJ2-4*01,1
902,CSVRTSGGQPQQF,TRBV29-1*02,None,TRBJ1-5*01,1
903,CSVVASVCQPQYF,TRBV29-1*02,None,TRBJ1-5*01,1
904,CSVVPSGALPEHF,TRBV29-1*02,None,TRBJ1-5*01,1
905,CSVVTSGGQPKYF,TRBV29-1*02,None,TRBJ1-5*01,1
906,CSVVPSGGEPQHF,TRBV29-1*02,None,TRBJ1-5*01,1
907,CSVVTSGGQPKNF,TRBV29-1*02,None,TRBJ1-5*01,1
908,CSVVTSGGQHQNF,TRBV29-1*02,None,TRBJ1-5*01,1
909,CSVVTSGGQATHF,TRBV29-1*02,None,TRBJ1-5*01,1
910,CSVVTSGGHPQHF,TRBV29-1*02,None,TRBJ1-5*01,1
911,CSVVTSGGEPQHF,TRBV29-1*02,None,TRBJ1-5*01,1
912,CSVVTSGFQPQNF,TRBV29-1*02,None,TRBJ1-5*01,1
913,CSVVTSEGQSQHF,TRBV29-1*02,None,TRBJ1-5*01,1
914,CSVVTSEGHPEHF,TRBV29-1*02,None,TRBJ1-5*01,1
915,CSVVTSEDQPQHF,TRBV29-1*02,None,TRBJ1-5*01,1
916,CSVVTSAGQPRHF,TRBV29-1*02,None,TRBJ1-5*01,1
917,CSVVTSAGQPQHF,TRBV29-1*02,None,TRBJ1-5*01,1
918,CSVVTPWAPPQQF,TRBV29-1*02,None,TRBJ1-5*01,1
919,CSVVTPGGQPQHF,TRBV29-1*02,None,TRBJ1-5*01,1
920,CSVVTGLSYQQYF,TRBV20-1*02,None,TRBJ2-7*01,1
921,CSVVTAGGQTQHF,TRBV29-1*02,None,TRBJ1-5*01,1
922,CSVVTAGGQPQHF,TRBV29-1*02,None,TRBJ1-5*01,1
923,CSVVSSGGHAQHF,TRBV29-1*02,None,TRBJ1-5*01,1
924,CSVVPSGSQPQHF,TRBV29-1*02,None,TRBJ1-5*01,1
925,CSVVPSGGQPQHF,TRBV29-1*01,None,TRBJ1-5*01,1
926,CSVGTSRGEPQNF,TRBV29-1*02,None,TRBJ1-5*01,1
927,CSVGTSRCQPEHF,TRBV29-1*02,None,TRBJ1-5*01,1
928,CSVGTSGGKPLPF,TRBV29-1*02,None,TRBJ1-5*01,1
929,CSVGTSGGQLQYF,TRBV29-1*02,None,TRBJ1-5*01,1
930,CTGGTSGGQPQHF,TRBV29-1*02,None,TRBJ1-5*01,1
931,CSVGTSGGQPGLF,TRBV29-1*02,None,TRBJ1-5*01,1
932,CSVGTSGGQPFHF,TRBV29-1*02,None,TRBJ1-5*01,1
933,CSVGTSGGQPEYF,TRBV29-1*02,None,TRBJ1-5*01,1
934,CSVGTSGGQPEQF,TRBV29-1*02,None,TRBJ1-5*01,1
935,CTIGTSWGQPQHF,TRBV29-1*02,None,TRBJ1-5*01,1
936,CTSGTSGGQPQHF,TRBV10-1*02,None,TRBJ1-5*01,1
937,CSVGTSGGQPELF,TRBV29-1*02,None,TRBJ1-5*01,1
938,CTSNYSNYGYSF,TRBV6-6*03,None,TRBJ1-2*01,1
939,CSVGTSGGQLQRF,TRBV29-1*02,None,TRBJ1-5*01,1
940,CSVGTSGGQPQSF,TRBV29-1*01,None,TRBJ1-5*01,1
941,CSVGTSGGQLQNF,TRBV29-1*02,None,TRBJ1-5*01,1
942,CTSSTRETHTQYF,TRBV29-1*01,None,TRBJ1-5*01,1
943,CTSSYGVNTEALF,TRBV6-6*03,None,TRBJ1-1*01,1
944,CSVGTSGGQLFHF,TRBV29-1*02,None,TRBJ1-5*01,1
945,CSVGTSGGQIQQF,TRBV29-1*02,None,TRBJ1-5*01,1
946,CSVGTSGGQHQQF,TRBV29-1*02,None,TRBJ1-5*01,1
947,CTSTPGAPVRYQYF,TRBV25-1*01,None,TRBJ2-7*01,1
948,CTTGHGTSYEQYF,TRBV2*03,None,TRBJ2-7*01,1
949,CSVGTSGGQHNHF,TRBV29-1*02,None,TRBJ1-5*01,1
950,CSVGTSGGQPHLF,TRBV29-1*02,None,TRBJ1-5*01,1
951,CTFGISGGQPQHF,TRBV29-1*02,None,TRBJ1-5*01,1
952,CSVGTSGGQPHQF,TRBV29-1*02,None,TRBJ1-5*01,1
953,CSVGTSGGQPHYF,TRBV29-1*02,None,TRBJ1-5*01,1
954,CSVWTSVGQPKHF,TRBV29-1*02,None,TRBJ1-5*01,1
955,CSVWTSVGQPQNF,TRBV29-1*02,None,TRBJ1-5*01,1
956,CSVGTSGGQPQKF,TRBV29-1*02,None,TRBJ1-5*01,1
957,CSVWTSWGQPHHF,TRBV29-1*02,None,TRBJ1-5*01,1
958,CSVWTSWGQTQHF,TRBV29-1*01,None,TRBJ1-5*01,1
959,CSVWTSGAQPLHF,TRBV29-1*02,None,TRBJ1-5*01,1
960,CSVGTSGGQPPNF,TRBV29-1*02,None,TRBJ1-5*01,1
961,CSVWYSGGQPQHF,TRBV29-1*02,None,TRBJ1-5*01,1
962,CSVWYSVGQPQHF,TRBV29-1*02,None,TRBJ1-5*01,1
963,CSYRTSGGQPQHF,TRBV29-1*03,None,TRBJ1-5*01,1
964,CTAGTSGGQPQHF,TRBV29-1*02,None,TRBJ1-5*01,1
965,CSVGTSGGQPNHF,TRBV29-1*02,None,TRBJ1-5*01,1
966,CSVGTSGGQPLYF,TRBV29-1*02,None,TRBJ1-5*01,1
967,CSVGTSGGQPLNF,TRBV29-1*02,None,TRBJ1-5*01,1
968,CTAGTSGSQPQHF,TRBV29-1*03,None,TRBJ1-5*01,1
969,CSVGTSGGQPKRF,TRBV29-1*02,None,TRBJ1-5*01,1
970,CSVGTSGGQPKLF,TRBV29-1*02,None,TRBJ1-5*01,1
971,CSVGTSGGQPKHF,TRBV29-1*02,None,TRBJ1-6*01,1
972,CTAVAVFSYEQYF,TRBV20-1*06,None,TRBJ2-7*01,1
973,CSVGTSGGQHKHF,TRBV29-1*02,None,TRBJ1-5*01,1
974,CTVATSGGQPKHF,TRBV29-1*02,None,TRBJ1-5*01,1
975,CTVATSGSQPQHF,TRBV29-1*02,None,TRBJ1-5*01,1
976,CSVGTSGGPPLPF,TRBV29-1*02,None,TRBJ1-5*01,1
977,CSVGTSGGPPHPF,TRBV29-1*02,None,TRBJ1-5*01,1
978,CSVGTSGGPAQHF,TRBV29-1*01,None,TRBJ1-5*01,1
979,CSVGTSGGNSQHF,TRBV29-1*02,None,TRBJ1-5*01,1
980,CSVGTSGGLPRHF,TRBV29-1*02,None,TRBJ1-5*01,1
981,CTVGTAGGQPQHF,TRBV29-1*02,None,TRBJ1-5*01,1
982,CSVGTSGGLPPHF,TRBV29-1*01,None,TRBJ1-5*01,1
983,CSVGTSGGLPLHF,TRBV29-1*02,None,TRBJ1-5*01,1
984,CSVGTSGGLPKNF,TRBV29-1*02,None,TRBJ1-5*01,1
985,CTVGTAGSHAQYF,TRBV29-1*02,None,TRBJ1-5*01,1
986,CSVGTSGGLPKHF,TRBV29-1*02,None,TRBJ1-5*01,1
987,CTVGTAGSQPQHF,TRBV29-1*03,None,TRBJ1-5*01,1
988,CSVGTSGGLPHHF,TRBV29-1*02,None,TRBJ1-5*01,1
989,CSVGTSGGLLQHF,TRBV29-1*02,None,TRBJ1-5*01,1
990,CSVGTSGGLAQQF,TRBV29-1*02,None,TRBJ1-5*01,1
991,CSVGTSGGKTQHF,TRBV29-1*01,None,TRBJ1-5*01,1
992,CSVGTSGGKPQNF,TRBV29-1*02,None,TRBJ1-5*01,1
993,CSVGTSGGKPQLF,TRBV29-1*02,None,TRBJ1-5*01,1
994,CTVGTSGGHPQLF,TRBV29-1*02,None,TRBJ1-5*01,1
995,CSVGTSGGKPPNF,TRBV29-1*02,None,TRBJ1-5*01,1
996,CSVGTSGGPPLHF,TRBV29-1*02,None,TRBJ1-5*01,1
997,CTVGSSGSPAPHF,TRBV29-1*03,None,TRBJ1-5*01,1
998,CTVETSGGQPQHF,TRBV29-1*02,None,TRBJ1-5*01,1
999,CSVGTSGGPPQNF,TRBV29-1*02,None,TRBJ1-5*01,1
1000,CTVETSGGQPQHF,TRBV29-1*03,None,TRBJ1-5*01,1
1001,CSVGTSGGQDEYF,TRBV29-1*02,None,TRBJ1-5*01,1
1002,CSVGTSGGQCQHF,TRBV29-1*02,None,TRBJ1-5*01,1
1003,CTVGPSGCQPQHF,TRBV29-1*02,None,TRBJ1-5*01,1
1004,CSVGTSGGQAQRF,TRBV29-1*02,None,TRBJ1-5*01,1
1005,CSVGTSGGQAQPF,TRBV29-1*02,None,TRBJ1-5*01,1
1006,CTVGSSGGQPQHF,TRBV29-1*02,None,TRBJ1-5*01,1
1007,CTVGSSGGQTQHF,TRBV29-1*02,None,TRBJ1-5*01,1
1008,CSVGTSGGQAPHF,TRBV29-1*02,None,TRBJ1-5*01,1
1009,CSVGTSGGQALHF,TRBV29-1*02,None,TRBJ1-5*01,1
1010,CSVGTSGGQAKHF,TRBV29-1*02,None,TRBJ1-5*01,1
1011,CSVGTSGGQAHNF,TRBV29-1*02,None,TRBJ1-5*01,1
1012,CSVGTSGGQAHHF,TRBV29-1*02,None,TRBJ1-5*01,1
1013,CSVGTSGGQAHHF,TRBV29-1*01,None,TRBJ1-5*01,1
1014,CSVGTSGGPTQHF,TRBV29-1*02,None,TRBJ1-5*01,1
1015,CSVGTSGGPTLHF,TRBV29-1*02,None,TRBJ1-5*01,1
1016,CSVGTSGGPQHF,TRBV29-1*02,None,TRBJ1-5*01,1
1017,CSVGTSGGPPQYF,TRBV29-1*02,None,TRBJ1-5*01,1
1018,CSVGTSGGPPQPF,TRBV29-1*02,None,TRBJ1-5*01,1
1019,CSVWTSVGQPHHF,TRBV29-1*02,None,TRBJ1-5*01,1
1020,CSVGTSGGQPQTF,TRBV29-1*02,None,TRBJ1-5*01,1
1021,CSVGTSRCQLQHF,TRBV29-1*02,None,TRBJ1-5*01,1
1022,CSVWTSGGQTQHF,TRBV29-1*01,None,TRBJ1-5*01,1
1023,CSVGTSGSQTQYF,TRBV29-1*02,None,TRBJ1-5*01,1
1024,CSVGTSGSQTQNF,TRBV29-1*02,None,TRBJ1-5*01,1
1025,CSVGTSGSQRHHF,TRBV29-1*02,None,TRBJ1-5*01,1
1026,CSVGTSGSQQQHF,TRBV29-1*02,None,TRBJ1-5*01,1
1027,CSVGTSGSQPQRF,TRBV29-1*01,None,TRBJ1-5*01,1
1028,CSVGTSGSQPQHF,TRBV29-1*02,None,TRBJ1-6*01,1
1029,CSVGTSGSQPQHF,TRBV10-1*02,None,TRBJ1-5*01,1
1030,CSVGTSGSQPPHF,TRBV29-1*02,None,TRBJ1-5*01,1
1031,CSVGTSGSQPKNF,TRBV29-1*02,None,TRBJ1-5*01,1
1032,CSVGTSGSQPEHF,TRBV29-1*02,None,TRBJ1-5*01,1
1033,CSVWTSVCQPKHF,TRBV29-1*02,None,TRBJ1-5*01,1
1034,CSVGTSGSQPEHF,TRBV29-1*01,None,TRBJ1-5*01,1
1035,CSVGTSGSQLHHF,TRBV29-1*02,None,TRBJ1-5*01,1
1036,CSVGTSGSQAQHF,TRBV29-1*02,None,TRBJ1-5*01,1
1037,CSVGTSGSPPQHF,TRBV29-1*02,None,TRBJ1-5*01,1
1038,CSVGTSGSKAQHF,TRBV29-1*02,None,TRBJ1-5*01,1
1039,CSVGTSGSEPQHF,TRBV29-1*02,None,TRBJ1-5*01,1
1040,CSVGTSGSELQHF,TRBV29-1*02,None,TRBJ1-5*01,1
1041,CSVGTSGRRTQHF,TRBV29-1*02,None,TRBJ1-5*01,1
1042,CSVGTSGRQRQHF,TRBV29-1*02,None,TRBJ1-5*01,1
1043,CSVGTSGTQVQHF,TRBV29-1*02,None,TRBJ1-5*01,1
1044,CSVGTSGVEPQHF,TRBV29-1*02,None,TRBJ1-5*01,1
1045,CSVGTSGVHSQHF,TRBV29-1*02,None,TRBJ1-5*01,1
1046,CSVGTSGVKPQHF,TRBV29-1*02,None,TRBJ1-5*01,1
1047,CSVGTSRCQHQHF,TRBV29-1*02,None,TRBJ1-5*01,1
1048,CSVGTSMGQTQHF,TRBV29-1*02,None,TRBJ1-5*01,1
1049,CSVGTSMGQPQRF,TRBV29-1*02,None,TRBJ1-5*01,1
1050,CSVGTSLGQHQHF,TRBV29-1*01,None,TRBJ1-5*01,1
1051,CSVGTSKGQPLHF,TRBV29-1*02,None,TRBJ1-5*01,1
1052,CSVGTSKGQAQHF,TRBV29-1*02,None,TRBJ2-2*01,1
1053,CSVGTSKGQAQHF,TRBV29-1*02,None,TRBJ1-5*01,1
1054,CSVGTSGWQPQHF,TRBV29-1*02,None,TRBJ1-5*01,1
1055,CSVGTSGVQPTHF,TRBV29-1*02,None,TRBJ1-5*01,1
1056,CSVGTSGVQPQTF,TRBV29-1*02,None,TRBJ1-5*01,1
1057,CSVGTSGVQPQPF,TRBV29-1*02,None,TRBJ1-5*01,1
1058,CSVGTSGVQPQLF,TRBV29-1*02,None,TRBJ1-5*01,1
1059,CSVWTSGGQPQQF,TRBV29-1*02,None,TRBJ1-5*01,1
1060,CSVGTSGVQPQHF,TRBV20-1*01,None,TRBJ1-5*01,1
1061,CSVGTSGVQPQDF,TRBV29-1*02,None,TRBJ1-5*01,1
1062,CSVGTSGVQPPHF,TRBV29-1*02,None,TRBJ1-5*01,1
1063,CSVGTSGVQPKHF,TRBV29-1*02,None,TRBJ1-5*01,1
1064,CSVGTSGVQPKHF,TRBV29-1*01,None,TRBJ1-5*01,1
1065,CSVGTSGVQLQHF,TRBV29-1*02,None,TRBJ1-5*01,1
1066,CSVWTSGGQTQNF,TRBV29-1*02,None,TRBJ1-5*01,1
1067,CSVGTSGRQPQDF,TRBV29-1*02,None,TRBJ1-5*01,1
1068,CSVGTSGRQPPHF,TRBV29-1*02,None,TRBJ1-5*01,1
1069,CSVWTSGSKPQHF,TRBV29-1*02,None,TRBJ1-5*01,1
1070,CSVGTSGGQTLHF,TRBV29-1*02,None,TRBJ1-5*01,1
1071,CSVGTSGGQTKHF,TRBV29-1*02,None,TRBJ1-5*01,1
1072,CSVGTSGGQSRHF,TRBV29-1*02,None,TRBJ1-5*01,1
1073,CSVGTSGGQSQNF,TRBV29-1*02,None,TRBJ1-5*01,1
1074,CSVGTSGGQSPHF,TRBV29-1*02,None,TRBJ1-5*01,1
1075,CSVGTSGGQSLHF,TRBV29-1*02,None,TRBJ1-5*01,1
1076,CSVWTSGSQPHHF,TRBV29-1*02,None,TRBJ1-5*01,1
1077,CSVGTSGGQRQHF,TRBV29-1*01,None,TRBJ1-5*01,1
1078,CSVGTSGGQRNNF,TRBV29-1*02,None,TRBJ1-5*01,1
1079,CSVGTSGGQRKHF,TRBV29-1*02,None,TRBJ1-5*01,1
1080,CSVGTSGGQRHHF,TRBV29-1*02,None,TRBJ1-5*01,1
1081,CSVGTSGGQQQNF,TRBV29-1*02,None,TRBJ1-5*01,1
1082,CSVWTSGVQPQRF,TRBV29-1*02,None,TRBJ1-5*01,1
1083,CSVGTSGGQQKNF,TRBV29-1*02,None,TRBJ1-5*01,1
1084,CSVWTSGVQTQHF,TRBV29-1*02,None,TRBJ1-5*01,1
1085,CSVGTSGGQPRSF,TRBV29-1*02,None,TRBJ1-5*01,1
1086,CSVGTSGGQPRQF,TRBV29-1*02,None,TRBJ1-5*01,1
1087,CSVWTSGYKSQHF,TRBV29-1*02,None,TRBJ1-5*01,1
1088,CSVGTSGGQPQYF,TRBV29-1*01,None,TRBJ1-6*02,1
1089,CSVGTSGGQTPHF,TRBV29-1*02,None,TRBJ1-5*01,1
1090,CSVGTSGGQTQLF,TRBV29-1*02,None,TRBJ1-5*01,1
1091,CSVGTSGRQPLHF,TRBV29-1*02,None,TRBJ1-5*01,1
1092,CSVGSSGGQPQRF,TRBV29-1*02,None,TRBJ1-5*01,1
1093,CSVGTSGRQPKHF,TRBV29-1*02,None,TRBJ1-5*01,1
1094,CSVGTSGRQPEHF,TRBV29-1*01,None,TRBJ1-6*01,1
1095,CSVGTSGRQLQHF,TRBV29-1*02,None,TRBJ1-5*01,1
1096,CSVGTSGRQLHHF,TRBV29-1*02,None,TRBJ1-5*01,1
1097,CSVGTSGRQHQHF,TRBV29-1*01,None,TRBJ1-5*01,1
1098,CSVGTSGRQGQHF,TRBV29-1*02,None,TRBJ1-5*01,1
1099,CSVGTSGRHTAHF,TRBV29-1*02,None,TRBJ1-5*01,1
1100,CSVGTSGREPQHF,TRBV29-1*02,None,TRBJ1-5*01,1
1101,CSVGTSGRDPQHF,TRBV29-1*02,None,TRBJ1-5*01,1
1102,CSVGTSGPKPQHF,TRBV29-1*02,None,TRBJ1-5*01,1
1103,CSVGTSGLQTQYF,TRBV29-1*02,None,TRBJ1-5*01,1
1104,CSVGTSGGYPQYF,TRBV29-1*02,None,TRBJ1-6*01,1
1105,CSVGTSGGYPQHF,TRBV29-1*02,None,TRBJ1-5*01,1
1106,CSVGTSGGRSQHF,TRBV29-1*02,None,TRBJ1-5*01,1
1107,CSVGTSGGRLQHF,TRBV29-1*02,None,TRBJ1-5*01,1
1108,CSVGTSGGRDQHF,TRBV29-1*02,None,TRBJ1-5*01,1
1109,CSVGTSGGQYQHF,TRBV29-1*02,None,TRBJ1-5*01,1
1110,CSVGTSGGQTRNF,TRBV29-1*02,None,TRBJ1-5*01,1
1111,CSVGTSGGQTQYF,TRBV29-1*01,None,TRBJ1-5*01,1
1112,CACCYGNYGYTF,TRBV6-6*03,None,TRBJ1-2*01,1
1113,CSVGASGSQSQHF,TRBV29-1*02,None,TRBJ1-5*01,1
1114,CSVGSSGGQPQNF,TRBV29-1*01,None,TRBJ1-5*01,1
1115,CGVGTSGGQPQYF,TRBV29-1*02,None,TRBJ1-5*01,1
1116,CILGTSGGQPQHF,TRBV29-1*03,None,TRBJ1-5*01,1
1117,CILGTSGGQPQHF,TRBV29-1*02,None,TRBJ1-5*01,1
1118,CIGGTAGGQPQHF,TRBV29-1*03,None,TRBJ1-5*01,1
1119,CIAGTSGGQPQHF,TRBV29-1*02,None,TRBJ1-5*01,1
1120,CGVWTSVGQPKHF,TRBV29-1*02,None,TRBJ1-5*01,1
1121,CGVVTSVGQPQHF,TRBV29-1*02,None,TRBJ1-5*01,1
1122,CGVVTSGGQAKHF,TRBV29-1*02,None,TRBJ1-5*01,1
1123,CGVRTSGGQPQHF,TRBV29-1*02,None,TRBJ1-5*01,1
1124,CGVGTSSGQPQHF,TRBV29-1*02,None,TRBJ1-5*01,1
1125,CGVGTSRGQPQHF,TRBV29-1*02,None,TRBJ1-5*01,1
1126,CGVGTSGGQPRHF,TRBV29-1*02,None,TRBJ1-5*01,1
1127,CGVGTSGGQPQQF,TRBV29-1*03,None,TRBJ1-5*01,1
1128,CIVGASGGQTQHF,TRBV29-1*02,None,TRBJ1-5*01,1
1129,CGVGTSGGQPLHF,TRBV29-1*02,None,TRBJ1-5*01,1
1130,CGVGTSGGQPEHF,TRBV29-1*02,None,TRBJ1-5*01,1
1131,CGVGTSGCQPQHF,TRBV29-1*02,None,TRBJ1-5*01,1
1132,CGVGTSGAQPQHF,TRBV29-1*02,None,TRBJ1-5*01,1
1133,CGVGTSEGQPQHF,TRBV29-1*02,None,TRBJ1-5*01,1
1134,CGVGTAGGQPQHF,TRBV29-1*02,None,TRBJ1-5*01,1
1135,CGVGTAGCQPQHF,TRBV29-1*02,None,TRBJ1-5*01,1
1136,CGVGPSGGQPQHF,TRBV29-1*02,None,TRBJ1-5*01,1
1137,CGVGNPGGQPQHF,TRBV29-1*02,None,TRBJ1-5*01,1
1138,CGVGCSGGQPQHF,TRBV29-1*02,None,TRBJ1-5*01,1
1139,CGVETSGGQPQHF,TRBV29-1*02,None,TRBJ1-5*01,1
1140,CISVAGFSYEQYF,TRBV20-1*02,None,TRBJ2-7*01,1
1141,CIVGISGGKPQHF,TRBV29-1*02,None,TRBJ1-5*01,1
1142,CGTGQGTYYEQYF,TRBV2*02,None,TRBJ2-7*01,1
1143,CIVGTSGGHPLPF,TRBV29-1*02,None,TRBJ1-5*01,1
1144,CIVGTSGVQPQHF,TRBV29-1*02,None,TRBJ1-5*01,1
1145,CIVGTSGSQSQHF,TRBV29-1*02,None,TRBJ1-5*01,1
1146,CIVGTSGRQPHNF,TRBV29-1*02,None,TRBJ1-5*01,1
1147,CIVGTSGGQTQSF,TRBV29-1*02,None,TRBJ1-5*01,1
1148,CIVGTSGGQTQHF,TRBV29-1*01,None,TRBJ1-5*01,1
1149,CIVGTSGGQSQHF,TRBV29-1*02,None,TRBJ1-5*01,1
1150,CIVGTSGGQPQNF,TRBV29-1*02,None,TRBJ1-5*01,1
1151,CIVGTSGGQPLHF,TRBV29-1*02,None,TRBJ1-5*01,1
1152,CIVGTSGGQHQHF,TRBV29-1*02,None,TRBJ1-5*01,1
1153,CIVGTSGGQAQHF,TRBV29-1*02,None,TRBJ1-5*01,1
1154,CIVGTSGGLPQFF,TRBV29-1*02,None,TRBJ1-5*01,1
1155,CIVGTSGDQPQHF,TRBV29-1*02,None,TRBJ1-5*01,1
1156,CIVGNSGCQPQHF,TRBV29-1*02,None,TRBJ1-5*01,1
1157,CIVGTSEGQPQYF,TRBV29-1*02,None,TRBJ1-5*01,1
1158,CIVGTSAGQPQHF,TRBV29-1*02,None,TRBJ1-5*01,1
1159,CIVGTSAGQPHLF,TRBV29-1*02,None,TRBJ1-5*01,1
1160,CIVGTLVGQHQHF,TRBV29-1*02,None,TRBJ1-5*01,1
1161,CIVGTAGGQPQHF,TRBV29-1*02,None,TRBJ1-5*01,1
1162,CIVGTAGGETLHF,TRBV29-1*02,None,TRBJ1-5*01,1
1163,CIVGSSGGQPQRF,TRBV29-1*02,None,TRBJ1-5*01,1
1164,CIVGSSGGQPQHF,TRBV29-1*02,None,TRBJ1-5*01,1
1165,CIVGSSGGQPLHF,TRBV29-1*02,None,TRBJ1-5*01,1
1166,CIVGPSGGQPQNF,TRBV29-1*02,None,TRBJ1-5*01,1
1167,CIVGNSVGQPQHF,TRBV29-1*02,None,TRBJ1-5*01,1
1168,CGVATSGGQPQHF,TRBV29-1*02,None,TRBJ1-5*01,1
1169,CGMRDGNNNARLIF,TRBV12-4*02,None,TRBJ1-5*01,1
1170,CAVRDGNNNTRLMF,TRBV6-6*01,None,TRBJ1-1*01,1
1171,CCGGTSRGQPQHF,TRBV29-1*03,None,TRBJ1-5*01,1
1172,CCVGTSGGHTQHF,TRBV29-1*03,None,TRBJ1-5*01,1
1173,CCVGTSGGAHQHF,TRBV29-1*02,None,TRBJ1-5*01,1
1174,CCVGTSGCQTQHF,TRBV29-1*02,None,TRBJ1-5*01,1
1175,CCVGTSGCQPQNF,TRBV29-1*02,None,TRBJ1-5*01,1
1176,CCVGPSGGQPQHF,TRBV29-1*03,None,TRBJ1-5*01,1
1177,CCVGISVGQPQHF,TRBV29-1*02,None,TRBJ1-5*01,1
1178,CCVGASRGQTQYF,TRBV29-1*02,None,TRBJ1-5*01,1
1179,CCVETSVGQPTYF,TRBV29-1*02,None,TRBJ1-5*01,1
1180,CCLGTSGGQPEHF,TRBV29-1*02,None,TRBJ1-5*01,1
1181,CCIVTSGGQPQSF,TRBV29-1*03,None,TRBJ1-5*01,1
1182,CCIGTSGGKPQHF,TRBV29-1*02,None,TRBJ1-5*01,1
1183,CCFGASGGQPQHF,TRBV29-1*02,None,TRBJ1-5*01,1
1184,CCVGTSGGQHQYF,TRBV29-1*02,None,TRBJ1-5*01,1
1185,CCFETSLRHPQHF,TRBV29-1*03,None,TRBJ1-5*01,1
1186,CAVTVGNNNARLMF,TRBV9*03,None,TRBJ1-4*01,1
1187,CAVSDGNNNARLMF,TRBV9*03,None,TRBJ1-3*01,1
1188,CAVRNGNNNARLMF,TRBV9*02,None,TRBJ1-4*01,1
1189,CAVRGGNNNARLMF,TRBV27*01,None,TRBJ1-3*01,1
1190,CAVREVNNNAKLMF,TRBV9*03,None,TRBJ2-2*01,1
1191,CAVREGNNNARLMF,TRBV9*03,None,TRBJ2-2*01,1
1192,CAVREGKHNAGLRF,TRBV9*03,None,TRBJ1-5*01,1
1193,CAVRDGYNNARLMF,TRBV9*03,None,TRBJ1-5*01,1
1194,CAVRDGNSNAKLMF,TRBV6-6*02,None,TRBJ1-4*01,1
1195,CAVRDGNSNAILMF,TRBV3-1*02,None,TRBJ1-6*01,1
1196,CCVGTSGGKPQHF,TRBV29-1*02,None,TRBJ1-5*01,1
1197,CCVGTSGGQPHHF,TRBV29-1*02,None,TRBJ1-5*01,1
1198,CGLGTSGGQPQHF,TRBV29-1*02,None,TRBJ1-5*01,1
1199,CDSRWDRFSVNSPHHF,TRBV5-5*03,None,TRBJ1-6*01,1
1200,CGLGTSGGQPLKF,TRBV29-1*02,None,TRBJ1-5*01,1
1201,CGISSSKGHPQHF,TRBV29-1*02,None,TRBJ1-5*01,1
1202,CGGGTSGGQPQHF,TRBV29-1*02,None,TRBJ1-5*01,1
1203,CGFGTLGGQPQHF,TRBV29-1*03,None,TRBJ1-5*01,1
1204,CGAVEGSSSMQYF,TRBV20-1*02,None,TRBJ2-7*01,1
1205,CEASDGNNNYRLMF,TRBV27*01,None,TRBJ1-4*01,1
1206,CDVRDGNNNARLMF,TRBV9*03,None,TRBJ1-4*01,1
1207,CDTGQGTSYVQYF,TRBV2*02,None,TRBJ2-7*01,1
1208,CDSSYSNYGYTF,TRBV6-6*03,None,TRBJ1-2*01,1
1209,CDSSYSKYGYPF,TRBV6-6*03,None,TRBJ1-2*01,1
1210,CDSSYNHSGFTF,TRBV6-2*01,None,TRBJ1-2*01,1
1211,CCVVTSGRQTQHF,TRBV29-1*02,None,TRBJ1-5*01,1
1212,CCVGTSGGQPKNF,TRBV29-1*02,None,TRBJ1-5*01,1
1213,CCVVTSGRQPQHF,TRBV29-1*03,None,TRBJ1-5*01,1
1214,CCVVTSGGKPQHF,TRBV29-1*02,None,TRBJ1-5*01,1
1215,CCVRTAVGQPQHF,TRBV29-1*02,None,TRBJ1-5*01,1
1216,CCVQTSGGQPQHF,TRBV29-1*02,None,TRBJ1-5*01,1
1217,CCVGTSGSQPQSF,TRBV29-1*02,None,TRBJ1-5*01,1
1218,CCVGTSGGQTQNF,TRBV29-1*02,None,TRBJ1-5*01,1
1219,CCVGTSGGQRQHF,TRBV29-1*02,None,TRBJ1-5*01,1
1220,CCVGTSGGQPQYF,TRBV29-1*02,None,TRBJ1-5*01,1
1221,CCVGTSGGQPQQF,TRBV29-1*02,None,TRBJ1-5*01,1
1222,CCVGTSGGQPQNF,TRBV29-1*02,None,TRBJ1-5*01,1
1223,CCVGTSGGQPQHF,TRBV29-1*03,None,TRBJ1-5*01,1
1224,CIVGTSWGQTQNF,TRBV29-1*02,None,TRBJ1-5*01,1
1225,CIVGTTGGQPQHF,TRBV29-1*02,None,TRBJ1-5*01,1
1226,CIVRTSGGQPQHF,TRBV29-1*02,None,TRBJ1-5*01,1
1227,CRVGTAGGKPQHF,TRBV29-1*02,None,TRBJ1-5*01,1
1228,CRVGTSGGKPHPF,TRBV29-1*02,None,TRBJ1-5*01,1
1229,CRVGTSGGHPQHF,TRBV29-1*03,None,TRBJ1-6*01,1
1230,CRVGTSGGHPQHF,TRBV29-1*02,None,TRBJ1-5*01,1
1231,CRVGTSGGEPQHF,TRBV29-1*02,None,TRBJ1-5*01,1
1232,CRVGTSGDQPQHF,TRBV29-1*02,None,TRBJ1-5*01,1
1233,CRVGTSGCQPQHF,TRBV29-1*02,None,TRBJ1-5*01,1
1234,CRVGTSAGQPQHF,TRBV29-1*02,None,TRBJ1-5*01,1
1235,CRVGTSAGQPQHF,TRBV29-1*01,None,TRBJ1-5*01,1
1236,CRVGTSAGQHQLF,TRBV29-1*01,None,TRBJ1-5*01,1
1237,CRVGTAGGQTQHF,TRBV29-1*02,None,TRBJ1-5*01,1
1238,CRVGTAGGQPQHF,TRBV29-1*02,None,TRBJ1-5*01,1
1239,CRVGSSGSQSQHF,TRBV29-1*02,None,TRBJ1-5*01,1
1240,CRVGTSGGPPQHF,TRBV29-1*02,None,TRBJ1-5*01,1
1241,CRVGSSGGQTQHF,TRBV29-1*02,None,TRBJ1-5*01,1
1242,CRVGSSGGQPQHF,TRBV29-1*02,None,TRBJ1-5*01,1
1243,CRVGSSGGQPKHF,TRBV29-1*02,None,TRBJ1-5*01,1
1244,CRVGSSGCQPQHF,TRBV29-1*02,None,TRBJ1-5*01,1
1245,CRVGPSGGQPQHF,TRBV29-1*02,None,TRBJ1-5*01,1
1246,CRVGNSGGQPQHF,TRBV29-1*02,None,TRBJ1-5*01,1
1247,CRVGASVGQPEHF,TRBV29-1*02,None,TRBJ1-5*01,1
1248,CRVGASGGQPQHF,TRBV29-1*02,None,TRBJ1-5*01,1
1249,CRVETSGGQPQHF,TRBV29-1*02,None,TRBJ1-5*01,1
1250,CRVETSGGQHQHF,TRBV29-1*02,None,TRBJ1-5*01,1
1251,CRVATSGGQPRHF,TRBV29-1*02,None,TRBJ1-5*01,1
1252,CRVGTSGGLPQHF,TRBV29-1*03,None,TRBJ1-5*01,1
1253,CRVGTSGGQAQHF,TRBV29-1*02,None,TRBJ1-5*01,1
1254,CIVVTLGGQTQHF,TRBV29-1*02,None,TRBJ1-5*01,1
1255,CRVGTSGSQVQHF,TRBV29-1*01,None,TRBJ1-5*01,1
1256,CRVRTSGGQPQHF,TRBV20-1*02,None,TRBJ1-5*01,1
1257,CRVRTSGGQLYHF,TRBV29-1*02,None,TRBJ1-5*01,1
1258,CRVMTSGGQPQHF,TRBV29-1*02,None,TRBJ1-5*01,1
1259,CRVGTTGGQPQHF,TRBV29-1*03,None,TRBJ1-5*01,1
1260,CRVGTTGGQPQHF,TRBV29-1*01,None,TRBJ1-5*01,1
1261,CRVGTSWAQPQHF,TRBV29-1*02,None,TRBJ1-5*01,1
1262,CRVGTSVGQPQHF,TRBV29-1*03,None,TRBJ1-5*01,1
1263,CRVGTSVGQPQHF,TRBV10-1*01,None,TRBJ1-5*01,1
1264,CRVGTSVGHTEHF,TRBV29-1*02,None,TRBJ1-5*01,1
1265,CRVGTSRSQPQHF,TRBV29-1*02,None,TRBJ1-5*01,1
1266,CRVGTSRGQHQHF,TRBV29-1*02,None,TRBJ1-5*01,1
1267,CRVGTSGSEPQHF,TRBV29-1*02,None,TRBJ1-5*01,1
1268,CRVGTSGGQLLHF,TRBV29-1*02,None,TRBJ1-5*01,1
1269,CRVGTSGGRPQHF,TRBV29-1*02,None,TRBJ1-5*01,1
1270,CRVGTSGGQTRQF,TRBV29-1*02,None,TRBJ1-5*01,1
1271,CRVGTSGGQRQHF,TRBV29-1*02,None,TRBJ1-5*01,1
1272,CRVGTSGGQPYHF,TRBV29-1*02,None,TRBJ1-5*01,1
1273,CRVGTSGGQPRHF,TRBV29-1*02,None,TRBJ1-5*01,1
1274,CRVGTSGGQPQRF,TRBV29-1*02,None,TRBJ1-5*01,1
1275,CRVGTSGGQPQPF,TRBV29-1*02,None,TRBJ1-5*01,1
1276,CRVGTSGGQPQHF,TRBV29-1*01,None,TRBJ1-5*01,1
1277,CRVGTSGGQPQHF,TRBV20-1*02,None,TRBJ1-5*01,1
1278,CRVGTSGGQPPHF,TRBV29-1*02,None,TRBJ1-5*01,1
1279,CRVGTSGGQPLHF,TRBV29-1*02,None,TRBJ1-5*01,1
1280,CRVANSGGQPQHF,TRBV29-1*03,None,TRBJ1-5*01,1
1281,CRLVTSGGQPQHF,TRBV29-1*03,None,TRBJ1-5*01,1
1282,CRLGTSGSQPQHF,TRBV29-1*03,None,TRBJ1-5*01,1
1283,CNVGSSGGQHQHF,TRBV29-1*02,None,TRBJ1-5*01,1
1284,CNVGTSGRQPLHF,TRBV29-1*01,None,TRBJ1-5*01,1
1285,CNVGTSGGQPQHF,TRBV29-1*01,None,TRBJ1-5*01,1
1286,CNVGTSGGQPLPF,TRBV29-1*02,None,TRBJ1-5*01,1
1287,CNVGTSGGQPLHF,TRBV29-1*02,None,TRBJ1-5*01,1
1288,CNVGTSGGQPHHF,TRBV29-1*02,None,TRBJ1-5*01,1
1289,CNVGTSGGHPQHF,TRBV29-1*02,None,TRBJ1-5*01,1
1290,CNVGTSGGETQHF,TRBV29-1*02,None,TRBJ1-5*01,1
1291,CNVGTSGCQPQHF,TRBV29-1*02,None,TRBJ1-5*01,1
1292,CNVGTARRQPKHF,TRBV29-1*02,None,TRBJ1-5*01,1
1293,CNVGTARGQPQHF,TRBV29-1*02,None,TRBJ1-5*01,1
1294,CNVGTAGGQPQHF,TRBV29-1*02,None,TRBJ1-5*01,1
1295,CNVGISGGQPQHF,TRBV29-1*02,None,TRBJ1-5*01,1
1296,CRLGTSGRQPQNF,TRBV29-1*02,None,TRBJ1-5*01,1
1297,CNVGASGGQPQHF,TRBV29-1*02,None,TRBJ1-5*01,1
1298,CNLGTSGGHPQHF,TRBV29-1*03,None,TRBJ1-5*01,1
1299,CMVWTSGGQPQHF,TRBV29-1*03,None,TRBJ1-5*01,1
1300,CMVGTSGGQPQPF,TRBV29-1*03,None,TRBJ1-5*01,1
1301,CLVGTSVGQPQHF,TRBV29-1*03,None,TRBJ1-5*01,1
1302,CLSSYSNYGYTF,TRBV6-7*01,None,TRBJ1-2*01,1
1303,CKVWTSGGQPQHF,TRBV29-1*02,None,TRBJ1-5*01,1
1304,CIVWTSWGQPQHF,TRBV29-1*02,None,TRBJ1-5*01,1
1305,CIVWSSGGQPQHF,TRBV29-1*02,None,TRBJ1-5*01,1
1306,CIVVTSWGQPQHF,TRBV29-1*02,None,TRBJ1-5*01,1
1307,CIVVTSGSQAQHF,TRBV29-1*02,None,TRBJ1-5*01,1
1308,CNVGTSGSQPPHF,TRBV29-1*02,None,TRBJ1-5*01,1
1309,CNVGTSRCQPQHF,TRBV29-1*02,None,TRBJ1-5*01,1
1310,CNVGTSRGQPQHF,TRBV29-1*01,None,TRBJ1-5*01,1
1311,CNVGTSVGQPQHF,TRBV29-1*02,None,TRBJ1-5*01,1
1312,CRLGTSGGQPRHF,TRBV29-1*03,None,TRBJ1-5*01,1
1313,CRLGTSGGQPQHF,TRBV29-1*03,None,TRBJ1-5*01,1
1314,CRLGTSGGKPQHF,TRBV29-1*02,None,TRBJ1-5*01,1
1315,CRLGSSGGQPQHF,TRBV29-1*03,None,TRBJ1-5*01,1
1316,CRLGSSGGQPQHF,TRBV29-1*02,None,TRBJ1-5*01,1
1317,CRIRTSGGQPHHF,TRBV29-1*03,None,TRBJ1-6*01,1
1318,CRIGTSGGHPQHF,TRBV29-1*02,None,TRBJ1-5*01,1
1319,CRIGTSGAQPQHF,TRBV10-1*01,None,TRBJ1-5*01,1
1320,CRGRTSGGQPQHF,TRBV29-1*03,None,TRBJ1-5*01,1
1321,CRGGTSGGQPQHF,TRBV29-1*01,None,TRBJ1-5*01,1
1322,CRELLGHSGGQPQHF,TRBV29-1*02,None,TRBJ1-5*01,1
1323,CRDGTSGGQPKHF,TRBV29-1*03,None,TRBJ1-5*01,1
1324,CRDGTPGGQPLHF,TRBV29-1*03,None,TRBJ1-5*01,1
1325,CRAGTSGGQPLHF,TRBV29-1*02,None,TRBJ1-5*01,1
1326,CRAAAGVSYEQYF,TRBV20-1*03,None,TRBJ2-7*01,1
1327,CPVGTSGGQPVHF,TRBV29-1*02,None,TRBJ1-5*01,1
1328,CPVGTSGGQPQHF,TRBV29-1*02,None,TRBJ1-5*01,1
1329,CPVATSGGQPLHF,TRBV29-1*02,None,TRBJ1-5*01,1
1330,CPSTRMHGHCDYYF,TRBV28*01,None,TRBJ2-7*01,1
1331,CPCTPGSAEREQYF,TRBV25-1*01,None,TRBJ2-7*01,1
1332,CNVWTSGSQPQHF,TRBV29-1*02,None,TRBJ1-5*01,1
1333,CNVVTSGCHPQHF,TRBV29-1*01,None,TRBJ1-5*01,1
1334,CNVGTSWGQPHHF,TRBV29-1*02,None,TRBJ1-5*01,1
1335,CAVRDGNNTDKLMF,TRBV9*03,None,TRBJ2-2*01,1
1336,CAVRDGNNNTRLIF,TRBV12-4*02,None,TRBJ1-1*01,1
1337,CRVRTSGGQPQHF,TRBV29-1*03,None,TRBJ1-5*01,1
1338,CASSFSVRANYEQYF,TRBV7-9*03,None,TRBJ2-7*01,1
1339,CASSLGGPSGEQYF,TRBV7-2*04,None,TRBJ2-7*01,1
1340,CASSLGESGGEHYF,TRBV7-2*04,None,TRBJ2-7*01,1
1341,CASSLGESGCEQYF,TRBV11-2*03,None,TRBJ2-7*01,1
1342,CASSLENRGYTF,TRBV11-1*01,None,TRBJ1-2*01,1
1343,CASSLENRDYTF,TRBV11-3*03,None,TRBJ1-2*01,1
1344,CASSLENMGYIF,TRBV7-9*04,None,TRBJ1-2*01,1
1345,CASSIGITGLRGEQFF,TRBV19*02,None,TRBJ2-1*01,1
1346,CASSIENRGYTF,TRBV7-9*04,None,TRBJ1-2*01,1
1347,CASSHSNYGYTF,TRBV6-6*03,None,TRBJ1-2*01,1
1348,CASSHGAANNEALF,TRBV6-6*03,None,TRBJ1-1*01,1
1349,CASSFTVGPTYEQYF,TRBV14*02,None,TRBJ2-7*01,1
1350,CASSFSVGPTYKQYF,TRBV14*02,None,TRBJ2-7*01,1
1351,CASSLPGTRYEQFF,TRBV11-2*03,None,TRBJ2-1*01,1
1352,CASSFSVGPTYEQYF,TRBV9*02,None,TRBJ2-7*01,1
1353,CASSFSVGPTYEQYF,TRBV3-1*01,None,TRBJ2-7*01,1
1354,CASSFSVGPTYEQYF,TRBV14*02,None,TRBJ2-1*01,1
1355,CASSFSVGPTYEQYF,TRBV11-2*03,None,TRBJ2-7*01,1
1356,CASSFSVGPTYELYF,TRBV14*02,None,TRBJ2-7*01,1
1357,CASSFSVGPTYAQYF,TRBV14*02,None,TRBJ2-7*01,1
1358,CASSFSVGPTFEQYF,TRBV14*02,None,TRBJ2-7*01,1
1359,CASSFSVGPPYEQYF,TRBV14*02,None,TRBJ2-7*01,1
1360,CASSFSVGPAYEQYF,TRBV14*02,None,TRBJ2-7*01,1
1361,CASSFSVGATYEEYF,TRBV14*02,None,TRBJ2-7*01,1
1362,CASSFSLGPTYEQYF,TRBV14*02,None,TRBJ2-7*01,1
1363,CASSLGKSGDEQYF,TRBV7-2*04,None,TRBJ2-7*01,1
1364,CASSLPGTRYEQFF,TRBV5-1*02,None,TRBJ2-7*01,1
1365,CASSFNVGPTYEQYF,TRBV14*02,None,TRBJ2-7*01,1
1366,CASSPRAAAREQYF,TRBV25-1*01,None,TRBJ2-7*01,1
1367,CASSSSNYGNTF,TRBV6-9*01,None,TRBJ1-2*01,1
1368,CASSSSNYACIF,TRBV6-6*03,None,TRBJ2-7*01,1
1369,CASSRVSYNEQYF,TRBV28*01,None,TRBJ2-7*01,1
1370,CASSRVSYNEQLF,TRBV28*01,None,TRBJ2-1*01,1
1371,CASSRVSSNEYFF,TRBV28*01,None,TRBJ2-1*01,1
1372,CASSRVSHNEQFF,TRBV28*01,None,TRBJ2-1*01,1
1373,CASSRQGTNEQYF,TRBV12-4*02,None,TRBJ2-7*01,1
1374,CASSRKPETQYF,TRBV18*01,None,TRBJ2-7*01,1
1375,CASSQDRRTTDTQYF,TRBV6-6*05,None,TRBJ2-3*01,1
1376,CASSQDRRTTDTQYF,TRBV5-4*04,None,TRBJ2-3*01,1
1377,CASSQDRRATDTQYF,TRBV5-5*03,None,TRBJ2-3*01,1
1378,CASSPKRATLYF,TRBV18*01,None,TRBJ2-5*01,1
1379,CASSLSGRVEKPFF,TRBV12-4*02,None,TRBJ1-4*01,1
1380,CASSPGQGSGDTQYF,TRBV18*01,None,TRBJ2-3*01,1
1381,CASSPGQGAGDTQYF,TRBV18*01,TRBD1*01,TRBJ2-7*01,1
1382,CASSPGAAERAQYF,TRBV25-1*01,None,TRBJ2-7*01,1
1383,CASSLWGRGEKLYF,TRBV7-4*01,None,TRBJ1-4*01,1
1384,CASSLVTGTTDTQYF,TRBV11-1*01,None,TRBJ2-3*01,1
1385,CASSLVTGNTDTQYF,TRBV11-3*03,None,TRBJ2-3*01,1
1386,CASSLVTGATHTQYF,TRBV11-1*01,None,TRBJ2-3*01,1
1387,CASSLVEPGGEQYF,TRBV11-3*02,None,TRBJ2-7*01,1
1388,CASSLTRWESQYF,TRBV11-3*02,None,TRBJ2-5*01,1
1389,CASSLTRGETQYF,TRBV11-3*02,None,TRBJ2-5*01,1
1390,CASSLSGRVETLFF,TRBV12-4*02,None,TRBJ1-4*01,1
1391,CASSFSGRGSNEQYF,TRBV7-9*03,TRBD2*02,TRBJ2-7*01,1
1392,CASSFLVGPTYEQYF,TRBV14*02,None,TRBJ2-7*01,1
1393,CAVRDGNNNGRLMF,TRBV12-3*01,None,TRBJ1-4*01,1
1394,CAMTPGTAEPEQYF,TRBV25-1*01,None,TRBJ2-7*01,1
1395,CASGFSVGPTYEQYF,TRBV14*02,None,TRBJ2-7*01,1
1396,CARTYSNYGYTF,TRBV6-6*05,None,TRBJ1-2*01,1
1397,CARTYSNYGYTF,TRBV6-6*03,None,TRBJ1-2*01,1
1398,CARTPMAEPRVQYF,TRBV28*01,None,TRBJ2-7*01,1
1399,CARTPGAAERQQYF,TRBV25-1*01,None,TRBJ2-7*01,1
1400,CARSYINYAYTF,TRBV6-7*01,None,TRBJ1-2*01,1
1401,CARSRVSYNEQFF,TRBV28*01,None,TRBJ2-1*01,1
1402,CARSLGESGGEQYF,TRBV7-2*04,None,TRBJ2-7*01,1
1403,CARRYSNYGYDF,TRBV6-6*05,None,TRBJ1-2*01,1
1404,CARRLSVRVEKLFF,TRBV12-4*02,None,TRBJ1-4*01,1
1405,CANTPGAAESEQYF,TRBV25-1*01,None,TRBJ2-7*01,1
1406,CAMREGHNNARLKF,TRBV27*01,None,TRBJ1-5*01,1
1407,CASGRVSYNEQFF,TRBV28*01,None,TRBJ2-1*01,1
1408,CAMPPGAAEREQYF,TRBV7-9*04,None,TRBJ2-7*01,1
1409,CALRDGNNNARLTF,TRBV13*01,None,TRBJ1-5*01,1
1410,CAISYSNYGYTF,TRBV6-6*03,None,TRBJ1-2*01,1
1411,CAISYSNYGYTF,TRBV10-3*02,None,TRBJ1-2*01,1
1412,CAISYGAANTVAFF,TRBV6-8*01,None,TRBJ1-1*01,1
1413,CAIGTGACYAQYF,TRBV2*02,None,TRBJ2-7*01,1
1414,CAGSSGNYGQTF,TRBV6-6*03,None,TRBJ1-2*01,1
1415,CAGRYRSYGYFF,TRBV6-6*03,None,TRBJ1-2*01,1
1416,CAGRDGNNNARLMF,TRBV6-5*01,None,TRBJ1-5*01,1
1417,CAGRDGNNNARLMF,TRBV13*02,None,TRBJ2-2*01,1
1418,CACSYSNYGYTF,TRBV6-6*05,None,TRBJ1-2*01,1
1419,CASGQGTSYEQYF,TRBV2*02,None,TRBJ2-7*01,1
1420,CASGYSNYGYTF,TRBV6-6*02,None,TRBJ1-2*01,1
1421,CASSFIVGPTYEQYF,TRBV14*02,None,TRBJ2-7*01,1
1422,CASRWDRIPVNSLLHF,TRBV7-8*03,None,TRBJ1-6*01,1
1423,CASSFGAATTEAYF,TRBV6-6*03,None,TRBJ1-1*01,1
1424,CASSFENRGYTF,TRBV7-9*04,None,TRBJ1-2*01,1
1425,CASSEGNDGKTF,TRBV6-6*03,None,TRBJ1-2*01,1
1426,CASSDSNYGYTF,TRBV6-6*03,None,TRBJ1-2*01,1
1427,CASSCSNYSYTF,TRBV6-6*03,None,TRBJ1-2*01,1
1428,CASSCSNYGYTF,TRBV6-6*03,None,TRBJ1-2*01,1
1429,CASRYSNYSDTF,TRBV6-6*03,None,TRBJ1-2*01,1
1430,CASRYSNYGYTF,TRBV6-6*05,None,TRBJ1-2*01,1
1431,CASRYSNYGYTF,TRBV6-6*03,None,TRBJ1-2*01,1
1432,CASRYGVNTEAIF,TRBV6-6*05,None,TRBJ1-1*01,1
1433,CASRYGAANTEAFF,TRBV6-6*05,None,TRBJ1-1*01,1
1434,CASRWDRFPVNSPRHF,TRBV7-8*03,None,TRBJ1-6*01,1
1435,CASIPGAAEREQYF,TRBV25-1*01,None,TRBJ2-7*01,1
1436,CASRWDRFPVNSPLRF,TRBV7-8*03,None,TRBJ1-6*01,1
1437,CASRWDRFPVNSPLHF,TRBV7-8*03,None,TRBJ1-6*02,1
1438,CASRWDRFPVNSPLHF,TRBV11-3*03,None,TRBJ1-6*01,1
1439,CASRWDRFPLNSPLHF,TRBV7-8*03,None,TRBJ1-6*01,1
1440,CASRWDRFAVMSPLRF,TRBV7-8*03,None,TRBJ1-6*01,1
1441,CASRWDCFAVNSPLHF,TRBV7-3*04,None,TRBJ1-6*01,1
1442,CASRSDRLPVNSPLHF,TRBV7-8*03,None,TRBJ1-6*01,1
1443,CASRQDRRTTGTQYF,TRBV5-4*03,None,TRBJ2-3*01,1
1444,CASNLRLPSGSGYTF,TRBV27*01,None,TRBJ1-2*01,1
1445,CASMIDLFSYNEQFF,TRBV6-6*05,None,TRBJ2-1*01,1
1446,CASIRGAAVRVPYF,TRBV6-6*03,None,TRBJ1-2*01,1
1447,CASSSSNYGYTF,TRBV6-6*03,None,TRBJ1-2*01,1
1448,CASSTGSDQYF,TRBV6-6*03,None,TRBJ2-7*01,1
1449,CASSTGSEQYF,TRBV25-1*01,None,TRBJ2-7*01,1
1450,CATGPGSSYAQYF,TRBV2*02,None,TRBJ2-7*01,1
1451,CAVRDGHNNARMLF,TRBV3-1*02,None,TRBJ1-5*01,1
1452,CAVRDGDTNDRLIF,TRBV6-6*04,None,TRBJ2-2*01,1
1453,CAVRAGNNNGKLMF,TRBV3-1*02,None,TRBJ1-4*01,1
1454,CAVRAGNDNARLMF,TRBV6-6*05,None,TRBJ1-5*01,1
1455,CAVGTSGGQPQHF,TRBV29-1*02,None,TRBJ1-5*01,1
1456,CATVQGTSSEQYF,TRBV2*02,None,TRBJ2-7*01,1
1457,CATSYSNYGYTF,TRBV6-6*03,None,TRBJ1-2*01,1
1458,CATGQRTSYEQYF,TRBV2*02,None,TRBJ2-7*01,1
1459,CATGQGTSYDLSF,TRBV7-3*05,None,TRBJ2-7*01,1
1460,CATGQGTGYEQYF,TRBV2*02,None,TRBJ2-7*01,1
1461,CATGQGTFYEQYF,TRBV2*02,None,TRBJ2-7*01,1
1462,CASTYWNYVYPF,TRBV6-4*01,None,TRBJ1-2*01,1
1463,CAVRDGNDNTRLIF,TRBV12-4*01,None,TRBJ1-1*01,1
1464,CASTYSNYGYTF,TRBV6-6*05,None,TRBJ1-2*01,1
1465,CASTYSNYGYTF,TRBV6-6*03,None,TRBJ1-2*01,1
1466,CASTYCHNGYTF,TRBV6-6*03,None,TRBJ1-2*01,1
1467,CASTVDCLTVKSPHHF,TRBV7-2*04,None,TRBJ1-6*01,1
1468,CASTSGAAEREQYF,TRBV25-1*01,None,TRBJ2-7*01,1
1469,CASTPGVAEREQYF,TRBV25-1*01,None,TRBJ2-7*01,1
1470,CASTPGPAEPVQYF,TRBV25-1*01,None,TRBJ2-7*01,1
1471,CASTPGGAERKQYF,TRBV25-1*01,None,TRBJ2-7*01,1
1472,CASTPGDAEREQYF,TRBV25-1*01,None,TRBJ2-7*01,1
1473,CASTPGAPTREQYF,TRBV25-1*01,None,TRBJ2-7*01,1
1474,CASTPGAGEREQYF,TRBV25-1*01,None,TRBJ2-7*01,1
1475,CAVRDGKNNARLMF,TRBV9*03,None,TRBJ1-4*01,1
1476,CAVRDGNKNARLMF,TRBV2*02,None,TRBJ1-5*01,1
1477,CASSWDRFPANSPLHF,TRBV7-8*03,None,TRBJ1-6*01,1
1478,CAVRDGNNNARLMF,TRBV3-1*02,None,TRBJ1-4*01,1
1479,CAVRDGNNNDRLMF,TRBV9*03,None,TRBJ1-4*01,1
1480,CAVRDGNNNARLMF,TRBV9*03,None,TRBJ2-2*01,1
1481,CAVRDGNNNARLMF,TRBV6-6*04,None,TRBJ1-5*01,1
1482,CAVRDGNNNARLMF,TRBV6-6*01,None,TRBJ1-5*01,1
1483,CAVRDGNNNARLMF,TRBV6-5*01,None,TRBJ1-4*01,1
1484,CAVRDGNNNARLMF,TRBV6-4*02,None,TRBJ1-4*01,1
1485,CAVRDGNNNARLMF,TRBV6-4*01,None,TRBJ1-3*01,1
1486,CAVRDGNNNARLMF,TRBV6-3*01,None,TRBJ1-5*01,1
1487,CAVRDGNNNARLMF,TRBV6-2*01,None,TRBJ1-5*01,1
1488,CAVRDGNNNARLMF,TRBV3-1*02,None,TRBJ2-2*01,1
1489,CAVRDGNNNARLMF,TRBV3-1*02,None,TRBJ1-5*01,1
1490,CAVRDGNNNARLMF,TRBV27*01,None,TRBJ2-2*01,1
1491,CAVRDGNNNAGLMF,TRBV27*01,None,TRBJ1-5*01,1
1492,CAVRDGNNNARLMF,TRBV27*01,None,TRBJ1-4*01,1
1493,CAVRDGNNNARLMF,TRBV2*03,None,TRBJ2-2*01,1
1494,CAVRDGNNNARLMF,TRBV2*02,None,TRBJ1-4*01,1
1495,CAVRDGNNNARLMF,TRBV2*01,None,TRBJ1-4*01,1
1496,CAVRDGNNNARLMF,TRBV13*02,None,TRBJ1-3*01,1
1497,CAVRDGNNNARLMF,TRBV12-4*02,None,TRBJ1-5*01,1
1498,CAVRDGNNNARLMF,TRBV12-4*01,None,TRBJ1-4*01,1
1499,CAVRDGNNNARLMF,TRBV12-4*01,None,TRBJ1-3*01,1
1500,CAVRDGNNNARLMF,TRBV12-3*01,None,TRBJ1-4*01,1
1501,CAVRDGNNNARLIF,TRBV6-6*01,None,TRBJ2-2*01,1
1502,CAVRDGNNNAKLMF,TRBV9*03,None,TRBJ2-2*01,1
1503,CASTPGAAVRKQYF,TRBV25-1*01,None,TRBJ1-2*01,1
1504,CASTPGAAQREQYF,TRBV25-1*01,None,TRBJ2-7*01,1
1505,CASTPGAAGRKQYF,TRBV25-1*01,None,TRBJ2-7*01,1
1506,CASSYGVNTEAFF,TRBV6-6*05,None,TRBJ1-1*01,1
1507,CASSYSIYGYTF,TRBV12-4*02,None,TRBJ1-2*01,1
1508,CASSYSHYSYTF,TRBV6-6*05,None,TRBJ1-2*01,1
1509,CASSYSHTGFTF,TRBV12-4*02,None,TRBJ1-2*01,1
1510,CASSYSDYGYTF,TRBV6-2*01,None,TRBJ1-2*01,1
1511,CASSYSDDGYTF,TRBV6-6*03,None,TRBJ1-2*01,1
1512,CASSYRPAPTEVFF,TRBV6-6*02,None,TRBJ1-1*01,1
1513,CASSYRNYGYTF,TRBV6-6*03,None,TRBJ1-2*01,1
1514,CASSYRNHGYTF,TRBV6-6*03,None,TRBJ1-2*01,1
1515,CASSYRAANTEAFF,TRBV6-6*05,None,TRBJ1-1*01,1
1516,CASSYRAANNEYFF,TRBV6-6*03,None,TRBJ1-1*01,1
1517,CASSYITYAYTF,TRBV6-6*03,None,TRBJ1-2*01,1
1518,CASSYGTYGYTF,TRBV6-6*05,None,TRBJ1-2*01,1
1519,CASTPGAAGREQYF,TRBV25-1*01,None,TRBJ2-7*01,1
1520,CASSYGSYGYTF,TRBV6-6*03,None,TRBJ1-2*01,1
1521,CASSYGSGNTEAFF,TRBV6-6*03,None,TRBJ1-1*01,1
1522,CASSYGNYGYSF,TRBV6-6*03,None,TRBJ1-2*01,1
1523,CASSYGAANTEYYF,TRBV6-6*03,None,TRBJ1-1*01,1
1524,CASSYGAANTEDFF,TRBV6-6*03,None,TRBJ1-1*01,1
1525,CASSYGAANTEALF,TRBV6-6*01,None,TRBJ1-1*01,1
1526,CASSYGAANTEAFF,TRBV6-6*02,None,TRBJ1-1*01,1
1527,CASSYGAANTEAFF,TRBV6-2*01,None,TRBJ1-1*01,1
1528,CASSYGAANNGYIF,TRBV6-6*03,None,TRBJ1-1*01,1
1529,CASSYGAANAEAFF,TRBV6-6*03,None,TRBJ1-1*01,1
1530,CASSYCNSGYTF,TRBV6-6*03,None,TRBJ1-2*01,1
1531,CASSYSNHGYTF,TRBV6-6*03,None,TRBJ1-2*01,1
1532,CASSYSNNGYTF,TRBV6-6*03,None,TRBJ1-2*01,1
1533,CASSYSNSVYSF,TRBV6-6*03,None,TRBJ1-2*01,1
1534,CASSYSNYGDTF,TRBV6-6*03,None,TRBJ1-2*01,1
1535,CASTPGAAERQQYF,TRBV25-1*01,None,TRBJ2-7*01,1
1536,CASTPGAAERKQYF,TRBV25-1*01,None,TRBJ2-7*01,1
1537,CASTPGAAEREQYF,TRBV25-1*01,None,TRBJ1-6*01,1
1538,CASTPGAAEREQSF,TRBV25-1*01,None,TRBJ2-7*01,1
1539,CASTPGAAERELYF,TRBV25-1*01,None,TRBJ2-7*01,1
1540,CASTPGAAEREKYF,TRBV25-1*01,None,TRBJ2-7*01,1
1541,CASTPGAAEREKHF,TRBV25-1*01,None,TRBJ2-7*01,1
1542,CASTPGAAERDQYF,TRBV25-1*01,None,TRBJ2-7*01,1
1543,CASTPGAAELEQYF,TRBV25-1*01,None,TRBJ2-7*01,1
1544,CASTPGAAEHEQYF,TRBV25-1*01,None,TRBJ2-7*01,1
1545,CASTPGAAASVQYF,TRBV25-1*01,None,TRBJ2-7*01,1
1546,CASTPGAAAREQYF,TRBV25-1*01,None,TRBJ2-7*01,1
1547,CASTPEAAEREQYF,TRBV25-1*01,None,TRBJ2-7*01,1
1548,CASTPAAAAREQYF,TRBV25-1*01,None,TRBJ2-7*01,1
1549,CASTARAAEREQYF,TRBV25-1*01,None,TRBJ2-7*01,1
1550,CASSYTNYGYNF,TRBV6-6*01,None,TRBJ1-2*01,1
1551,CASSYTGQGSYEQYF,TRBV6-6*05,None,TRBJ2-7*01,1
1552,CASSYTGQGSYEQYF,TRBV6-6*01,None,TRBJ2-7*01,1
1553,CASSYSTYVYTF,TRBV6-6*03,None,TRBJ1-2*01,1
1554,CASSYSTYGSTF,TRBV6-6*03,None,TRBJ1-2*01,1
1555,CASSYSSYGYTF,TRBV6-6*03,None,TRBJ1-2*01,1
1556,CASSYSNYGYYF,TRBV6-6*03,None,TRBJ1-2*01,1
1557,CASSYSNYGYIF,TRBV6-6*03,None,TRBJ1-2*01,1
1558,CRVRTSGGQPQHF,TRBV29-1*02,None,TRBJ1-5*01,1
1559,CRVRTSGGQPQQF,TRBV29-1*02,None,TRBJ1-5*01,1
1560,CSVGSSGGQPLHF,TRBV29-1*02,None,TRBJ1-5*01,1
1561,CSVCTSVGQPQHF,TRBV29-1*02,None,TRBJ1-5*01,1
1562,CSVETSAGHTQHF,TRBV29-1*02,None,TRBJ2-4*01,1
1563,CSVETPGGQPQHF,TRBV29-1*02,None,TRBJ1-5*01,1
1564,CSVESSGSQPQHF,TRBV29-1*02,None,TRBJ1-5*01,1
1565,CSVEPSGGQPQHF,TRBV29-1*02,None,TRBJ1-5*01,1
1566,CSVEPSGGETQYF,TRBV29-1*02,None,TRBJ1-5*01,1
1567,CSVEHSGGQPQHF,TRBV29-1*02,None,TRBJ1-5*01,1
1568,CSVEASGGQRQLF,TRBV29-1*02,None,TRBJ1-5*01,1
1569,CSVEASGGQPQHF,TRBV29-1*02,None,TRBJ1-5*01,1
1570,CSVDTSEGQPQHF,TRBV29-1*02,None,TRBJ1-5*01,1
1571,CSVDASGGQPQHF,TRBV29-1*02,None,TRBJ1-5*01,1
1572,CSVCTSWGQPLHF,TRBV29-1*02,None,TRBJ1-5*01,1
1573,CSVCTSSCQLFHF,TRBV29-1*02,None,TRBJ1-5*01,1
1574,CSVETSGAQTQYF,TRBV29-1*02,None,TRBJ1-5*01,1
1575,CSVCTSGRQPLHF,TRBV29-1*02,None,TRBJ1-5*01,1
1576,CSVCTSGGQPYHF,TRBV29-1*02,None,TRBJ1-5*01,1
1577,CSVCTSGGQPQQF,TRBV29-1*02,None,TRBJ1-5*01,1
1578,CSVCTSGAEPQHF,TRBV29-1*01,None,TRBJ1-5*01,1
1579,CSVCNSGGQPQHF,TRBV29-1*02,None,TRBJ1-5*01,1
1580,CSVATSWGPPHHF,TRBV29-1*02,None,TRBJ1-5*01,1
1581,CSVATSVLQPLSF,TRBV29-1*02,None,TRBJ1-5*01,1
1582,CSVATSVGQPQHF,TRBV29-1*01,None,TRBJ1-5*01,1
1583,CSVATSGSQLQHF,TRBV29-1*02,None,TRBJ1-5*01,1
1584,CSVATSGGQRQHF,TRBV29-1*02,None,TRBJ1-5*01,1
1585,CSVATSGGQPQNF,TRBV29-1*02,None,TRBJ1-5*01,1
1586,CSVETSEGEPQHF,TRBV29-1*02,None,TRBJ1-5*01,1
1587,CSVETSGCPAQNF,TRBV29-1*02,None,TRBJ1-5*01,1
1588,CSVATSGGQPLHF,TRBV29-1*02,None,TRBJ1-5*01,1
1589,CSVETSGGQTQNF,TRBV29-1*02,None,TRBJ1-5*01,1
1590,CSVGAAGGQTQHF,TRBV29-1*02,None,TRBJ1-5*01,1
1591,CSVGAAGGQPQHF,TRBV29-1*02,None,TRBJ1-5*01,1
1592,CSVGAAGGKAQHF,TRBV29-1*02,None,TRBJ1-5*01,1
1593,CSVETSWGQPQYF,TRBV29-1*02,None,TRBJ1-5*01,1
1594,CSVETSWGQPQHF,TRBV29-1*02,None,TRBJ1-5*01,1
1595,CSVETSRGQTQYF,TRBV29-1*02,None,TRBJ1-5*01,1
1596,CSVETSRGQTQHF,TRBV29-1*02,None,TRBJ1-5*01,1
1597,CSVETSRGQPQHF,TRBV29-1*02,None,TRBJ1-5*01,1
1598,CSVETSRGQHQHF,TRBV29-1*02,None,TRBJ1-5*01,1
1599,CSVETSGRQTQHF,TRBV29-1*02,None,TRBJ2-4*01,1
1600,CSVETSGRKNQHF,TRBV29-1*02,None,TRBJ1-5*01,1
1601,CSVETSGGQRQHF,TRBV29-1*02,None,TRBJ1-5*01,1
1602,CSVETSGCQPQHF,TRBV29-1*02,None,TRBJ1-5*01,1
1603,CSVETSGGQQQHF,TRBV29-1*02,None,TRBJ1-5*01,1
1604,CSVETSGGQPQYF,TRBV29-1*02,None,TRBJ1-5*01,1
1605,CSVETSGGQPQRF,TRBV29-1*02,None,TRBJ1-5*01,1
1606,CSVETSGGQPQPF,TRBV29-1*02,None,TRBJ1-5*01,1
1607,CSVETSGGQPQNF,TRBV29-1*02,None,TRBJ1-5*01,1
1608,CSVETSGGQPQLF,TRBV29-1*02,None,TRBJ1-5*01,1
1609,CSVETSGGQPLHF,TRBV29-1*02,None,TRBJ1-5*01,1
1610,CSVETSGGQPKHF,TRBV29-1*02,None,TRBJ1-5*01,1
1611,CSVETSGGQLQHF,TRBV29-1*02,None,TRBJ1-5*01,1
1612,CSVETSGGHLLHF,TRBV29-1*02,None,TRBJ1-5*01,1
1613,CSVETSGCRPQHF,TRBV29-1*02,None,TRBJ1-5*01,1
1614,CSVATSGGQPQHF,TRBV29-1*01,None,TRBJ1-5*01,1
1615,CSVATSGGQPHHF,TRBV29-1*02,None,TRBJ1-5*01,1
1616,CSLGTLGSQPQHF,TRBV29-1*02,None,TRBJ1-5*01,1
1617,CSLGTSGGQPPHF,TRBV29-1*02,None,TRBJ1-5*01,1
1618,CSLGTTGGQPQHF,TRBV29-1*02,None,TRBJ1-5*01,1
1619,CSLGTSWGQPQHF,TRBV29-1*02,None,TRBJ1-6*01,1
1620,CSLGTSVGQPQHF,TRBV29-1*03,None,TRBJ1-5*01,1
1621,CSLGTSKGQLQHF,TRBV29-1*03,None,TRBJ1-5*01,1
1622,CSLGTSGSQSQHF,TRBV29-1*02,None,TRBJ1-5*01,1
1623,CSLGTSGSQPQHF,TRBV29-1*02,None,TRBJ1-5*01,1
1624,CSLGTSGSQPKHF,TRBV29-1*02,None,TRBJ1-5*01,1
1625,CSLGTSGRQLQHF,TRBV29-1*02,None,TRBJ1-5*01,1
1626,CSLGTSGGQVQHF,TRBV29-1*02,None,TRBJ1-5*01,1
1627,CSLGTSGGQPTHF,TRBV29-1*02,None,TRBJ1-5*01,1
1628,CSLGTSGGQPRHF,TRBV29-1*03,None,TRBJ1-5*01,1
1629,CSLGTSGGQPLHF,TRBV29-1*03,None,TRBJ1-5*01,1
1630,CSLRTSGSQPQHF,TRBV29-1*03,None,TRBJ1-5*01,1
1631,CSLGTSGGQPKNF,TRBV29-1*03,None,TRBJ1-5*01,1
1632,CSLGTSGGQLQHF,TRBV29-1*02,None,TRBJ1-5*01,1
1633,CSLGTSGGQIRNF,TRBV29-1*03,None,TRBJ1-5*01,1
1634,CSLGTSGGQHQHF,TRBV29-1*03,None,TRBJ1-5*01,1
1635,CSLGTSGGQAQHF,TRBV29-1*03,None,TRBJ1-5*01,1
1636,CSLGTSGGHAQYF,TRBV29-1*03,None,TRBJ1-5*01,1
1637,CSLGTSGDQPQHF,TRBV29-1*02,None,TRBJ1-5*01,1
1638,CSLGTSGCQPQHF,TRBV29-1*02,None,TRBJ1-5*01,1
1639,CSLGTSERQPQHF,TRBV29-1*02,None,TRBJ1-5*01,1
1640,CSLGTSEGHPQHF,TRBV29-1*02,None,TRBJ1-5*01,1
1641,CSLGTSDSQPQHF,TRBV29-1*03,None,TRBJ1-5*01,1
1642,CSLRTSDGQPHHF,TRBV29-1*02,None,TRBJ1-5*01,1
1643,CSLVTSGGQPQHF,TRBV29-1*02,None,TRBJ1-5*01,1
1644,CSVATSGGLPQHF,TRBV29-1*02,None,TRBJ1-5*01,1
1645,CSTVTSGSQPQNF,TRBV29-1*02,None,TRBJ1-5*01,1
1646,CSVATSGGKPLHF,TRBV29-1*02,None,TRBJ1-5*01,1
1647,CSVATSGGEPQPF,TRBV29-1*02,None,TRBJ1-5*01,1
1648,CSVATSGCHHQHF,TRBV29-1*02,None,TRBJ1-5*01,1
1649,CSVATSGAKLHHF,TRBV29-1*02,None,TRBJ1-5*01,1
1650,CSVATSEGQAQQF,TRBV29-1*02,None,TRBJ1-5*01,1
1651,CSVATPGDQPQHF,TRBV29-1*02,None,TRBJ1-5*01,1
1652,CSVATLAGQPHHF,TRBV29-1*02,None,TRBJ1-5*01,1
1653,CSVARWGGQPQYF,TRBV29-1*02,None,TRBJ2-4*01,1
1654,CSVAPSGGQHQHF,TRBV29-1*01,None,TRBJ1-5*01,1
1655,CSVANSGGQPKHF,TRBV29-1*02,None,TRBJ1-5*01,1
1656,CSVANSAGHTQNF,TRBV29-1*02,None,TRBJ1-5*01,1
1657,CSTVAGFSYLQYF,TRBV20-1*06,None,TRBJ2-7*01,1
1658,CSLWTSGGQPQHF,TRBV29-1*03,None,TRBJ1-5*01,1
1659,CSTGTSGGQPQHF,TRBV29-1*02,None,TRBJ1-5*01,1
1660,CSTGSSGGQPQHF,TRBV29-1*02,None,TRBJ1-5*01,1
1661,CSTGRGSTYEQYF,TRBV2*02,None,TRBJ1-6*01,1
1662,CSTGNSRVQPQYF,TRBV29-1*03,None,TRBJ1-6*01,1
1663,CSSVSGFSYEQYF,TRBV20-1*02,None,TRBJ2-7*01,1
1664,CSSGTSGGKPQHF,TRBV29-1*02,None,TRBJ1-5*01,1
1665,CSSGASGGQLQHF,TRBV29-1*02,None,TRBJ1-5*01,1
1666,CSSCFSVGTTNEQYF,TRBV14*02,None,TRBJ2-7*01,1
1667,CSRETSGAQPQHF,TRBV29-1*02,None,TRBJ1-5*01,1
1668,CSNGTSGGQPQHF,TRBV29-1*02,None,TRBJ1-5*01,1
1669,CSNGTSGGHPQHF,TRBV29-1*02,None,TRBJ1-5*01,1
1670,CSVGAAGVQEQHF,TRBV29-1*02,None,TRBJ1-5*01,1
1671,CSVGAAWGQPQYF,TRBV29-1*02,None,TRBJ1-5*01,1
1672,CSVGAGGCQPQYF,TRBV29-1*02,None,TRBJ1-5*01,1
1673,CSVGPSGGEPQNF,TRBV29-1*02,None,TRBJ1-5*01,1
1674,CSVGPSGGQTQHF,TRBV29-1*02,None,TRBJ1-5*01,1
1675,CSVGPSGGQSQHF,TRBV29-1*02,None,TRBJ1-5*01,1
1676,CSVGPSGGQPTHF,TRBV29-1*02,None,TRBJ1-5*01,1
1677,CSVGPSGGQPQNF,TRBV29-1*02,None,TRBJ1-5*01,1
1678,CSVGPSGGQPLLF,TRBV29-1*02,None,TRBJ1-6*01,1
1679,CSVGPSGGQPHHF,TRBV29-1*02,None,TRBJ1-5*01,1
1680,CSVGPSGGQGQHF,TRBV29-1*02,None,TRBJ1-5*01,1
1681,CSVGPSGGQAQHF,TRBV29-1*02,None,TRBJ1-5*01,1
1682,CSVGPSGGPPQHF,TRBV29-1*02,None,TRBJ1-5*01,1
1683,CSVGPSGGKPQHF,TRBV29-1*01,None,TRBJ1-5*01,1
1684,CSVGPSGGHHHHF,TRBV29-1*02,None,TRBJ1-5*01,1
1685,CSVGPSGGDPQHF,TRBV29-1*02,None,TRBJ1-5*01,1
1686,CSVGPSGGRPQHF,TRBV29-1*02,None,TRBJ1-5*01,1
1687,CSVGPSGCQEQYF,TRBV29-1*01,None,TRBJ1-5*01,1
1688,CSVGPSEGQPQNF,TRBV29-1*02,None,TRBJ1-5*01,1
1689,CSVGPSAGTQPYF,TRBV29-1*02,None,TRBJ1-1*01,1
1690,CSVGPSAGQPQHF,TRBV29-1*02,None,TRBJ1-5*01,1
1691,CSVGPPGGQPQHF,TRBV29-1*02,None,TRBJ1-5*01,1
1692,CSVGPLGRQPEHF,TRBV29-1*02,None,TRBJ1-5*01,1
1693,CSVGPAGVQAQHF,TRBV29-1*02,None,TRBJ1-5*01,1
1694,CSVGPAGGQHQYF,TRBV29-1*02,None,TRBJ1-5*01,1
1695,CSVGPAAGQPQYF,TRBV29-1*02,None,TRBJ1-5*01,1
1696,CSVGNSRGQPQNF,TRBV29-1*02,None,TRBJ1-5*01,1
1697,CSVGNSGGQTQHF,TRBV29-1*02,None,TRBJ1-5*01,1
1698,CSVGPSGGQTQNF,TRBV29-1*02,None,TRBJ1-5*01,1
1699,CSVGPSGSQTQHF,TRBV29-1*02,None,TRBJ1-5*01,1
1700,CSVGALGGESPNF,TRBV29-1*02,None,TRBJ1-5*01,1
1701,CSVGSSAGQPQHF,TRBV29-1*02,None,TRBJ1-5*01,1
1702,CSVGSSGGQPHNF,TRBV29-1*02,None,TRBJ1-5*01,1
1703,CSVGSSGGQPHHF,TRBV29-1*02,None,TRBJ1-5*01,1
1704,CSVGSSGGQLQHF,TRBV29-1*02,None,TRBJ1-5*01,1
1705,CSVGSSGGQLQDF,TRBV29-1*02,None,TRBJ1-5*01,1
1706,CSVGSSGGKTQHF,TRBV29-1*02,None,TRBJ1-5*01,1
1707,CSVGSSGGHPQHF,TRBV29-1*02,None,TRBJ1-5*01,1
1708,CSVGSSGGEPQYF,TRBV29-1*02,None,TRBJ1-5*01,1
1709,CSVGSSGGEPKHF,TRBV29-1*02,None,TRBJ1-5*01,1
1710,CSVGSSGGDTQHF,TRBV29-1*02,None,TRBJ1-5*01,1
1711,CSVGSSGCQPQHF,TRBV29-1*02,None,TRBJ1-5*01,1
1712,CSVGSSAGRPQHF,TRBV29-1*02,None,TRBJ1-5*01,1
1713,CSVGSPGGQHQHF,TRBV29-1*02,None,TRBJ1-5*01,1
1714,CSVGPSKAQPQHF,TRBV29-1*02,None,TRBJ1-5*01,1
1715,CSVGSPGCQAQHF,TRBV29-1*02,None,TRBJ1-5*01,1
1716,CSVGSLGGQPQHF,TRBV29-1*02,None,TRBJ1-5*01,1
1717,CSVGSKGGQPQDF,TRBV29-1*02,None,TRBJ1-5*01,1
1718,CSVGSAGVQPQHF,TRBV29-1*02,None,TRBJ1-5*01,1
1719,CSVGSAGGQPQHF,TRBV29-1*02,None,TRBJ1-5*01,1
1720,CSVGSAGGQPKHF,TRBV29-1*02,None,TRBJ1-5*01,1
1721,CSVGRSGGQPQHF,TRBV29-1*02,None,TRBJ1-5*01,1
1722,CSVGRSGGQAQHF,TRBV29-1*02,None,TRBJ1-5*01,1
1723,CSVGQSTGTEAFF,TRBV29-1*02,None,TRBJ1-1*01,1
1724,CSVGQSGGETQHF,TRBV29-1*03,None,TRBJ1-5*01,1
1725,CSVGPSVGQPQNF,TRBV29-1*02,None,TRBJ1-5*01,1
1726,CSVGNSGGQPQNF,TRBV29-1*01,None,TRBJ1-5*01,1
1727,CSVGNSGGQPQHF,TRBV29-1*01,None,TRBJ1-5*01,1
1728,CSVGNSGGQAQHF,TRBV29-1*02,None,TRBJ1-5*01,1
1729,CSVGASGGQPQQF,TRBV29-1*02,None,TRBJ1-5*01,1
1730,CSVGATGGHTQHF,TRBV29-1*02,None,TRBJ1-5*01,1
1731,CSVGATAGQPQHF,TRBV29-1*02,None,TRBJ1-5*01,1
1732,CSVGASVGQPQYF,TRBV29-1*02,None,TRBJ1-5*01,1
1733,CSVGASVCQPQHF,TRBV29-1*02,None,TRBJ1-5*01,1
1734,CACSFSVGPTYEQYF,TRBV14*02,None,TRBJ2-7*01,1
1735,CSVGASGSQPKHF,TRBV29-1*02,None,TRBJ1-5*01,1
1736,CSVGASGSQAQHF,TRBV29-1*02,None,TRBJ1-5*01,1
1737,CSVGASGGQTQHF,TRBV29-1*02,None,TRBJ1-5*01,1
1738,CSVGASGGQTQHF,TRBV29-1*01,None,TRBJ1-5*01,1
1739,CSVGASGGQSQYF,TRBV29-1*02,None,TRBJ1-5*01,1
1740,CSVGASGGQSQNF,TRBV29-1*02,None,TRBJ1-5*01,1
1741,CSVGASGGQPQLF,TRBV29-1*02,None,TRBJ1-5*01,1
1742,CSVGNSGGKPPQF,TRBV29-1*02,None,TRBJ1-5*01,1
1743,CSVGASGGQPKRF,TRBV29-1*02,None,TRBJ1-5*01,1
1744,CSVGASGGQAQYF,TRBV29-1*02,None,TRBJ1-6*01,1
1745,CSVGASGGLPQHF,TRBV29-1*02,None,TRBJ1-5*01,1
1746,CSVGASGGHPQYF,TRBV29-1*02,None,TRBJ1-5*01,1
1747,CSVGASGGHPQHF,TRBV29-1*02,None,TRBJ1-5*01,1
1748,CSVGASGCQPQHF,TRBV29-1*01,None,TRBJ1-5*01,1
1749,CSVGASGAQPQHF,TRBV29-1*02,None,TRBJ1-5*01,1
1750,CSVGASEGQPQHF,TRBV29-1*02,None,TRBJ1-5*01,1
1751,CSVGASCGQHQHF,TRBV29-1*02,None,TRBJ1-5*01,1
1752,CSVGASARRAQNF,TRBV29-1*02,None,TRBJ1-5*01,1
1753,CSVGASAGQAQHF,TRBV29-1*02,None,TRBJ1-5*01,1
1754,CSVGCSGGQPQHF,TRBV29-1*02,None,TRBJ1-5*01,1
1755,CSVGGSEGKPQHF,TRBV29-1*02,None,TRBJ1-5*01,1
1756,CSVGGSGGQAQHF,TRBV29-1*02,None,TRBJ1-5*01,1
1757,CSVGHSAGQDPHF,TRBV29-1*02,None,TRBJ1-5*01,1
1758,CSVGNSGGHAQYF,TRBV29-1*02,None,TRBJ1-5*01,1
1759,CSVGNSAGQPQHF,TRBV29-1*02,None,TRBJ1-5*01,1
1760,CSVGNLGGQTQDF,TRBV29-1*02,None,TRBJ1-5*01,1
1761,CSVGNLGGQPQHF,TRBV29-1*02,None,TRBJ1-5*01,1
1762,CSVGNAGGHPAFF,TRBV29-1*02,None,TRBJ1-1*01,1
1763,CSVGMSGGQNQNF,TRBV29-1*02,None,TRBJ1-5*01,1
1764,CSVGKSGGQPQLF,TRBV29-1*02,None,TRBJ1-5*01,1
1765,CSVGKAGGRPQPF,TRBV29-1*02,None,TRBJ1-5*01,1
1766,CSVGISWGQAQHF,TRBV29-1*02,None,TRBJ1-5*01,1
1767,CSVGISVGQPQHF,TRBV29-1*02,None,TRBJ1-5*01,1
1768,CSVGISRGQPQHF,TRBV29-1*01,None,TRBJ1-5*01,1
1769,CSVGISRGQPKHF,TRBV29-1*02,None,TRBJ1-5*01,1
1770,CSVGISGGQTKHF,TRBV29-1*01,None,TRBJ1-5*01,1
1771,CSVGISGGQSQHF,TRBV29-1*02,None,TRBJ1-5*01,1
1772,CSVGISGGQPQYF,TRBV29-1*02,None,TRBJ1-5*01,1
1773,CSVGISGGQHQHF,TRBV29-1*02,None,TRBJ1-5*01,1
1774,CSVGISGGLPQHF,TRBV29-1*02,None,TRBJ1-5*01,1
1775,CSVGISGGKPQNF,TRBV29-1*02,None,TRBJ1-5*01,1
1776,CSVGISGGKLQLF,TRBV29-1*02,None,TRBJ1-5*01,1
1777,CSVGISEGQAQHF,TRBV29-1*02,None,TRBJ1-5*01,1
1778,CSVGISAGQPQHF,TRBV29-1*02,None,TRBJ1-5*01,1
1779,CSVGIPVGQPQHF,TRBV29-1*02,None,TRBJ1-5*01,1
1780,CSVGHSGGQPQHF,TRBV29-1*02,None,TRBJ1-5*01,1
1781,CSLGTSAEQPQHF,TRBV29-1*03,None,TRBJ1-5*01,1
1782,CSLGTLGGKPQHF,TRBV29-1*03,None,TRBJ1-5*01,1
1783,CRVRTSRGQPQHF,TRBV29-1*02,None,TRBJ1-5*01,1
1784,CSCGTSGSKPQHF,TRBV29-1*02,None,TRBJ2-1*01,1
1785,CSFETSGGQPQHF,TRBV29-1*02,None,TRBJ1-5*01,1
1786,CSDRTSGGQPQHF,TRBV29-1*02,None,TRBJ1-5*01,1
1787,CSDGTSGRQPENF,TRBV29-1*02,None,TRBJ1-5*01,1
1788,CSDGTSGGQPQLF,TRBV29-1*02,None,TRBJ1-5*01,1
1789,CSDGTSGGQPEHF,TRBV29-1*03,None,TRBJ1-5*01,1
1790,CSDGTSGGETQNF,TRBV29-1*02,None,TRBJ1-5*01,1
1791,CSDGTSGGEHQLF,TRBV29-1*02,None,TRBJ1-5*01,1
1792,CSDGTSEGQPQHF,TRBV29-1*02,None,TRBJ1-5*01,1
1793,CSDGTAGGQPQYF,TRBV29-1*02,None,TRBJ2-1*01,1
1794,CSDGPSGDQPQHF,TRBV29-1*02,None,TRBJ1-5*01,1
1795,CSCVTTGGRPEHF,TRBV29-1*03,None,TRBJ1-5*01,1
1796,CSCGTSGGQPQHF,TRBV29-1*03,None,TRBJ1-5*01,1
1797,CSFGISGGQHQHF,TRBV29-1*02,None,TRBJ1-5*01,1
1798,CSCGTSGGQLQHF,TRBV29-1*03,None,TRBJ1-5*01,1
1799,CSAWTSGGQPQHF,TRBV29-1*03,None,TRBJ1-5*01,1
1800,CSAVTRFSYEQYF,TRBV20-1*03,None,TRBJ2-7*01,1
1801,CSAVQGFSYEQYF,TRBV20-1*03,None,TRBJ2-7*01,1
1802,CSAVARFCSLLYF,TRBV20-1*04,None,TRBJ2-7*01,1
1803,CSAVAGVSYQQHF,TRBV20-1*06,None,TRBJ1-1*01,1
1804,CSAVAGVSYEQYF,TRBV20-1*06,None,TRBJ2-7*01,1
1805,CSAVAGSSYDQYF,TRBV20-1*03,None,TRBJ2-7*01,1
1806,CSAVAGFSYQQYF,TRBV20-1*02,None,TRBJ2-7*01,1
1807,CSAVAGFSYLQYF,TRBV20-1*02,None,TRBJ2-7*01,1
1808,CSAVAGFSYEYYF,TRBV20-1*04,None,TRBJ2-7*01,1
1809,CSFGASGGQPQHF,TRBV29-1*02,None,TRBJ1-5*01,1
1810,CSFGSSGRQPQYF,TRBV29-1*02,None,TRBJ1-5*01,1
1811,CSAVAGFSYEHYF,TRBV20-1*02,None,TRBJ2-7*01,1
1812,CSFGTSGGQPHHF,TRBV29-1*02,None,TRBJ1-5*01,1
1813,CSFVTSRDQPQRF,TRBV29-1*03,None,TRBJ1-5*01,1
1814,CSFVTSGGQTQHF,TRBV29-1*03,None,TRBJ1-5*01,1
1815,CSFSTSDGQRQHF,TRBV29-1*03,None,TRBJ1-5*01,1
1816,CSFGYSGGQPQHF,TRBV29-1*02,None,TRBJ1-5*01,1
1817,CSFGTVGGQPQHF,TRBV29-1*03,None,TRBJ1-5*01,1
1818,CSFGTSWVQPQHF,TRBV29-1*03,None,TRBJ1-5*01,1
1819,CSFGTSWCQPQHF,TRBV29-1*01,None,TRBJ1-5*01,1
1820,CSFGTSQGQPQHF,TRBV29-1*01,None,TRBJ1-5*01,1
1821,CSFGTSGVQPQHF,TRBV29-1*02,None,TRBJ1-5*01,1
1822,CSFGTSGSQPQHF,TRBV29-1*03,None,TRBJ1-5*01,1
1823,CSFGTSGSQPQHF,TRBV29-1*02,None,TRBJ1-5*01,1
1824,CSFGTSGGQHQHF,TRBV29-1*03,None,TRBJ1-5*01,1
1825,CSFGSSGSQPRNF,TRBV29-1*03,None,TRBJ1-5*01,1
1826,CSFGTSGGLDQHF,TRBV29-1*02,None,TRBJ1-5*01,1
1827,CSFGTSGGKPQHF,TRBV29-1*03,None,TRBJ1-5*01,1
1828,CSFGTSGGHPQHF,TRBV29-1*03,None,TRBJ1-5*01,1
1829,CSFGTSGGEPQNF,TRBV29-1*02,None,TRBJ1-5*01,1
1830,CSFGTSGDQPQHF,TRBV29-1*03,None,TRBJ1-5*01,1
1831,CSFGTSGAQPQYF,TRBV29-1*03,None,TRBJ1-5*01,1
1832,CSFGTSERQPQHF,TRBV29-1*03,None,TRBJ1-5*01,1
1833,CSFGTSEGQPQHF,TRBV29-1*03,None,TRBJ1-5*01,1
1834,CSFGTSASQPQYF,TRBV29-1*02,None,TRBJ1-5*01,1
1835,CSFGTSAGQTQHF,TRBV29-1*02,None,TRBJ1-5*01,1
1836,CSFGTPGGQPQHF,TRBV29-1*03,None,TRBJ1-5*01,1
1837,CSAVAGFSYEQYF,TRBV20-1*01,None,TRBJ2-7*01,1
1838,CSAVAGFSHEQYF,TRBV20-1*03,None,TRBJ2-7*01,1
1839,CSLGNSGSQPQHF,TRBV29-1*03,None,TRBJ1-5*01,1
1840,CSAGAGFSYEQYF,TRBV20-1*03,None,TRBJ2-7*01,1
1841,CSAGTGTSSLIYEQYF,TRBV20-1*02,None,TRBJ2-1*01,1
1842,CSAGTGTSSLIYEQCF,TRBV20-1*03,None,TRBJ2-7*01,1
1843,CSAGTGTCQPQHF,TRBV29-1*03,None,TRBJ1-5*01,1
1844,CSAGTAGGQPQYF,TRBV29-1*03,None,TRBJ1-5*01,1
1845,CSAGTAGGQPQHF,TRBV29-1*03,None,TRBJ1-5*01,1
1846,CSAGTAGCQPQHF,TRBV29-1*03,None,TRBJ1-5*01,1
1847,CSAGSSGSQPHHF,TRBV29-1*03,None,TRBJ1-5*01,1
1848,CSAGSSGGQPQHF,TRBV29-1*03,None,TRBJ1-5*01,1
1849,CSAGPWTSSLIYEQYF,TRBV20-1*02,None,TRBJ2-7*01,1
1850,CSAGPGFAYAQYF,TRBV20-1*03,None,TRBJ1-1*01,1
1851,CSAGASWGQPQHF,TRBV29-1*03,None,TRBJ1-5*01,1
1852,CSAETSGGQHQHF,TRBV29-1*03,None,TRBJ1-5*01,1
1853,CSAGTSASQPQHF,TRBV29-1*03,None,TRBJ1-5*01,1
1854,CSAETSGGQAQYF,TRBV29-1*03,None,TRBJ1-5*01,1
1855,CSAATSGGQPQHF,TRBV29-1*03,None,TRBJ1-5*01,1
1856,CRVWTSGVQPQHF,TRBV29-1*02,None,TRBJ1-5*01,1
1857,CRVWTSGGQPQNF,TRBV29-1*02,None,TRBJ1-5*01,1
1858,CRVWTSGGQLKHF,TRBV29-1*02,None,TRBJ1-5*01,1
1859,CRVWNSGGQPQHF,TRBV29-1*02,None,TRBJ1-5*01,1
1860,CRVVTSGGQPQHF,TRBV29-1*02,None,TRBJ1-5*01,1
1861,CRVVTSGGQPKHF,TRBV29-1*02,None,TRBJ1-5*01,1
1862,CRVVTSGGQLQHF,TRBV29-1*02,None,TRBJ1-5*01,1
1863,CRVSSSGGQPQHF,TRBV29-1*03,None,TRBJ1-5*01,1
1864,CRVRTSVGQPQHF,TRBV29-1*03,None,TRBJ1-5*01,1
1865,CSAGTSAGQAQHF,TRBV29-1*03,None,TRBJ1-5*01,1
1866,CSAGTSEGQPQHF,TRBV29-1*03,None,TRBJ1-5*01,1
1867,CSAVAGFFYEQYF,TRBV20-1*06,None,TRBJ2-7*01,1
1868,CSAGTSGGQTQNF,TRBV29-1*02,None,TRBJ1-5*01,1
1869,CSAVAGFCYEQYF,TRBV20-1*06,None,TRBJ2-7*01,1
1870,CSAVAGCSYEQYF,TRBV20-1*03,None,TRBJ2-7*01,1
1871,CSARTSGGQPQHF,TRBV29-1*03,None,TRBJ1-6*01,1
1872,CSARTSGGQPQHF,TRBV29-1*03,None,TRBJ1-5*01,1
1873,CSAQHRSGNHNEQFF,TRBV20-1*03,None,TRBJ2-1*01,1
1874,CSAQHRSGDHNEQSF,TRBV20-1*03,None,TRBJ2-1*01,1
1875,CSAQHGSGDHNEQFF,TRBV20-1*03,None,TRBJ2-1*01,1
1876,CSAGTSGSQPQHF,TRBV29-1*03,None,TRBJ1-5*01,1
1877,CSAGTSGSQPKHF,TRBV29-1*03,None,TRBJ1-5*01,1
1878,CSAGTSGNQPQHF,TRBV29-1*03,None,TRBJ1-5*01,1
1879,CSAGTSGGQTRHF,TRBV29-1*03,None,TRBJ1-5*01,1
1880,CSAGTSGGQSQHF,TRBV29-1*03,None,TRBJ1-5*01,1
1881,CSAGTSGCPPQHF,TRBV29-1*03,None,TRBJ1-5*01,1
1882,CSAGTSGGQPRHF,TRBV29-1*03,None,TRBJ1-5*01,1
1883,CSAGTSGGQPQYF,TRBV29-1*03,None,TRBJ1-5*01,1
1884,CSAGTSGGQPQRF,TRBV29-1*03,None,TRBJ1-5*01,1
1885,CSAGTSGGQPQHF,TRBV29-1*02,None,TRBJ1-5*01,1
1886,CSAGTSGGQPHHF,TRBV29-1*03,None,TRBJ1-5*01,1
1887,CSAGTSGGPPQHF,TRBV29-1*03,None,TRBJ1-5*01,1
1888,CSAGTSGGKPQHF,TRBV29-1*03,None,TRBJ1-5*01,1
1889,CSAGTSGGKNQNF,TRBV29-1*03,None,TRBJ1-5*01,1
1890,CSAGTSGCQPQNF,TRBV29-1*03,None,TRBJ1-5*01,1
1891,CSAGTSGCQPQHF,TRBV29-1*03,None,TRBJ1-5*01,1
1892,CSAGTSGCQLQHF,TRBV29-1*03,None,TRBJ1-5*01,1
1893,CSFWTSGGQPQHF,TRBV29-1*02,None,TRBJ1-5*01,1
1894,CSGATSGGQPQHF,TRBV29-1*03,None,TRBJ1-5*01,1
1895,CSGETSGGQPQHF,TRBV29-1*02,None,TRBJ1-5*01,1
1896,CSIGTSGGQPQNF,TRBV29-1*02,None,TRBJ1-5*01,1
1897,CSIGTSPGQPQHF,TRBV29-1*03,None,TRBJ1-5*01,1
1898,CSIGTSGVQPQHF,TRBV29-1*03,None,TRBJ1-5*01,1
1899,CSIGTSGVQPQHF,TRBV29-1*02,None,TRBJ1-5*01,1
1900,CSIGTSGSKPQHF,TRBV29-1*02,None,TRBJ1-5*01,1
1901,CSIGTSGRQTQHF,TRBV10-1*02,None,TRBJ1-5*01,1
1902,CSIGTSGRQPQHF,TRBV29-1*03,None,TRBJ1-5*01,1
1903,CSIGTSGRKPQHF,TRBV29-1*02,None,TRBJ1-5*01,1
1904,CSIGTSGIQPQHF,TRBV29-1*03,None,TRBJ1-5*01,1
1905,CSIGTSGGQSQHF,TRBV29-1*02,None,TRBJ1-5*01,1
1906,CSIGTSGGQPYHF,TRBV29-1*03,None,TRBJ1-5*01,1
1907,CSIGTSGGQPTHF,TRBV29-1*02,None,TRBJ1-5*01,1
1908,CSIGTSGGQPQKF,TRBV29-1*03,None,TRBJ1-5*01,1
1909,CSIGTSSGQPQHF,TRBV29-1*02,None,TRBJ1-5*01,1
1910,CSIGTSGGQPLHF,TRBV29-1*02,None,TRBJ1-5*01,1
1911,CSIGTSGGQHQHF,TRBV29-1*03,None,TRBJ1-5*01,1
1912,CSIGTSGGQAQHF,TRBV29-1*03,None,TRBJ1-5*01,1
1913,CSIGTSGGKPQHF,TRBV29-1*03,None,TRBJ1-5*01,1
1914,CSIGTSGGKPQHF,TRBV29-1*02,None,TRBJ1-5*01,1
1915,CSIGTSGGHPQHF,TRBV29-1*03,None,TRBJ1-5*01,1
1916,CSIGTSGCQPQHF,TRBV29-1*02,None,TRBJ1-5*01,1
1917,CSIGTSGAQAQHF,TRBV29-1*02,None,TRBJ1-5*01,1
1918,CSIGTSEGQQQHF,TRBV29-1*02,None,TRBJ1-5*01,1
1919,CSIGTSEDQPQHF,TRBV29-1*03,None,TRBJ1-5*01,1
1920,CSIGTSEAQPHHF,TRBV29-1*03,None,TRBJ1-5*01,1
1921,CSIGTSRGQAQHF,TRBV29-1*03,None,TRBJ1-5*01,1
1922,CSIGTSVGQPKHF,TRBV29-1*03,None,TRBJ1-5*01,1
1923,CSGETTGDQHQHF,TRBV29-1*03,None,TRBJ1-5*01,1
1924,CSIVTSGSQPQHF,TRBV29-1*02,None,TRBJ1-5*01,1
1925,CSLGNSGGQPQHF,TRBV29-1*03,None,TRBJ1-5*01,1
1926,CSLGMSGRQPQHF,TRBV29-1*03,None,TRBJ1-5*01,1
1927,CSLGMSGGQPQHF,TRBV29-1*02,None,TRBJ1-5*01,1
1928,CSLETSGGQPQHF,TRBV29-1*02,None,TRBJ1-5*01,1
1929,CSLETSGGQPQHF,TRBV29-1*01,None,TRBJ1-5*01,1
1930,CSLATSRGQRKTF,TRBV29-1*03,None,TRBJ1-5*01,1
1931,CSLATSGGQPQHF,TRBV29-1*02,None,TRBJ1-5*01,1
1932,CSLANSGGQPQHF,TRBV29-1*02,None,TRBJ1-5*01,1
1933,CSIWTSGGQPQQF,TRBV29-1*03,None,TRBJ1-5*01,1
1934,CSIWSSGGQPQHF,TRBV29-1*03,None,TRBJ1-5*01,1
1935,CSIVTSRGQPQHF,TRBV29-1*03,None,TRBJ1-5*01,1
1936,CSIVTSGRQPQHF,TRBV29-1*02,None,TRBJ1-5*01,1
1937,CSIGTSVGQPQHF,TRBV29-1*02,None,TRBJ1-5*01,1
1938,CSIVTSGGQPQHF,TRBV29-1*03,None,TRBJ1-5*01,1
1939,CSIVTSGGQPKHF,TRBV29-1*02,None,TRBJ1-5*01,1
1940,CSIVTSGGKPQHF,TRBV29-1*03,None,TRBJ1-5*01,1
1941,CSIVASGSQPQHF,TRBV29-1*03,None,TRBJ1-5*01,1
1942,CSISTSAIQPQHF,TRBV29-1*03,None,TRBJ1-5*01,1
1943,CSIRTSGRQPQHF,TRBV29-1*03,None,TRBJ1-5*01,1
1944,CSIRTSGGKPKNF,TRBV29-1*02,None,TRBJ1-5*01,1
1945,CSIKTSGGQPPHF,TRBV29-1*02,None,TRBJ1-5*01,1
1946,CSIGTSWSQPQRF,TRBV29-1*01,None,TRBJ1-5*01,1
1947,CSIGTSWGQPQHF,TRBV29-1*02,None,TRBJ1-5*01,1
1948,CSIGTSVGQTQHF,TRBV29-1*02,None,TRBJ1-5*01,1
1949,CSIGTSCAKPHHF,TRBV29-1*03,None,TRBJ1-5*01,1
1950,CSIGTSAGQPHHF,TRBV29-1*03,None,TRBJ1-5*01,1
1951,CSIGTPGGQPQHF,TRBV29-1*03,None,TRBJ1-5*01,1
1952,CSGGTSGGKPQHF,TRBV29-1*03,None,TRBJ2-4*01,1
1953,CSGGTSGGQPQPF,TRBV29-1*02,None,TRBJ1-5*01,1
1954,CSGGTSGGQPQNF,TRBV29-1*02,None,TRBJ1-5*01,1
1955,CSGGTSGGQPQHF,TRBV29-1*02,None,TRBJ2-1*01,1
1956,CSGGTSGGQPQHF,TRBV29-1*01,None,TRBJ1-5*01,1
1957,CSGGTSGGQPQHF,TRBV10-1*02,None,TRBJ1-5*01,1
1958,CSGGTSGGQPKHF,TRBV29-1*03,None,TRBJ1-5*01,1
1959,CSGGTSGGQPKHF,TRBV29-1*02,None,TRBJ1-5*01,1
1960,CSGGTSGGQHQYF,TRBV29-1*01,None,TRBJ1-5*01,1
1961,CSGGTSGGQHQHF,TRBV29-1*02,None,TRBJ1-5*01,1
1962,CSGGTSGGQAQHF,TRBV29-1*02,None,TRBJ1-5*01,1
1963,CSGGTSGGLTQHF,TRBV29-1*02,None,TRBJ1-5*01,1
1964,CSGGTSGDQPQHF,TRBV29-1*02,None,TRBJ1-5*01,1
1965,CSIGTLGCQPQYF,TRBV29-1*03,None,TRBJ1-5*01,1
1966,CSGGTSESQPQHF,TRBV29-1*02,None,TRBJ1-5*01,1
1967,CSGGTSEGQPQYF,TRBV29-1*02,None,TRBJ1-5*01,1
1968,CSGGTSAGQPQHF,TRBV29-1*01,None,TRBJ1-5*01,1
1969,CSGGTAGGQTQHF,TRBV29-1*03,None,TRBJ1-5*01,1
1970,CSGGTAGGQPQHF,TRBV29-1*03,None,TRBJ1-5*01,1
1971,CSGGTAGGQPQHF,TRBV29-1*02,None,TRBJ1-5*01,1
1972,CSGGTAGGKPQHF,TRBV29-1*03,None,TRBJ1-5*01,1
1973,CSGGRSGRQPQHF,TRBV29-1*02,None,TRBJ1-5*01,1
1974,CSGGISEGQHQHF,TRBV29-1*03,None,TRBJ1-5*01,1
1975,CSGGAAVVQTQYF,TRBV29-1*03,None,TRBJ1-5*01,1
1976,CSGFTSGRQTQHF,TRBV29-1*02,None,TRBJ1-5*01,1
1977,CSGGTSGGQPQPF,TRBV29-1*03,None,TRBJ1-5*01,1
1978,CSGGTSGGQPQRF,TRBV29-1*02,None,TRBJ1-5*01,1
1979,CSGGTSGGQPQYF,TRBV29-1*02,None,TRBJ1-5*01,1
1980,CSGGTSGGQRQHF,TRBV29-1*02,None,TRBJ1-5*01,1
1981,CSIGTGTCYPQYF,TRBV29-1*03,None,TRBJ2-7*01,1
1982,CSIGPSGRQPQHF,TRBV29-1*03,None,TRBJ1-5*01,1
1983,CSIGNSGGQPQHF,TRBV29-1*02,None,TRBJ1-5*01,1
1984,CSIGASGSQTQHF,TRBV29-1*03,None,TRBJ1-5*01,1
1985,CSIGASGSQPQHF,TRBV29-1*02,None,TRBJ1-5*01,1
1986,CSIGASGRQPQHF,TRBV29-1*03,None,TRBJ1-5*01,1
1987,CSIGASGGQTQHF,TRBV29-1*03,None,TRBJ1-5*01,1
1988,CSIGASGGQPQHF,TRBV29-1*02,None,TRBJ1-5*01,1
1989,CSIETSEGQPQHF,TRBV29-1*02,None,TRBJ1-5*01,1
1990,CSICTSAGQPYHF,TRBV29-1*02,None,TRBJ1-5*01,1
1991,CSICTPGSQLQHF,TRBV29-1*02,None,TRBJ1-5*01,1
1992,CSGVTSGGQLQHF,TRBV29-1*02,None,TRBJ1-5*01,1
1993,CSGRTAGGQPQHF,TRBV29-1*03,None,TRBJ1-5*01,1
1994,CSGGTTGGQPQHF,TRBV29-1*02,None,TRBJ1-5*01,1
1995,CSGGTSWGEHQHF,TRBV29-1*03,None,TRBJ1-5*01,1
1996,CSGGTSVGQPQHF,TRBV29-1*03,None,TRBJ1-5*01,1
1997,CSGGTSRGQPQHF,TRBV29-1*03,None,TRBJ1-5*01,1
1998,CSGGTSRGQPQHF,TRBV29-1*02,None,TRBJ1-5*01,1
1999,CSGGTSGSQPQHF,TRBV29-1*03,None,TRBJ1-5*01,1
2000,CSGGTSGSEPQHF,TRBV29-1*03,None,TRBJ1-5*01,1
2001,CSGGTSGRQTQHF,TRBV29-1*03,None,TRBJ1-5*01,1
2002,CSGGTSGRQPQHF,TRBV29-1*03,None,TRBJ1-5*01,1
2003,CSGGTSGGQTQHF,TRBV29-1*01,None,TRBJ1-5*01,1
2004,CYVGTSGGQTPNF,TRBV29-1*02,None,TRBJ1-5*01,1
