,CDR3seq,V-region,D-region,J-region,Frequency
1,CASSLSGRVEKLFF,TRBV12-4*02,None,TRBJ1-4*01,58297
2,CASSRQGTNEQYF,TRBV6-6*04,None,TRBJ2-7*01,50982
3,CASSRQGTNEQYF,TRBV6-6*03,None,TRBJ2-7*01,8539
4,CASSRQGTNEQYF,TRBV12-4*02,None,TRBJ2-7*01,2089
5,CASSLSGRVEKLFF,TRBV6-6*03,None,TRBJ1-4*01,805
6,CASSLSGRVEKLFF,TRBV12-3*01,None,TRBJ1-4*01,328
7,CASSLSGRVEKLFF,TRBV12-4*01,None,TRBJ1-4*01,308
8,CASSLSGRVEKLFF,TRBV27*01,None,TRBJ1-4*01,255
9,CARSRQGTNEQYF,TRBV6-6*04,None,TRBJ2-7*01,201
10,CASSLSGRVEKLLF,TRBV12-4*02,None,TRBJ1-4*01,156
11,CASSLSGRVEELFF,TRBV12-4*02,None,TRBJ1-4*01,129
12,CAGSLSGRVEKLFF,TRBV12-4*02,None,TRBJ1-4*01,129
13,CASSFSVGPTYEQYF,TRBV14*02,None,TRBJ2-7*01,121
14,CASSRQGTNEQYF,TRBV6-6*05,None,TRBJ2-7*01,118
15,CASSLSGRAEKLFF,TRBV12-4*02,None,TRBJ1-4*01,102
16,CASSLSRRVEKLFF,TRBV12-4*02,None,TRBJ1-4*01,101
17,CASSRPGTNEQYF,TRBV6-6*04,None,TRBJ2-7*01,95
18,CASSLLGRVEKLFF,TRBV12-4*02,None,TRBJ1-4*01,92
19,CASSLPGRVEKLFF,TRBV12-4*02,None,TRBJ1-4*01,91
20,CASSLSGRVERLFF,TRBV12-4*02,None,TRBJ1-4*01,90
21,CASSLSGCVEKLFF,TRBV12-4*02,None,TRBJ1-4*01,89
22,CASSLSGRVEKLVF,TRBV12-4*02,None,TRBJ1-4*01,88
23,CASSLSGRMEKLFF,TRBV12-4*02,None,TRBJ1-4*01,87
24,CASSLSGRVGKLFF,TRBV12-4*02,None,TRBJ1-4*01,86
25,CASSRQGANEQYF,TRBV6-6*04,TRBD1*01,TRBJ2-7*01,86
26,CASSLSGRVENLFF,TRBV12-4*02,None,TRBJ1-4*01,85
27,CASSLSGRVEKPFF,TRBV12-4*02,None,TRBJ1-4*01,85
28,CARSLSGRVEKLFF,TRBV12-4*02,None,TRBJ1-4*01,84
29,CASSRQGTNERYF,TRBV6-6*04,None,TRBJ2-7*01,80
30,CASSRQGTNGQYF,TRBV6-6*04,None,TRBJ2-7*01,79
31,CASSLSGRVEKLSF,TRBV12-4*02,None,TRBJ1-4*01,79
32,CAGSRQGTNEQYF,TRBV6-6*04,None,TRBJ2-7*01,78
33,CASGLSGRVEKLFF,TRBV12-4*02,None,TRBJ1-4*01,77
34,CTSSRQGTNEQYF,TRBV6-6*04,None,TRBJ2-7*01,76
35,CASRLSGRVEKLFF,TRBV12-4*02,None,TRBJ1-4*01,69
36,CASSLSGHVEKLFF,TRBV12-4*02,None,TRBJ1-4*01,67
37,CASSSSGRVEKLFF,TRBV12-4*02,None,TRBJ1-4*01,67
38,CASSRQGTKEQYF,TRBV6-6*04,None,TRBJ2-7*01,66
39,CASSRQGTNEQCF,TRBV6-6*04,None,TRBJ2-7*01,64
40,CTSSLSGRVEKLFF,TRBV12-4*02,None,TRBJ1-4*01,63
41,CVSSLSGRVEKLFF,TRBV12-4*02,None,TRBJ1-4*01,62
42,CASSRQGTSEQYF,TRBV6-6*04,None,TRBJ2-7*01,62
43,CASSRQGTNEKYF,TRBV6-6*04,None,TRBJ2-7*01,58
44,CASSLSERVEKLFF,TRBV12-4*02,None,TRBJ1-4*01,58
45,CASSQQGTNEQYF,TRBV6-6*03,None,TRBJ2-7*01,56
46,CASSYSNYGYTF,TRBV6-6*03,None,TRBJ1-2*01,55
47,CASSRQGTDEQYF,TRBV6-6*04,None,TRBJ2-7*01,54
48,CASSLSGRVKKLFF,TRBV12-4*02,None,TRBJ1-4*01,54
49,CASSLSWRVEKLFF,TRBV12-4*02,None,TRBJ1-4*01,51
50,CASSLSGGVEKLFF,TRBV12-4*02,None,TRBJ1-4*01,50
51,CASSRQRTNEQYF,TRBV6-6*04,None,TRBJ2-7*01,50
52,CVSSRQGTNEQYF,TRBV6-6*04,None,TRBJ2-7*01,50
53,CASSYKGGSYNEQFF,TRBV7-3*05,None,TRBJ2-1*01,49
54,CASSFSGRVEKLFF,TRBV12-4*02,None,TRBJ1-4*01,49
55,CASSRQETNEQYF,TRBV6-6*04,None,TRBJ2-7*01,49
56,CASSLSGLVEKLFF,TRBV12-4*02,None,TRBJ1-4*01,48
57,CSVGTSGGQPQHF,TRBV29-1*02,None,TRBJ1-5*01,48
58,CASSRQGTNKQYF,TRBV6-6*04,None,TRBJ2-7*01,47
59,CASSRQGTNEQHF,TRBV6-6*04,None,TRBJ2-7*01,45
60,CASSLSVRVEKLFF,TRBV12-4*02,None,TRBJ1-4*01,44
61,CASSRQGTNDQYF,TRBV6-6*04,None,TRBJ2-7*01,44
62,CASRRQGTNEQYF,TRBV6-6*03,None,TRBJ2-7*01,42
63,CANSLSGRVEKLFF,TRBV12-4*02,None,TRBJ1-4*01,42
64,CASRWDRFPVNSPLHF,TRBV7-8*03,None,TRBJ1-6*01,40
65,CASSLSGRVEKLCF,TRBV12-4*02,None,TRBJ1-4*01,40
66,CASPSETQYF,TRBV28*01,None,TRBJ2-5*01,38
67,CANSRQGTNEQYF,TRBV6-6*04,None,TRBJ2-7*01,37
68,CASSRQVTNEQYF,TRBV6-6*04,None,TRBJ2-7*01,37
69,CASSLSGRVEKLFF,TRBV6-6*05,None,TRBJ1-4*01,37
70,CASSLSGRVEKLFF,TRBV6-9*01,None,TRBJ1-4*01,36
71,CASSLSGSVEKLFF,TRBV12-4*02,None,TRBJ1-4*01,35
72,CASSLSGRVEKLFF,TRBV2*02,None,TRBJ1-4*01,35
73,CASSLSGRLEKLFF,TRBV12-4*02,None,TRBJ1-4*01,35
74,CASSLTGRVEKLFF,TRBV12-4*02,None,TRBJ1-4*01,34
75,CASSRQGINEQYF,TRBV6-6*04,None,TRBJ2-7*01,34
76,CASGRQGTNEQYF,TRBV6-6*05,None,TRBJ2-7*01,33
77,CSSSLSGRVEKLFF,TRBV12-4*02,None,TRBJ1-4*01,33
78,CASSLSGPVEKLFF,TRBV12-4*02,None,TRBJ1-4*01,31
79,CSSSRQGTNEQYF,TRBV6-6*04,None,TRBJ2-7*01,31
80,CASSLSGRVQKLFF,TRBV12-4*02,None,TRBJ1-4*01,31
81,CASSRQGSNEQYF,TRBV6-6*04,None,TRBJ2-7*01,31
82,CASSRQWTNEQYF,TRBV6-6*04,None,TRBJ2-7*01,30
83,CASSLQGTNEQYF,TRBV6-6*03,None,TRBJ2-7*01,30
84,CASRRQGTNEQYF,TRBV6-6*05,None,TRBJ2-7*01,30
85,CACSLSGRVEKLFF,TRBV12-4*02,None,TRBJ1-4*01,29
86,CASGRQGTNEQYF,TRBV6-6*03,None,TRBJ2-7*01,29
87,CASSLWGRVEKLFF,TRBV12-4*02,None,TRBJ1-4*01,29
88,CASSLSARVEKLFF,TRBV12-4*02,None,TRBJ1-4*01,29
89,CASSLSGRVEILFF,TRBV12-4*02,None,TRBJ1-4*01,28
90,CASSRPGTNEQYF,TRBV6-6*03,None,TRBJ2-7*01,28
91,CASSRQGNNEQYF,TRBV6-6*04,None,TRBJ2-7*01,27
92,CASRRQGTNEQYF,TRBV6-6*04,None,TRBJ2-7*01,27
93,CALSESGSASKIIF,TRBV2*02,None,TRBJ1-1*01,26
94,CALSESGSASKIIF,TRBV12-4*02,None,TRBJ1-1*01,25
95,CARSRQGTNEQYF,TRBV6-6*03,None,TRBJ2-7*01,25
96,CASSLSGRVDKLFF,TRBV12-4*02,None,TRBJ1-4*01,25
97,CASSRQGTNVQYF,TRBV6-6*04,None,TRBJ2-7*01,24
98,CASSPQGTNEQYF,TRBV6-6*03,None,TRBJ2-7*01,24
99,CASNLSGRVEKLFF,TRBV12-4*02,None,TRBJ1-4*01,24
100,CASSRKGTNEQYF,TRBV6-6*04,None,TRBJ2-7*01,24
101,CASSISGRVEKLFF,TRBV12-4*02,None,TRBJ1-4*01,24
102,CASSGQGTNEQYF,TRBV6-6*03,None,TRBJ2-7*01,23
103,CAISLSGRVEKLFF,TRBV12-4*02,None,TRBJ1-4*01,23
104,CASSLSGRGEKLFF,TRBV12-4*02,None,TRBJ1-4*01,23
105,CASSRQGTNQQYF,TRBV6-6*04,None,TRBJ2-7*01,23
106,CASTPGAAEREQYF,TRBV25-1*01,None,TRBJ2-7*01,22
107,CASSLSGRVEKMFF,TRBV12-4*02,None,TRBJ1-4*01,22
108,CASSRQGANEQYF,TRBV6-6*03,None,TRBJ2-7*01,21
109,CASSVSGRVEKLFF,TRBV12-4*02,None,TRBJ1-4*01,20
110,CASSLSGRVEKLYF,TRBV12-4*02,None,TRBJ1-4*01,19
111,CASSRQGANEQYF,TRBV6-6*04,None,TRBJ2-7*01,19
112,CASSLSGRVEKLIF,TRBV12-4*02,None,TRBJ1-4*01,19
113,CASSLSGRVEQLFF,TRBV12-4*02,None,TRBJ1-4*01,18
114,CASSRQGTSEQYF,TRBV6-6*03,None,TRBJ2-7*01,18
115,CASSLSGRVETLFF,TRBV12-4*02,None,TRBJ1-4*01,18
116,CSAVAGFSYEQYF,TRBV20-1*03,None,TRBJ2-7*01,17
117,CASSLSGRVEKLFF,TRBV6-6*04,None,TRBJ1-4*01,17
118,CGSSLSGRVEKLFF,TRBV12-4*02,None,TRBJ1-4*01,17
119,CASSRQGTNEEYF,TRBV6-6*04,None,TRBJ2-7*01,17
120,CASSLSGREEKLFF,TRBV12-4*02,None,TRBJ1-4*01,17
121,CASSLSGRVEKVFF,TRBV12-4*02,None,TRBJ1-4*01,16
122,CASSRHGTNEQYF,TRBV6-6*04,None,TRBJ2-7*01,16
123,CPSSLSGRVEKLFF,TRBV12-4*02,None,TRBJ1-4*01,16
124,CASSLSGRVEKQFF,TRBV12-4*02,None,TRBJ1-4*01,16
125,CDSSRQGTNEQYF,TRBV6-6*04,None,TRBJ2-7*01,16
126,CATSLSGRVEKLFF,TRBV12-4*02,None,TRBJ1-4*01,15
127,CDSSLSGRVEKLFF,TRBV12-4*02,None,TRBJ1-4*01,15
128,CGSSRQGTNEQYF,TRBV6-6*04,None,TRBJ2-7*01,15
129,CASSRQGTNGQYF,TRBV6-6*03,None,TRBJ2-7*01,14
130,CPSSRQGTNEQYF,TRBV6-6*04,None,TRBJ2-7*01,14
131,CASSRQGTNEKYF,TRBV6-6*03,None,TRBJ2-7*01,14
132,CASMTDLFSYNEQFF,TRBV6-6*03,None,TRBJ2-1*01,14
133,CASSTGSEQYF,TRBV6-6*03,None,TRBJ2-7*01,14
134,CASSRQGTNEHYF,TRBV6-6*04,None,TRBJ2-7*01,13
135,CASSRLGTNEQYF,TRBV6-6*04,None,TRBJ2-7*01,13
136,CACSRQGTNEQYF,TRBV6-6*04,None,TRBJ2-7*01,13
137,CASSLSGRVVKLFF,TRBV12-4*02,None,TRBJ1-4*01,13
138,CASSRQGTNEQHF,TRBV6-6*03,None,TRBJ2-7*01,13
139,CASSRQGPNEQYF,TRBV6-6*04,None,TRBJ2-7*01,12
140,CTSSRQGTNEQYF,TRBV6-6*03,None,TRBJ2-7*01,12
141,CASSRQGTNAQYF,TRBV6-6*04,None,TRBJ2-7*01,12
142,CASSRQGTYEQYF,TRBV6-6*04,None,TRBJ2-7*01,12
143,CASSRQGSNEQYF,TRBV6-6*03,None,TRBJ2-7*01,12
144,CASSRQGTNEQNF,TRBV6-6*04,None,TRBJ2-7*01,12
145,CASSRQGTNERYF,TRBV6-6*03,None,TRBJ2-7*01,12
146,CASSWTGTGGEKLFF,TRBV27*01,TRBD1*01,TRBJ1-4*01,11
147,CASSREGTNEQYF,TRBV6-6*04,None,TRBJ2-7*01,11
148,CALSESGSASKIIF,TRBV10-3*01,None,TRBJ1-1*01,11
149,CASNRQGTNEQYF,TRBV6-6*05,None,TRBJ2-7*01,11
150,CASSRQGTNELYF,TRBV6-6*04,None,TRBJ2-7*01,10
151,CASSRQGTNKQYF,TRBV6-6*03,None,TRBJ2-7*01,10
152,CVSSRQGTNEQYF,TRBV6-6*03,None,TRBJ2-7*01,10
153,CASSLSGRVAKLFF,TRBV12-4*02,None,TRBJ1-4*01,10
154,CAISRQGTNEQYF,TRBV6-6*04,None,TRBJ2-7*01,10
155,CASRPTGHVYGYTF,TRBV27*01,None,TRBJ1-2*01,10
156,CSAVAGFSYEQYF,TRBV20-1*06,None,TRBJ2-7*01,10
157,CASSRQGTKEQYF,TRBV6-6*03,None,TRBJ2-7*01,9
158,CASSRQRTNEQYF,TRBV6-6*03,None,TRBJ2-7*01,9
159,CASSLSGRVEKLFF,TRBV6-5*01,None,TRBJ1-4*01,9
160,CASSRQATNEQYF,TRBV6-6*04,None,TRBJ2-7*01,9
161,CALSESGSASKIIF,TRBV12-4*02,None,TRBJ1-6*01,9
162,CALSESGSASKIIF,TRBV12-4*02,None,TRBJ1-2*01,9
163,CASSRQGTTEQYF,TRBV6-6*04,None,TRBJ2-7*01,9
164,CASSRQGTNEKYF,TRBV12-4*02,None,TRBJ2-7*01,9
165,CALSESGSASKIIF,TRBV10-3*02,None,TRBJ1-1*01,9
166,CASCRQGTNEQYF,TRBV6-6*04,None,TRBJ2-7*01,9
167,CSVEVGRVNEQFF,TRBV29-1*02,None,TRBJ2-1*01,8
168,CALRSGAQKLVF,TRBV12-4*02,None,TRBJ1-1*01,8
169,CALSESGSASKIIF,TRBV13*02,None,TRBJ1-1*01,8
170,CASSRQGTNEQCF,TRBV6-6*03,None,TRBJ2-7*01,8
171,CASNRQGTNEQYF,TRBV6-6*03,None,TRBJ2-7*01,8
172,CASSLRVSYEQYF,TRBV7-8*03,None,TRBJ2-7*01,8
173,CASSLAGRVEKLFF,TRBV12-4*01,None,TRBJ1-4*01,8
174,CASSRQGTHEQYF,TRBV6-6*04,None,TRBJ2-7*01,8
175,CASILSGRVEKLFF,TRBV12-4*02,None,TRBJ1-4*01,8
176,CASSRQGTNEPYF,TRBV6-6*04,None,TRBJ2-7*01,8
177,CATSRQGTNEQYF,TRBV6-6*04,None,TRBJ2-7*01,8
178,CASSRQGTIEQYF,TRBV6-6*04,None,TRBJ2-7*01,8
179,CASSLSGRVEKLFF,TRBV6-2*01,None,TRBJ1-4*01,8
180,CASSLSGRVEKLFF,TRBV28*01,None,TRBJ1-4*01,8
181,CASIRQGTNEQYF,TRBV6-6*03,None,TRBJ2-7*01,7
182,CALSESGSASKIIF,TRBV12-4*02,None,TRBJ1-6*02,7
183,CASSRQGINEQYF,TRBV6-6*03,None,TRBJ2-7*01,7
184,CASSLSGRVEKLVF,TRBV6-6*03,None,TRBJ1-4*01,7
185,CASSRHGTNEQYF,TRBV6-6*03,None,TRBJ2-7*01,7
186,CANSRQGTNEQYF,TRBV6-6*03,None,TRBJ2-7*01,7
187,CAGSRQGTNEQYF,TRBV6-6*03,None,TRBJ2-7*01,7
188,CASSRQGTDEQYF,TRBV6-6*03,None,TRBJ2-7*01,7
189,CASIRQGTNEQYF,TRBV6-6*05,None,TRBJ2-7*01,7
190,CASSRQGTNEQYF,TRBV2*02,None,TRBJ2-7*01,7
191,CASCRQGTNEQYF,TRBV6-6*03,None,TRBJ2-7*01,7
192,CASMTDLFSYNEQFF,TRBV6-6*05,None,TRBJ2-1*01,7
193,CASSRKGTNEQYF,TRBV6-6*03,None,TRBJ2-7*01,6
194,CASSRQWTNEQYF,TRBV6-6*03,None,TRBJ2-7*01,6
195,CASSRQGANEQYF,TRBV12-4*02,TRBD1*01,TRBJ2-7*01,6
196,CASSRQGTNEEYF,TRBV12-4*02,None,TRBJ2-7*01,6
197,CASSQDRRTTDTQYF,TRBV4-2*01,None,TRBJ2-3*01,6
198,CSSSRQGTNEQYF,TRBV6-6*03,None,TRBJ2-7*01,6
199,CASSRQGNNEQYF,TRBV6-6*03,None,TRBJ2-7*01,6
200,CSSSLSGRVEKLFF,TRBV6-6*03,None,TRBJ1-4*01,6
201,CSAVAGFSYEQYF,TRBV20-1*02,None,TRBJ2-7*01,6
202,CASSRVSYNEQFF,TRBV28*01,None,TRBJ2-1*01,6
203,CASSLSGRVEKRFF,TRBV12-4*02,None,TRBJ1-4*01,6
204,CASSRQGTNGQYF,TRBV12-4*02,None,TRBJ2-7*01,6
205,CASSRQGTSEQYF,TRBV12-4*02,None,TRBJ2-7*01,5
206,CASGRQGTNEQYF,TRBV6-6*04,None,TRBJ2-7*01,5
207,CASSRQGTNDQYF,TRBV6-6*03,None,TRBJ2-7*01,5
208,CASSRQGTNEQFF,TRBV6-6*04,None,TRBJ2-7*01,5
209,CASGLSGRVEKLSF,TRBV12-4*02,None,TRBJ1-4*01,5
210,CASSLVTGTTDTQYF,TRBV11-3*03,None,TRBJ2-3*01,5
211,CASTRQGTNEQYF,TRBV6-6*05,None,TRBJ2-7*01,5
212,CASSRQGTNEQSF,TRBV6-6*04,None,TRBJ2-7*01,5
213,CASSLSGGVEKQFF,TRBV12-4*02,None,TRBJ1-4*01,5
214,CASSRQGTNKQYF,TRBV12-4*02,None,TRBJ2-7*01,5
215,CASSRQETNEQYF,TRBV6-6*03,None,TRBJ2-7*01,5
216,CASSLSGRVEKLFF,TRBV9*03,None,TRBJ1-4*01,5
217,CASSLSGRVEKLFF,TRBV6-3*01,None,TRBJ1-4*01,5
218,CASSLSGRAEKLFF,TRBV6-6*03,None,TRBJ1-4*01,4
219,CASSRQGTNEQHF,TRBV12-4*02,None,TRBJ2-7*01,4
220,CARSRQGTNEQYF,TRBV12-4*02,None,TRBJ2-7*01,4
221,CASSLSSRVEKLFF,TRBV12-4*02,None,TRBJ1-4*01,4
222,CASSLVIGGATGDIQYF,TRBV11-3*03,None,TRBJ2-4*01,4
223,CASSRQGTNQQYF,TRBV6-6*03,None,TRBJ2-7*01,4
224,CASSLIDEQFF,TRBV28*01,None,TRBJ2-1*01,4
225,CASSRQWTNEQYF,TRBV12-4*02,None,TRBJ2-7*01,4
226,CPSSRQGTNEQYF,TRBV12-4*02,None,TRBJ2-7*01,4
227,CASSRQGTDEQYF,TRBV12-4*02,None,TRBJ2-7*01,4
228,CASSRLGTNEQYF,TRBV6-6*03,None,TRBJ2-7*01,4
229,CASSQQGTNEQYF,TRBV6-6*04,None,TRBJ2-7*01,4
230,CASSLSGRVEKLLF,TRBV6-6*03,None,TRBJ1-4*01,4
231,CASSRQGTNEEYF,TRBV6-6*03,None,TRBJ2-7*01,4
232,CASSLSWRVENLFF,TRBV12-4*02,None,TRBJ1-4*01,4
233,CARSLSGRVEKLFF,TRBV27*01,None,TRBJ1-4*01,4
234,CASSREGTNEQYF,TRBV6-6*03,None,TRBJ2-7*01,4
235,CASSLSGRVEKLFF,TRBV6-6*02,None,TRBJ1-4*01,4
236,CASSLSGRVEKLFF,TRBV6-6*01,None,TRBJ1-4*01,4
237,CASSLAGRVEKLFF,TRBV12-3*01,None,TRBJ1-4*01,4
238,CASSRQGTNHQYF,TRBV6-6*04,None,TRBJ2-7*01,4
239,CASCLSGRVEKLFF,TRBV12-4*02,None,TRBJ1-4*01,4
240,CASSRQGTNEQYF,TRBV6-9*01,None,TRBJ2-7*01,4
241,CASSRQGTNEQYF,TRBV9*03,None,TRBJ2-7*01,4
242,CASSSWTGTGLGYTF,TRBV11-3*03,None,TRBJ1-2*01,4
243,CTSSRQGTNEQYF,TRBV12-4*02,None,TRBJ2-7*01,3
244,CASSLSVRVEKLLF,TRBV12-4*02,None,TRBJ1-4*01,3
245,CASSLSRRVENLFF,TRBV12-4*02,None,TRBJ1-4*01,3
246,CASSLVTGTTDTQYF,TRBV7-9*04,None,TRBJ2-3*01,3
247,CASCRQGTNEQYF,TRBV6-6*05,None,TRBJ2-7*01,3
248,CASSLSESVEKLFF,TRBV12-4*02,None,TRBJ1-4*01,3
249,CASRWDRFPVNSPHHF,TRBV7-8*03,None,TRBJ1-6*01,3
250,CASSRPGTNEQYF,TRBV12-4*02,None,TRBJ2-7*01,3
251,CAGSRQGTNEQYF,TRBV12-4*02,None,TRBJ2-7*01,3
252,CASSSWTGTGLGYTF,TRBV7-9*04,None,TRBJ1-2*01,3
253,CASSRQGTIEQYF,TRBV6-6*03,None,TRBJ2-7*01,3
254,CTSSLSGRVGKLFF,TRBV12-4*02,None,TRBJ1-4*01,3
255,CASSLQGTNEQYF,TRBV6-6*04,None,TRBJ2-7*01,3
256,CTSSLSGRVEKPFF,TRBV12-4*02,None,TRBJ1-4*01,3
257,CASRLSGRVEILFF,TRBV12-4*02,None,TRBJ1-4*01,3
258,CASSLSGRVEKLLF,TRBV12-3*01,None,TRBJ1-4*01,3
259,CASSLSGCVEKLFF,TRBV12-4*01,None,TRBJ1-4*01,3
260,CASSLSGRVERLFF,TRBV6-6*03,None,TRBJ1-4*01,3
261,CASSLSGRVEKLSF,TRBV6-6*03,None,TRBJ1-4*01,3
262,CASSYSNYGYTF,TRBV6-5*01,None,TRBJ1-2*01,3
263,CASSRQGTNEQCF,TRBV12-4*02,None,TRBJ2-7*01,3
264,CASSYSNYGYTF,TRBV6-6*01,None,TRBJ1-2*01,3
265,CASSRQGTNEQFF,TRBV6-6*03,None,TRBJ2-7*01,3
266,CSAQHRSGDHNEQFF,TRBV20-1*03,None,TRBJ2-1*01,3
267,CAGSLLGRVEKLFF,TRBV12-4*02,None,TRBJ1-4*01,3
268,CSAQHRSGDHNEQFF,TRBV20-1*06,None,TRBJ2-1*01,3
269,CASSRQGTNEHYF,TRBV6-6*03,None,TRBJ2-7*01,3
270,CASSRQGRNEQYF,TRBV6-6*04,None,TRBJ2-7*01,3
271,CASSLSWLVEKLFF,TRBV12-4*02,None,TRBJ1-4*01,3
272,CACSRQGTNEQYF,TRBV6-6*03,None,TRBJ2-7*01,3
273,CASSLSGLVEKLFF,TRBV6-6*03,None,TRBJ1-4*01,3
274,CASSLPGTRYEQFF,TRBV5-1*02,None,TRBJ2-1*01,3
275,CASSLSVRVENLFF,TRBV12-4*02,None,TRBJ1-4*01,3
276,CASRLSGRVEELFF,TRBV12-4*02,None,TRBJ1-4*01,3
277,CASSRQGTNELYF,TRBV6-6*03,None,TRBJ2-7*01,3
278,CALRSGAQKLVF,TRBV12-4*02,None,TRBJ2-7*01,3
279,CASSLSGCVEKLFF,TRBV6-6*03,None,TRBJ1-4*01,3
280,CASSLSGHVKKLFF,TRBV12-4*02,None,TRBJ1-4*01,2
281,CASSSSGRVEKLFF,TRBV6-6*03,None,TRBJ1-4*01,2
282,CASSSSGRVEKLFF,TRBV12-3*01,None,TRBJ1-4*01,2
283,CASPSETKYF,TRBV28*01,None,TRBJ2-5*01,2
284,CASSLSVRVEKLFF,TRBV27*01,None,TRBJ1-4*01,2
285,CASTSNLYQETQYF,TRBV6-6*05,None,TRBJ2-5*01,2
286,CASSLSGCVEELFF,TRBV12-4*02,None,TRBJ1-4*01,2
287,CASSYSNYGYTF,TRBV6-6*02,None,TRBJ1-2*01,2
288,CASSRQGNNEQYF,TRBV12-4*02,None,TRBJ2-7*01,2
289,CASSRRGTNEQYF,TRBV6-6*03,None,TRBJ2-7*01,2
290,CASSVSGRVEKLFF,TRBV6-4*01,None,TRBJ1-4*01,2
291,CASSLSVRVEKLCF,TRBV12-4*02,None,TRBJ1-4*01,2
292,CASTLSGRVEKLFF,TRBV12-4*02,None,TRBJ1-4*01,2
293,CASSYSNYGYTF,TRBV6-6*05,None,TRBJ1-2*01,2
294,CASSLSGRAEQLFF,TRBV12-4*02,None,TRBJ1-4*01,2
295,CASTRQGTNEQYF,TRBV6-6*03,None,TRBJ2-7*01,2
296,CASSRQGTHVQYF,TRBV6-6*04,None,TRBJ2-7*01,2
297,CASRLSGRVEQLFF,TRBV12-4*02,None,TRBJ1-4*01,2
298,CASSLSGGVEKLFF,TRBV6-6*03,None,TRBJ1-4*01,2
299,CASRSSGRVEKLFF,TRBV12-4*02,None,TRBJ1-4*01,2
300,CASRLSGRVEKLIF,TRBV12-4*02,None,TRBJ1-4*01,2
301,CASSVIDEQFF,TRBV28*01,None,TRBJ2-1*01,2
302,CASSVSGRVEKLFF,TRBV6-4*02,None,TRBJ1-4*01,2
303,CASSLSAGVEKLFF,TRBV12-4*02,None,TRBJ1-4*01,2
304,CASSLSCRVEKLFF,TRBV12-4*02,None,TRBJ1-4*01,2
305,CASSYKGGSYNEQYF,TRBV7-3*05,None,TRBJ2-1*01,2
306,CTSSRQGTNEQYF,TRBV6-6*05,None,TRBJ2-7*01,2
307,CASSLQGTNEQYF,TRBV6-6*05,None,TRBJ2-7*01,2
308,CASSPQGTNEQYF,TRBV6-6*04,None,TRBJ2-7*01,2
309,CASSRQGTNEQNF,TRBV6-6*03,None,TRBJ2-7*01,2
310,CALSESGSASIIF,TRBV12-4*02,None,TRBJ1-1*01,2
311,CALSESGSASKIIF,TRBV12-3*01,None,TRBJ1-1*01,2
312,CALSESGSASKIIF,TRBV12-4*02,None,TRBJ2-2*01,2
313,CASSLSGRVERLFF,TRBV12-3*01,None,TRBJ1-4*01,2
314,CASSFSGRVEQLFF,TRBV12-4*02,None,TRBJ1-4*01,2
315,CASSFSGRVENLFF,TRBV12-4*02,None,TRBJ1-4*01,2
316,CSRSLSGRVEKLFF,TRBV12-4*02,None,TRBJ1-4*01,2
317,CALSESGSASKLIF,TRBV12-4*02,None,TRBJ1-1*01,2
318,CASSRQGTNVQYF,TRBV6-6*03,None,TRBJ2-7*01,2
319,CASSRQGTTEQYF,TRBV6-6*03,None,TRBJ2-7*01,2
320,CASSLSGRVENLFF,TRBV6-6*03,None,TRBJ1-4*01,2
321,CALSESGSDSKIIF,TRBV12-4*02,None,TRBJ1-1*01,2
322,CASSRQGADEQYF,TRBV6-6*04,TRBD1*01,TRBJ2-7*01,2
323,CASSRQGTYEQYF,TRBV6-6*03,None,TRBJ2-7*01,2
324,CASSLPGRAEKLFF,TRBV12-4*02,None,TRBJ1-4*01,2
325,CAMSESGSASKIIF,TRBV10-3*01,None,TRBJ1-1*01,2
326,CSAQHRSGDHNEQFF,TRBV20-1*02,None,TRBJ2-1*01,2
327,CASSLSGRVGKLFF,TRBV6-6*03,None,TRBJ1-4*01,2
328,CALRSGAQKLVF,TRBV12-4*02,None,TRBJ1-6*02,2
329,CASSLSWRVEKLFF,TRBV12-4*01,None,TRBJ1-4*01,2
330,CASSFTGRVEKLFF,TRBV12-4*02,None,TRBJ1-4*01,2
331,CAGSLSGRVEKLFF,TRBV12-4*01,None,TRBJ1-4*01,2
332,CASSLSRRVEKLFF,TRBV12-4*01,None,TRBJ1-4*01,2
333,CAGSLSGRVEKLLF,TRBV12-4*02,None,TRBJ1-4*01,2
334,CASSLSRRVEKLLF,TRBV12-4*02,None,TRBJ1-4*01,2
335,CAGSRQGTNEKYF,TRBV6-6*04,None,TRBJ2-7*01,2
336,CASSGQGTNEQYF,TRBV12-4*02,None,TRBJ2-7*01,2
337,CASSLAGRVEKLFF,TRBV12-4*02,None,TRBJ1-4*01,2
338,CASSLSLRVEKLFF,TRBV12-4*02,None,TRBJ1-4*01,2
339,CASSLSGSVENLFF,TRBV12-4*02,None,TRBJ1-4*01,2
340,CALRSGAQKLVF,TRBV12-4*02,None,TRBJ1-6*01,2
341,CASSRQGTNQQYF,TRBV12-4*02,None,TRBJ2-7*01,2
342,CASSLSGSVEKLFF,TRBV12-4*01,None,TRBJ1-4*01,2
343,CAISLSGCVEKLFF,TRBV12-4*02,None,TRBJ1-4*01,2
344,CSVETRRGSSGYTF,TRBV29-1*02,None,TRBJ1-2*01,2
345,CSSSRQGNNEQYF,TRBV6-6*04,None,TRBJ2-7*01,2
346,CASSLSWRVEKLLF,TRBV12-4*02,None,TRBJ1-4*01,2
347,CASSLSGRVKKLLF,TRBV12-4*02,None,TRBJ1-4*01,2
348,CASSLSGRVKKLFF,TRBV6-6*03,None,TRBJ1-4*01,2
349,CASSLPGRVEKLFF,TRBV12-3*01,None,TRBJ1-4*01,2
350,CASSFSGRVEKLVF,TRBV12-4*02,None,TRBJ1-4*01,2
351,CDSSRQGTNEKYF,TRBV6-6*04,None,TRBJ2-7*01,2
352,CASSEVRGEQYF,TRBV6-6*03,None,TRBJ2-7*01,2
353,CARSRQGTNEQYF,TRBV10-3*03,None,TRBJ2-7*01,2
354,CARSRQGTNEQYF,TRBV6-6*05,None,TRBJ2-7*01,2
355,CDSSRQGTNEQYF,TRBV6-6*03,None,TRBJ2-7*01,2
356,CASSQPGTNEQYF,TRBV6-6*03,None,TRBJ2-7*01,2
357,CARSRQRTNEQYF,TRBV6-6*04,None,TRBJ2-7*01,2
358,CASSLSVRLEKLFF,TRBV12-4*02,None,TRBJ1-4*01,2
359,CASSRQVTNEQYF,TRBV12-4*02,None,TRBJ2-7*01,2
360,CASSLSGRVEELFF,TRBV12-3*01,None,TRBJ1-4*01,2
361,CASSRQVTNEQYF,TRBV6-6*03,None,TRBJ2-7*01,2
362,CASSLSGRVEHLFF,TRBV12-4*02,None,TRBJ1-4*01,2
363,CASSRQVTNGQYF,TRBV6-6*04,None,TRBJ2-7*01,2
364,CASSLSGRMERLFF,TRBV12-4*02,None,TRBJ1-4*01,2
365,CASSLSGRMENLFF,TRBV12-4*02,None,TRBJ1-4*01,2
366,CASSRQWTKEQYF,TRBV6-6*04,None,TRBJ2-7*01,2
367,CASSLQGTNAQYF,TRBV6-6*03,None,TRBJ2-7*01,2
368,CASGLSGRVEKLVF,TRBV12-4*02,None,TRBJ1-4*01,2
369,CASSLSGRLEQLFF,TRBV12-4*02,None,TRBJ1-4*01,2
370,CASSLSGRGENLFF,TRBV12-4*02,None,TRBJ1-4*01,2
371,CARSRQGTKEQYF,TRBV6-6*05,None,TRBJ2-7*01,2
372,CASSLSGRVEKLFF,TRBV12-4*02,None,TRBJ2-4*01,2
373,CASSFCVGPTYEQYF,TRBV14*02,None,TRBJ2-7*01,2
374,CARSLSGRVEKLFF,TRBV12-3*01,None,TRBJ1-4*01,2
375,CANSYSNYGYTF,TRBV6-6*03,None,TRBJ1-2*01,2
376,CASSQQGTNEQYF,TRBV12-4*02,None,TRBJ2-7*01,2
377,CASSLSGRVEKLVF,TRBV12-3*01,None,TRBJ1-4*01,2
378,CASSQQGTNEQYF,TRBV6-6*05,None,TRBJ2-7*01,2
379,CASSQQRTNEQYF,TRBV6-6*03,None,TRBJ2-7*01,2
380,CARSFSGRVEKLFF,TRBV12-4*02,None,TRBJ1-4*01,2
381,CASSRQGTNERYF,TRBV12-4*02,None,TRBJ2-7*01,2
382,CGSSRQGTNEQYF,TRBV6-6*03,None,TRBJ2-7*01,2
383,CARSLSGRVEKLCF,TRBV12-4*02,None,TRBJ1-4*01,2
384,CASSLSGRVEKLFF,TRBV6-8*01,None,TRBJ1-4*01,2
385,CARSLSGRVEQLFF,TRBV12-4*02,None,TRBJ1-4*01,2
386,CVSSLSGRVENLFF,TRBV12-4*02,None,TRBJ1-4*01,2
387,CARSLSVRVEKLFF,TRBV12-4*02,None,TRBJ1-4*01,2
388,CASSRQGTNAQSF,TRBV6-6*04,None,TRBJ2-7*01,1
389,CASSRQGTKQQYF,TRBV6-6*04,None,TRBJ2-7*01,1
390,CASSRQGTNEQDF,TRBV6-6*04,None,TRBJ2-7*01,1
391,CASSRQGTNAQYF,TRBV12-4*02,None,TRBJ2-7*01,1
392,CASSRQGTNEQIF,TRBV6-6*04,None,TRBJ2-7*01,1
393,CASSRQGTNELSF,TRBV6-6*04,None,TRBJ2-7*01,1
394,CASSRQGTNEQYF,TRBV6-6*03,None,TRBJ2-5*01,1
395,CASSRQGTNEQYF,TRBV6-6*04,None,TRBJ1-1*01,1
396,CASSRQGTNEPYF,TRBV6-6*03,None,TRBJ2-7*01,1
397,CASSRQGTNEQYF,TRBV6-6*03,None,TRBJ2-1*01,1
398,CASSRQGTNELYF,TRBV12-4*02,None,TRBJ2-7*01,1
399,CASSRQGTNEQYF,TRBV6-6*03,None,TRBJ1-2*01,1
400,CASSRQGTNDRYF,TRBV6-6*04,None,TRBJ2-7*01,1
401,CASSRQGTNDQYF,TRBV12-4*02,None,TRBJ2-7*01,1
402,CASSRQGTKQYF,TRBV12-4*02,None,TRBJ2-7*01,1
403,CASSRQGTNEQSF,TRBV12-4*02,None,TRBJ2-7*01,1
404,CASSRQGTNEQYF,TRBV3-1*01,None,TRBJ2-7*01,1
405,CASSRQGTNEQYF,TRBV28*01,None,TRBJ2-7*01,1
406,CASSRQGTNDLYF,TRBV6-6*04,None,TRBJ2-7*01,1
407,CASSRQGTNEPNF,TRBV6-8*01,None,TRBJ2-7*01,1
408,CASSRQGTNEKNF,TRBV6-6*04,None,TRBJ2-7*01,1
409,CASSRQGTNAKYF,TRBV6-6*04,None,TRBJ2-7*01,1
410,CASSRQGTNEQCF,TRBV6-6*05,None,TRBJ2-7*01,1
411,CAASLSGRVEKLFF,TRBV12-4*02,None,TRBJ1-4*01,1
412,CASSRQGTKDQYF,TRBV6-6*04,None,TRBJ2-7*01,1
413,CASSPQATKEQYF,TRBV6-6*03,None,TRBJ2-7*01,1
414,CASSLVTGTTNPQYF,TRBV7-9*04,None,TRBJ2-3*01,1
415,CASSLWGPVEKLCF,TRBV12-4*02,None,TRBJ1-4*01,1
416,CASSLWGRGEKLFF,TRBV12-4*02,None,TRBJ1-4*01,1
417,CASSLWGRVDKLFF,TRBV12-4*01,None,TRBJ1-4*01,1
418,CASSLWGRVEKLFF,TRBV12-4*01,None,TRBJ1-4*01,1
419,CASSLWGRVEKLFF,TRBV13*01,None,TRBJ1-4*01,1
420,CASSLWGRVEKLLF,TRBV12-4*02,None,TRBJ1-4*01,1
421,CASSLWGRVEKLSF,TRBV12-4*02,None,TRBJ1-4*01,1
422,CASSLWGRVENLFF,TRBV12-4*02,None,TRBJ1-4*01,1
423,CASSLWRRVEKLFF,TRBV12-4*02,None,TRBJ1-4*01,1
424,CASSLWVSYEQYF,TRBV7-8*03,None,TRBJ2-7*01,1
425,CASSNKGHTYSEQFF,TRBV7-3*05,None,TRBJ2-1*01,1
426,CASSPGQGAGDTQYF,TRBV18*01,TRBD1*01,TRBJ2-3*01,1
427,CASSPQGNNEQYF,TRBV6-6*03,None,TRBJ2-7*01,1
428,CASSQDRRTTDTQYF,TRBV5-5*03,None,TRBJ2-3*01,1
429,CASSPQGSNEQYF,TRBV6-6*03,None,TRBJ2-7*01,1
430,CASSPQGTKEKYF,TRBV6-6*03,None,TRBJ2-7*01,1
431,CASSPQGTKEQYF,TRBV6-6*03,None,TRBJ2-7*01,1
432,CASSPQGTNDQHF,TRBV6-6*03,None,TRBJ2-7*01,1
433,CASSPQGTNEQYF,TRBV12-4*02,None,TRBJ2-7*01,1
434,CASSPQGTNVQYF,TRBV6-6*03,None,TRBJ2-7*01,1
435,CASSPQVTNEQYF,TRBV6-6*03,None,TRBJ2-7*01,1
436,CASSPQWTKEQYF,TRBV6-6*03,None,TRBJ2-7*01,1
437,CASSPQWTNEQYF,TRBV6-6*03,None,TRBJ2-7*01,1
438,CASSPVQGAGDTQYF,TRBV18*01,None,TRBJ2-3*01,1
439,CASSQDRRITDTQYF,TRBV4-2*01,None,TRBJ2-3*01,1
440,CASSQDRRTKDKQYF,TRBV5-4*03,None,TRBJ2-3*01,1
441,CASSQDRRTTDTQYF,TRBV5-4*03,None,TRBJ2-3*01,1
442,CASSLVTGTTDTQYF,TRBV7-9*01,None,TRBJ2-3*01,1
443,CASSLVIGGTTGDIQYF,TRBV11-3*03,None,TRBJ2-4*01,1
444,CASSLVIGGATGDIQYF,TRBV7-9*04,None,TRBJ2-4*01,1
445,CASSLVIGGATGDIQYF,TRBV11-1*01,None,TRBJ2-4*01,1
446,CASSLSVRVETLFF,TRBV27*01,None,TRBJ1-4*01,1
447,CASSLSVSVEKLIF,TRBV28*01,None,TRBJ1-4*01,1
448,CASSLSWPVAQLLF,TRBV12-4*02,None,TRBJ1-4*01,1
449,CASSLSWPVEKLFF,TRBV12-4*02,None,TRBJ1-4*01,1
450,CASSLSWREDKLFF,TRBV12-4*02,None,TRBJ1-4*01,1
451,CASSLSWRGEKLFF,TRBV12-4*02,None,TRBJ1-4*01,1
452,CASSLSWRVAILLF,TRBV12-4*02,None,TRBJ1-4*01,1
453,CASSLSWRVEELFF,TRBV12-4*02,None,TRBJ1-4*01,1
454,CASSLSWRVEKLFF,TRBV6-6*03,None,TRBJ1-4*01,1
455,CASSLSWRVEKLIF,TRBV12-4*02,None,TRBJ1-4*01,1
456,CASSLSWRVEKLLF,TRBV7-3*05,None,TRBJ1-4*01,1
457,CASSLSWRVEKLSF,TRBV6-6*03,None,TRBJ1-4*01,1
458,CASSLSWRVERLFF,TRBV12-4*02,None,TRBJ1-4*01,1
459,CASSLSWRVGKLFF,TRBV12-4*02,None,TRBJ1-4*01,1
460,CASSLTGGGEELFF,TRBV12-4*02,None,TRBJ1-4*01,1
461,CASSLTGRVEELFF,TRBV12-4*02,None,TRBJ1-4*01,1
462,CASSLTGRVEKLFF,TRBV12-4*01,None,TRBJ1-4*01,1
463,CASSLTGRVEKLFF,TRBV13*02,None,TRBJ1-4*01,1
464,CASSLTGRVEKLLF,TRBV12-4*02,None,TRBJ1-4*01,1
465,CASSLTGRVEKLYF,TRBV12-4*02,None,TRBJ1-4*01,1
466,CASSLTRGETQYF,TRBV11-2*03,None,TRBJ2-7*01,1
467,CASSLTRGETQYF,TRBV7-9*04,None,TRBJ2-5*01,1
468,CASSLTRRVEKLFF,TRBV12-4*02,None,TRBJ1-4*01,1
469,CASSLTSRVEKLFF,TRBV12-4*02,None,TRBJ1-4*01,1
470,CASSLTVGPTYGQYF,TRBV14*02,None,TRBJ2-7*01,1
471,CASSLTWRVEQLFF,TRBV13*01,None,TRBJ1-4*01,1
472,CASSLVGRVEKLFF,TRBV12-4*02,None,TRBJ1-4*01,1
473,CASSQDRRTTDTQYF,TRBV5-5*02,None,TRBJ2-3*01,1
474,CASSQDRRTTDTQYF,TRBV5-8*02,None,TRBJ2-3*01,1
475,CASSRQGTIHQYF,TRBV6-6*04,None,TRBJ2-7*01,1
476,CASSRQGNNEHYF,TRBV6-6*04,None,TRBJ2-7*01,1
477,CASSRQGANLQYF,TRBV6-6*04,TRBD1*01,TRBJ2-7*01,1
478,CASSRQGANQHYF,TRBV6-6*04,None,TRBJ2-7*01,1
479,CASSRQGDNEQYF,TRBV12-4*02,None,TRBJ2-7*01,1
480,CASSRQGDNEQYF,TRBV6-6*03,None,TRBJ2-7*01,1
481,CASSRQGDNEQYF,TRBV6-6*04,None,TRBJ2-7*01,1
482,CASSRQGINAQYF,TRBV6-6*04,None,TRBJ2-7*01,1
483,CASSRQGKNEQYF,TRBV6-6*03,None,TRBJ2-7*01,1
484,CASSRQGKNEQYF,TRBV6-6*04,None,TRBJ2-7*01,1
485,CASSRQGMNEQYF,TRBV6-6*04,None,TRBJ2-7*01,1
486,CASSRQGNEQYF,TRBV6-6*04,None,TRBJ2-7*01,1
487,CASSRQGNKATYF,TRBV6-6*04,None,TRBJ2-7*01,1
488,CASSRQGNNAQYF,TRBV6-6*03,None,TRBJ2-7*01,1
489,CASSRQGNNAQYF,TRBV6-6*04,None,TRBJ2-7*01,1
490,CASSRQGNNERYF,TRBV6-6*04,None,TRBJ2-7*01,1
491,CASSQERRTTDTQYF,TRBV4-2*01,None,TRBJ2-3*01,1
492,CASSRQGNTEQYF,TRBV6-6*04,None,TRBJ2-7*01,1
493,CASSRQGPIVHYF,TRBV6-6*04,None,TRBJ2-7*01,1
494,CASSRQGPNDQYF,TRBV6-6*04,None,TRBJ2-7*01,1
495,CASSRQGPNELYF,TRBV6-6*03,None,TRBJ2-7*01,1
496,CASSRQGPNEQYF,TRBV6-6*03,None,TRBJ2-7*01,1
497,CASSRQGSDEQYF,TRBV6-6*04,None,TRBJ2-7*01,1
498,CASSRQGSNAQYF,TRBV6-6*04,None,TRBJ2-7*01,1
499,CASSRQGSNEQHF,TRBV6-6*04,None,TRBJ2-7*01,1
500,CASSRQGSNEQYF,TRBV12-4*02,None,TRBJ2-7*01,1
501,CASSRQGSNMQYF,TRBV6-6*04,None,TRBJ2-7*01,1
502,CASSRQGTDEQHF,TRBV6-6*04,None,TRBJ2-7*01,1
503,CASSRQGTEEQYF,TRBV6-6*04,None,TRBJ2-7*01,1
504,CASSRQGTHEQYF,TRBV6-6*05,None,TRBJ2-7*01,1
505,CASSRQGANEQYF,TRBV6-6*05,None,TRBJ2-7*01,1
506,CASSRQGANDRYF,TRBV6-6*03,None,TRBJ2-7*01,1
507,CASSRQDTNEQYF,TRBV6-6*04,None,TRBJ2-7*01,1
508,CASSRQATNEQYF,TRBV6-6*05,None,TRBJ2-7*01,1
509,CASSQQGINEQYF,TRBV6-6*03,None,TRBJ1-6*02,1
510,CASSQQGTNEKYF,TRBV6-6*03,None,TRBJ2-7*01,1
511,CASSQQGTNEQYF,TRBV12-4*01,None,TRBJ2-7*01,1
512,CASSRDGTNEQYF,TRBV6-6*04,None,TRBJ2-7*01,1
513,CASSREATNEQYF,TRBV6-6*03,None,TRBJ2-7*01,1
514,CASSREGSNKQYF,TRBV6-6*04,None,TRBJ2-7*01,1
515,CASSREGTNKQYF,TRBV6-6*04,None,TRBJ2-7*01,1
516,CASSRERANEQYF,TRBV6-6*04,None,TRBJ2-7*01,1
517,CASSRHGLNEHYF,TRBV6-6*03,None,TRBJ2-7*01,1
518,CASSRHGTNEQYF,TRBV12-4*02,None,TRBJ2-7*01,1
519,CASSRHGTNQQYF,TRBV6-6*04,None,TRBJ2-7*01,1
520,CASSRHRANEQYF,TRBV6-6*03,None,TRBJ2-7*01,1
521,CASSRKETNEQYF,TRBV6-6*04,None,TRBJ2-7*01,1
522,CASSRKGTNEKYF,TRBV6-6*03,None,TRBJ2-7*01,1
523,CASSRKGTNEKYF,TRBV6-6*04,None,TRBJ2-7*01,1
524,CASSRKGTNEQYF,TRBV12-4*02,None,TRBJ2-7*01,1
525,CASSRKGTSEQYF,TRBV6-6*03,None,TRBJ2-7*01,1
526,CASSRQGTNEQYF,TRBV6-6*04,None,TRBJ1-2*01,1
527,CASSRLGSNEQYF,TRBV6-6*04,None,TRBJ2-7*01,1
528,CASSRNGTNEQYF,TRBV6-6*03,None,TRBJ2-7*01,1
529,CASSRPGSNEQYF,TRBV6-6*03,None,TRBJ2-7*01,1
530,CASSRPGTNDQYF,TRBV6-6*04,None,TRBJ2-7*01,1
531,CASSRPGTNEPYF,TRBV6-6*04,None,TRBJ2-7*01,1
532,CASSRPGTSEQYF,TRBV6-6*03,None,TRBJ2-7*01,1
533,CASSRPWTNEQYF,TRBV6-6*04,None,TRBJ2-7*01,1
534,CASSRQASNEQYF,TRBV6-6*04,None,TRBJ2-5*01,1
535,CASSRQATNEDYF,TRBV6-6*04,None,TRBJ2-7*01,1
536,CASSRLETNEQYF,TRBV12-4*02,None,TRBJ2-7*01,1
537,CASSRRGPNEQYF,TRBV6-6*03,None,TRBJ2-7*01,1
538,CASSRQGTNEQYF,TRBV6-6*04,None,TRBJ2-5*01,1
539,CPSSLSGSLEKLFF,TRBV12-4*02,None,TRBJ1-4*01,1
540,CPSSRQGTNEKYF,TRBV6-6*04,None,TRBJ2-7*01,1
541,CPSSRQGTNDQYF,TRBV6-6*03,None,TRBJ2-7*01,1
542,CPSSRQGTKEQYF,TRBV6-6*04,None,TRBJ2-7*01,1
543,CPSSRQGANEQYF,TRBV6-6*04,TRBD1*01,TRBJ2-7*01,1
544,CPSSRQETNHQYF,TRBV6-6*04,None,TRBJ2-7*01,1
545,CPSSRLGSTQYYF,TRBV6-6*04,None,TRBJ2-7*01,1
546,CPSSLSVRVEKQFF,TRBV12-4*02,None,TRBJ1-4*01,1
547,CPSSLSLRVEKLVF,TRBV12-4*02,None,TRBJ1-4*01,1
548,CPSSLSGRVQKLCF,TRBV12-4*02,None,TRBJ1-4*01,1
549,CPSSRQGTNEQYF,TRBV6-6*03,None,TRBJ2-7*01,1
550,CPSSLSGRVEKLLF,TRBV27*01,None,TRBJ1-4*01,1
551,CPSSLSGRVEKLLF,TRBV12-4*02,None,TRBJ1-4*01,1
552,CPSSLSGRVEKLFF,TRBV6-6*03,None,TRBJ1-4*01,1
553,CPSSLSGRVEKLFF,TRBV12-4*01,None,TRBJ1-4*01,1
554,CPSSLSGRGEKLFF,TRBV12-4*02,None,TRBJ1-4*01,1
555,CPSSLSGGMKKLFF,TRBV27*01,None,TRBJ1-4*01,1
556,CPSSLPGRVEHLFF,TRBV12-4*02,None,TRBJ1-4*01,1
557,CPSSFSVGPTYEQYF,TRBV14*02,None,TRBJ2-7*01,1
558,CPSSRQGTNEPYF,TRBV6-6*03,None,TRBJ2-7*01,1
559,CPSSRQGTNHLHF,TRBV6-6*04,None,TRBJ2-7*01,1
560,CASSRQGTNEQYF,TRBV6-6*05,None,TRBJ2-5*01,1
561,CSAVAGFSYGQYF,TRBV20-1*06,None,TRBJ2-7*01,1
562,CSRSRQVTNEQYF,TRBV10-3*04,None,TRBJ2-7*01,1
563,CSRSLSGRVETLFF,TRBV6-7*01,None,TRBJ1-4*01,1
564,CSLSESGSDSKISF,TRBV2*02,None,TRBJ1-1*01,1
565,CSLSDSGSASKIIF,TRBV12-4*02,None,TRBJ1-1*01,1
566,CSISLSGRVEKLFF,TRBV12-4*02,None,TRBJ1-4*01,1
567,CSGSLSGRVEKLFF,TRBV12-4*02,None,TRBJ1-4*01,1
568,CSCSLTGLVEKLFF,TRBV12-4*02,None,TRBJ1-4*01,1
569,CSAVAGFTYEQYF,TRBV20-1*03,None,TRBJ2-7*01,1
570,CSAVAGFSYEPYF,TRBV20-1*03,None,TRBJ2-7*01,1
571,CPSSRQGTNLLYF,TRBV6-6*04,None,TRBJ2-7*01,1
572,CSAVAGCSYEQYF,TRBV20-1*03,None,TRBJ2-7*01,1
573,CSAVAGCSYEQYF,TRBV20-1*02,None,TRBJ2-7*01,1
574,CSASYWLCSYNQQFF,TRBV20-1*01,None,TRBJ2-1*01,1
575,CSAQHSSGADKEQPF,TRBV20-1*06,None,TRBJ2-1*01,1
576,CSAQHRSGDHNEQSF,TRBV20-1*06,None,TRBJ2-1*01,1
577,CPSTRQGTNEQYF,TRBV6-6*03,None,TRBJ2-7*01,1
578,CPSSYKGGSYNEQFF,TRBV7-3*05,None,TRBJ2-1*01,1
579,CPSSRQWTNEQYF,TRBV6-6*03,None,TRBJ2-7*01,1
580,CPSSESGRVEKLFF,TRBV6-1*01,None,TRBJ1-4*01,1
581,CPSRFSGPVAHLFF,TRBV12-4*02,None,TRBJ1-4*01,1
582,CPNSRQGTNEQYF,TRBV10-3*03,None,TRBJ2-7*01,1
583,CDSSRQGTKAQYF,TRBV6-6*04,None,TRBJ2-7*01,1
584,CGSGRQGTNDKYF,TRBV10-3*03,None,TRBJ2-7*01,1
585,CGRSRQGTNEQYF,TRBV6-6*04,None,TRBJ2-7*01,1
586,CGISLSGRVEKLFF,TRBV12-4*02,None,TRBJ1-4*01,1
587,CFSSRQGTNEQYF,TRBV10-3*04,None,TRBJ2-7*01,1
588,CFSSRQGNNEQYF,TRBV6-6*04,None,TRBJ2-7*01,1
589,CESSLWWRVEKLFF,TRBV27*01,None,TRBJ1-4*01,1
590,CDSSYINYGYTF,TRBV6-2*01,None,TRBJ1-2*01,1
591,CDSSRQGTNEHYF,TRBV6-6*04,None,TRBJ1-6*01,1
592,CDSSRQGSNEQYF,TRBV6-6*04,None,TRBJ2-7*01,1
593,CPCSLSGRMEKLFF,TRBV6-7*01,None,TRBJ1-4*01,1
594,CDSSRKGTNEQYF,TRBV6-6*04,None,TRBJ2-7*01,1
595,CDSSLSWGVEKLFF,TRBV12-4*02,None,TRBJ1-4*01,1
596,CDSSLSVNVEKLFF,TRBV12-4*02,None,TRBJ1-4*01,1
597,CDSSLSRRVENLFF,TRBV12-4*02,None,TRBJ1-4*01,1
598,CDSSLSGRVEKLFF,TRBV28*01,None,TRBJ1-4*01,1
599,CDSSLSGRVEKLFF,TRBV12-4*01,None,TRBJ1-4*01,1
600,CDSSLSGRVEKLFF,TRBV12-3*01,None,TRBJ1-4*01,1
601,CDSSLSGRAEKLFF,TRBV12-4*02,None,TRBJ1-4*01,1
602,CGSRLSGRVEKLFF,TRBV27*01,None,TRBJ1-4*01,1
603,CGSRWDCFPVNSHLHF,TRBV7-8*03,None,TRBJ1-6*01,1
604,CGSSFSGRVEKLFF,TRBV12-4*02,None,TRBJ1-4*01,1
605,CGSSLERMSQPQHF,TRBV11-2*01,None,TRBJ1-5*01,1
606,CLSSRQGTNEQYF,TRBV6-6*04,None,TRBJ2-7*01,1
607,CISSRQGTNEQYF,TRBV10-3*03,None,TRBJ2-7*01,1
608,CHSSLSGRVEKLFF,TRBV12-4*02,None,TRBJ1-4*01,1
609,CGVGTSGGQPQHF,TRBV29-1*02,None,TRBJ1-5*01,1
610,CGSSTGSEQYF,TRBV6-6*03,None,TRBJ2-7*01,1
611,CGSSSSVGPTYEQYF,TRBV14*02,None,TRBJ2-7*01,1
612,CGSSRQWTNEQYF,TRBV6-6*04,None,TRBJ2-7*01,1
613,CGSSRQGTNEQYF,TRBV12-4*02,None,TRBJ2-7*01,1
614,CGSSRQGTKEQYF,TRBV6-6*04,None,TRBJ2-7*01,1
615,CGSSRQETNEQYF,TRBV6-6*04,None,TRBJ2-7*01,1
616,CGSSREGTNAQYF,TRBV6-6*03,None,TRBJ2-7*01,1
617,CGSSLSRRVENLFF,TRBV12-4*02,None,TRBJ1-4*01,1
618,CGSSLSGSVEKLFF,TRBV6-6*03,None,TRBJ1-4*01,1
619,CGSSLSGLVEKLFF,TRBV12-4*02,None,TRBJ1-4*01,1
620,CGSSLSARVEKLFF,TRBV12-4*02,None,TRBJ1-4*01,1
621,CGSSLPRGVEKLFF,TRBV12-4*02,None,TRBJ1-4*01,1
622,CGSSLLARVEKLFF,TRBV12-4*02,None,TRBJ1-4*01,1
623,CSSILSGRLEKVFF,TRBV12-4*02,None,TRBJ1-4*01,1
624,CSSMTDLFSYNEQFF,TRBV6-6*05,None,TRBJ2-1*01,1
625,CSSPSETQYF,TRBV28*01,None,TRBJ2-5*01,1
626,CTSSRQGANEQYF,TRBV6-6*03,None,TRBJ2-7*01,1
627,CTSTYKGGSYNEQFF,TRBV7-2*03,None,TRBJ2-1*01,1
628,CTSTPGSTEPQLYF,TRBV25-1*01,None,TRBJ2-7*01,1
629,CTSSYSIDGYTF,TRBV6-6*03,None,TRBJ1-2*01,1
630,CTSSRQWTNEQYF,TRBV6-6*04,None,TRBJ2-7*01,1
631,CTSSRQGTNKQYF,TRBV6-9*01,None,TRBJ2-7*01,1
632,CTSSRQGTNHQYF,TRBV2*02,None,TRBJ2-7*01,1
633,CTSSRQGTNEQNF,TRBV6-6*04,None,TRBJ2-7*01,1
634,CTSSRQGTKEQYF,TRBV6-6*04,None,TRBJ2-7*01,1
635,CTSSLSGRVETLFF,TRBV12-4*02,None,TRBJ1-4*01,1
636,CTSPPEPHYF,TRBV10-3*04,None,TRBJ2-5*01,1
637,CTSSLSGRVENLFF,TRBV12-4*02,None,TRBJ1-4*01,1
638,CTSSLSGRVEKLFF,TRBV27*01,None,TRBJ1-4*01,1
639,CTSSLSGRVEKLFF,TRBV12-3*01,None,TRBJ1-4*01,1
640,CTSSLSGCVGKLFF,TRBV12-4*02,None,TRBJ1-4*01,1
641,CTSSLSARVETLFF,TRBV6-9*01,None,TRBJ1-4*01,1
642,CTSSLLWRVEKLFF,TRBV12-4*02,None,TRBJ1-4*01,1
643,CTSSFSGRVEKLFF,TRBV12-4*02,None,TRBJ1-4*01,1
644,CTSRLSGGVEKLFF,TRBV12-4*02,None,TRBJ1-4*01,1
645,CTWSLSGGVENLFF,TRBV12-4*02,None,TRBJ1-4*01,1
646,CVGSLSGRVEHLFF,TRBV12-4*02,None,TRBJ1-4*01,1
647,CVISRQVTNEQYF,TRBV10-3*04,None,TRBJ2-7*01,1
648,CVLTQQGTNEQYF,TRBV10-3*04,None,TRBJ2-7*01,1
649,CVSSYSGRVEKLFF,TRBV6-6*02,None,TRBJ1-4*01,1
650,CVSSSSGRVEKLFF,TRBV12-4*02,None,TRBJ1-4*01,1
651,CVSSRRGTNEQYF,TRBV6-6*03,None,TRBJ2-7*01,1
652,CVSSRQWTNEQYF,TRBV6-6*04,None,TRBJ2-7*01,1
653,CVSSRQRTNEQYF,TRBV6-6*04,None,TRBJ2-7*01,1
654,CVSSRQGTNEKYF,TRBV6-6*03,None,TRBJ1-6*01,1
655,CVSSLTGRMEKLFF,TRBV12-4*02,None,TRBJ1-4*01,1
656,CVSSLSRRVEKLLF,TRBV12-4*02,None,TRBJ1-4*01,1
657,CVSSLSGRVETLFF,TRBV12-4*02,None,TRBJ1-4*01,1
658,CVSSLSGRVEKLVF,TRBV12-4*02,None,TRBJ1-4*01,1
659,CVSSLSGRVEKLLF,TRBV12-4*02,None,TRBJ1-4*01,1
660,CVSSLSGRVEKLFF,TRBV6-3*01,None,TRBJ1-4*01,1
661,CVSSLSGRVEKLFF,TRBV27*01,None,TRBJ1-4*01,1
662,CVSSLSGRVEELFF,TRBV12-4*02,None,TRBJ1-4*01,1
663,CVSSLARRIEKLFF,TRBV12-3*01,None,TRBJ1-4*01,1
664,CVSSFQGRVEKLFF,TRBV12-4*02,None,TRBJ1-4*01,1
665,CVSRWDRFPENSPLHF,TRBV7-8*03,None,TRBJ1-6*01,1
666,CTSRLAGRVEKLFF,TRBV12-3*01,None,TRBJ1-4*01,1
667,CTSCQQFSNEQYF,TRBV6-6*05,None,TRBJ2-7*01,1
668,CSSRLSGRVETLFF,TRBV12-4*02,None,TRBJ1-4*01,1
669,CSSSLSGRVEKLFF,TRBV6-6*05,None,TRBJ1-4*01,1
670,CSSSLSGWVEKLFF,TRBV12-4*02,None,TRBJ1-4*01,1
671,CSSSLSGSVEKLFF,TRBV6-6*03,None,TRBJ1-4*01,1
672,CSSSLSGRVVKLFF,TRBV12-4*02,None,TRBJ1-4*01,1
673,CSSSLSGRVETLFF,TRBV12-4*01,None,TRBJ1-4*01,1
674,CSSSLSGRVENLIF,TRBV12-4*02,None,TRBJ1-4*01,1
675,CSSSLSGRVEKMFF,TRBV12-4*02,None,TRBJ1-4*01,1
676,CSSSLSGRVEKLVF,TRBV12-4*02,None,TRBJ1-4*01,1
677,CSSSLSGRVEKLLF,TRBV12-4*02,None,TRBJ1-4*01,1
678,CSSSLSGRVEKLFF,TRBV2*02,None,TRBJ1-4*01,1
679,CTSCLSGRVEKLFF,TRBV12-4*02,None,TRBJ1-4*01,1
680,CSSSLSGRVEKLFF,TRBV12-4*01,None,TRBJ1-4*01,1
681,CSSSLSGRVANLFF,TRBV12-4*02,None,TRBJ1-4*01,1
682,CSSSLSGRMEKLFF,TRBV6-6*03,None,TRBJ1-4*01,1
683,CSSSLSGRLEKLFF,TRBV12-4*02,None,TRBJ1-4*01,1
684,CSSSLSGRGEKLFF,TRBV12-4*02,None,TRBJ1-4*01,1
685,CSSSLSGPVEKLFF,TRBV12-4*01,None,TRBJ1-4*01,1
686,CSSSFSGRVEKLFF,TRBV12-4*01,None,TRBJ1-4*01,1
687,CSSRRQGTNDQYF,TRBV6-6*03,None,TRBJ2-7*01,1
688,CSSSLSSRVENLFF,TRBV12-4*02,None,TRBJ1-4*01,1
689,CSSSLSVHVEKLFF,TRBV12-4*02,None,TRBJ1-4*01,1
690,CSSSLSWRVKKLLF,TRBV12-4*02,None,TRBJ1-4*01,1
691,CSSSLWGRVEKLFF,TRBV12-4*01,None,TRBJ1-4*01,1
692,CTRGQQGTNEQYF,TRBV6-6*03,None,TRBJ2-7*01,1
693,CTIILSGRVETLFF,TRBV12-4*02,None,TRBJ1-4*01,1
694,CTGSRQGINEQYF,TRBV10-3*03,None,TRBJ2-7*01,1
695,CTGSPQGTNEQYF,TRBV6-6*03,None,TRBJ2-7*01,1
696,CTCSRQGTNEQYF,TRBV10-3*04,None,TRBJ2-7*01,1
697,CSVWPSGGQPQHF,TRBV29-1*02,None,TRBJ2-1*01,1
698,CSVGTSGGKPQPF,TRBV29-1*02,None,TRBJ1-5*01,1
699,CSVEVGRVNEQFF,TRBV29-1*02,None,TRBJ2-7*01,1
700,CSVEVGRANEQFF,TRBV29-1*02,None,TRBJ2-1*01,1
701,CSVCTSGAPPPHF,TRBV29-1*02,None,TRBJ1-5*01,1
702,CSVATSGGQPQLF,TRBV29-1*02,None,TRBJ1-5*01,1
703,CSTVAGFSYEQYF,TRBV20-1*03,None,TRBJ2-7*01,1
704,CSSSYKCGSYDEQFF,TRBV7-3*04,None,TRBJ2-1*01,1
705,CSSSRQVTKEQYF,TRBV6-6*04,None,TRBJ2-7*01,1
706,CSSSRQGTTAQYF,TRBV6-6*04,None,TRBJ2-7*01,1
707,CSSSRQGTNVQYF,TRBV12-4*02,None,TRBJ2-7*01,1
708,CSSSRQGTNEQYF,TRBV12-4*02,None,TRBJ2-7*01,1
709,CDSSLSGPVKKLFF,TRBV12-4*02,None,TRBJ1-4*01,1
710,CDSSLSGLVEKLFF,TRBV12-4*02,None,TRBJ1-4*01,1
711,CDSSLQGRVVKLLF,TRBV12-4*02,None,TRBJ1-4*01,1
712,CASSRTGTNEQYF,TRBV12-4*02,None,TRBJ2-7*01,1
713,CASSSSERVENLCF,TRBV12-4*02,None,TRBJ1-4*01,1
714,CASSSSARVEKLFF,TRBV12-4*02,None,TRBJ1-4*01,1
715,CASSSRDRGRKETLYF,TRBV12-4*02,None,TRBJ1-4*01,1
716,CASSSQGTNVQYF,TRBV6-6*04,None,TRBJ2-7*01,1
717,CASSSQGTNEQYF,TRBV6-6*03,None,TRBJ2-7*01,1
718,CASSSNGASYNEQFF,TRBV7-3*04,None,TRBJ2-1*01,1
719,CASSRVSYNEQFF,TRBV28*01,None,TRBJ2-7*01,1
720,CASSRVSYNEQFF,TRBV18*01,None,TRBJ2-1*01,1
721,CASSRRWTNEQYF,TRBV6-6*04,None,TRBJ2-7*01,1
722,CASSRRATNDQYF,TRBV6-6*04,None,TRBJ2-7*01,1
723,CASSRRRTNEQYF,TRBV6-6*04,None,TRBJ2-7*01,1
724,CASSRRGTNKQYF,TRBV6-6*04,None,TRBJ2-7*01,1
725,CASSRRGTNKQYF,TRBV6-6*03,None,TRBJ2-7*01,1
726,CASSRRGTNEQCF,TRBV6-6*04,None,TRBJ2-7*01,1
727,CASSRRGTKVQYF,TRBV6-6*04,None,TRBJ2-7*01,1
728,CASSLSVRVEKQFF,TRBV12-4*02,None,TRBJ1-4*01,1
729,CASSRRGINEQYF,TRBV6-6*04,None,TRBJ2-7*01,1
730,CASSRRGANVQYF,TRBV6-6*04,None,TRBJ2-7*01,1
731,CASSSSGGVEKLFF,TRBV12-4*02,None,TRBJ1-4*01,1
732,CASSSSGLVEKLFF,TRBV12-4*02,None,TRBJ1-4*01,1
733,CASSSSGPVVKLFF,TRBV12-4*02,None,TRBJ1-4*01,1
734,CASSSSGRAEKLFF,TRBV12-4*02,None,TRBJ1-4*01,1
735,CASSVLGCVEKLYF,TRBV6-4*01,None,TRBJ1-4*01,1
736,CASSVAARVAKLFF,TRBV12-4*02,None,TRBJ1-4*01,1
737,CASSTSGRVEKLFF,TRBV12-4*02,None,TRBJ1-4*01,1
738,CASSTSGCVEKLFF,TRBV12-4*02,None,TRBJ1-4*01,1
739,CASSTQGTNVHYF,TRBV6-6*03,None,TRBJ2-7*01,1
740,CASSTGSEQYF,TRBV5-4*04,None,TRBJ2-7*01,1
741,CASSTGSEEYF,TRBV5-4*03,None,TRBJ2-7*01,1
742,CASSTGAEQYF,TRBV6-6*03,None,TRBJ2-7*01,1
743,CASSSWTGTGLGYTF,TRBV5-4*04,None,TRBJ1-2*01,1
744,CASSSWTGTALGYTF,TRBV7-9*04,None,TRBJ1-2*01,1
745,CASSSSGRVEKVFF,TRBV12-4*02,None,TRBJ1-4*01,1
746,CASSSSGRVEKQFF,TRBV12-4*02,None,TRBJ1-4*01,1
747,CASSSSGRVEKLFF,TRBV6-8*01,None,TRBJ1-4*01,1
748,CASSSSGRVEKLFF,TRBV12-4*01,None,TRBJ1-4*01,1
749,CASSSSGRVEILFF,TRBV12-4*02,None,TRBJ1-4*01,1
750,CASSSSGRMEKLIF,TRBV12-4*02,None,TRBJ1-4*01,1
751,CASSSSGRMEKLFF,TRBV12-4*02,None,TRBJ1-4*01,1
752,CASSRRATNEQYF,TRBV6-6*03,None,TRBJ2-7*01,1
753,CASSRQWTNQQYF,TRBV6-6*03,None,TRBJ2-7*01,1
754,CASSVSCRVEKLFF,TRBV12-4*02,None,TRBJ1-4*01,1
755,CASSRQGTNQQYF,TRBV6-6*04,None,TRBJ1-1*01,1
756,CASSRQGTTAQYF,TRBV6-6*04,None,TRBJ2-7*01,1
757,CASSRQGTSGQYF,TRBV6-6*04,None,TRBJ2-7*01,1
758,CASSRQGTSDQYF,TRBV6-6*04,None,TRBJ2-7*01,1
759,CASSRQGTNVQYF,TRBV12-4*02,None,TRBJ2-7*01,1
760,CASSRQGTNVLYF,TRBV6-6*04,None,TRBJ2-7*01,1
761,CASSRQGTNVKYF,TRBV6-6*04,None,TRBJ2-7*01,1
762,CASSRQGTNVEYF,TRBV6-6*04,None,TRBJ2-7*01,1
763,CASSRQGTNTQYF,TRBV28*01,None,TRBJ2-7*01,1
764,CASSRQGTNQQHF,TRBV6-6*01,None,TRBJ2-7*01,1
765,CASSRQWTNEQYF,TRBV28*01,None,TRBJ2-7*01,1
766,CASSRQGTNQLYF,TRBV6-6*04,None,TRBJ2-7*01,1
767,CASSRQGTNKQYF,TRBV6-6*05,None,TRBJ2-7*01,1
768,CASSRQGTNKEYF,TRBV6-6*04,None,TRBJ2-7*01,1
769,CASSRQGTNGRYF,TRBV6-6*04,None,TRBJ2-7*01,1
770,CASSRQGTNGQYF,TRBV6-6*04,None,TRBJ1-2*01,1
771,CASSRQGTNETYF,TRBV6-6*04,None,TRBJ2-7*01,1
772,CASSRQGTNERYF,TRBV6-9*01,None,TRBJ2-7*01,1
773,CASSRQGTNERSF,TRBV6-6*04,None,TRBJ2-7*01,1
774,CASSRQGTTDHHF,TRBV6-6*03,None,TRBJ2-7*01,1
775,CASSRQGTTELSF,TRBV6-6*04,None,TRBJ2-7*01,1
776,CASSRQGTTELYF,TRBV6-6*04,None,TRBJ2-7*01,1
777,CASSRQGTTEQFF,TRBV6-6*04,None,TRBJ2-7*01,1
778,CASSRQWTNEHYF,TRBV6-6*04,None,TRBJ2-7*01,1
779,CASSRQWTNDQYF,TRBV6-6*04,None,TRBJ2-7*01,1
780,CASSRQVTNEQSF,TRBV6-6*03,None,TRBJ2-7*01,1
781,CASSRQVTNAKYF,TRBV6-6*03,None,TRBJ2-7*01,1
782,CASSRQVTKEQYF,TRBV6-6*04,None,TRBJ2-7*01,1
783,CASSRQVNNEQYF,TRBV6-6*04,None,TRBJ2-7*01,1
784,CASSRQSTNETYF,TRBV6-6*04,None,TRBJ2-7*01,1
785,CASSRQRTNEQYF,TRBV12-4*02,None,TRBJ2-7*01,1
786,CASSRQRTNEQHF,TRBV6-6*03,None,TRBJ2-7*01,1
787,CASSRQRTNEKYF,TRBV6-6*04,None,TRBJ2-7*01,1
788,CASSRQRTNEKYF,TRBV6-6*03,None,TRBJ2-7*01,1
789,CASSRQRTNDLYF,TRBV6-6*04,None,TRBJ2-7*01,1
790,CASSRQRTKEQYF,TRBV6-6*04,None,TRBJ2-7*01,1
791,CASSRQRSNEQYF,TRBV6-6*04,None,TRBJ2-7*01,1
792,CASSRQRANEQYF,TRBV6-6*04,None,TRBJ2-7*01,1
793,CASSRQQTTEQYF,TRBV6-6*03,None,TRBJ2-7*01,1
794,CASSRQLTNEQYF,TRBV6-6*04,None,TRBJ2-7*01,1
795,CASSVPGRVEKLFF,TRBV12-4*02,None,TRBJ1-4*01,1
796,CASSVSGGVEKLFF,TRBV12-4*02,None,TRBJ1-4*01,1
797,CDSSHSGRVEKLFF,TRBV6-2*01,None,TRBJ1-4*01,1
798,CASVTDLFSYYEQFF,TRBV6-6*03,None,TRBJ2-1*01,1
799,CATSLSGLVEKLFF,TRBV12-4*02,None,TRBJ1-4*01,1
800,CATSLSGHVEKLFF,TRBV12-4*02,None,TRBJ1-4*01,1
801,CATSLSGCVEKLVF,TRBV12-4*02,None,TRBJ1-4*01,1
802,CATSLLGRVEKLFF,TRBV12-4*02,None,TRBJ1-4*01,1
803,CATIRQWTNEQYF,TRBV12-4*02,None,TRBJ2-7*01,1
804,CASWRQGTNERYF,TRBV6-6*03,None,TRBJ2-7*01,1
805,CASWLSGRGKKLFF,TRBV12-4*02,None,TRBJ1-4*01,1
806,CASWLGTLETQYF,TRBV28*01,None,TRBJ2-5*01,1
807,CASTTKLYLETYYF,TRBV6-1*01,None,TRBJ2-5*01,1
808,CASTPGSAEREQYF,TRBV25-1*01,None,TRBJ2-7*01,1
809,CASTTETQYF,TRBV28*01,None,TRBJ2-5*01,1
810,CASTSSGRVAKLIF,TRBV12-4*02,None,TRBJ1-4*01,1
811,CASTSNLYQETQYF,TRBV6-6*04,None,TRBJ2-7*01,1
812,CASTSKLSDGLIHF,TRBV6-6*03,None,TRBJ2-5*01,1
813,CASTSETKYF,TRBV28*01,None,TRBJ2-5*01,1
814,CASTRQRTNEQYF,TRBV13*02,None,TRBJ2-3*01,1
815,CASTRQGTNVQYF,TRBV6-6*05,None,TRBJ2-7*01,1
816,CASTRQGTNEQYF,TRBV12-4*02,None,TRBJ2-7*01,1
817,CATSLSGRAEKLFF,TRBV12-4*02,None,TRBJ1-4*01,1
818,CATSLSGRVEELFF,TRBV12-4*02,None,TRBJ1-4*01,1
819,CATSLSRRVEKLFF,TRBV12-4*01,None,TRBJ1-4*01,1
820,CATSLSWRVEKLFF,TRBV12-4*02,None,TRBJ1-4*01,1
821,CDSSDRRGFYNEQFF,TRBV9*01,None,TRBJ2-1*01,1
822,CDSRWDRFRVNTHLHF,TRBV7-2*04,None,TRBJ1-6*01,1
823,CDSNLAAREEKLFF,TRBV12-4*02,None,TRBJ1-4*01,1
824,CDRSRQGTNEQYF,TRBV6-6*04,None,TRBJ2-7*01,1
825,CDLSESGSASKIIF,TRBV12-4*02,None,TRBJ1-1*01,1
826,CAWSLSGRVEKLFF,TRBV12-4*02,None,TRBJ1-4*01,1
827,CAVSRQGTNEQYF,TRBV12-4*02,None,TRBJ2-7*01,1
828,CAVSESGRATKIIF,TRBV13*02,None,TRBJ1-1*01,1
829,CATTLWGRVEKLFF,TRBV12-4*02,None,TRBJ1-4*01,1
830,CATSYSDYGYTF,TRBV6-6*03,None,TRBJ1-2*01,1
831,CATSRQWTNEQYF,TRBV6-6*03,None,TRBJ2-7*01,1
832,CATSRQGTNEQYF,TRBV6-6*03,None,TRBJ2-7*01,1
833,CATSRQGTNEQYF,TRBV12-4*02,None,TRBJ2-7*01,1
834,CATSRQGTNEQYF,TRBV10-3*04,None,TRBJ2-7*01,1
835,CATSRQETNEQYF,TRBV6-6*05,None,TRBJ2-7*01,1
836,CATSRLGKNKQYF,TRBV6-6*03,None,TRBJ2-7*01,1
837,CATSPQGTNETYF,TRBV27*01,None,TRBJ2-7*01,1
838,CASTRQGRNEQYF,TRBV6-6*03,None,TRBJ2-7*01,1
839,CASTPGRAEREQYF,TRBV25-1*01,None,TRBJ2-7*01,1
840,CASSVSGHLEKLCF,TRBV12-4*02,None,TRBJ1-4*01,1
841,CASSVSGSVQKLFF,TRBV6-4*01,None,TRBJ1-4*01,1
842,CASSYKEGSYNEQFF,TRBV7-3*05,None,TRBJ2-1*01,1
843,CASSWTGTGVERLFF,TRBV27*01,None,TRBJ1-4*01,1
844,CASSWTGTGGEKPFF,TRBV27*01,TRBD1*01,TRBJ1-4*01,1
845,CASSWTGIGGEKLFF,TRBV27*01,None,TRBJ1-4*01,1
846,CASSWQGTNEQYF,TRBV6-9*01,None,TRBJ2-5*01,1
847,CASSVTGRVETLDF,TRBV6-6*03,None,TRBJ1-4*01,1
848,CASSVTGRVEKLFF,TRBV6-8*01,None,TRBJ1-4*01,1
849,CASSVSWRVEKLFF,TRBV6-8*01,None,TRBJ1-4*01,1
850,CASSVSGSVEKLYF,TRBV12-4*02,None,TRBJ1-4*01,1
851,CASTPGPTYEQYF,TRBV25-1*01,None,TRBJ2-7*01,1
852,CASSVSGSVEKLFF,TRBV12-4*02,None,TRBJ1-4*01,1
853,CASSVSGRVENLFF,TRBV12-4*02,None,TRBJ1-4*01,1
854,CASSVSGRVEKLYF,TRBV12-4*02,None,TRBJ1-4*01,1
855,CASSVSGRVEKLIF,TRBV12-4*02,None,TRBJ1-4*01,1
856,CASSVSGRVEKLFF,TRBV6-8*01,None,TRBJ1-4*01,1
857,CASSVSGRVEKLFF,TRBV6-6*03,None,TRBJ1-4*01,1
858,CASSVSGRVEKLFF,TRBV6-1*01,None,TRBJ1-4*01,1
859,CASSVSGRVEKLFF,TRBV12-4*01,None,TRBJ1-4*01,1
860,CASSYKGCSYNEQFF,TRBV7-3*05,None,TRBJ2-1*01,1
861,CASSYKGGSDNEQFF,TRBV11-3*01,None,TRBJ2-1*01,1
862,CASSYKGGSHNEQFF,TRBV7-3*05,None,TRBJ2-1*01,1
863,CASSYKGGSYNEQFF,TRBV7-1*01,None,TRBJ2-1*01,1
864,CASTPGASESEQYF,TRBV25-1*01,None,TRBJ2-7*01,1
865,CASTPGAAESEQYF,TRBV25-1*01,None,TRBJ2-7*01,1
866,CASTPGAAERDQYF,TRBV25-1*01,None,TRBJ2-7*01,1
867,CASTLSGRVEKLFF,TRBV27*01,None,TRBJ1-4*01,1
868,CASTLSGLVEKLFF,TRBV12-4*02,None,TRBJ1-4*01,1
869,CASTLSCRVEKLFF,TRBV12-4*02,None,TRBJ1-4*01,1
870,CASTISGRVENLFF,TRBV12-4*02,None,TRBJ1-4*01,1
871,CASTISGRVEKLFF,TRBV6-6*05,None,TRBJ1-4*01,1
872,CASTFSVGPTYEQYF,TRBV14*02,None,TRBJ2-7*01,1
873,CASSYSVGPSYEQYF,TRBV14*02,None,TRBJ2-7*01,1
874,CASSYSNYGYTF,TRBV6-2*01,None,TRBJ1-2*01,1
875,CASSYSNYGCTF,TRBV6-5*01,None,TRBJ1-2*01,1
876,CASSYSNYDYTF,TRBV6-6*03,None,TRBJ1-2*01,1
877,CASSYNGGSYNEQFF,TRBV7-8*01,None,TRBJ2-1*01,1
878,CASSYNGGPYNEQFF,TRBV7-3*05,None,TRBJ2-1*01,1
879,CASSYKGGSYNEQFF,TRBV7-3*05,None,TRBJ2-7*01,1
880,CASSYKGGSYNEQFF,TRBV7-3*01,None,TRBJ2-1*01,1
881,CASSLSVRVENLFF,TRBV12-3*01,None,TRBJ1-4*01,1
882,CASSLSGRVEKVIF,TRBV28*01,None,TRBJ1-4*01,1
883,CASSLSVRVEKMFF,TRBV12-4*02,None,TRBJ1-4*01,1
884,CASGLSGRVERLFF,TRBV12-4*02,None,TRBJ1-4*01,1
885,CASIGQGTNEQYF,TRBV6-6*03,None,TRBJ2-7*01,1
886,CASHFSARPTDAQYF,TRBV14*02,None,TRBJ2-7*01,1
887,CASGYKGGSYNEEYF,TRBV7-3*05,None,TRBJ2-1*01,1
888,CASGRRGTNEQYF,TRBV6-6*05,None,TRBJ2-7*01,1
889,CASGRRGTNEQYF,TRBV6-6*03,None,TRBJ2-7*01,1
890,CASGRQGTNERYF,TRBV6-6*05,None,TRBJ2-7*01,1
891,CASGRKGTNEQYF,TRBV6-6*04,None,TRBJ2-7*01,1
892,CASGPQGTNEQYF,TRBV6-6*03,None,TRBJ2-7*01,1
893,CASGLSGRVEKLFF,TRBV3-1*02,None,TRBJ1-4*01,1
894,CASMTDLCSYNEQFF,TRBV6-6*03,None,TRBJ2-1*01,1
895,CASGLSGRVEKLFF,TRBV28*01,None,TRBJ1-4*01,1
896,CASGLSGRVEKLFF,TRBV13*02,None,TRBJ1-4*01,1
897,CASGLSGRVEKLFF,TRBV12-4*01,None,TRBJ1-4*01,1
898,CASGLSGRVEKLFF,TRBV12-3*01,None,TRBJ1-4*01,1
899,CASGLSGGVDKLFF,TRBV12-4*02,None,TRBJ1-4*01,1
900,CASGLSGCVEKLFF,TRBV12-4*02,None,TRBJ1-4*01,1
901,CASGLQGTNVQYF,TRBV10-3*04,None,TRBJ2-7*01,1
902,CASGGQWTNEQYF,TRBV6-6*05,None,TRBJ2-7*01,1
903,CASILAGRVEKLFF,TRBV12-4*01,None,TRBJ1-4*01,1
904,CASILQGTNEQHF,TRBV6-6*05,None,TRBJ2-7*01,1
905,CASILSERVEKLFF,TRBV12-4*02,None,TRBJ1-4*01,1
906,CASILSGGVEKLFF,TRBV12-4*02,None,TRBJ1-4*01,1
907,CASLTDLFSYNEQFF,TRBV6-6*05,None,TRBJ2-1*01,1
908,CASLTDLFSYNEQFF,TRBV6-6*03,None,TRBJ2-1*01,1
909,CASKTDLFSYNEQFF,TRBV6-6*03,None,TRBJ2-1*01,1
910,CASKLSGRVEILFF,TRBV6-6*03,None,TRBJ1-4*01,1
911,CASIWNRVPVNSPLHF,TRBV7-8*03,None,TRBJ1-6*01,1
912,CASIRQGTNEQYF,TRBV6-6*04,None,TRBJ2-7*01,1
913,CASIRQGTKEQNF,TRBV6-6*05,None,TRBJ2-7*01,1
914,CASIRQGTIEQDF,TRBV6-6*05,None,TRBJ2-7*01,1
915,CASIQQGTNEQYF,TRBV6-6*03,None,TRBJ2-7*01,1
916,CASIPGAAEREQYF,TRBV25-1*01,None,TRBJ2-7*01,1
917,CASILSVRVENLFF,TRBV6-6*05,None,TRBJ1-4*01,1
918,CASILSVRVEKLFF,TRBV12-4*02,None,TRBJ1-4*01,1
919,CASILSRRVEKPFF,TRBV12-4*02,None,TRBJ1-4*01,1
920,CASILSGRVENLFF,TRBV12-4*02,None,TRBJ1-4*01,1
921,CASILSGRVEKRFF,TRBV6-6*03,None,TRBJ1-4*01,1
922,CASILSGRVEKLFF,TRBV13*02,None,TRBJ1-4*01,1
923,CASILSGPVEKLFF,TRBV9*03,None,TRBJ1-4*01,1
924,CASCRQGTNETYF,TRBV6-6*04,None,TRBJ2-7*01,1
925,CASCRQGTNEKYF,TRBV6-6*04,None,TRBJ2-7*01,1
926,CASCRQGTNDQYF,TRBV6-6*04,None,TRBJ2-7*01,1
927,CARSRQGANEQYF,TRBV6-6*04,TRBD1*01,TRBJ2-7*01,1
928,CARSQQGTNEQYF,TRBV6-6*05,None,TRBJ2-7*01,1
929,CARSLSWRVEKLFF,TRBV12-4*01,None,TRBJ1-4*01,1
930,CARSLSVSVEKQFF,TRBV12-4*02,None,TRBJ1-4*01,1
931,CARSLSVRVENLFF,TRBV12-4*02,None,TRBJ1-4*01,1
932,CARSLSRRVEKLFF,TRBV12-4*02,None,TRBJ1-4*01,1
933,CARSLSRRAAQLFF,TRBV12-4*02,None,TRBJ1-4*01,1
934,CARSLSGRVQKLFF,TRBV27*01,None,TRBJ1-4*01,1
935,CARSLSGRVETLLF,TRBV12-4*02,None,TRBJ1-4*01,1
936,CARSLSGRVETLFF,TRBV6-8*01,None,TRBJ1-4*01,1
937,CARSLSGRVERLLF,TRBV12-4*02,None,TRBJ1-4*01,1
938,CARSLSGRVENLFF,TRBV27*01,None,TRBJ1-4*01,1
939,CARSLSGRVENLFF,TRBV12-4*02,None,TRBJ1-4*01,1
940,CARSLSGRVENLCF,TRBV7-3*05,None,TRBJ1-4*01,1
941,CARSLSGRVEKPFF,TRBV12-4*02,None,TRBJ1-4*01,1
942,CARSLSGRVEKLLF,TRBV27*01,None,TRBJ1-4*01,1
943,CARSLSGRVEKLFF,TRBV12-4*01,None,TRBJ1-4*01,1
944,CARSLSGRVEILFF,TRBV27*01,None,TRBJ1-4*01,1
945,CARSRQGANEKYF,TRBV6-6*03,None,TRBJ2-7*01,1
946,CARSRQGSNQQYF,TRBV6-6*04,None,TRBJ2-7*01,1
947,CASCRQGTKEQYF,TRBV6-6*04,None,TRBJ2-7*01,1
948,CARSRQGTNEEYF,TRBV6-6*03,None,TRBJ2-7*01,1
949,CASCLSGSVEKLFF,TRBV12-4*02,None,TRBJ1-4*01,1
950,CASCLSGRVENLFF,TRBV12-3*01,None,TRBJ1-4*01,1
951,CASCLSGRVEKLFF,TRBV12-3*01,None,TRBJ1-4*01,1
952,CASCLAGRVEKLFF,TRBV12-3*01,None,TRBJ1-4*01,1
953,CASCGQGTNEQYF,TRBV6-6*03,None,TRBJ2-7*01,1
954,CASCFSVGPTYEQSF,TRBV14*02,None,TRBJ2-7*01,1
955,CARTRKGTNEQYF,TRBV6-6*05,None,TRBJ2-7*01,1
956,CARTPGPAEPEQSF,TRBV25-1*01,None,TRBJ2-7*01,1
957,CARSYNGGSYNEQFF,TRBV7-8*03,None,TRBJ2-1*01,1
958,CARSYKGGYYNEQFF,TRBV7-3*05,None,TRBJ2-1*01,1
959,CARSYKGGSYNELFF,TRBV7-3*05,None,TRBJ2-1*01,1
960,CARSVWGRVEKLFF,TRBV12-4*02,None,TRBJ1-4*01,1
961,CARSVSGRVETLVF,TRBV12-4*02,None,TRBJ1-4*01,1
962,CARSRQVTNEQYF,TRBV6-6*04,None,TRBJ2-7*01,1
963,CARSRQGTSEQYF,TRBV6-6*03,None,TRBJ2-7*01,1
964,CARSRQGTNKQYF,TRBV6-6*04,None,TRBJ2-7*01,1
965,CARSRQGTNERYF,TRBV6-6*04,None,TRBJ2-7*01,1
966,CASMFDLGPNNEQYF,TRBV6-7*01,None,TRBJ2-7*01,1
967,CASMTDLFSDREQFF,TRBV6-6*03,None,TRBJ2-1*01,1
968,CARSLSGRMEKLFF,TRBV12-4*02,None,TRBJ1-4*01,1
969,CASRLSGRVEELFF,TRBV6-6*03,None,TRBJ1-4*01,1
970,CASRLSGRVEKLIF,TRBV12-3*01,None,TRBJ1-4*01,1
971,CASRLSGRVEKLFF,TRBV6-6*05,None,TRBJ1-4*01,1
972,CASRLSGRVEKLFF,TRBV6-6*03,None,TRBJ1-4*01,1
973,CASRLSGRVEKLCF,TRBV12-4*02,None,TRBJ1-4*01,1
974,CASRLSGRVEILFF,TRBV27*01,None,TRBJ1-4*01,1
975,CASRLSGRVEHLFF,TRBV12-4*02,None,TRBJ1-4*01,1
976,CASRLSGRVEELLF,TRBV6-6*05,None,TRBJ1-4*01,1
977,CASRLSGRVEELIF,TRBV12-4*02,None,TRBJ1-4*01,1
978,CASRLSGRVDKLCF,TRBV12-4*02,None,TRBJ1-4*01,1
979,CASMTDLFSHNEQFF,TRBV6-6*03,None,TRBJ2-1*01,1
980,CASRLSGRVAKLFF,TRBV12-4*02,None,TRBJ1-4*01,1
981,CASRLSGRMVKPFF,TRBV12-4*02,None,TRBJ1-4*01,1
982,CASRLSGRGEKLFF,TRBV6-6*04,None,TRBJ1-4*01,1
983,CASRLSGREEKLFF,TRBV6-8*01,None,TRBJ1-4*01,1
984,CASRLSGREEELFF,TRBV12-4*02,None,TRBJ1-4*01,1
985,CASRLSERVEKLFF,TRBV12-4*02,None,TRBJ1-4*01,1
986,CASRLSARVEKLCF,TRBV12-4*02,None,TRBJ1-4*01,1
987,CASRLSARVEELFF,TRBV12-4*02,None,TRBJ1-4*01,1
988,CASRLSGRVEKQFF,TRBV12-4*02,None,TRBJ1-4*01,1
989,CASRLSGRVENLFF,TRBV12-4*02,None,TRBJ1-4*01,1
990,CASRLSGRVETLFF,TRBV12-4*02,None,TRBJ1-4*01,1
991,CASRLSGRVGKLFF,TRBV12-4*02,None,TRBJ1-4*01,1
992,CASRRQGINEQYF,TRBV6-6*05,None,TRBJ2-7*01,1
993,CASRRQETNEQYF,TRBV6-6*05,None,TRBJ2-7*01,1
994,CASRRQATNEQYF,TRBV6-6*03,None,TRBJ2-7*01,1
995,CASRRQATNEQYF,TRBV28*01,None,TRBJ1-2*01,1
996,CASRRLGTNEQYF,TRBV6-6*03,None,TRBJ2-7*01,1
997,CASRREGTNEQYF,TRBV6-6*05,None,TRBJ2-7*01,1
998,CASRREGTNEQYF,TRBV6-6*03,None,TRBJ2-7*01,1
999,CASRREGTNEQYF,TRBV12-4*02,None,TRBJ2-7*01,1
1000,CASRQQGTNEQYF,TRBV6-6*04,None,TRBJ2-7*01,1
1001,CASRPTGHVYGYTF,TRBV28*01,None,TRBJ1-2*01,1
1002,CASRPTGHVYGYTF,TRBV14*02,None,TRBJ1-2*01,1
1003,CASRNNGGSYNEQFF,TRBV7-3*05,None,TRBJ2-1*01,1
1004,CASRLWGRVEKLFF,TRBV12-4*02,None,TRBJ1-4*01,1
1005,CASRLTGRVEKLFF,TRBV12-4*02,None,TRBJ1-4*01,1
1006,CASRLSRRVEQLFF,TRBV12-4*01,None,TRBJ1-4*01,1
1007,CASRLSRRVEKLFF,TRBV12-4*02,None,TRBJ1-4*01,1
1008,CASRLSRRVEKLFF,TRBV12-3*01,None,TRBJ1-4*01,1
1009,CASRLPGRVEKLFF,TRBV12-4*01,None,TRBJ1-4*01,1
1010,CASRLPGGVEKLFF,TRBV12-4*02,None,TRBJ1-4*01,1
1011,CASRLGTLETQYF,TRBV28*01,None,TRBJ2-5*01,1
1012,CASNLSGRVEKLFF,TRBV6-6*05,None,TRBJ1-4*01,1
1013,CASMTNLFSYNKQFF,TRBV6-6*05,None,TRBJ2-1*01,1
1014,CASMTNLFSYNEQFF,TRBV6-6*05,None,TRBJ2-1*01,1
1015,CASMTGLFSSNEQYF,TRBV3-1*01,None,TRBJ2-1*01,1
1016,CASMTDPFSYNEQFF,TRBV6-6*05,None,TRBJ1-2*01,1
1017,CASMTDLFTYNEQFF,TRBV6-6*03,None,TRBJ2-1*01,1
1018,CASMTDLFSYNGQFF,TRBV6-6*05,None,TRBJ1-2*01,1
1019,CASMTDLFSYNEQYF,TRBV6-6*05,None,TRBJ2-7*01,1
1020,CASMTDLFSYNEQSF,TRBV6-6*04,None,TRBJ2-1*01,1
1021,CASMTDLFSYNEQFF,TRBV6-6*03,None,TRBJ2-5*01,1
1022,CASMTDLFSYNEQFF,TRBV28*01,None,TRBJ2-1*01,1
1023,CASMTDLFSYNEQCF,TRBV6-6*03,None,TRBJ2-1*01,1
1024,CASMTDLFSYNDHLF,TRBV6-6*05,None,TRBJ2-1*01,1
1025,CASMTDLFSYNAQFF,TRBV6-6*03,None,TRBJ2-1*01,1
1026,CASMTDLFSYIEQFF,TRBV6-6*03,None,TRBJ2-1*01,1
1027,CASMTDLFSYHEQFF,TRBV6-6*03,None,TRBJ2-1*01,1
1028,CASMTDLFSNTEQFF,TRBV6-6*05,None,TRBJ2-1*01,1
1029,CASMTDLFSHNERFF,TRBV6-6*05,None,TRBJ2-1*01,1
1030,CASNFSVGPTYEQYF,TRBV14*02,None,TRBJ2-7*01,1
1031,CASNLSGRVENLFF,TRBV12-4*02,None,TRBJ1-4*01,1
1032,CASRFSVGPTYEQYF,TRBV14*02,None,TRBJ2-7*01,1
1033,CASNRQGNNDQYF,TRBV6-6*05,None,TRBJ2-7*01,1
1034,CASRFSGRVEQLFF,TRBV6-8*01,None,TRBJ1-4*01,1
1035,CASRFSGRVEKLIF,TRBV12-4*02,None,TRBJ1-4*01,1
1036,CASRFSGRVEKLFF,TRBV6-4*02,None,TRBJ1-4*01,1
1037,CASRFSGRVEKLFF,TRBV12-4*02,None,TRBJ1-4*01,1
1038,CASRFSGRMEKLFF,TRBV12-4*02,None,TRBJ1-4*01,1
1039,CASRFPGRVEKLFF,TRBV12-4*02,None,TRBJ1-4*01,1
1040,CASPSETQYF,TRBV7-3*05,None,TRBJ2-5*01,1
1041,CASPSETKYF,TRBV6-6*03,None,TRBJ2-5*01,1
1042,CASPSEAQYF,TRBV28*01,None,TRBJ2-5*01,1
1043,CASPSATQYF,TRBV28*01,None,TRBJ2-5*01,1
1044,CASPRQGTNEQYF,TRBV6-9*01,None,TRBJ2-7*01,1
1045,CASPIQTQFF,TRBV28*01,None,TRBJ2-5*01,1
1046,CASPGVTQYF,TRBV6-6*03,None,TRBJ2-5*01,1
1047,CASPGETQYF,TRBV28*01,None,TRBJ2-5*01,1
1048,CASNRQGTNEQYF,TRBV6-6*04,None,TRBJ2-7*01,1
1049,CASNRQGTNEQYF,TRBV27*01,None,TRBJ2-7*01,1
1050,CASNRQGTKEQYF,TRBV6-6*05,None,TRBJ2-7*01,1
1051,CARSLSGRVEHLFF,TRBV12-4*02,None,TRBJ1-4*01,1
1052,CARSLSGRAEKLFF,TRBV12-4*02,None,TRBJ1-4*01,1
1053,CASSLSVRVEKLLF,TRBV27*01,None,TRBJ1-4*01,1
1054,CAIMTDLFSYNDQFF,TRBV6-6*03,None,TRBJ2-1*01,1
1055,CAISLSERVENLFF,TRBV10-3*02,None,TRBJ1-4*01,1
1056,CAISLPGRVANLFF,TRBV12-4*02,None,TRBJ1-4*01,1
1057,CAISLAARGQKLVF,TRBV10-3*01,None,TRBJ1-4*01,1
1058,CAISESGTASKIIF,TRBV10-3*02,None,TRBJ1-1*01,1
1059,CAIRRQGTNEQYF,TRBV12-4*02,None,TRBJ2-7*01,1
1060,CAIRRQEPNEQYF,TRBV10-3*01,None,TRBJ2-7*01,1
1061,CAIMTELFFYNEQFF,TRBV10-3*02,None,TRBJ2-1*01,1
1062,CAIMTDLFTYNDQLF,TRBV6-6*05,None,TRBJ2-1*01,1
1063,CAICRQGTNEQYF,TRBV6-6*05,None,TRBJ2-7*01,1
1064,CALRSGAQKMVF,TRBV12-4*02,None,TRBJ2-3*01,1
1065,CAGTPGAAEREQYF,TRBV25-1*01,None,TRBJ2-7*01,1
1066,CAGSRQGTNERYF,TRBV6-6*03,None,TRBJ2-7*01,1
1067,CAGSRQGTNEQYF,TRBV10-3*03,None,TRBJ2-7*01,1
1068,CAGSRQGTNEQCF,TRBV6-6*04,None,TRBJ2-7*01,1
1069,CAGSRQGTKEQYF,TRBV6-6*04,None,TRBJ2-7*01,1
1070,CAGSRQATNEQYF,TRBV6-6*04,None,TRBJ2-7*01,1
1071,CAGSRPGTNEQYF,TRBV6-6*04,None,TRBJ2-7*01,1
1072,CAGSREGTNEQYF,TRBV6-6*03,None,TRBJ2-7*01,1
1073,CAISLSGHAEKLFF,TRBV12-4*02,None,TRBJ1-4*01,1
1074,CAISLSGLVEKLFF,TRBV12-4*01,None,TRBJ1-4*01,1
1075,CAISLSGRVEKLCF,TRBV12-4*02,None,TRBJ1-4*01,1
1076,CAISLSGRVEKLFF,TRBV10-3*01,None,TRBJ1-4*01,1
1077,CALRSGAQKLLF,TRBV13*02,None,TRBJ1-6*02,1
1078,CALRSGAKKLVF,TRBV12-4*02,None,TRBJ1-1*01,1
1079,CALRSEAQKLVF,TRBV12-4*02,None,TRBJ1-6*02,1
1080,CALRLGDKKLVF,TRBV12-4*02,None,TRBJ1-1*01,1
1081,CALRESDRASKLIF,TRBV2*02,None,TRBJ1-1*01,1
1082,CALGASGSASKIYF,TRBV12-4*02,None,TRBJ1-1*01,1
1083,CAISRQGTNKQYF,TRBV28*01,None,TRBJ2-7*01,1
1084,CAISRQGTNEQYF,TRBV6-6*03,None,TRBJ2-7*01,1
1085,CAISRQGTNEQYF,TRBV10-3*03,None,TRBJ2-7*01,1
1086,CAISRQGTNEQYF,TRBV10-3*01,None,TRBJ2-7*01,1
1087,CAISPQGTNEQYF,TRBV10-3*01,None,TRBJ2-7*01,1
1088,CAISLWGRVEKLFF,TRBV12-4*02,None,TRBJ1-4*01,1
1089,CAISLTGRVGKLFF,TRBV12-4*02,None,TRBJ1-4*01,1
1090,CAISLSWRVEKLFF,TRBV12-4*02,None,TRBJ1-4*01,1
1091,CAISLSGRVQKLFF,TRBV12-4*02,None,TRBJ1-4*01,1
1092,CAISLSGRVENLLF,TRBV12-4*02,None,TRBJ1-4*01,1
1093,CAISLSGRVEKQFF,TRBV9*03,None,TRBJ1-4*01,1
1094,CAGSLSRRVEKLFF,TRBV12-4*02,None,TRBJ1-4*01,1
1095,CAGSLSGSVEKLFF,TRBV12-4*02,None,TRBJ1-4*01,1
1096,CAGSLSGRVENLFF,TRBV12-4*02,None,TRBJ1-4*01,1
1097,CACSPGQGSGETQYF,TRBV18*01,None,TRBJ2-3*01,1
1098,CACSLSVRVEKLFF,TRBV12-4*02,None,TRBJ1-4*01,1
1099,CACSLSGSGEKLFF,TRBV12-4*02,None,TRBJ1-4*01,1
1100,CACSLSGRVENLFF,TRBV12-4*02,None,TRBJ1-4*01,1
1101,CACSLSGRVEKLVF,TRBV12-4*02,None,TRBJ1-4*01,1
1102,CACSLSGRVEKLFF,TRBV6-9*01,None,TRBJ1-4*01,1
1103,CACSLSGRVEKLFF,TRBV6-6*03,None,TRBJ1-4*01,1
1104,CACSLSGRVEKLFF,TRBV12-3*01,None,TRBJ1-4*01,1
1105,CACSLSGRVEILFF,TRBV12-4*02,None,TRBJ1-4*01,1
1106,CACSLSGRMEKLFF,TRBV12-4*02,None,TRBJ1-4*01,1
1107,CACSLSGRLEKLFF,TRBV12-4*02,None,TRBJ1-4*01,1
1108,CACSLSGLVEKLFF,TRBV12-4*02,None,TRBJ1-4*01,1
1109,CACSLLVPVKTLFF,TRBV12-4*02,None,TRBJ1-4*01,1
1110,CACSLLGRVKKLLF,TRBV12-4*02,None,TRBJ1-4*01,1
1111,CACSLLGRVEKLFF,TRBV6-2*01,None,TRBJ1-4*01,1
1112,CACSLAWRVEKLLF,TRBV12-3*01,None,TRBJ1-4*01,1
1113,CACRTDLFSDNEQSF,TRBV6-6*05,None,TRBJ2-1*01,1
1114,CACRLSGRVEKLFF,TRBV12-4*02,None,TRBJ1-4*01,1
1115,CACSPGAAERAQYF,TRBV25-1*01,None,TRBJ2-7*01,1
1116,CACSRQGSNEQYF,TRBV6-6*04,None,TRBJ2-7*01,1
1117,CAGSLSGRVEKLIF,TRBV12-4*02,None,TRBJ1-4*01,1
1118,CACSRQGTKEQYF,TRBV12-4*02,None,TRBJ2-7*01,1
1119,CAGSLSGRVEKLFF,TRBV6-6*03,None,TRBJ1-4*01,1
1120,CAGSLSGRVEKLFF,TRBV27*01,None,TRBJ1-4*01,1
1121,CAGSLSGRVEKLFF,TRBV12-3*01,None,TRBJ1-4*01,1
1122,CAGSLSGCVEKLFF,TRBV12-4*02,None,TRBJ1-4*01,1
1123,CAGSLSARVEKLFF,TRBV12-4*02,None,TRBJ1-4*01,1
1124,CAGSISGPVEKLFF,TRBV12-4*02,None,TRBJ1-4*01,1
1125,CAGRRQGTNEQYF,TRBV12-4*02,None,TRBJ2-7*01,1
1126,CAGRLSEYVEKLFF,TRBV12-4*02,None,TRBJ1-4*01,1
1127,CAGRLLGRVERLFF,TRBV12-4*02,None,TRBJ1-4*01,1
1128,CAGPNNEDISF,TRBV2*01,None,TRBJ1-1*01,1
1129,CAGNRQGTNEQYF,TRBV10-3*04,None,TRBJ2-7*01,1
1130,CAGMTDLFSYDEQFF,TRBV6-6*05,None,TRBJ2-1*01,1
1131,CAFSLWRRMEKLFF,TRBV12-4*02,None,TRBJ1-4*01,1
1132,CACTWARFPGNSPLHF,TRBV30*04,None,TRBJ1-6*02,1
1133,CACSRQGTSEQYF,TRBV6-6*04,None,TRBJ2-7*01,1
1134,CACSRQGTNVQYF,TRBV6-6*04,None,TRBJ2-7*01,1
1135,CACSRQGTNEQYF,TRBV12-4*02,None,TRBJ2-7*01,1
1136,CALRSGAQKLVF,TRBV6-6*05,None,TRBJ1-6*02,1
1137,CALRSGTKKLVF,TRBV6-6*01,None,TRBJ1-1*01,1
1138,CARSLSGHVEKLFF,TRBV12-4*02,None,TRBJ1-4*01,1
1139,CANSLSGRVERLFF,TRBV12-4*02,None,TRBJ1-4*01,1
1140,CARCRQGSNEQYF,TRBV6-6*05,None,TRBJ2-7*01,1
1141,CARCRQEANQQYF,TRBV6-6*03,None,TRBJ2-7*01,1
1142,CAPSYKGGSYNEQFF,TRBV7-3*05,None,TRBJ2-1*01,1
1143,CAPSESGSASKIIF,TRBV12-4*02,None,TRBJ1-1*01,1
1144,CAPGESGSASKIIF,TRBV27*01,None,TRBJ1-1*01,1
1145,CANSRQGTNEQYF,TRBV12-4*02,None,TRBJ2-7*01,1
1146,CANSRKGTKEQYF,TRBV6-6*03,None,TRBJ2-7*01,1
1147,CANSRHGTNEQYF,TRBV6-6*04,None,TRBJ2-7*01,1
1148,CANSLSGRVEKQFF,TRBV12-4*02,None,TRBJ1-4*01,1
1149,CALRSGTQKLVF,TRBV10-3*01,None,TRBJ1-4*01,1
1150,CANSLSGRVEKLFF,TRBV27*01,None,TRBJ1-4*01,1
1151,CANSLSGRVEKLFF,TRBV12-4*01,None,TRBJ1-4*01,1
1152,CANRLSGRVEKLFF,TRBV12-4*02,None,TRBJ1-4*01,1
1153,CAMTEGGSASKIIF,TRBV12-4*02,None,TRBJ1-1*01,1
1154,CAMSLTCRVEKLFF,TRBV12-4*02,None,TRBJ1-4*01,1
1155,CAMSLSGREGKLFF,TRBV27*01,None,TRBJ1-4*01,1
1156,CAMSESGSASKMIF,TRBV10-3*02,None,TRBJ1-1*01,1
1157,CAMSESGSASKLIF,TRBV10-3*02,None,TRBJ1-1*01,1
1158,CARGPQWTNEQYF,TRBV6-6*05,None,TRBJ2-7*01,1
1159,CARGRQGTNEQYF,TRBV6-6*03,None,TRBJ2-7*01,1
1160,CARGRQGTNGQYF,TRBV6-6*03,None,TRBJ2-7*01,1
1161,CARGRQGTSGYYF,TRBV6-6*03,None,TRBJ2-7*01,1
1162,CARSLRASYEQYF,TRBV7-8*03,None,TRBJ2-7*01,1
1163,CARSLAVTSVTYDQYF,TRBV5-1*01,None,TRBJ2-7*01,1
1164,CARSLAGRVEKLFF,TRBV12-3*01,None,TRBJ1-4*01,1
1165,CARSISGREEKLFF,TRBV27*01,None,TRBJ1-4*01,1
1166,CARSFWRRVEKLFF,TRBV12-4*02,None,TRBJ1-4*01,1
1167,CARSFSGRVEKLFF,TRBV6-9*01,None,TRBJ1-4*01,1
1168,CARSFSGRVEKLFF,TRBV12-3*01,None,TRBJ1-4*01,1
1169,CARSESGSASKIIF,TRBV6-1*01,None,TRBJ1-1*01,1
1170,CARSEGGSASKIIF,TRBV12-4*02,None,TRBJ1-1*01,1
1171,CARSCSWRVETLYF,TRBV12-4*02,None,TRBJ1-4*01,1
1172,CARSCSVRVVKMFF,TRBV9*03,None,TRBJ1-4*01,1
1173,CARRRQGTNEQYF,TRBV6-6*05,None,TRBJ2-7*01,1
1174,CARRRQGPNEQYF,TRBV27*01,None,TRBJ2-7*01,1
1175,CARMLSGRVEKLFF,TRBV3-1*02,None,TRBJ1-4*01,1
1176,CARIRQGTNEQYF,TRBV6-6*03,None,TRBJ2-7*01,1
1177,CARILSGRVEKLFF,TRBV12-4*02,None,TRBJ1-4*01,1
1178,CARGRQVTNEQYF,TRBV6-6*05,None,TRBJ2-7*01,1
1179,CAMSESGSASKIIF,TRBV2*02,None,TRBJ1-1*01,1
1180,CAMSESGSASKIIF,TRBV10-3*02,None,TRBJ1-1*01,1
1181,CAMRTGAQKLVF,TRBV2*01,None,TRBJ1-1*01,1
1182,CALSESGSASKIIF,TRBV6-6*03,None,TRBJ1-1*01,1
1183,CALSESGSASKIIF,TRBV13*02,None,TRBJ1-2*01,1
1184,CALSESGSASKIIF,TRBV12-4*02,None,TRBJ1-5*01,1
1185,CALSESGSASKIIF,TRBV12-4*01,None,TRBJ1-2*01,1
1186,CALSESGSASIIF,TRBV6-6*04,None,TRBJ1-1*01,1
1187,CALSESGSAFKIIF,TRBV12-4*02,None,TRBJ1-2*01,1
1188,CALSESGRASKIIF,TRBV2*02,None,TRBJ1-1*01,1
1189,CALSESGNSSKIIF,TRBV2*02,None,TRBJ1-1*01,1
1190,CALSESGNASKIFF,TRBV2*02,None,TRBJ1-1*01,1
1191,CALSESGGASKIIF,TRBV12-4*02,None,TRBJ1-1*01,1
1192,CALSESGGAPKIIF,TRBV2*02,None,TRBJ1-1*01,1
1193,CALSESGGAAKIIF,TRBV12-4*02,None,TRBJ2-4*01,1
1194,CALSESDSASKIIF,TRBV12-4*02,None,TRBJ1-1*01,1
1195,CALSESASASKIIF,TRBV6-6*04,None,TRBJ1-1*01,1
1196,CALSERGSAPNILF,TRBV10-3*02,None,TRBJ1-1*01,1
1197,CALSEGGSASKIIF,TRBV12-4*02,None,TRBJ1-1*01,1
1198,CALSEGASASKIVF,TRBV12-4*02,None,TRBJ1-1*01,1
1199,CALSDSGSASKIIF,TRBV12-4*02,None,TRBJ1-1*01,1
1200,CALSESGSASKIIF,TRBV16*03,None,TRBJ1-1*01,1
1201,CALSESGSASKIIF,TRBV6-6*03,None,TRBJ1-6*01,1
1202,CALYESGSASKLIF,TRBV12-4*02,None,TRBJ1-1*01,1
1203,CALSESGSASKIIF,TRBV6-6*05,None,TRBJ1-2*01,1
1204,CALSQQGTNEQYF,TRBV6-6*03,None,TRBJ2-7*01,1
1205,CALSLSGRVEKLFF,TRBV12-3*01,None,TRBJ1-4*01,1
1206,CALSGSGSASKIIF,TRBV12-4*02,None,TRBJ1-1*01,1
1207,CALSESYSACKIIF,TRBV12-4*02,None,TRBJ1-1*01,1
1208,CALSESSSDARIMF,TRBV13*02,None,TRBJ2-2*01,1
1209,CALSESSSASKIIF,TRBV2*02,None,TRBJ1-1*01,1
1210,CALSESSSASKIIF,TRBV12-4*02,None,TRBJ1-1*01,1
1211,CALSESGSTSKMIF,TRBV13*02,None,TRBJ1-6*02,1
1212,CALSESGSTSKMIF,TRBV12-4*02,None,TRBJ2-4*01,1
1213,CALSESGSPSKIIF,TRBV12-4*02,None,TRBJ1-1*01,1
1214,CALSESGSAYKIIF,TRBV2*02,None,TRBJ1-1*01,1
1215,CALSESGSATKIIF,TRBV12-4*02,None,TRBJ1-1*01,1
1216,CALSESGSASKMIF,TRBV12-4*02,None,TRBJ1-1*01,1
1217,CALSESGSASKIVF,TRBV12-4*02,None,TRBJ1-1*01,1
1218,CALSESGSASKITF,TRBV6-6*05,None,TRBJ1-1*01,1
1219,CALSESGSASKITF,TRBV6-6*04,None,TRBJ1-1*01,1
1220,CALSESGSASKINF,TRBV12-4*02,None,TRBJ1-1*01,1
1221,CASRRQGINGQYF,TRBV6-6*04,None,TRBJ1-2*01,1
1222,CASRRQGNNEQYF,TRBV6-6*03,None,TRBJ2-7*01,1
1223,CASRRQGNNEQYF,TRBV6-6*04,None,TRBJ2-7*01,1
1224,CASSLSGRMEKLFF,TRBV12-3*01,None,TRBJ1-4*01,1
1225,CASSLSGRMEKMFF,TRBV12-4*02,None,TRBJ1-4*01,1
1226,CASSLSGRMEKLVF,TRBV12-4*02,None,TRBJ1-4*01,1
1227,CASSLSGRMEKLSF,TRBV12-4*02,None,TRBJ1-4*01,1
1228,CASSLSGRMEKLLF,TRBV12-4*02,None,TRBJ1-4*01,1
1229,CASSLSGRMEKLIF,TRBV12-4*02,None,TRBJ1-4*01,1
1230,CASSLSGRMEKLIF,TRBV12-4*01,None,TRBJ1-4*01,1
1231,CASSLSGRMEKLFF,TRBV6-6*03,None,TRBJ1-4*01,1
1232,CASSLSGRMEKLFF,TRBV27*01,None,TRBJ1-4*01,1
1233,CASSLSGRMEELVF,TRBV12-4*02,None,TRBJ1-4*01,1
1234,CASSLSGRVEKLLF,TRBV6-9*01,None,TRBJ1-4*01,1
1235,CASSLSGRMEELFF,TRBV12-4*02,None,TRBJ1-4*01,1
1236,CASSLSGRLEKLSF,TRBV27*01,None,TRBJ1-4*01,1
1237,CASSLSGRLEKLFF,TRBV6-6*04,None,TRBJ1-4*01,1
1238,CASSLSGRLEKLFF,TRBV6-6*03,None,TRBJ1-4*01,1
1239,CASSLSGRLEKLFF,TRBV27*01,None,TRBJ1-4*01,1
1240,CASSLSGRIEKLFF,TRBV12-4*02,None,TRBJ1-4*01,1
1241,CASSLSGRGVKLFF,TRBV12-4*02,None,TRBJ1-4*01,1
1242,CASSLSGRGKKLFF,TRBV12-4*02,None,TRBJ1-4*01,1
1243,CASSLSGRMERVFF,TRBV12-4*02,None,TRBJ1-4*01,1
1244,CASSLSGRMETLFF,TRBV12-4*02,None,TRBJ1-4*01,1
1245,CASSLSGRMQKLFF,TRBV12-4*02,None,TRBJ1-4*01,1
1246,CASSLSGRSEKLFF,TRBV12-4*02,None,TRBJ1-4*01,1
1247,CASSLSGRVEKLIF,TRBV12-4*01,None,TRBJ1-4*01,1
1248,CASSLSGRVEKLIF,TRBV12-3*01,None,TRBJ1-4*01,1
1249,CASSLSGRVEKLFF,TRBV6-7*01,None,TRBJ1-4*01,1
1250,CASSLSGRVEKLFF,TRBV13*02,None,TRBJ1-4*01,1
1251,CASSLSGRVEKLFF,TRBV13*01,None,TRBJ1-4*01,1
1252,CASSLSGRVEKLFF,TRBV10-2*01,None,TRBJ1-4*01,1
1253,CASSLSGRVEKLCF,TRBV6-6*03,None,TRBJ1-4*01,1
1254,CASSLSGRVEKLCF,TRBV27*01,None,TRBJ1-4*01,1
1255,CASSLSGRVEILSF,TRBV2*02,None,TRBJ1-4*01,1
1256,CASSLSGRVEGLFF,TRBV12-4*02,None,TRBJ1-4*01,1
1257,CASSLSGRVEELYF,TRBV12-4*02,None,TRBJ1-4*01,1
1258,CASSLSGRVEELLF,TRBV12-4*02,None,TRBJ1-4*01,1
1259,CASSLSGRVEELFF,TRBV6-6*03,None,TRBJ1-4*01,1
1260,CASSLSGRVEELFF,TRBV27*01,None,TRBJ1-4*01,1
1261,CASSLSGRVEELFF,TRBV12-4*01,None,TRBJ1-4*01,1
1262,CASSLSGRVAKQFF,TRBV12-4*02,None,TRBJ1-4*01,1
1263,CASSLSGRVAKLLF,TRBV12-4*02,None,TRBJ1-4*01,1
1264,CASSLSGRGEQMFF,TRBV12-4*02,None,TRBJ1-4*01,1
1265,CASSLSGRGEKLIF,TRBV12-4*02,None,TRBJ1-4*01,1
1266,CASSLSGRGEELFF,TRBV12-4*02,None,TRBJ1-4*01,1
1267,CASSLSGIVEKLVF,TRBV12-4*02,None,TRBJ1-4*01,1
1268,CASSLSGGVKNLIF,TRBV12-4*02,None,TRBJ1-4*01,1
1269,CASSLSGGVEKLVF,TRBV12-4*02,None,TRBJ1-4*01,1
1270,CASSLSGGVEKLLF,TRBV12-4*02,None,TRBJ1-4*01,1
1271,CASSLSGGVEKLFF,TRBV6-6*05,None,TRBJ1-4*01,1
1272,CASSLSGGVEKLFF,TRBV12-3*01,None,TRBJ1-4*01,1
1273,CASSLSGGVEKLCF,TRBV12-4*02,None,TRBJ1-4*01,1
1274,CASSLSGGVEELFF,TRBV12-4*02,None,TRBJ1-4*01,1
1275,CASSLSGGMENLFF,TRBV12-4*02,None,TRBJ1-4*01,1
1276,CASSLSGGLEKLFF,TRBV12-4*02,None,TRBJ1-4*01,1
1277,CASSLSGGGEKLFF,TRBV12-4*02,None,TRBJ1-4*01,1
1278,CASSLSGCVGKLFF,TRBV12-4*02,None,TRBJ1-4*01,1
1279,CASSLSGCVENLFF,TRBV12-3*01,None,TRBJ1-4*01,1
1280,CASSLSGCVEKLVF,TRBV12-4*02,None,TRBJ1-4*01,1
1281,CASSLSGCVEKLIF,TRBV12-4*02,None,TRBJ1-4*01,1
1282,CASSLSGCVEKLFF,TRBV27*01,None,TRBJ1-4*01,1
1283,CASSLSGCVEKLFF,TRBV2*02,None,TRBJ1-4*01,1
1284,CASSLSGCVEKLFF,TRBV12-3*01,None,TRBJ1-4*01,1
1285,CASSLSGHVEKLFF,TRBV27*01,None,TRBJ1-4*01,1
1286,CASSLSGLAEKLFF,TRBV12-4*02,None,TRBJ1-4*01,1
1287,CASSLSGRFEKLFF,TRBV12-4*02,None,TRBJ1-4*01,1
1288,CASSLSGLAEKLLF,TRBV12-4*02,None,TRBJ1-4*01,1
1289,CASSLSGREKKLFF,TRBV12-4*02,None,TRBJ1-4*01,1
1290,CASSLSGREEKLFF,TRBV27*01,None,TRBJ1-4*01,1
1291,CASSLSGRAEKLLF,TRBV12-4*02,None,TRBJ1-4*01,1
1292,CASSLSGRAEKLFF,TRBV12-3*01,None,TRBJ1-4*01,1
1293,CASSLSGRAEKLCF,TRBV12-4*02,None,TRBJ1-4*01,1
1294,CASSLSGRAEELFF,TRBV12-4*02,None,TRBJ1-4*01,1
1295,CASSLSGRADKLFF,TRBV12-4*02,None,TRBJ1-4*01,1
1296,CASSLSGRADELFF,TRBV12-4*02,None,TRBJ1-4*01,1
1297,CASSLSGQVEKLIF,TRBV12-4*02,None,TRBJ1-4*01,1
1298,CASSLSGPVEKLFF,TRBV6-6*03,None,TRBJ1-4*01,1
1299,CASSLSGPVEKLFF,TRBV12-3*01,None,TRBJ1-4*01,1
1300,CASSLSGLVQNLFF,TRBV12-4*02,None,TRBJ1-4*01,1
1301,CASSLSGLVEQLFF,TRBV12-4*02,None,TRBJ1-4*01,1
1302,CASSLSGLVEKLYF,TRBV12-4*02,None,TRBJ1-4*01,1
1303,CASSLSGLVEKLFF,TRBV12-4*01,None,TRBJ1-4*01,1
1304,CASSLSGLVANLFF,TRBV12-4*02,None,TRBJ1-4*01,1
1305,CASSLSGLEENLFF,TRBV12-4*02,None,TRBJ2-5*01,1
1306,CASSLSGRVEKLLF,TRBV12-4*01,None,TRBJ1-4*01,1
1307,CASSLSGRVEKLSF,TRBV12-4*01,None,TRBJ1-4*01,1
1308,CASRRQGSNEQYF,TRBV6-6*04,None,TRBJ2-7*01,1
1309,CASSLSKRVEKLFF,TRBV12-4*02,None,TRBJ1-4*01,1
1310,CASSLSRRMEKLFF,TRBV12-4*02,None,TRBJ1-4*01,1
1311,CASSLSRRLTQLFF,TRBV12-4*02,None,TRBJ2-3*01,1
1312,CASSLSRREEKLFF,TRBV12-4*02,None,TRBJ1-4*01,1
1313,CASSLSRRDEDLFF,TRBV12-4*02,None,TRBJ1-4*01,1
1314,CASSLSRLVEKLFF,TRBV12-4*02,None,TRBJ1-4*01,1
1315,CASSLSRGVEKLFF,TRBV12-4*02,None,TRBJ1-4*01,1
1316,CASSLSPRVDKLFF,TRBV12-4*02,None,TRBJ1-4*01,1
1317,CASSLSLRVEKQFF,TRBV27*01,None,TRBJ1-4*01,1
1318,CASSLSGTNEQYF,TRBV12-4*02,None,TRBJ2-7*01,1
1319,CASSLSGRVEKLYF,TRBV13*01,None,TRBJ1-4*01,1
1320,CASSLSGSVETLFF,TRBV12-4*02,None,TRBJ1-4*01,1
1321,CASSLSGSVEKVFF,TRBV12-4*02,None,TRBJ1-4*01,1
1322,CASSLSGSVEKLSF,TRBV12-4*02,None,TRBJ1-4*01,1
1323,CASSLSGSVEKLFF,TRBV6-6*03,None,TRBJ1-4*01,1
1324,CASSLSGSVEKLCF,TRBV12-4*02,None,TRBJ1-4*01,1
1325,CASSLSGSEEKLFF,TRBV12-4*02,None,TRBJ1-4*01,1
1326,CASSLSGRVVNMFF,TRBV12-4*02,None,TRBJ1-4*01,1
1327,CASSLSGRVVKLFF,TRBV27*01,None,TRBJ1-4*01,1
1328,CASSLSRRVEILFF,TRBV12-4*02,None,TRBJ1-4*01,1
1329,CASSLSRRVEKLCF,TRBV12-4*02,None,TRBJ1-4*01,1
1330,CASSLSRRVEKLCF,TRBV27*01,None,TRBJ1-4*01,1
1331,CASSLSRRVEKLFF,TRBV12-3*01,None,TRBJ1-4*01,1
1332,CASSLSVRVEKLFF,TRBV6-6*05,None,TRBJ1-4*01,1
1333,CASSLSVRVAKLFF,TRBV12-3*01,None,TRBJ1-4*01,1
1334,CASSLSVRLENLLF,TRBV12-4*02,None,TRBJ1-4*01,1
1335,CASSLSVRGEKLFF,TRBV12-4*02,None,TRBJ1-4*01,1
1336,CASSLSVRAEKQFF,TRBV12-4*02,None,TRBJ1-4*01,1
1337,CASSLSVPVEKLFF,TRBV12-4*02,None,TRBJ1-4*01,1
1338,CASSLSVLVEELFF,TRBV12-4*02,None,TRBJ1-4*01,1
1339,CASSLSVGLEKLFF,TRBV12-4*02,None,TRBJ1-4*01,1
1340,CASSLSVCVEQLFF,TRBV12-4*02,None,TRBJ1-4*01,1
1341,CASSLSRRVVTLFF,TRBV6-6*03,None,TRBJ1-4*01,1
1342,CASSLSRRVKELFF,TRBV12-4*02,None,TRBJ1-4*01,1
1343,CASSLSRRVGKLFF,TRBV12-4*02,None,TRBJ1-4*01,1
1344,CASSLSRRVETRCF,TRBV12-4*02,None,TRBJ1-4*01,1
1345,CASSLSRRVEQLFF,TRBV27*01,None,TRBJ1-4*01,1
1346,CASSLSRRVEQLFF,TRBV12-4*02,None,TRBJ1-4*01,1
1347,CASSLSRRVEKPFF,TRBV12-4*02,None,TRBJ1-4*01,1
1348,CASSLSRRVEKLFF,TRBV6-6*03,None,TRBJ1-4*01,1
1349,CASSLSGRVTTLFF,TRBV12-4*02,None,TRBJ1-4*01,1
1350,CASSLSGRVTKMFF,TRBV12-4*02,None,TRBJ1-4*01,1
1351,CASSLSGRVQKLFF,TRBV6-6*03,None,TRBJ1-4*01,1
1352,CASSLSGRVENQFF,TRBV12-4*02,None,TRBJ1-4*01,1
1353,CASSLSGRVENLSF,TRBV12-4*02,None,TRBJ1-4*01,1
1354,CASSLSGRVENLLF,TRBV12-4*02,None,TRBJ1-4*01,1
1355,CASSLSGRVENLFF,TRBV2*02,None,TRBJ1-4*01,1
1356,CASSLSGRVENLCF,TRBV12-4*02,None,TRBJ1-4*01,1
1357,CASSLSGRVENLCF,TRBV12-3*01,None,TRBJ1-4*01,1
1358,CASSLSGRVENFSF,TRBV12-4*02,None,TRBJ1-4*01,1
1359,CASSLSGRVELLFF,TRBV12-4*02,None,TRBJ1-4*01,1
1360,CAASRQGANEQYF,TRBV6-6*04,TRBD1*01,TRBJ2-7*01,1
1361,CASSLSGRVEKRLF,TRBV12-4*02,None,TRBJ1-4*01,1
1362,CASSLSGRVEKRFF,TRBV12-4*01,None,TRBJ1-4*01,1
1363,CASSLSGRVEKQYF,TRBV12-4*02,None,TRBJ1-4*01,1
1364,CASSLSGRVEKQYF,TRBV12-4*01,None,TRBJ1-4*01,1
1365,CASSLSGRVEKPVF,TRBV12-4*02,None,TRBJ1-4*01,1
1366,CASSLSGRVEKPFF,TRBV27*01,None,TRBJ1-4*01,1
1367,CASSLSGRVEKMIF,TRBV12-4*02,None,TRBJ1-4*01,1
1368,CASSLSGRVEKMFF,TRBV12-4*01,None,TRBJ1-4*01,1
1369,CASSLSGRVEKMFF,TRBV12-3*01,None,TRBJ1-4*01,1
1370,CASSLSGRVENLVF,TRBV12-4*02,None,TRBJ1-4*01,1
1371,CASSLSGRVEQLFF,TRBV27*01,None,TRBJ1-4*01,1
1372,CASSLSGRVQELFF,TRBV12-4*02,None,TRBJ1-4*01,1
1373,CASSLSGRVEQLFF,TRBV6-6*05,None,TRBJ1-4*01,1
1374,CASSLSGRVKQLFF,TRBV12-4*02,None,TRBJ1-4*01,1
1375,CASSLSGRVKLLFF,TRBV27*01,None,TRBJ1-4*01,1
1376,CASSLSGRVKKLFF,TRBV27*01,None,TRBJ1-4*01,1
1377,CASSLSGRVKKLFF,TRBV12-4*01,None,TRBJ1-4*01,1
1378,CASSLSGRVKKLCF,TRBV12-4*02,None,TRBJ1-4*01,1
1379,CASSLSGRVGKMFF,TRBV12-4*02,None,TRBJ1-4*01,1
1380,CASSLSGRVGKLSF,TRBV12-4*02,None,TRBJ1-4*01,1
1381,CASSLSGRVGKLLF,TRBV12-4*02,None,TRBJ1-4*01,1
1382,CASSLSGRVGKLFF,TRBV2*02,None,TRBJ1-4*01,1
1383,CASSLSGRVGKLFF,TRBV12-4*01,None,TRBJ1-4*01,1
1384,CASSLSGRVETMIF,TRBV12-4*02,None,TRBJ1-4*01,1
1385,CASSLSGRVETLYF,TRBV12-4*02,None,TRBJ1-4*01,1
1386,CASSLSGRVETLFF,TRBV12-3*01,None,TRBJ1-4*01,1
1387,CASSLSGRVESLFF,TRBV12-4*02,None,TRBJ1-4*01,1
1388,CASSLSGRVERLFF,TRBV12-4*01,None,TRBJ1-4*01,1
1389,CASSLSGRVEQLLF,TRBV12-4*02,None,TRBJ1-4*01,1
1390,CASSLSGRVEQLLF,TRBV12-3*01,None,TRBJ1-4*01,1
1391,CASSLSGCVEILFF,TRBV6-6*03,None,TRBJ1-4*01,1
1392,CASSLSGCGEKLFF,TRBV12-4*02,None,TRBJ1-4*01,1
1393,CASSLSGAVEKLFF,TRBV12-4*02,None,TRBJ1-4*01,1
1394,CASSFSGRVEKLFF,TRBV12-4*01,None,TRBJ1-4*01,1
1395,CASSFSLGTTYEQYF,TRBV14*02,None,TRBJ2-7*01,1
1396,CASSFSLGPTYEQYF,TRBV14*02,None,TRBJ2-7*01,1
1397,CASSFSGRVKKLIF,TRBV12-4*02,None,TRBJ1-4*01,1
1398,CASSFSGRVETLFF,TRBV12-4*02,None,TRBJ1-4*01,1
1399,CASSFSGRVEKLYF,TRBV12-4*02,None,TRBJ1-4*01,1
1400,CASSFSGRVEKLVF,TRBV2*02,None,TRBJ1-4*01,1
1401,CASSFSGRVEKLFF,TRBV6-6*03,None,TRBJ1-4*01,1
1402,CASSFSGRVEKLFF,TRBV16*03,None,TRBJ1-4*01,1
1403,CASSFSGRVEILFF,TRBV12-4*02,None,TRBJ1-4*01,1
1404,CASSLSESVEKLFF,TRBV27*01,None,TRBJ1-4*01,1
1405,CASSFSGRVDKLFF,TRBV12-4*02,None,TRBJ1-4*01,1
1406,CASSFSGRVAKLVF,TRBV12-4*02,None,TRBJ1-4*01,1
1407,CASSFSGRVAKLFF,TRBV12-4*02,None,TRBJ1-4*01,1
1408,CASSFSGRGEKLFF,TRBV12-4*02,None,TRBJ1-4*01,1
1409,CASSFSGREEKLFF,TRBV12-3*01,None,TRBJ1-4*01,1
1410,CASSFSGREEELFF,TRBV12-4*02,None,TRBJ1-4*01,1
1411,CASSFSGPVEKLFF,TRBV12-4*02,None,TRBJ1-4*01,1
1412,CASSFSGLVEKLFF,TRBV12-4*02,None,TRBJ1-4*01,1
1413,CASSFSMGPTYEQYF,TRBV14*02,None,TRBJ2-7*01,1
1414,CASSFSRRVEKLYF,TRBV12-4*02,None,TRBJ1-4*01,1
1415,CASSFSSRVENLFF,TRBV12-4*02,None,TRBJ1-4*01,1
1416,CASSFSSVVEELFF,TRBV12-4*02,None,TRBJ1-4*01,1
1417,CASSFWRGAEELFF,TRBV12-4*02,None,TRBJ2-7*01,1
1418,CASSFWGAVEKLFF,TRBV2*02,None,TRBJ2-4*01,1
1419,CASSFSWRVEKLLF,TRBV12-4*02,None,TRBJ1-4*01,1
1420,CASSFSVVPTYEQYF,TRBV14*02,None,TRBJ2-7*01,1
1421,CASSFSVRVEKLFF,TRBV12-4*02,None,TRBJ1-4*01,1
1422,CASSFSVRPTYQQHF,TRBV14*01,None,TRBJ2-7*01,1
1423,CASSFSVRPTYEQYF,TRBV14*02,None,TRBJ2-7*01,1
1424,CASSFSVGSTYEQYF,TRBV14*02,None,TRBJ2-7*01,1
1425,CASSFSVGPTYKQYF,TRBV14*02,None,TRBJ2-7*01,1
1426,CASSFSVGPTYGQYF,TRBV14*02,None,TRBJ2-7*01,1
1427,CASSFSVGPTYEQYF,TRBV6-6*05,None,TRBJ2-7*01,1
1428,CASSFSVGPTYEQYF,TRBV11-3*02,None,TRBJ2-7*01,1
1429,CASSFSVGPTNEQYF,TRBV14*02,None,TRBJ2-7*01,1
1430,CASSFSVGPNYEQYF,TRBV14*02,None,TRBJ2-7*01,1
1431,CASSFSVGPIYEQYF,TRBV14*02,None,TRBJ2-7*01,1
1432,CASSFSVGPAYEQYF,TRBV14*02,None,TRBJ2-7*01,1
1433,CASSFSVGATSEQFF,TRBV14*02,None,TRBJ2-7*01,1
1434,CASSFSARVEKLFF,TRBV12-4*02,None,TRBJ1-4*01,1
1435,CASSFRVGPTYEQYF,TRBV14*02,None,TRBJ2-7*01,1
1436,CASSFLVRVEKLFF,TRBV12-4*02,None,TRBJ1-4*01,1
1437,CASRVSGRVEKLFF,TRBV13*02,None,TRBJ1-4*01,1
1438,CASRRQSTNEQYF,TRBV6-6*05,None,TRBJ2-7*01,1
1439,CASRRQRTNETYF,TRBV6-4*02,None,TRBJ2-7*01,1
1440,CASRRQPTNDQYF,TRBV6-6*03,None,TRBJ2-7*01,1
1441,CASRRQGTSEQYF,TRBV12-4*02,None,TRBJ2-7*01,1
1442,CASRRQGTNERYF,TRBV6-6*05,None,TRBJ2-7*01,1
1443,CASRRQGTNEQYF,TRBV6-4*01,None,TRBJ2-7*01,1
1444,CASRRQGTNEQYF,TRBV12-4*02,None,TRBJ2-7*01,1
1445,CASRRQGTNEQNF,TRBV6-6*05,None,TRBJ2-7*01,1
1446,CASRRQGTNEQFF,TRBV6-9*01,None,TRBJ2-7*01,1
1447,CASRRQGTNEQDF,TRBV6-6*05,None,TRBJ2-7*01,1
1448,CASRRQGTNEHYF,TRBV6-6*03,None,TRBJ2-7*01,1
1449,CASRRQGTNEHYF,TRBV12-3*01,None,TRBJ1-6*01,1
1450,CASRRQGTNAQYF,TRBV6-6*04,None,TRBJ2-7*01,1
1451,CASRRQGTMEKYF,TRBV6-6*03,None,TRBJ2-7*01,1
1452,CASRRQGTKEQYF,TRBV6-6*05,None,TRBJ2-7*01,1
1453,CASRRQGTHEQYF,TRBV6-6*05,None,TRBJ2-7*01,1
1454,CASRRQGTHEQYF,TRBV6-6*03,None,TRBJ2-7*01,1
1455,CASRRTGHVYGYTF,TRBV27*01,None,TRBJ1-2*01,1
1456,CASRWARFLVNSPLHF,TRBV7-8*03,None,TRBJ1-6*01,1
1457,CASSFKGGPYNEQFF,TRBV7-3*05,None,TRBJ2-5*01,1
1458,CASRWARFRADSLLHF,TRBV7-8*03,None,TRBJ1-6*01,1
1459,CASSFCTGTGLGHNF,TRBV7-9*04,None,TRBJ1-6*01,1
1460,CASSFCMGTGLVYNF,TRBV5-7*01,None,TRBJ1-2*01,1
1461,CASSFAGRVEKLFF,TRBV12-4*02,None,TRBJ1-4*01,1
1462,CASSFAGGVEKLFF,TRBV12-4*02,None,TRBJ1-4*01,1
1463,CASSDKGGSYNEQFF,TRBV7-3*05,None,TRBJ2-1*01,1
1464,CASSCSVGPTYEPYF,TRBV14*02,None,TRBJ2-7*01,1
1465,CASSCQGTNEQYF,TRBV6-6*03,None,TRBJ2-7*01,1
1466,CASSCQGNNEQYF,TRBV6-6*03,None,TRBJ2-7*01,1
1467,CASSCKGGSYNEQFF,TRBV7-3*05,None,TRBJ2-1*01,1
1468,CASRWHRFPVNSPLHF,TRBV7-8*03,None,TRBJ1-6*01,1
1469,CASRWGRVPVNSPLHF,TRBV7-8*03,None,TRBJ1-6*01,1
1470,CASRWDSFPVGSHLHF,TRBV7-8*03,None,TRBJ1-6*01,1
1471,CASRWDRFPVNSPRHF,TRBV7-8*03,None,TRBJ1-6*01,1
1472,CASRWDRFPVNSPLHF,TRBV7-3*04,None,TRBJ1-6*01,1
1473,CASRWDRFPVKSPLHF,TRBV7-8*03,None,TRBJ1-6*01,1
1474,CASRWDRFPLNSPLHF,TRBV7-3*01,None,TRBJ1-6*01,1
1475,CASRWDGVPVNTHLHF,TRBV5-7*01,None,TRBJ1-6*01,1
1476,CASSGQGTKDQYF,TRBV6-6*03,None,TRBJ1-2*01,1
1477,CASSGQGTKDQYF,TRBV6-6*03,None,TRBJ2-7*01,1
1478,CASSGQGTNEKYF,TRBV6-6*03,None,TRBJ2-7*01,1
1479,CASSLSARVEQLFF,TRBV12-4*02,None,TRBJ1-4*01,1
1480,CASSLSARVEKLLF,TRBV12-4*02,None,TRBJ1-4*01,1
1481,CASSLSARVEKLFF,TRBV27*01,None,TRBJ1-4*01,1
1482,CASSLSARVEKLFF,TRBV12-3*01,None,TRBJ1-4*01,1
1483,CASSLSARVEELFF,TRBV12-4*02,None,TRBJ1-4*01,1
1484,CASSLSARVAKLFF,TRBV12-4*02,None,TRBJ1-4*01,1
1485,CASSLSARMEKLFF,TRBV12-4*02,None,TRBJ1-4*01,1
1486,CASSLSAGIEKLFF,TRBV12-4*02,None,TRBJ1-4*01,1
1487,CASSLRGTNEQYF,TRBV6-6*03,None,TRBJ2-7*01,1
1488,CASSLQVTNEQYF,TRBV6-6*03,None,TRBJ2-7*01,1
1489,CASSLQGTNEQYF,TRBV28*01,None,TRBJ2-7*01,1
1490,CASSLQGTNAQYF,TRBV6-9*01,None,TRBJ2-7*01,1
1491,CASSLQGTKEQYF,TRBV6-6*03,None,TRBJ2-7*01,1
1492,CASSLQGNNEQYF,TRBV6-6*05,None,TRBJ2-7*01,1
1493,CASSLQGLEEKLFF,TRBV12-4*02,None,TRBJ1-4*01,1
1494,CASSLPRSVEKLFF,TRBV12-4*02,None,TRBJ1-4*01,1
1495,CASSLPRRVEKLFF,TRBV12-4*02,None,TRBJ1-4*01,1
1496,CASSLPRRVAHLFF,TRBV12-3*01,None,TRBJ1-4*01,1
1497,CASSLSARVENLFF,TRBV12-4*02,None,TRBJ1-4*01,1
1498,CASSLSARVHKLFF,TRBV12-4*02,None,TRBJ1-4*01,1
1499,CASSLPGRVKKLFF,TRBV12-4*02,None,TRBJ1-4*01,1
1500,CASSLSARVKKLFF,TRBV12-4*02,None,TRBJ1-4*01,1
1501,CASSLSERVETLFF,TRBV12-4*02,None,TRBJ1-4*01,1
1502,CASSLSERVERLFF,TRBV12-4*02,None,TRBJ1-4*01,1
1503,CASSLSERVENLFF,TRBV12-4*02,None,TRBJ1-4*01,1
1504,CASSLSERVEKLFF,TRBV6-6*03,None,TRBJ1-4*01,1
1505,CASSLSERVEKLFF,TRBV27*01,None,TRBJ1-4*01,1
1506,CASSLSERVEKLFF,TRBV12-4*01,None,TRBJ1-4*01,1
1507,CASSLSERVEKLFF,TRBV12-3*01,None,TRBJ1-4*01,1
1508,CASSLSERVEILIF,TRBV12-4*02,None,TRBJ1-4*01,1
1509,CASSLSERVEELFF,TRBV12-4*02,None,TRBJ1-4*01,1
1510,CASSLSERVEDLFF,TRBV12-4*02,None,TRBJ1-4*01,1
1511,CASSLSERLEKLFF,TRBV12-4*02,None,TRBJ1-4*01,1
1512,CASSLSERGKKLFF,TRBV12-4*02,None,TRBJ1-4*01,1
1513,CASSLSERAEKLFF,TRBV12-4*02,None,TRBJ1-4*01,1
1514,CASSLSEHGEKLFF,TRBV12-4*02,None,TRBJ1-4*01,1
1515,CASSLSCRVETLFF,TRBV12-4*02,None,TRBJ1-4*01,1
1516,CASSLSCRVEKLLF,TRBV12-4*02,None,TRBJ1-4*01,1
1517,CASSLSCRAEKLFF,TRBV12-4*02,None,TRBJ1-4*01,1
1518,CASSLPGTRTVYFF,TRBV5-1*02,None,TRBJ2-1*01,1
1519,CASSLPGRVENLFF,TRBV12-4*02,None,TRBJ1-4*01,1
1520,CASSGQGTNEQYF,TRBV6-1*01,None,TRBJ2-7*01,1
1521,CASSLAGRVEELFF,TRBV12-3*01,None,TRBJ1-4*01,1
1522,CASSLAGRAEKLFF,TRBV12-4*01,None,TRBJ1-4*01,1
1523,CASSLAGHVEKLFF,TRBV12-3*01,None,TRBJ1-4*01,1
1524,CASSLAGGVEKLFF,TRBV12-4*02,TRBD2*01,TRBJ1-4*01,1
1525,CASSLAERVEKLFF,TRBV12-4*02,None,TRBJ1-4*01,1
1526,CASSITLGPTYEQYF,TRBV14*02,None,TRBJ2-7*01,1
1527,CASSISVRVEKLFF,TRBV12-4*02,None,TRBJ1-4*01,1
1528,CASSISGRVENLFF,TRBV12-4*02,None,TRBJ1-4*01,1
1529,CASSISGRVEKLLF,TRBV12-4*02,None,TRBJ1-4*01,1
1530,CASSISGRVEKLFF,TRBV27*01,None,TRBJ1-4*01,1
1531,CASSISGRMEELFF,TRBV12-4*02,None,TRBJ1-4*01,1
1532,CASSISGRLENLIF,TRBV12-4*02,None,TRBJ1-4*01,1
1533,CASSISGPADKLFF,TRBV12-4*02,None,TRBJ1-4*01,1
1534,CASSISGGVEKLFF,TRBV12-3*01,None,TRBJ1-4*01,1
1535,CASSIPGRVEKLFF,TRBV12-4*02,None,TRBJ1-4*01,1
1536,CASSHGRRTTDTQYF,TRBV5-8*02,None,TRBJ2-3*01,1
1537,CASSGQVTNEQYF,TRBV6-6*05,None,TRBJ2-7*01,1
1538,CASSGQGTNEQYF,TRBV6-6*04,None,TRBJ2-7*01,1
1539,CASSLAGRMEKLFF,TRBV12-4*01,None,TRBJ1-4*01,1
1540,CASSLAGRVEKLFF,TRBV6-9*01,None,TRBJ1-4*01,1
1541,CASSLPGRVEKLFF,TRBV6-6*03,None,TRBJ1-4*01,1
1542,CASSLAGRVEKLVF,TRBV12-3*01,None,TRBJ1-4*01,1
1543,CASSLPGRVEKLFF,TRBV12-4*01,None,TRBJ1-4*01,1
1544,CASSLPGRGENLLF,TRBV12-4*02,None,TRBJ1-4*01,1
1545,CASSLPGLVEKLFF,TRBV12-4*02,None,TRBJ1-4*01,1
1546,CASSLPGGEEKLFF,TRBV12-4*02,None,TRBJ1-4*01,1
1547,CASSLLWGVEKLFF,TRBV12-4*02,None,TRBJ1-4*01,1
1548,CASSLLVRVENLFF,TRBV10-2*01,None,TRBJ1-4*01,1
1549,CASSLLRRVEKLFF,TRBV12-4*02,None,TRBJ1-4*01,1
1550,CASSLLGRVEKMFF,TRBV6-3*01,None,TRBJ1-4*01,1
1551,CASSLLGRVEKLVF,TRBV12-4*02,None,TRBJ1-4*01,1
1552,CASSLLGRVEKLSF,TRBV12-4*02,None,TRBJ1-4*01,1
1553,CASSLLGRVEKLFF,TRBV12-3*01,None,TRBJ1-4*01,1
1554,CASSLLGGVENLFF,TRBV12-4*02,None,TRBJ1-4*01,1
1555,CASSLIDEQFF,TRBV28*01,None,TRBJ2-7*01,1
1556,CASSLIDDQFF,TRBV28*01,None,TRBJ2-1*01,1
1557,CASSLGGRVEKLFF,TRBV12-4*02,None,TRBJ1-4*01,1
1558,CASSLAWRVEKLFF,TRBV12-3*01,None,TRBJ1-4*01,1
1559,CASSLAGRVEKLYF,TRBV6-6*02,None,TRBJ1-4*01,1
1560,CVSTPQGTNEQYF,TRBV6-6*03,None,TRBJ2-7*01,1
