,CDR3seq,V-region,D-region,J-region,Frequency
1,CATSIWGYTF,TRBV15*02,None,TRBJ1-2*01,310
2,CASRLGTLETQYF,TRBV28*01,None,TRBJ2-5*01,94
3,CSVGTSGGQPQHF,TRBV29-1*02,None,TRBJ1-5*01,78
4,CASTPGAAEREQYF,TRBV25-1*01,None,TRBJ2-7*01,75
5,CATGQGTSYEQYF,TRBV2*02,None,TRBJ2-7*01,71
6,CASRWDRFPVNSPLHF,TRBV7-8*03,None,TRBJ1-6*01,47
7,CASSYGAANTEAFF,TRBV6-6*03,None,TRBJ1-1*01,36
8,CASSLGESGGEQYF,TRBV7-2*04,None,TRBJ2-7*01,16
9,CSAVAGFSYEQYF,TRBV20-1*06,None,TRBJ2-7*01,15
10,CASSLENRGYTF,TRBV7-9*04,None,TRBJ1-2*01,14
11,CASSFPPRETQYF,TRBV19*03,None,TRBJ2-5*01,11
12,CATASGGYTF,TRBV15*02,None,TRBJ1-2*01,10
13,CATSIWVYTF,TRBV15*02,None,TRBJ1-2*01,10
14,CASSYGVNTEAFF,TRBV6-6*03,None,TRBJ1-1*01,9
15,CASSPKRETQYF,TRBV18*01,None,TRBJ2-5*01,9
16,CSAVAGFSYEQYF,TRBV20-1*02,None,TRBJ2-7*01,9
17,CASSLGESGGEQYF,TRBV11-3*02,None,TRBJ2-7*01,9
18,CSAVAGFSYEQYF,TRBV20-1*03,None,TRBJ2-7*01,8
19,CASSLGESGGEQYF,TRBV11-2*03,None,TRBJ2-7*01,7
20,CSAGTGTSSLIYEQYF,TRBV20-1*06,None,TRBJ2-7*01,7
21,CASSLENRGYTF,TRBV11-3*03,None,TRBJ1-2*01,6
22,CSAGTGTSSLIYEQYF,TRBV20-1*02,None,TRBJ2-7*01,4
23,CSAGTGTSSLIYEQYF,TRBV20-1*03,None,TRBJ2-7*01,4
24,CASRIGTLETQYF,TRBV28*01,None,TRBJ2-5*01,3
25,CATSIWGYTF,TRBV15*01,None,TRBJ1-2*01,3
26,CASSFPPRETQYF,TRBV19*03,None,TRBJ2-3*01,2
27,CATRSGGYTF,TRBV15*02,None,TRBJ1-2*01,2
28,CATSVWGYTF,TRBV15*02,None,TRBJ1-2*01,2
29,CATGQGTSYEQYF,TRBV13*02,None,TRBJ2-7*01,2
30,CASSLENRGYTF,TRBV11-1*01,None,TRBJ1-2*01,2
31,CATSIWSYTF,TRBV15*02,None,TRBJ1-2*01,2
32,CATGQGTSYEQHF,TRBV2*02,None,TRBJ2-7*01,2
33,CATSMGGYTF,TRBV15*02,None,TRBJ1-2*01,2
34,CASRLGTLGTQYF,TRBV28*01,None,TRBJ2-5*01,2
35,CSAVAGFSYDQYF,TRBV20-1*03,None,TRBJ2-7*01,2
36,CATSIWGHTF,TRBV15*02,None,TRBJ1-2*01,2
37,CASSYGAANTEACF,TRBV6-6*03,None,TRBJ1-1*01,2
38,CASRLGTLETRYF,TRBV28*01,None,TRBJ2-5*01,2
39,CSVGTSGCQPQHF,TRBV29-1*02,None,TRBJ1-5*01,2
40,CASSYGAANTEAFF,TRBV6-2*01,None,TRBJ1-1*01,2
41,CASSYGAANTEAFF,TRBV6-6*02,None,TRBJ1-1*01,2
42,CASTPGAAEREKYF,TRBV25-1*01,None,TRBJ2-7*01,1
43,CASTPGAAESELYF,TRBV25-1*01,None,TRBJ2-7*01,1
44,CASTPGAAKREQYF,TRBV25-1*01,None,TRBJ2-7*01,1
45,CATCLGTLEPQYF,TRBV28*01,None,TRBJ2-5*01,1
46,CATRQGTSYGQYF,TRBV2*02,None,TRBJ2-7*01,1
47,CATALGGYTF,TRBV15*02,None,TRBJ1-2*01,1
48,CATSISAYTF,TRBV15*02,None,TRBJ1-2*01,1
49,CASTPGAAERDQYF,TRBV25-1*01,None,TRBJ2-7*01,1
50,CATRQGPSYEQCF,TRBV2*02,None,TRBJ2-7*01,1
51,CATAQGTSYEQYF,TRBV2*02,None,TRBJ2-7*01,1
52,CASTPGAAEPEQYF,TRBV25-1*01,None,TRBJ2-7*01,1
53,CATSIWAYTF,TRBV15*02,None,TRBJ1-2*01,1
54,CASTPGTAEREQYF,TRBV25-1*01,None,TRBJ2-7*01,1
55,CATSIWCYTF,TRBV15*02,None,TRBJ1-2*01,1
56,CATRIWGYTF,TRBV15*02,None,TRBJ1-2*01,1
57,CATRHGTSYEQYF,TRBV2*02,None,TRBJ2-7*01,1
58,CATGQWTSYEQYF,TRBV2*02,None,TRBJ2-7*01,1
59,CATGQSTSYEQYF,TRBV2*02,None,TRBJ2-7*01,1
60,CATGHGTSYEQYF,TRBV2*02,None,TRBJ2-7*01,1
61,CATGQRTSYEQYF,TRBV2*02,None,TRBJ2-7*01,1
62,CATGQGTYAEHYF,TRBV2*02,None,TRBJ2-7*01,1
63,CATGQATSSEQYF,TRBV2*02,None,TRBJ2-7*01,1
64,CATGQGTSYEQYF,TRBV15*01,None,TRBJ2-7*01,1
65,CATGQATSYELYF,TRBV2*02,None,TRBJ2-7*01,1
66,CATGQGASYEQYF,TRBV2*02,None,TRBJ2-7*01,1
67,CATGQGPSYEQYF,TRBV2*03,None,TRBJ2-7*01,1
68,CATGQGTSYEHYF,TRBV2*02,None,TRBJ2-7*01,1
69,CATGQGTSYEKYF,TRBV2*02,None,TRBJ2-7*01,1
70,CATGHGTSSEQYF,TRBV2*02,None,TRBJ2-7*01,1
71,CAASIWGYTF,TRBV15*02,None,TRBJ1-2*01,1
72,CATSIWGLHF,TRBV15*02,None,TRBJ1-2*01,1
73,CSAVAGFSYQQYF,TRBV20-1*06,None,TRBJ2-5*01,1
74,CSAVAGVSYEQYF,TRBV20-1*06,None,TRBJ2-7*01,1
75,CSAVAWFSYEQYF,TRBV20-1*02,None,TRBJ2-7*01,1
76,CSAVAWLSYEQYF,TRBV20-1*05,None,TRBJ2-7*01,1
77,CSAVGGFYYKQYF,TRBV20-1*06,None,TRBJ2-7*01,1
78,CSFGTSGGQPQHF,TRBV29-1*03,None,TRBJ1-5*01,1
79,CSISYGAANTEAFF,TRBV10-3*03,None,TRBJ1-1*01,1
80,CSTGQGTSYVQYF,TRBV12-4*02,None,TRBJ2-7*01,1
81,CSTVAVFSYEQYF,TRBV20-1*03,None,TRBJ2-7*01,1
82,CSVGISGGQPQLF,TRBV29-1*02,None,TRBJ1-5*01,1
83,CSVGTSAGQPQHF,TRBV29-1*02,None,TRBJ1-5*01,1
84,CSVGTSGGKPQHF,TRBV29-1*02,None,TRBJ1-5*01,1
85,CSVGTSGGQPQHF,TRBV29-1*01,None,TRBJ1-5*01,1
86,CSVGTSGGQPQNF,TRBV29-1*02,None,TRBJ1-5*01,1
87,CSVGTSGGQPQQF,TRBV29-1*02,None,TRBJ1-5*01,1
88,CSVGTSGSQPQHF,TRBV29-1*02,None,TRBJ1-5*01,1
89,CSVGTSRGQPQYF,TRBV29-1*02,None,TRBJ1-5*01,1
90,CSVVTSGGKPPHF,TRBV29-1*02,None,TRBJ1-5*01,1
91,CSVWTCGGQPQHF,TRBV29-1*02,None,TRBJ1-5*01,1
92,CTSSLENRGYTF,TRBV11-1*01,None,TRBJ1-2*01,1
93,CTSSPKRETQYF,TRBV18*01,None,TRBJ2-7*01,1
94,CTSSYGAANTEAFF,TRBV6-6*02,None,TRBJ1-1*01,1
95,CSAVAGSSYEQYF,TRBV20-1*02,None,TRBJ2-7*01,1
96,CSAVAGFSYGQYF,TRBV20-1*02,None,TRBJ2-7*01,1
97,CATSIWGLHLRF,TRBV15*02,None,TRBJ1-2*01,1
98,CSAVAGFSYEQCF,TRBV20-1*06,None,TRBJ2-7*01,1
99,CATSIWGLPF,TRBV15*02,None,TRBJ1-2*01,1
100,CATSIWGNTF,TRBV15*02,None,TRBJ1-2*01,1
101,CATSIWGYAF,TRBV15*02,None,TRBJ1-2*01,1
102,CASTHGASQREQYF,TRBV25-1*01,None,TRBJ2-7*01,1
103,CATSVWGLHLRF,TRBV15*02,None,TRBJ1-2*01,1
104,CATVLGTSYDQYF,TRBV2*02,None,TRBJ2-7*01,1
105,CATVQAASYGQSF,TRBV2*02,None,TRBJ2-7*01,1
106,CATVQATSYDQYF,TRBV2*02,None,TRBJ2-7*01,1
107,CATVQGTSYEQYF,TRBV2*02,None,TRBJ2-7*01,1
108,CAVRLGTLETQYF,TRBV28*01,None,TRBJ2-5*01,1
109,CDSTPGPAEREHYF,TRBV25-1*01,None,TRBJ2-7*01,1
110,CDSWIGTLETQYF,TRBV28*01,None,TRBJ2-5*01,1
111,CGSTPGAAAREQYF,TRBV25-1*01,None,TRBJ1-2*01,1
112,CRAETGTSSLIYEQYF,TRBV20-1*03,None,TRBJ2-7*01,1
113,CRAVAGFSYEQYF,TRBV20-1*02,None,TRBJ2-7*01,1
114,CRAVSGFSYGQYF,TRBV20-1*03,None,TRBJ2-7*01,1
115,CSAATGTSSLIYEQYF,TRBV20-1*03,None,TRBJ2-7*01,1
116,CSAGPGTSSLIYEQYF,TRBV20-1*06,None,TRBJ2-7*01,1
117,CSAGTGTRSLIYEQYF,TRBV20-1*02,None,TRBJ2-7*01,1
118,CSAGTGTSPLIYEQYF,TRBV20-1*02,None,TRBJ2-7*01,1
119,CSAGTSGSQPQHF,TRBV29-1*03,None,TRBJ1-6*01,1
120,CASTPAASEREQYF,TRBV25-1*01,None,TRBJ2-7*01,1
121,CASSYGAANTEGFF,TRBV6-6*03,None,TRBJ1-1*01,1
122,CASSYTGQGSYEQYF,TRBV6-6*03,None,TRBJ2-7*01,1
123,CASRQGTLETQYF,TRBV28*01,None,TRBJ2-5*01,1
124,CASRLGTLEAQYF,TRBV2*02,None,TRBJ2-5*01,1
125,CASRLGTLEIQYF,TRBV28*01,None,TRBJ2-5*01,1
126,CASRLGTLETQCF,TRBV28*01,None,TRBJ2-5*01,1
127,CASRLGTLETQYF,TRBV27*01,None,TRBJ2-5*01,1
128,CASRLGTLETQYF,TRBV6-6*05,None,TRBJ2-5*01,1
129,CASRLGTLETRYF,TRBV7-9*04,None,TRBJ2-5*01,1
130,CASRLGTLGTKYF,TRBV28*01,None,TRBJ2-5*01,1
131,CASRLVTLETQYF,TRBV28*01,None,TRBJ2-5*01,1
132,CASRLWNLETQYF,TRBV28*01,None,TRBJ2-5*01,1
133,CASRLWTLETRYF,TRBV28*01,None,TRBJ2-5*01,1
134,CASRRDPFPLNSPLHF,TRBV19*02,None,TRBJ1-6*01,1
135,CASSYTGQGSYEQYF,TRBV18*01,None,TRBJ2-7*01,1
136,CASRRDRLRVNSLHHF,TRBV7-8*03,None,TRBJ1-6*01,1
137,CASRWDGFPVNSPLHF,TRBV7-8*03,None,TRBJ1-6*01,1
138,CASRWDPFPVPSPLHF,TRBV7-8*03,None,TRBJ1-6*01,1
139,CASRWDRFPILSPIHF,TRBV7-8*03,None,TRBJ1-6*01,1
140,CASRWDRFPLNSPLHF,TRBV7-8*03,None,TRBJ1-6*01,1
141,CASRWDRFPVNLPLHF,TRBV7-8*03,None,TRBJ1-6*01,1
142,CASRWDRFPVNSLLPF,TRBV7-8*03,None,TRBJ1-6*01,1
143,CASRWDRFPVNSPLHF,TRBV7-4*01,None,TRBJ1-6*01,1
144,CASRWDRFPVNSPLHF,TRBV7-8*02,None,TRBJ1-6*01,1
145,CASRWDRFPVNSPLNF,TRBV7-8*03,None,TRBJ1-6*01,1
146,CASRLGTLEALYF,TRBV28*01,None,TRBJ2-5*01,1
147,CASRLGTLDTQYF,TRBV28*01,None,TRBJ2-5*01,1
148,CASRLGTLAPYYF,TRBV28*01,None,TRBJ2-5*01,1
149,CASRLGTIETQYF,TRBV6-6*03,None,TRBJ2-5*01,1
150,CACRYGPAKTDAFF,TRBV6-6*03,None,TRBJ1-1*01,1
151,CAGIIGGTGLMGKQFF,TRBV19*03,None,TRBJ2-1*01,1
152,CAGSYGVITEAFF,TRBV6-6*03,None,TRBJ1-1*01,1
153,CAIRLGNLETQYF,TRBV28*01,None,TRBJ2-5*01,1
154,CAIRRDRFLVKSPLHF,TRBV7-8*03,None,TRBJ1-6*01,1
155,CAISIWGYTF,TRBV15*02,None,TRBJ1-2*01,1
156,CALRWFRVPVNSTLHF,TRBV7-8*03,None,TRBJ1-6*01,1
157,CANGQGTSYEQYF,TRBV2*02,None,TRBJ2-7*01,1
158,CAPASGGYTF,TRBV15*02,None,TRBJ1-2*01,1
159,CARSLGESVGEQYF,TRBV7-2*01,None,TRBJ2-7*01,1
160,CASAPGAAEREQYF,TRBV25-1*01,None,TRBJ2-7*01,1
161,CASGLENRGYTF,TRBV7-9*04,None,TRBJ1-2*01,1
162,CASGLGTLGTQYF,TRBV28*01,None,TRBJ2-5*01,1
163,CASGWDRFPVNSPLHF,TRBV7-8*03,None,TRBJ1-6*01,1
164,CASNLENRGYSF,TRBV11-3*03,None,TRBJ1-2*01,1
165,CASRCDRFPVNTPHHF,TRBV7-8*03,None,TRBJ1-6*01,1
166,CASRLATLETQHF,TRBV7-9*04,None,TRBJ2-5*01,1
167,CASRLETLETHYF,TRBV28*01,None,TRBJ2-5*01,1
168,CASRLGESGGEQYF,TRBV7-2*04,None,TRBJ2-7*01,1
169,CASRLGNLETQYF,TRBV28*01,None,TRBJ2-5*01,1
170,CASRLGTIETQHF,TRBV28*01,None,TRBJ2-5*01,1
171,CASRWDRFPVNSPLNF,TRBV7-9*04,None,TRBJ1-6*01,1
172,CASRWDRFPVNSPLRF,TRBV7-8*03,None,TRBJ1-6*01,1
173,CASRWDRFPVSAPLHF,TRBV4-1*02,None,TRBJ1-6*01,1
174,CASSLGETGGEQYF,TRBV7-2*04,None,TRBJ2-7*01,1
175,CASSLGQSASGQYF,TRBV11-2*03,None,TRBJ2-7*01,1
176,CASSLKNRGYTF,TRBV11-3*03,None,TRBJ1-2*01,1
177,CASSLRESGGEQYF,TRBV11-3*02,None,TRBJ2-7*01,1
178,CASSNGAGNTEALF,TRBV6-6*03,None,TRBJ1-1*01,1
179,CASSPKRETKYF,TRBV18*01,None,TRBJ2-5*01,1
180,CASSSGEPGGAQYF,TRBV11-3*02,None,TRBJ2-7*01,1
181,CASSVGESAGEQNF,TRBV11-3*02,None,TRBJ2-7*01,1
182,CASSWNRFPVNTALHF,TRBV7-8*03,None,TRBJ1-6*01,1
183,CASSYGAANDEAIF,TRBV6-6*02,None,TRBJ1-1*01,1
184,CASSYGAANTDAIF,TRBV6-2*01,None,TRBJ1-1*01,1
185,CASSYGAANTEAFF,TRBV6-5*01,None,TRBJ1-1*01,1
186,CASSYGAANTEAFF,TRBV6-6*05,None,TRBJ1-1*01,1
187,CASSYGAANTEAIF,TRBV6-6*03,None,TRBJ1-1*01,1
188,CASSYGAANTEDFF,TRBV6-6*01,None,TRBJ1-1*01,1
189,CAASTWGYTF,TRBV15*02,None,TRBJ1-2*01,1
190,CASSYGAANTEVFF,TRBV6-6*05,None,TRBJ1-1*01,1
191,CASSYGAASTEAYF,TRBV6-6*03,None,TRBJ1-1*01,1
192,CASSYGAENTEAFF,TRBV6-6*03,None,TRBJ1-1*01,1
193,CASSYGASNTEAFF,TRBV6-6*03,None,TRBJ1-1*01,1
194,CASSYGVNTEAFF,TRBV7-8*03,None,TRBJ1-1*01,1
195,CASSYGVNTVAFF,TRBV6-6*03,None,TRBJ1-1*01,1
196,CASSLGKPGGEQYF,TRBV4-3*03,None,TRBJ2-7*01,1
197,CASSLGESGGGQYF,TRBV7-2*01,None,TRBJ2-7*01,1
198,CASRWDRFPVSSPLHF,TRBV7-8*03,None,TRBJ1-6*01,1
199,CASSLGESCGEQYF,TRBV7-2*04,None,TRBJ2-7*01,1
200,CASRWDRFPVTSPLHF,TRBV7-8*03,None,TRBJ1-6*01,1
201,CASRWDRFSVNFPLHF,TRBV7-9*04,None,TRBJ1-6*02,1
202,CASRWDRIPENSPLHF,TRBV7-8*03,None,TRBJ1-6*01,1
203,CASRWDRVPVNSPLHF,TRBV7-8*03,None,TRBJ1-6*01,1
204,CASRWERIPVTSRLHF,TRBV7-8*03,None,TRBJ1-6*01,1
205,CASRWGRFPVNSRLHF,TRBV7-3*04,None,TRBJ1-6*01,1
206,CASRWHRFPVNSPLHF,TRBV11-3*02,None,TRBJ1-1*01,1
207,CASRWYGLPVNSPHHF,TRBV7-8*02,None,TRBJ1-6*01,1
208,CASRWYRFPINSPLHF,TRBV7-8*03,None,TRBJ1-6*01,1
209,CASRWYRIRVNSPLHF,TRBV7-8*03,None,TRBJ1-6*01,1
210,CASRYGAANTEAFF,TRBV6-6*05,None,TRBJ1-1*01,1
211,CASRYGATNTEAFF,TRBV6-6*03,None,TRBJ1-1*01,1
212,CASSCEKAGYTF,TRBV11-3*03,None,TRBJ1-2*01,1
213,CASSFGESGGKQYF,TRBV7-2*04,None,TRBJ2-7*01,1
214,CASSIENRGYTF,TRBV11-3*02,None,TRBJ1-2*01,1
215,CASSIENRGYTF,TRBV11-3*03,None,TRBJ1-2*01,1
216,CASSLEDRGYTF,TRBV7-9*04,None,TRBJ1-2*01,1
217,CASSLENRDYTF,TRBV7-9*04,None,TRBJ1-2*01,1
218,CASSLENRGYTF,TRBV7-9*01,None,TRBJ1-2*01,1
219,CASSLGATVGEQYF,TRBV7-8*01,None,TRBJ2-7*01,1
220,CASSLGDSGGEPYF,TRBV7-2*04,None,TRBJ2-7*01,1
221,CVTSIWGYTF,TRBV15*02,None,TRBJ1-2*01,1
