,CDR3seq,V-region,D-region,J-region,Frequency
1,CASSFSVGPTYEQYF,TRBV14*02,None,TRBJ2-7*01,216277
2,CASSLSVGPTYEQYF,TRBV14*02,None,TRBJ2-7*01,569
3,CASSFSVGPTYEQCF,TRBV14*02,None,TRBJ2-7*01,372
4,CASSFSAGPTYEQYF,TRBV14*02,None,TRBJ2-7*01,364
5,CASGFSVGPTYEQYF,TRBV14*02,None,TRBJ2-7*01,362
6,CASSFSVRPTYEQYF,TRBV14*02,None,TRBJ2-7*01,325
7,CAGSFSVGPTYEQYF,TRBV14*02,None,TRBJ2-7*01,321
8,CASSFGVGPTYEQYF,TRBV14*02,None,TRBJ2-7*01,311
9,CASSFRVGPTYEQYF,TRBV14*02,None,TRBJ2-7*01,294
10,CASSFSVGPTHEQYF,TRBV14*02,None,TRBJ2-7*01,285
11,CASSFSVGPAYEQYF,TRBV14*02,None,TRBJ2-7*01,280
12,CASSSSVGPTYEQYF,TRBV14*02,None,TRBJ2-7*01,269
13,CASSFSVGLTYEQYF,TRBV14*02,None,TRBJ2-7*01,265
14,CASSFSVGPTYEQHF,TRBV14*02,None,TRBJ2-7*01,239
15,CASSFSVGPTCEQYF,TRBV14*02,None,TRBJ2-7*01,227
16,CASSFSVGPTYKQYF,TRBV14*02,None,TRBJ2-7*01,217
17,CVSSFSVGPTYEQYF,TRBV14*02,None,TRBJ2-7*01,214
18,CASSFSMGPTYEQYF,TRBV14*02,None,TRBJ2-7*01,213
19,CTSSFSVGPTYEQYF,TRBV14*02,None,TRBJ2-7*01,211
20,CARSFSVGPTYEQYF,TRBV14*02,None,TRBJ2-7*01,210
21,CASSFSVEPTYEQYF,TRBV14*02,None,TRBJ2-7*01,188
22,CANSFSVGPTYEQYF,TRBV14*02,None,TRBJ2-7*01,175
23,CASSFSLGPTYEQYF,TRBV14*02,None,TRBJ2-7*01,170
24,CASSFSVGHTYEQYF,TRBV14*02,None,TRBJ2-7*01,163
25,CASSFSVGSTYEQYF,TRBV14*02,None,TRBJ2-7*01,162
26,CASSFSVVPTYEQYF,TRBV14*02,None,TRBJ2-7*01,160
27,CASSFNVGPTYEQYF,TRBV14*02,None,TRBJ2-7*01,157
28,CASSFSVGPTYVQYF,TRBV14*02,None,TRBJ2-7*01,156
29,CASRFSVGPTYEQYF,TRBV14*02,None,TRBJ2-7*01,155
30,CASSFSVGPTYDQYF,TRBV14*02,None,TRBJ2-7*01,152
31,CASSFSVGPIYEQYF,TRBV14*02,None,TRBJ2-7*01,136
32,CASSFSVGPTYEKYF,TRBV14*02,None,TRBJ2-7*01,133
33,CSSSFSVGPTYEQYF,TRBV14*02,None,TRBJ2-7*01,122
34,CASSFSVGPSYEQYF,TRBV14*02,None,TRBJ2-7*01,119
35,CASSFSVGTTYEQYF,TRBV14*02,None,TRBJ2-7*01,116
36,CACSFSVGPTYEQYF,TRBV14*02,None,TRBJ2-7*01,115
37,CASSFIVGPTYEQYF,TRBV14*02,None,TRBJ2-7*01,114
38,CDSSFSVGPTYEQYF,TRBV14*02,None,TRBJ2-7*01,111
39,CASSFSVGPTYEQYF,TRBV14*01,None,TRBJ2-7*01,111
40,CASSFSVGPPYEQYF,TRBV14*02,None,TRBJ2-7*01,109
41,CASNFSVGPTYEQYF,TRBV14*02,None,TRBJ2-7*01,106
42,CASSFSVGPTYEHYF,TRBV14*02,None,TRBJ2-7*01,93
43,CASSFSVGPTYQQYF,TRBV14*02,None,TRBJ2-7*01,79
44,CASSFSVAPTYEQYF,TRBV14*02,None,TRBJ2-7*01,77
45,CPSSFSVGPTYEQYF,TRBV14*02,None,TRBJ2-7*01,77
46,CASSFSVGPNYEQYF,TRBV14*02,None,TRBJ2-7*01,74
47,CGSSFSVGPTYEQYF,TRBV14*02,None,TRBJ2-7*01,71
48,CAISFSVGPTYEQYF,TRBV14*02,None,TRBJ2-7*01,69
49,CASIFSVGPTYEQYF,TRBV14*02,None,TRBJ2-7*01,68
50,CASSFSVGPTYELYF,TRBV14*02,None,TRBJ2-7*01,68
51,CASSYSNYGYTF,TRBV6-6*03,None,TRBJ1-2*01,67
52,CASSCSVGPTYEQYF,TRBV14*02,None,TRBJ2-7*01,66
53,CASSFTVGPTYEQYF,TRBV14*02,None,TRBJ2-7*01,50
54,CASCFSVGPTYEQYF,TRBV14*02,None,TRBJ2-7*01,48
55,CSVGTSGGQPQHF,TRBV29-1*02,None,TRBJ1-5*01,44
56,CASSFSVGRTYEQYF,TRBV14*02,None,TRBJ2-7*01,44
57,CASSFSVGATYEQYF,TRBV14*02,None,TRBJ2-7*01,42
58,CASSFSGGPTYEQYF,TRBV14*02,None,TRBJ2-7*01,42
59,CASSISVGPTYEQYF,TRBV14*02,None,TRBJ2-7*01,41
60,CASSFSVGPTYEPYF,TRBV14*02,None,TRBJ2-7*01,40
61,CASSGMEGQGALYGYTF,TRBV28*01,TRBD1*01,TRBJ1-2*01,39
62,CATSFSVGPTYEQYF,TRBV14*02,None,TRBJ2-7*01,39
63,CASSFSVGPTYEQYF,TRBV9*03,None,TRBJ2-7*01,36
64,CASSFCVGPTYEQYF,TRBV14*02,None,TRBJ2-7*01,34
65,CASSFSVGPTNEQYF,TRBV14*02,None,TRBJ2-7*01,34
66,CASSFSVGPTYEQNF,TRBV14*02,None,TRBJ2-7*01,32
67,CASSYSVGPTYEQYF,TRBV14*02,None,TRBJ2-7*01,31
68,CASRWDRFPVNSPLHF,TRBV7-8*03,None,TRBJ1-6*01,30
69,CASSFVTVSQPQHF,TRBV28*01,None,TRBJ1-5*01,30
70,CASSFSVGPTYAQYF,TRBV14*02,None,TRBJ2-7*01,28
71,CASSFSVGPTYEEYF,TRBV14*02,None,TRBJ2-7*01,27
72,CASSFSVGPTFEQYF,TRBV14*02,None,TRBJ2-7*01,27
73,CASSFSEGPTYEQYF,TRBV14*02,None,TRBJ2-7*01,26
74,CASSFSVGPTYEQFF,TRBV14*02,None,TRBJ2-7*01,25
75,CASSVSVGPTYEQYF,TRBV14*02,None,TRBJ2-7*01,22
76,CASSTGSEQYF,TRBV6-6*03,None,TRBJ2-7*01,20
77,CASTFSVGPTYEQYF,TRBV14*02,None,TRBJ2-7*01,20
78,CASSEVSGQPQHF,TRBV6-6*03,None,TRBJ1-5*01,18
79,CASSLSVGPTCEQYF,TRBV14*02,None,TRBJ2-7*01,17
80,CASSFSVGPTSEQYF,TRBV14*02,None,TRBJ2-7*01,17
81,CASSFSVGPTDEQYF,TRBV14*02,None,TRBJ2-7*01,16
82,CASSFSVGPTYEQDF,TRBV14*02,None,TRBJ2-7*01,15
83,CASSFSVGPTYEQYF,TRBV14*02,None,TRBJ1-1*01,15
84,CASRQTQDAYAGELFF,TRBV6-6*05,None,TRBJ2-2*01,13
85,CASSFSVVPTYVQYF,TRBV14*02,None,TRBJ2-7*01,12
86,CASSFSVGPTYEQYF,TRBV9*01,None,TRBJ2-7*01,11
87,CASSPPLHTPSYEQYF,TRBV18*01,None,TRBJ2-7*01,11
88,CASSFSVGPTYEQYF,TRBV3-1*01,None,TRBJ2-7*01,11
89,CASSLGASGSPYEQYF,TRBV7-9*04,None,TRBJ2-7*01,11
90,CASSRVSYNEQFF,TRBV28*01,None,TRBJ2-1*01,10
91,CASSLGASGSPYEQYF,TRBV11-3*03,None,TRBJ2-7*01,10
92,CASSFSVGPTYEQYF,TRBV9*02,None,TRBJ2-7*01,10
93,CASSYHANTGELFF,TRBV6-6*03,None,TRBJ2-2*01,9
94,CSAVAGFSYEQYF,TRBV20-1*02,None,TRBJ2-7*01,9
95,CSAISGRSLGWANVLTF,TRBV20-1*06,None,TRBJ2-6*01,9
96,CASSFSVGPTYEQSF,TRBV14*02,None,TRBJ2-7*01,8
97,CSAVAGFSYEQYF,TRBV20-1*03,None,TRBJ2-7*01,8
98,CASSYHANTGELFF,TRBV6-5*01,None,TRBJ2-2*01,8
99,CASSYHANTGELFF,TRBV6-3*01,None,TRBJ2-2*01,8
100,CSAQHRSGDHNEQFF,TRBV20-1*03,None,TRBJ2-1*01,8
101,CASSWTGTGGEKLFF,TRBV27*01,TRBD1*01,TRBJ1-4*01,8
102,CASRQTQDAYAGELFF,TRBV6-6*03,None,TRBJ2-2*01,8
103,CSAVAGFSYEQYF,TRBV20-1*06,None,TRBJ2-7*01,7
104,CSAISGRSLGWANVLTF,TRBV20-1*02,None,TRBJ2-6*01,7
105,CASSFSVRHTYEQYF,TRBV14*02,None,TRBJ2-7*01,7
106,CASSFSVGPTYGQYF,TRBV14*02,None,TRBJ2-7*01,7
107,CASSLPGTRYEQFF,TRBV5-1*02,None,TRBJ2-1*01,6
108,CASSQDPEAVYGYTF,TRBV4-3*01,None,TRBJ1-2*01,6
109,CSAISGRSLGWANVLTF,TRBV20-1*03,None,TRBJ2-6*01,6
110,CASSFSVGPTYAKYF,TRBV14*02,None,TRBJ2-7*01,6
111,CASSFSVGPTYEQYF,TRBV18*01,None,TRBJ2-7*01,6
112,CASSYSNYGYTF,TRBV6-6*05,None,TRBJ1-2*01,6
113,CACSSSVGPTYEQYF,TRBV14*02,None,TRBJ2-7*01,6
114,CASSFSVVPTYEKYF,TRBV14*02,None,TRBJ2-7*01,6
115,CASSQDRRTTDTQYF,TRBV4-2*01,None,TRBJ2-3*01,6
116,CSSCFSVGPTYEQYF,TRBV14*02,None,TRBJ2-7*01,5
117,CASSQDPEAVYGYTF,TRBV4-3*02,None,TRBJ1-2*01,5
118,CASSQDPEAVYGYTF,TRBV4-3*04,None,TRBJ1-2*01,5
119,CVSRFSVGPTYEQYF,TRBV14*02,None,TRBJ2-7*01,5
120,CASSFSVRPTYVQYF,TRBV14*02,None,TRBJ2-7*01,5
121,CASSLSGGLAADEQFF,TRBV4-3*04,TRBD2*02,TRBJ2-1*01,5
122,CASGYTTSSYNEQFF,TRBV27*01,None,TRBJ2-1*01,5
123,CASSFSVGPTYHQYF,TRBV14*02,None,TRBJ2-7*01,5
124,CASRFSVGHTYEQYF,TRBV14*02,None,TRBJ2-7*01,5
125,CASSFSVLPTYEQYF,TRBV14*02,None,TRBJ2-7*01,5
126,CASSSSVGPTYEQHF,TRBV14*02,None,TRBJ2-7*01,5
127,CASSLSVGPTYDQYF,TRBV14*02,None,TRBJ2-7*01,5
128,CASSFSVGPTYERYF,TRBV14*02,None,TRBJ2-7*01,5
129,CASSFSVGPTYEQYF,TRBV7-3*01,None,TRBJ2-7*01,5
130,CASSFSMGPTYVQYF,TRBV14*02,None,TRBJ2-7*01,5
131,CASSFSVGPTYKKYF,TRBV14*02,None,TRBJ2-7*01,5
132,CASSLSGGLAADEQFF,TRBV4-3*04,TRBD2*01,TRBJ2-1*01,5
133,CASSRQGTNEQYF,TRBV6-6*04,None,TRBJ2-7*01,4
134,CSAQHRSGDHNEQFF,TRBV20-1*02,None,TRBJ2-1*01,4
135,CASSFSVVPTYDQYF,TRBV14*02,None,TRBJ2-7*01,4
136,CASSRQGTNEQYF,TRBV6-6*03,None,TRBJ2-7*01,4
137,CASSMDRPGVETQYF,TRBV19*03,None,TRBJ2-5*01,4
138,CSSSFIVGPTYEQYF,TRBV14*02,None,TRBJ2-7*01,4
139,CASSFSVGLTYERYF,TRBV14*02,None,TRBJ2-7*01,4
140,CASSFSVRPTYKQYF,TRBV14*02,None,TRBJ2-7*01,4
141,CASSLSGRVEKLFF,TRBV12-4*02,None,TRBJ1-4*01,4
142,CASSFSVAPSYEQYF,TRBV14*02,None,TRBJ2-7*01,4
143,CASSFSFGPTYEQYF,TRBV14*02,None,TRBJ2-7*01,4
144,CASIFSVGPTYEQCF,TRBV14*02,None,TRBJ2-7*01,3
145,CARSFSLGPTYEQYF,TRBV14*02,None,TRBJ2-7*01,3
146,CASSLSVGPTYEQCF,TRBV14*02,None,TRBJ2-7*01,3
147,CASSFSVVLTYEQYF,TRBV14*02,None,TRBJ2-7*01,3
148,CASSYHANTGELFF,TRBV6-6*02,None,TRBJ2-2*01,3
149,CAISFSVGPTYEKYF,TRBV14*02,None,TRBJ2-7*01,3
150,CASSFSVVHTYEQYF,TRBV14*02,None,TRBJ2-7*01,3
151,CSSSFSVGHTYEQYF,TRBV14*02,None,TRBJ2-7*01,3
152,CASSFSVGPTLEQYF,TRBV14*02,None,TRBJ2-7*01,3
153,CASSFSVGPTYEQYF,TRBV16*03,None,TRBJ2-7*01,3
154,CASIFSVVPTYEQYF,TRBV14*02,None,TRBJ2-7*01,3
155,CASSFSVGPTYETYF,TRBV14*02,None,TRBJ2-7*01,3
156,CSAQHRSGDHNEQFF,TRBV20-1*06,None,TRBJ2-1*01,3
157,CASSFIVEPTYEQYF,TRBV14*02,None,TRBJ2-7*01,3
158,CATSFIVGPTYEQYF,TRBV14*02,None,TRBJ2-7*01,3
159,CASSCSVGPTYDQYF,TRBV14*02,None,TRBJ2-7*01,3
160,CASSFSLGPNYEQYF,TRBV14*02,None,TRBJ2-7*01,3
161,CASSFSLEPTYEQYF,TRBV14*02,None,TRBJ2-7*01,3
162,CASSFSVGPTYEQYF,TRBV7-3*04,None,TRBJ2-7*01,3
163,CATIFSVGPTYEQYF,TRBV14*02,None,TRBJ2-7*01,3
164,CASSFSVGPTYEQYF,TRBV13*01,None,TRBJ2-7*01,3
165,CARSFRVGPTYEQYF,TRBV14*02,None,TRBJ2-7*01,3
166,CASSFSVGHTYDQYF,TRBV14*02,None,TRBJ2-7*01,3
167,CASSPGQGAGDTQYF,TRBV18*01,TRBD1*01,TRBJ2-3*01,3
168,CASSFSVKPTYEQYF,TRBV14*02,None,TRBJ2-7*01,3
169,CSSSFSLGPTYEQYF,TRBV14*02,None,TRBJ2-7*01,3
170,CASSFSVGNTYEQYF,TRBV14*02,None,TRBJ2-7*01,3
171,CASSFSVGPIYQQYF,TRBV14*02,None,TRBJ2-7*01,3
172,CSSSFSVGPTSEQYF,TRBV14*02,None,TRBJ2-7*01,3
173,CASSFSVCPTYEQYF,TRBV14*02,None,TRBJ2-7*01,3
174,CASSLIVGPTYEQYF,TRBV14*02,None,TRBJ2-7*01,3
175,CASSFSVGHTYEKYF,TRBV14*02,None,TRBJ2-7*01,3
176,CASSFSIGPTYEQYF,TRBV14*02,None,TRBJ2-7*01,3
177,CASSLSGGLAADEQFF,TRBV4-3*02,TRBD2*01,TRBJ2-1*01,3
178,CASSLSGGLAADEQFF,TRBV4-3*02,TRBD2*02,TRBJ2-1*01,3
179,CASSLSVGPTYEQYF,TRBV14*01,None,TRBJ2-7*01,3
180,CASSFSVGHAYEQYF,TRBV14*02,None,TRBJ2-7*01,3
181,CASSYHANTGELFF,TRBV6-6*01,None,TRBJ2-2*01,2
182,CASSYSNYGYTF,TRBV6-5*01,None,TRBJ1-2*01,2
183,CCSSFSVGPTYEQYF,TRBV14*02,None,TRBJ2-7*01,2
184,CASSFGVGPTYAQYF,TRBV14*02,None,TRBJ2-7*01,2
185,CASSFNVGTTYEQYF,TRBV14*02,None,TRBJ2-7*01,2
186,CASSFNVGPTYEQCF,TRBV14*02,None,TRBJ2-7*01,2
187,CASTFSVVPTYEQYF,TRBV14*02,None,TRBJ2-7*01,2
188,CATSFRVGPTYEQYF,TRBV14*02,None,TRBJ2-7*01,2
189,CASSFGVGPAYEQYF,TRBV14*02,None,TRBJ2-7*01,2
190,CASSFILGPTYEQYF,TRBV14*02,None,TRBJ2-7*01,2
191,CASSYSNYGYTF,TRBV6-6*01,None,TRBJ1-2*01,2
192,CASSEVSGQPQHF,TRBV6-1*01,None,TRBJ1-5*01,2
193,CASSYSNYGYTF,TRBV6-2*01,None,TRBJ1-2*01,2
194,CASSFRVRPTYEQYF,TRBV14*02,None,TRBJ2-7*01,2
195,CASSFSGGPNYEQYF,TRBV14*02,None,TRBJ2-7*01,2
196,CASSEVRGEQYF,TRBV6-6*03,None,TRBJ2-7*01,2
197,CASSYHANTGELFF,TRBV6-2*01,None,TRBJ2-2*01,2
198,CASSFRVGPTYQQYF,TRBV14*02,None,TRBJ2-7*01,2
199,CASTFSVGPTYEQHF,TRBV14*02,None,TRBJ2-7*01,2
200,CASSFCVGPTYGQYF,TRBV14*02,None,TRBJ2-7*01,2
201,CASSFRGGPTYEQYF,TRBV14*02,None,TRBJ2-7*01,2
202,CATTFSVGPTYEQYF,TRBV14*02,None,TRBJ2-7*01,2
203,CASSFRVGPTYDQYF,TRBV14*02,None,TRBJ2-7*01,2
204,CASSYSVGPTYEHYF,TRBV14*02,None,TRBJ2-7*01,2
205,CASSFSVGPAYGQYF,TRBV14*02,None,TRBJ2-7*01,2
206,CASSFSLGPTYDQYF,TRBV14*02,None,TRBJ2-7*01,2
207,CASSFSLGPTYVQYF,TRBV14*02,None,TRBJ2-7*01,2
208,CASSFSVGPTYEQYF,TRBV11-2*01,None,TRBJ2-7*01,2
209,CASSFSVGPTYEQYF,TRBV14*02,None,TRBJ1-6*01,2
210,CASSFSVGPTYEQYF,TRBV5-4*01,None,TRBJ2-7*01,2
211,CASSLSVGPIYEQYF,TRBV14*02,None,TRBJ2-7*01,2
212,CASSFSVGPTYEQYF,TRBV5-8*01,None,TRBJ2-7*01,2
213,CASSLSVGLTYEQYF,TRBV14*02,None,TRBJ2-7*01,2
214,CASSFSVGPTYEQYF,TRBV7-2*01,None,TRBJ2-7*01,2
215,CASSFSVGPTYEQYF,TRBV7-9*01,None,TRBJ2-7*01,2
216,CASSFSVGPTYEQYF,TRBV7-9*02,None,TRBJ2-7*01,2
217,CASSLSVAPTYEQYF,TRBV14*02,None,TRBJ2-7*01,2
218,CASSFSVGPTYLQYF,TRBV14*02,None,TRBJ2-7*01,2
219,CASSFSVGPTYQLYF,TRBV14*02,None,TRBJ2-7*01,2
220,CASSFSVGPTYVQHF,TRBV14*02,None,TRBJ2-7*01,2
221,CASSFSVGQTYEQYF,TRBV14*02,None,TRBJ2-7*01,2
222,CASSLSGGLAADEQFF,TRBV4-3*03,TRBD2*02,TRBJ2-1*01,2
223,CASSFSVGRTYGQYF,TRBV14*02,None,TRBJ2-7*01,2
224,CASSLSGGLAADEQFF,TRBV4-3*03,TRBD2*01,TRBJ2-1*01,2
225,CASSLRVGPTYEQYF,TRBV14*02,None,TRBJ2-7*01,2
226,CASSFSVRPSYEQYF,TRBV14*02,None,TRBJ2-7*01,2
227,CASSFSVRPTHEQYF,TRBV14*02,None,TRBJ2-7*01,2
228,CASSFSVRPTYEKYF,TRBV14*02,None,TRBJ2-7*01,2
229,CASSFSVRPTYGQYF,TRBV14*02,None,TRBJ2-7*01,2
230,CASSFSVVPTNEQYF,TRBV14*02,None,TRBJ2-7*01,2
231,CASSFTVGPTYDQYF,TRBV14*02,None,TRBJ2-7*01,2
232,CASSFTVGPTYGQYF,TRBV14*02,None,TRBJ2-7*01,2
233,CASSLSVGPTYEQHF,TRBV14*02,None,TRBJ2-7*01,2
234,CASSFSVGPTYEKYF,TRBV14*02,None,TRBJ1-1*01,2
235,CASSLSVRPTYEQYF,TRBV14*02,None,TRBJ2-7*01,2
236,CASSQDRRTTDTQYF,TRBV5-8*02,None,TRBJ2-3*01,2
237,CASSTGSEQYF,TRBV6-6*05,None,TRBJ2-7*01,2
238,CASSSSVVPTYEQYF,TRBV14*02,None,TRBJ2-7*01,2
239,CASSSSVGPTYAQYF,TRBV14*02,None,TRBJ2-7*01,2
240,CASSFSMEPTYEQYF,TRBV14*02,None,TRBJ2-7*01,2
241,CASSFSMGLTYEQYF,TRBV14*02,None,TRBJ2-7*01,2
242,CASSFSMGPTYDQYF,TRBV14*02,None,TRBJ2-7*01,2
243,CASSFSMGPTYGQYF,TRBV14*02,None,TRBJ2-7*01,2
244,CASSFSMRPTYEQYF,TRBV14*02,None,TRBJ2-7*01,2
245,CASSFSVAPTYDQYF,TRBV14*02,None,TRBJ2-7*01,2
246,CASSFSVEPNYEQYF,TRBV14*02,None,TRBJ2-7*01,2
247,CASSFSVEPTYVQYF,TRBV14*02,None,TRBJ2-7*01,2
248,CASSQDRRTTDTQYF,TRBV5-5*03,None,TRBJ2-3*01,2
249,CASSFSVGPTYDLYF,TRBV14*02,None,TRBJ2-7*01,2
250,CASSFSVGHTYEQCF,TRBV14*02,None,TRBJ2-7*01,2
251,CASSFSVGHTYQQYF,TRBV14*02,None,TRBJ2-7*01,2
252,CASSFSVGLTYGQYF,TRBV14*02,None,TRBJ2-7*01,2
253,CASSFSVGLTYVQYF,TRBV14*02,None,TRBJ2-7*01,2
254,CASSFSVGPAYEHYF,TRBV14*02,None,TRBJ2-7*01,2
255,CFSSFSVGPTYEQYF,TRBV14*02,None,TRBJ2-7*01,2
256,CASSFSVGPNEQYF,TRBV14*02,None,TRBJ2-7*01,2
257,CASSLVTGTTDTQYF,TRBV7-9*04,None,TRBJ2-3*01,2
258,CASSFSVGPSYVQYF,TRBV14*02,None,TRBJ2-7*01,2
259,CASSLTRGETQYF,TRBV11-3*02,None,TRBJ2-5*01,2
260,CASSFSVGPTYATYF,TRBV14*02,None,TRBJ2-7*01,2
261,CASSCSVGHTYEQYF,TRBV14*02,None,TRBJ2-7*01,2
262,CASSFSVGPTYKLYF,TRBV14*02,None,TRBJ2-7*01,2
263,CASGFSLGPTYEQYF,TRBV14*02,None,TRBJ2-7*01,2
264,CANSFSVGLTYEQYF,TRBV14*02,None,TRBJ2-7*01,2
265,CAGSFSVEPTYEQYF,TRBV14*02,None,TRBJ2-7*01,2
266,CAGSLSVGPTYEQYF,TRBV14*02,None,TRBJ2-7*01,2
267,CVSSFSVGPTYEQCF,TRBV14*02,None,TRBJ2-7*01,2
268,CAGSSSVGPTYEQYF,TRBV14*02,None,TRBJ2-7*01,2
269,CVSSFSGGPTYEQYF,TRBV14*02,None,TRBJ2-7*01,2
270,CAISFSVGPTYDQYF,TRBV14*02,None,TRBJ2-7*01,2
271,CPSSFRVGPTYEQYF,TRBV14*02,None,TRBJ2-7*01,2
272,CVRSFSVGPTYEQYF,TRBV14*02,None,TRBJ2-7*01,2
273,CASRFSVVPIYEQYF,TRBV14*02,None,TRBJ2-7*01,2
274,CASRFSVGTTYEQYF,TRBV14*02,None,TRBJ2-7*01,2
275,CTSSISVGPTYEQYF,TRBV14*02,None,TRBJ2-7*01,2
276,CTSSFSVGPTYKQYF,TRBV14*02,None,TRBJ2-7*01,2
277,CANSFSEGPTYEQYF,TRBV14*02,None,TRBJ2-7*01,2
278,CTSSFSVGPIYEQYF,TRBV14*02,None,TRBJ2-7*01,2
279,CGSSLGASGSPYEQYF,TRBV11-3*03,None,TRBJ2-7*01,2
280,CARCFSVGPTYEQYF,TRBV14*02,None,TRBJ2-7*01,2
281,CARRFSVGPTYEQYF,TRBV14*02,None,TRBJ2-7*01,2
282,CARSFSVGPNYEQYF,TRBV14*02,None,TRBJ2-7*01,2
283,CARSFSVGPSYEQYF,TRBV14*02,None,TRBJ2-7*01,2
284,CARSFSVGPTYEQYF,TRBV14*01,None,TRBJ2-7*01,2
285,CARSFSVGPTYEQYF,TRBV5-3*01,None,TRBJ2-7*01,2
286,CARSFSVGPTYKQYF,TRBV14*02,None,TRBJ2-7*01,2
287,CARSFSVVPTYEKYF,TRBV14*02,None,TRBJ2-7*01,2
288,CASIFSVGPIYEQYF,TRBV14*02,None,TRBJ2-7*01,2
289,CASCFSVGHTYEQYF,TRBV14*02,None,TRBJ2-7*01,2
290,CASCFSVGPTYEKYF,TRBV14*02,None,TRBJ2-7*01,2
291,CASCISVGPTYEQYF,TRBV14*02,None,TRBJ2-7*01,2
292,CASGFSVGPTHEQYF,TRBV14*02,None,TRBJ2-7*01,2
293,CAGSFRVGPTYEQYF,TRBV14*02,None,TRBJ2-7*01,2
294,CASRFSVGPTYKQYF,TRBV14*02,None,TRBJ2-7*01,2
295,CAFSFSVGPTYEQYF,TRBV14*02,None,TRBJ2-7*01,2
296,CADSFSVGPTYEQYF,TRBV14*02,None,TRBJ2-7*01,2
297,CASSISVGPTYERYF,TRBV14*02,None,TRBJ2-7*01,1
298,CASSHSLGPTYEHYF,TRBV7-8*03,None,TRBJ2-7*01,1
299,CASSLSVRHTYVQYF,TRBV14*02,None,TRBJ2-7*01,1
300,CASSLSVRPTCEQYF,TRBV14*02,None,TRBJ2-7*01,1
301,CASSLSVRPTFEQYF,TRBV14*02,None,TRBJ2-7*01,1
302,CSSTFRVGPSYEQYF,TRBV14*02,None,TRBJ2-7*01,1
303,CASSHSVALNYEQYF,TRBV14*02,None,TRBJ2-7*01,1
304,CSSSYHANTGELFF,TRBV6-6*02,None,TRBJ2-2*01,1
305,CASSLSVRPTYEQYF,TRBV3-1*01,None,TRBJ2-7*01,1
306,CASSHSNYGYTF,TRBV6-6*03,None,TRBJ1-2*01,1
307,CSSSYHANTGELFF,TRBV6-6*01,None,TRBJ2-2*01,1
308,CSSSVSVRPTYEQYF,TRBV14*02,None,TRBJ2-7*01,1
309,CASSHSGGPTYTQYF,TRBV11-3*02,None,TRBJ2-7*01,1
310,CASSLSVRRTNEQYF,TRBV14*02,None,TRBJ2-7*01,1
311,CASSLSVVPTYEEYF,TRBV7-3*01,None,TRBJ2-7*01,1
312,CASSLSVVPTYVQYF,TRBV14*02,None,TRBJ2-7*01,1
313,CASSLSWVLAADEQFF,TRBV4-3*02,None,TRBJ2-1*01,1
314,CSSSSTVGPTYEQYF,TRBV14*02,None,TRBJ2-7*01,1
315,CASSLTRGETQYF,TRBV11-2*03,None,TRBJ2-5*01,1
316,CYSSFRVEPTYEQYF,TRBV14*02,None,TRBJ2-7*01,1
317,CSSSQPLHSPSYEQYF,TRBV18*01,None,TRBJ2-7*01,1
318,CSSSLSLGPTYEQYF,TRBV14*02,None,TRBJ2-7*01,1
319,CASSLTRGETQYF,TRBV11-3*02,None,TRBJ2-1*01,1
320,CASSHNVRPTYEQYF,TRBV14*02,None,TRBJ2-7*01,1
321,CSTGQGTSYEQYF,TRBV24-1*01,None,TRBJ2-7*01,1
322,CSTSFSVEPTYEQYF,TRBV14*02,None,TRBJ2-7*01,1
323,CSSSISVGPTYEQYF,TRBV14*02,None,TRBJ2-7*01,1
324,CASSLSVGPTYEQYF,TRBV3-1*01,None,TRBJ2-7*01,1
325,CTSIVSVGPTYKQYF,TRBV14*02,None,TRBJ2-7*01,1
326,CTSIFSVGPTYEQYF,TRBV14*02,None,TRBJ2-7*01,1
327,CTSCFSVGPSYERYF,TRBV14*02,None,TRBJ2-7*01,1
328,CTSCFRVAHTYEQYF,TRBV14*02,None,TRBJ2-7*01,1
329,CTRSSSVGPIYEQYF,TRBV14*02,None,TRBJ2-7*01,1
330,CTRSFSVGPTYEQYF,TRBV14*02,None,TRBJ2-7*01,1
331,CSWSGYSRNDQFF,TRBV30*02,None,TRBJ2-1*01,1
332,CASSHSVRPTYAQYF,TRBV4-2*01,None,TRBJ2-7*01,1
333,CASSLSVGPTYEQYF,TRBV16*03,None,TRBJ2-7*01,1
334,CASSLSVGPTYEQYF,TRBV18*01,None,TRBJ2-7*01,1
335,CSVWTSGGQPQHF,TRBV29-1*02,None,TRBJ1-5*01,1
336,CASSLSVGTTYAQYF,TRBV14*02,None,TRBJ2-7*01,1
337,CSVQVGRVNELFF,TRBV29-1*02,None,TRBJ2-1*01,1
338,CSVPYGGLVGPQVLTF,TRBV29-1*02,None,TRBJ2-6*01,1
339,CSVGTSGGQPQNF,TRBV29-1*02,None,TRBJ1-5*01,1
340,CSVGSSGGQPQNF,TRBV29-1*02,None,TRBJ1-5*01,1
341,CASSLSVGPTYGQYF,TRBV14*02,None,TRBJ2-7*01,1
342,CSVEVGRVNEQYF,TRBV29-1*02,None,TRBJ2-7*01,1
343,CASSLSVGRTNEQYF,TRBV14*02,None,TRBJ2-7*01,1
344,CSTSFSVVPTYEQYF,TRBV14*02,None,TRBJ2-7*01,1
345,CASSLSVGRTYVQYF,TRBV14*02,None,TRBJ2-7*01,1
346,CSTSFSVGLTYKLYF,TRBV14*02,None,TRBJ2-7*01,1
347,CSSSLRVGRTYEQYF,TRBV14*02,None,TRBJ2-7*01,1
348,CSSSFSVVPTYEQYF,TRBV14*02,None,TRBJ2-7*01,1
349,CASSLTRWETQYF,TRBV7-9*04,None,TRBJ2-3*01,1
350,CSSSFIVRPTYERYF,TRBV14*02,None,TRBJ2-7*01,1
351,CSSSFSLGPNYEQYF,TRBV14*01,None,TRBJ2-7*01,1
352,CASSPSGSATNEQYF,TRBV11-3*03,None,TRBJ2-1*01,1
353,CSSSFSIGPTHEQYF,TRBV14*02,None,TRBJ2-7*01,1
354,CSSSFRVGPTYERYF,TRBV14*02,None,TRBJ2-7*01,1
355,CASSPSVGPTYEQYF,TRBV14*02,None,TRBJ2-7*01,1
356,CASSQAPEAVYGYTF,TRBV4-3*04,None,TRBJ1-2*01,1
357,CASSQDPEAGYGYTF,TRBV4-3*02,None,TRBJ1-2*01,1
358,CSSSFNVVPTYEQYF,TRBV14*02,None,TRBJ2-7*01,1
359,CSSSFIVVPNYEQYF,TRBV7-9*02,None,TRBJ2-7*01,1
360,CASSQDPEAVYGYTF,TRBV4-1*01,None,TRBJ1-2*01,1
361,CASSHGAEAAYGQYF,TRBV4-3*03,None,TRBJ1-2*01,1
362,CSSSFSMGPTYEQYF,TRBV14*02,None,TRBJ2-7*01,1
363,CSSSFIVGPTYEQYF,TRBV18*01,None,TRBJ2-7*01,1
364,CASSQDPEAVYGYTF,TRBV4-3*03,None,TRBJ1-2*01,1
365,CASSHDLEPTYGQYF,TRBV14*02,None,TRBJ2-7*01,1
366,CSSSFIVEPTYEQYF,TRBV14*02,None,TRBJ2-7*01,1
367,CASSQDPEAVYSYTF,TRBV4-1*01,None,TRBJ1-2*01,1
368,CASSQDPVVFYGYPF,TRBV4-3*02,None,TRBJ1-2*01,1
369,CASSQDREAIYGHNF,TRBV4-3*01,None,TRBJ1-2*01,1
370,CSSSFCVGPPYAQYF,TRBV14*02,None,TRBJ2-7*01,1
371,CASSQDRKATDTYNF,TRBV4-3*04,None,TRBJ2-7*01,1
372,CASSQDRMTTDTQYF,TRBV5-5*02,None,TRBJ2-3*01,1
373,CASSPPLHTPTHEQYF,TRBV18*01,None,TRBJ2-7*01,1
374,CASSPPLHTPSYEQYF,TRBV6-6*05,None,TRBJ2-7*01,1
375,CTSMVSFGPTYEQYF,TRBV7-2*03,None,TRBJ2-7*01,1
376,CASSMDRPGVETQYF,TRBV19*02,None,TRBJ2-5*01,1
377,CASSLTVGRTYEQFF,TRBV14*02,None,TRBJ2-7*01,1
378,CASSHNVGPIYGYSF,TRBV4-1*02,None,TRBJ1-2*01,1
379,CASSLTVRRTYEQYF,TRBV14*02,None,TRBJ2-7*01,1
380,CSSSFSVVPTYAQYF,TRBV14*02,None,TRBJ2-7*01,1
381,CASSLVTGTTDTQYF,TRBV11-3*03,None,TRBJ2-3*01,1
382,CSSSFSVVPTCEQFF,TRBV14*02,None,TRBJ2-7*01,1
383,CSSSFSVGPTYKQYF,TRBV14*02,None,TRBJ2-7*01,1
384,CASSLVTGTTNTQYF,TRBV7-9*02,None,TRBJ2-3*01,1
385,CSSSFSVGPTYERYF,TRBV14*02,None,TRBJ2-7*01,1
386,CASSMDRPGVETQYF,TRBV19*01,None,TRBJ2-5*01,1
387,CSSSFSVGPTYEQYF,TRBV18*01,None,TRBJ2-7*01,1
388,CSSSFSVDHTYEQYF,TRBV14*02,None,TRBJ2-7*01,1
389,CSSSFSVGPTYEENF,TRBV14*02,None,TRBJ2-7*01,1
390,CSSSFSVGPTYAKYF,TRBV14*02,None,TRBJ2-7*01,1
391,CASSNTVGPTYDQYF,TRBV14*02,None,TRBJ2-7*01,1
392,CASSPCGRGSNEQYF,TRBV3-1*01,None,TRBJ2-7*01,1
393,CASSHNAGPAYEHYF,TRBV4-3*04,None,TRBJ1-2*01,1
394,CASSPCVGGTYEQYF,TRBV3-1*01,None,TRBJ2-7*01,1
395,CSSSFSVGPNYEHYF,TRBV14*02,None,TRBJ2-7*01,1
396,CASSPCVRATYEQYF,TRBV11-3*03,None,TRBJ2-1*01,1
397,CASSHKLRPTDAQYF,TRBV14*01,None,TRBJ2-7*01,1
398,CSSSFSVELTYEQYF,TRBV18*01,None,TRBJ2-7*01,1
399,CASSISLGPTYEQYF,TRBV14*02,None,TRBJ2-7*01,1
400,CTSRFSVGPTYEQYF,TRBV14*02,None,TRBJ2-7*01,1
401,CASSLSVGPTYDLYF,TRBV14*02,None,TRBJ2-7*01,1
402,CVSSFSSAPTYEKYF,TRBV14*02,None,TRBJ2-7*01,1
403,CASSISVGPTYEQYF,TRBV14*01,None,TRBJ2-7*01,1
404,CASSLPGTRYGQFF,TRBV5-1*02,None,TRBJ2-1*01,1
405,CASSLPRTRDEQFF,TRBV5-1*02,None,TRBJ2-1*01,1
406,CVSSFSVGPSYGQYF,TRBV14*02,None,TRBJ2-7*01,1
407,CASSLRLGPTYGQYF,TRBV14*02,None,TRBJ2-7*01,1
408,CASSLRMGPTYVQYF,TRBV14*02,None,TRBJ2-7*01,1
409,CASSLRVAPSYEQYF,TRBV14*02,None,TRBJ2-7*01,1
410,CASSLRVEPTYEQYF,TRBV14*02,None,TRBJ2-7*01,1
411,CVSSFSVAPTYVLYF,TRBV14*02,None,TRBJ2-7*01,1
412,CVSSFSVAPTYEQYF,TRBV14*02,None,TRBJ2-7*01,1
413,CASSLSEGLAAAEQFF,TRBV4-3*02,TRBD2*02,TRBJ2-1*01,1
414,CVSTFIVGPTYEQYF,TRBV14*02,None,TRBJ2-7*01,1
415,CASSLSGGLAAAEQFF,TRBV4-3*03,TRBD2*02,TRBJ2-1*01,1
416,CVTCFSVGPTYEQYF,TRBV14*02,None,TRBJ2-7*01,1
417,CVSSFIVVPTYEQDF,TRBV14*02,None,TRBJ2-7*01,1
418,CVSSFCVGPTYEQYF,TRBV14*02,None,TRBJ2-7*01,1
419,CVSSDSVGPNYEQYF,TRBV9*01,None,TRBJ2-7*01,1
420,CASSLSGGLAADEQFF,TRBV4-3*03,TRBD2*01,TRBJ2-3*01,1
421,CASSLSGGLAADEQFF,TRBV4-3*03,TRBD2*01,TRBJ2-5*01,1
422,CVSSCSVTPTYEQYF,TRBV10-2*01,None,TRBJ2-7*01,1
423,CVSSCSVGTTYGHYF,TRBV14*02,None,TRBJ2-7*01,1
424,CVSSCSVGPTYEQYF,TRBV14*02,None,TRBJ2-7*01,1
425,CASSLPGTRYEQFF,TRBV5-1*02,None,TRBJ2-7*01,1
426,CASSLPGTRYEQFF,TRBV14*02,None,TRBJ2-1*01,1
427,CVSRFSVGHTYDQYF,TRBV14*02,None,TRBJ2-7*01,1
428,CVSSLGMGPIYEQYF,TRBV14*02,None,TRBJ2-7*01,1
429,CASSISVRPTYEQDF,TRBV14*02,None,TRBJ2-7*01,1
430,CVSSTSVGSTHEQYF,TRBV14*02,None,TRBJ2-7*01,1
431,CASSITVGLTYEQYF,TRBV14*02,None,TRBJ2-7*01,1
432,CVSSSSVGPTYEQYF,TRBV14*02,None,TRBJ2-7*01,1
433,CASSITVGPTYEQHF,TRBV14*01,None,TRBJ2-7*01,1
434,CASSLGASGSPHEQYF,TRBV7-9*04,None,TRBJ2-7*01,1
435,CVSSSSVAPTYEQYF,TRBV14*02,None,TRBJ1-1*01,1
436,CVSSLRVGPTYAQYF,TRBV3-1*01,None,TRBJ2-7*01,1
437,CASSLGASGSTYEQYF,TRBV11-3*03,None,TRBJ2-7*01,1
438,CASSLGASVSPYEQYF,TRBV7-9*04,None,TRBJ2-7*01,1
439,CVSSIHADTGEQFF,TRBV6-6*03,None,TRBJ2-2*01,1
440,CASSLNVRPTYAQYF,TRBV14*02,None,TRBJ2-7*01,1
441,CVSSGMEGQGALYGYTF,TRBV28*01,TRBD1*01,TRBJ1-2*01,1
442,CASSLGESGSTYEQYF,TRBV7-9*04,None,TRBJ2-7*01,1
443,CVSSFSVGPTYSQYF,TRBV14*01,None,TRBJ2-7*01,1
444,CASSLIVEPTYEQYF,TRBV14*02,None,TRBJ2-7*01,1
445,CVSSYSVGPTYDQYF,TRBV14*02,None,TRBJ1-6*02,1
446,CVSSYTVGPTYEQYF,TRBV14*02,None,TRBJ2-7*01,1
447,CASSLLVGPTYEQYF,TRBV14*02,None,TRBJ2-7*01,1
448,CASSLNLEAAYGHYF,TRBV3-1*01,None,TRBJ1-2*01,1
449,CASSLNVGPIYGQNF,TRBV3-1*01,None,TRBJ2-7*01,1
450,CVSSFSVGPTYEQYF,TRBV18*01,None,TRBJ2-7*01,1
451,CVSRLSVVPTYEQYF,TRBV14*02,None,TRBJ2-7*01,1
452,CVSRCSVGPTYEQYF,TRBV14*02,None,TRBJ2-7*01,1
453,CASSISVGPTYVQYF,TRBV14*02,None,TRBJ2-7*01,1
454,CASSLSVGLTYEQYF,TRBV14*01,None,TRBJ2-7*01,1
455,CASSISVEPTYEHHF,TRBV14*02,None,TRBJ2-7*01,1
456,CASSLSVGATYQQYF,TRBV14*02,None,TRBJ2-7*01,1
457,CTSSISVGPTYEQYF,TRBV14*01,None,TRBJ2-7*01,1
458,CTSSISVAPIYEQYF,TRBV14*02,None,TRBJ2-7*01,1
459,CASSLSVGHNYEQYF,TRBV14*02,None,TRBJ2-7*01,1
460,CASSLSVGHTYEQYF,TRBV14*02,None,TRBJ2-7*01,1
461,CSSIFSVRPTYEQYF,TRBV14*02,None,TRBJ2-7*01,1
462,CTSSFSVRHTYQQDF,TRBV14*02,None,TRBJ2-7*01,1
463,CASSISMGPTYKQYF,TRBV14*02,None,TRBJ2-7*01,1
464,CASSLSVGHTYEQYF,TRBV5-8*01,None,TRBJ2-7*01,1
465,CTSSFSVGPTYEQYF,TRBV14*01,None,TRBJ2-7*01,1
466,CASSISVETTNEQYF,TRBV14*02,None,TRBJ2-7*01,1
467,CVTSFSVGPTSEQYF,TRBV14*02,None,TRBJ2-7*01,1
468,CYRGFSVGPTYEQYF,TRBV14*02,None,TRBJ2-7*01,1
469,CASSLSVGLTYQQYF,TRBV14*02,None,TRBJ2-7*01,1
470,CTSSFSVGPTYEHNF,TRBV14*02,None,TRBJ2-7*01,1
471,CASSLSVGPNYEQFF,TRBV14*02,None,TRBJ2-7*01,1
472,CTSSFSVGPTDEQYF,TRBV14*02,None,TRBJ2-7*01,1
473,CYSRFCVGPTYEQYF,TRBV14*02,None,TRBJ2-7*01,1
474,CTSSFSVEPTYEQYF,TRBV14*02,None,TRBJ2-7*01,1
475,CTSSFSMGPTYEPYF,TRBV14*02,None,TRBJ2-7*01,1
476,CTSSCSVGATHEQYF,TRBV14*02,None,TRBJ1-1*01,1
477,CTSSPHLHTPSYEQYF,TRBV18*01,None,TRBJ2-7*01,1
478,CTSSTSLVPTYGQYF,TRBV14*02,None,TRBJ2-7*01,1
479,CASSLSGGLAADEQYF,TRBV4-3*04,None,TRBJ2-7*01,1
480,CASSISVGPTYDQYF,TRBV14*02,None,TRBJ2-7*01,1
481,CVSLFSVGPTYEQYF,TRBV14*02,None,TRBJ2-7*01,1
482,CASSLSGGLAADEQYF,TRBV4-3*04,TRBD2*01,TRBJ2-7*01,1
483,CVSIFSLGPTYEQYF,TRBV14*02,None,TRBJ2-7*01,1
484,CASSLSGGLAADERFF,TRBV4-3*04,TRBD2*01,TRBJ2-1*01,1
485,CASSLSGGLGADEQSF,TRBV5-5*03,None,TRBJ2-1*01,1
486,CVSICRVGPTYEQYF,TRBV5-8*02,None,TRBJ2-7*01,1
487,CVSICGVGPTYEQYF,TRBV14*02,None,TRBJ2-7*01,1
488,CASSISVGPTYELYF,TRBV14*02,None,TRBJ2-7*01,1
489,CASSLSLGPTYAQYF,TRBV14*02,None,TRBJ2-7*01,1
490,CVSGFSVEPTYEQYF,TRBV14*02,None,TRBJ2-7*01,1
491,CASSISVGPTHVQYF,TRBV14*02,None,TRBJ2-7*01,1
492,CTSSYSVGPTYEQYF,TRBV14*02,None,TRBJ2-7*01,1
493,CASSLSMGTTYEQYF,TRBV14*01,None,TRBJ2-7*01,1
494,CVRRFSVGSNYAQYF,TRBV3-1*02,None,TRBJ2-7*01,1
495,CASSISVGPIYEQYF,TRBV14*02,None,TRBJ2-7*01,1
496,CVRRFSVGPTYEQYF,TRBV14*02,None,TRBJ2-7*01,1
497,CASSLSRGLAADEQFF,TRBV4-3*02,TRBD2*01,TRBJ2-1*01,1
498,CVRGFSLGPTYEQYF,TRBV14*02,None,TRBJ2-7*01,1
499,CASSLSVAPPYEQYF,TRBV14*02,None,TRBJ2-7*01,1
500,CVLSFSVGPTYEQYF,TRBV14*02,None,TRBJ2-7*01,1
501,CASSLSVGATYMEYF,TRBV14*01,None,TRBJ1-1*01,1
502,CVISFSVGPPYEQYF,TRBV14*02,None,TRBJ2-7*01,1
503,CSSRWDRFPVNSPLHF,TRBV7-8*03,None,TRBJ1-6*01,1
504,CGSRWDRFPVNSPLHF,TRBV7-8*03,None,TRBJ1-6*01,1
505,CSSIFSVEPTYEQYF,TRBV14*02,None,TRBJ2-7*01,1
506,CATSFIMGPTYEQCF,TRBV14*02,None,TRBJ1-6*02,1
507,CASTVNVAPTYLQHF,TRBV14*02,None,TRBJ2-7*01,1
508,CASVFIVEPTYEQYF,TRBV14*02,None,TRBJ2-7*01,1
509,CASVFSVGPTYEQYF,TRBV14*02,None,TRBJ2-7*01,1
510,CPSNFNVGTTYEQYF,TRBV14*02,None,TRBJ2-7*01,1
511,CASWQTQDAYAGELFF,TRBV6-6*03,None,TRBJ2-2*01,1
512,CASYFCVGPTYEQYF,TRBV14*02,None,TRBJ2-7*01,1
513,CATCFRMRPTYEQYF,TRBV14*02,None,TRBJ2-7*01,1
514,CPRSFSVGPTYVQYF,TRBV14*02,None,TRBJ2-7*01,1
515,CATILRVGPTYEQYF,TRBV14*02,None,TRBJ2-7*01,1
516,CPRSFSVGPTYEKYF,TRBV14*02,None,TRBJ2-7*01,1
517,CATRFSVEASCEQYF,TRBV14*02,None,TRBJ2-7*01,1
518,CATRFSVGHTYEQYF,TRBV14*02,None,TRBJ2-7*01,1
519,CPRSFSVGPSYEQYF,TRBV5-3*02,None,TRBJ2-7*01,1
520,CPSSFSVGHTYVQYF,TRBV14*02,None,TRBJ2-7*01,1
521,CPRSFSLGPTYEQYF,TRBV14*02,None,TRBJ2-7*01,1
522,CATSFLLGLTYEQYF,TRBV14*01,None,TRBJ2-7*01,1
523,CATSFRLGPTYERYF,TRBV14*02,None,TRBJ2-7*01,1
524,CATSFRVEATYEQYF,TRBV14*02,None,TRBJ2-3*01,1
525,CPNIINVGPTYEQYF,TRBV14*02,None,TRBJ2-7*01,1
526,CATSFSMEPTYGQYF,TRBV14*02,None,TRBJ2-7*01,1
527,CPISVSVGPIYEQYF,TRBV14*02,None,TRBJ2-7*01,1
528,CPISLSLGLTYHQYF,TRBV14*02,None,TRBJ2-7*01,1
529,CATSFSMGTTYEQYF,TRBV14*02,None,TRBJ2-7*01,1
530,CATSFSVAPSYEQYF,TRBV14*02,None,TRBJ2-7*01,1
531,CATSFSVGPTDEQYF,TRBV14*02,None,TRBJ2-7*01,1
532,CPISCSVGPTYELYF,TRBV14*02,None,TRBJ2-7*01,1
533,CASTSSLGPTYEQYF,TRBV14*02,None,TRBJ2-7*01,1
534,CASTPWAAEREMYF,TRBV25-1*01,None,TRBJ2-7*01,1
535,CASTPTQDAYAGELFF,TRBV6-6*05,None,TRBJ2-2*01,1
536,CASTISVGPTYVQYF,TRBV14*02,None,TRBJ2-7*01,1
537,CPSSFSMGPTHELYF,TRBV14*02,None,TRBJ2-7*01,1
538,CASSYSNYGYTF,TRBV6-7*01,None,TRBJ1-2*01,1
539,CASSYSVATTDEQYF,TRBV14*02,None,TRBJ2-7*01,1
540,CASSYSVGLTYEKYF,TRBV14*02,None,TRBJ2-7*01,1
541,CASSYSVGPSYEQYF,TRBV14*02,None,TRBJ2-7*01,1
542,CASSYSVGPTYDQYF,TRBV14*02,None,TRBJ2-7*01,1
543,CPSSFSLGPTYEQYF,TRBV14*02,None,TRBJ2-7*01,1
544,CASSYSVGPTYGYYF,TRBV14*02,None,TRBJ2-7*01,1
545,CASSYTTSCYNQQIF,TRBV27*01,None,TRBJ2-1*01,1
546,CPSSFSLGPIYEQYF,TRBV14*02,None,TRBJ2-7*01,1
547,CASTFIVGPTYVQYF,TRBV14*02,None,TRBJ2-7*01,1
548,CASSGSNTNIQYF,TRBV19*03,None,TRBJ2-4*01,1
549,CASTFRVGPSYELYF,TRBV14*02,None,TRBJ2-7*01,1
550,CASTFSMGPTYEQNF,TRBV18*01,None,TRBJ2-7*01,1
551,CASTFSVALTYVQYF,TRBV14*02,None,TRBJ2-7*01,1
552,CASTFSVGATYDQYF,TRBV14*02,None,TRBJ2-7*01,1
553,CASTFSVGATYEQYF,TRBV14*02,None,TRBJ2-7*01,1
554,CPSSFRVGPTYVQFF,TRBV14*02,None,TRBJ2-7*01,1
555,CASTFSVGLTCEQYF,TRBV14*02,None,TRBJ2-7*01,1
556,CASTFSVGLTYQQYF,TRBV14*02,None,TRBJ2-7*01,1
557,CPSSFNVGPTYLQHF,TRBV14*02,None,TRBJ2-7*01,1
558,CPSSFGLGPTHEQYF,TRBV14*02,None,TRBJ2-7*01,1
559,CASTFSVLLTCQQSF,TRBV14*02,None,TRBJ2-7*01,1
560,CASTFSVVPSCVQYF,TRBV14*02,None,TRBJ2-7*01,1
561,CPSSCSVGPTYQQYF,TRBV14*02,None,TRBJ2-7*01,1
562,CPICFSLGPTDEQYF,TRBV14*02,None,TRBJ2-7*01,1
563,CATSFSVGPTYEQYF,TRBV18*01,None,TRBJ2-7*01,1
564,CATSFSVGPTYERYF,TRBV14*02,None,TRBJ2-7*01,1
565,CDSSFSVGPTYDQYF,TRBV14*02,None,TRBJ2-7*01,1
566,CGSSFSVGPTYELYF,TRBV9*01,None,TRBJ2-7*01,1
567,CDSSFSVGPTYEQYF,TRBV14*01,None,TRBJ2-7*01,1
568,CGSSFSVGPNYGQYF,TRBV14*02,None,TRBJ2-7*01,1
569,CGSSFSVGPNYEQYF,TRBV14*02,None,TRBJ2-7*01,1
570,CDSSFSVGSTYEQYF,TRBV14*02,None,TRBJ2-7*01,1
571,CGSSFSMGATYEQYF,TRBV14*02,None,TRBJ2-7*01,1
572,CDSSFSVVPTYEQYF,TRBV14*02,None,TRBJ2-7*01,1
573,CDSSFTVGYTYEQYF,TRBV14*02,None,TRBJ2-7*01,1
574,CDSSLSLGATYEQYF,TRBV14*02,None,TRBJ2-7*01,1
575,CDSSLSVGPTYEQCF,TRBV14*02,None,TRBJ2-7*01,1
576,CDSSVSAGPTYEQYF,TRBV14*02,None,TRBJ2-7*01,1
577,CDSSYSVGPTYEQYF,TRBV14*02,None,TRBJ1-6*01,1
578,CDTSFSVGPTYEQYF,TRBV14*02,None,TRBJ2-7*01,1
579,CERSFSVGPTYEQYF,TRBV14*02,None,TRBJ2-7*01,1
580,CFSRASVVPKYEHYF,TRBV14*02,None,TRBJ1-6*01,1
581,CGSSFSLGPTYEQYF,TRBV14*02,None,TRBJ2-7*01,1
582,CFTSFSVGPTYEQYF,TRBV9*03,None,TRBJ1-6*01,1
583,CFTSSSVGPTYEQYF,TRBV14*02,None,TRBJ2-7*01,1
584,CGCSVSVGPTYEQYF,TRBV9*02,None,TRBJ2-7*01,1
585,CGGRQTQDAYADELFF,TRBV6-4*01,None,TRBJ2-2*01,1
586,CGHSPSGRGSNEQFF,TRBV7-9*07,None,TRBJ2-1*01,1
587,CGISFSVGPTYEKYF,TRBV14*02,None,TRBJ2-7*01,1
588,CGISGSVGSNYEQSF,TRBV14*02,None,TRBJ2-7*01,1
589,CGNSFSVGHTYEQYF,TRBV14*02,None,TRBJ2-7*01,1
590,CGRSLSVGPNYEQYF,TRBV14*02,None,TRBJ2-7*01,1
591,CDSSFSVGPTYEQKF,TRBV14*02,None,TRBJ2-7*01,1
592,CDSSFSVCPTYGQYF,TRBV14*02,None,TRBJ2-7*01,1
593,CATSFSVRPTYDQYF,TRBV14*02,None,TRBJ2-7*01,1
594,CDSSFRVGLTYEQYF,TRBV14*02,None,TRBJ2-7*01,1
595,CATSFSVRPTYERYF,TRBV14*02,None,TRBJ2-7*01,1
596,CATSFSVVHNYEQYF,TRBV14*02,None,TRBJ2-7*01,1
597,CATSFSVVPTYEQYF,TRBV14*02,None,TRBJ2-7*01,1
598,CATSSSVGPTYEPYF,TRBV14*02,None,TRBJ2-7*01,1
599,CATSVSVVPTYEQYF,TRBV14*02,None,TRBJ2-7*01,1
600,CLSSFSVGPTYEQYF,TRBV14*02,None,TRBJ2-7*01,1
601,CLSSFRVGPTYEQYF,TRBV14*02,None,TRBJ2-7*01,1
602,CLSRFSVGPTYEQYF,TRBV14*02,None,TRBJ2-7*01,1
603,CATTSSVGPTYEQYF,TRBV14*02,None,TRBJ2-7*01,1
604,CAVRYGDNNSRLIF,TRBV27*01,None,TRBJ1-3*01,1
605,CAVSFNVGPTYEQYF,TRBV14*02,None,TRBJ2-7*01,1
606,CAVSVSVGPTYEQYF,TRBV14*02,None,TRBJ2-7*01,1
607,CCSSFSVGHTYEKYF,TRBV14*02,None,TRBJ2-7*01,1
608,CLSIFSVVSTYELYF,TRBV14*02,None,TRBJ2-7*01,1
609,CCSSYSVGPTYEPYF,TRBV14*02,None,TRBJ2-7*01,1
610,CCSVFLIGRTYEQYF,TRBV6-7*01,None,TRBJ2-7*01,1
611,CIAISGRSLGWANVLTF,TRBV20-1*02,None,TRBJ2-6*01,1
612,CDNSFSLGPTYEQYF,TRBV14*02,None,TRBJ2-7*01,1
613,CDRSFSVGPTYVQYF,TRBV14*02,None,TRBJ2-7*01,1
614,CDSCFSMGLTYEQYF,TRBV14*02,None,TRBJ2-7*01,1
615,CGSSFSVGRTYEPYF,TRBV14*02,None,TRBJ2-7*01,1
616,CDSCFSVGTTYEQYF,TRBV14*02,None,TRBJ2-7*01,1
617,CDSGYSVGPTYEKYF,TRBV14*02,None,TRBJ2-7*01,1
618,CDSSCSVGHTYEQYF,TRBV14*02,None,TRBJ2-7*01,1
619,CDSSFGLGPTYEQYF,TRBV14*02,None,TRBJ2-7*01,1
620,CPSSFSVERTYLQYF,TRBV14*02,None,TRBJ2-7*01,1
621,CASSYSNYGYTF,TRBV6-3*01,None,TRBJ1-2*01,1
622,CSSIFIVGPTYEQYF,TRBV14*02,None,TRBJ2-7*01,1
623,CASSSSVGPNYEQCF,TRBV14*02,None,TRBJ2-7*01,1
624,CASSRVSYNEQFF,TRBV6-6*04,None,TRBJ2-1*01,1
625,CASSSGVGPTYKHCF,TRBV14*02,None,TRBJ2-7*01,1
626,CASSSNVVPTYEQYF,TRBV14*02,None,TRBJ2-7*01,1
627,CASSSPLHTASYEQYF,TRBV18*01,None,TRBJ2-7*01,1
628,CASSSSIGPTYEQYF,TRBV14*02,None,TRBJ2-7*01,1
629,CSISFSVEPTYEPYF,TRBV14*02,None,TRBJ2-7*01,1
630,CASSSSMGPNYEQYF,TRBV14*02,None,TRBJ2-7*01,1
631,CSIGSSGDQPQHF,TRBV29-1*03,None,TRBJ1-5*01,1
632,CSICLSGRIEKLFF,TRBV12-3*01,None,TRBJ1-4*01,1
633,CSGVGGFSYMQNF,TRBV20-1*02,None,TRBJ1-6*02,1
634,CASSSSVGHTYEQYF,TRBV14*02,None,TRBJ2-7*01,1
635,CSGSFVVGGTYELYF,TRBV14*02,None,TRBJ2-7*01,1
636,CASSSSVGPPYEQYF,TRBV3-1*02,None,TRBJ2-7*01,1
637,CPSSFSVGLSYEQYF,TRBV14*02,None,TRBJ2-7*01,1
638,CSCSFTVGPTYEQYF,TRBV14*02,None,TRBJ2-7*01,1
639,CASSSSVGPTFEQYF,TRBV14*02,None,TRBJ2-7*01,1
640,CSAVVCFPYEQYF,TRBV20-1*06,None,TRBJ2-7*01,1
641,CSAVEVISYVQNF,TRBV20-1*03,None,TRBJ2-7*01,1
642,CASSSSVGPTYEQYF,TRBV14*02,None,TRBJ1-1*01,1
643,CASSSSVGPTYEQYF,TRBV14*02,None,TRBJ1-2*01,1
644,CSAVEGFSYVQFF,TRBV20-1*06,None,TRBJ2-1*01,1
645,CASSSSVGPTYEQYF,TRBV6-7*01,None,TRBJ2-7*01,1
646,CSAVAGLSYEQYF,TRBV20-1*05,None,TRBJ2-7*01,1
647,CASSSTAGPTYDQYF,TRBV14*02,None,TRBJ2-7*01,1
648,CSAVAGFSYERYF,TRBV20-1*03,None,TRBJ2-7*01,1
649,CSASFWQGSYNEQYF,TRBV20-1*01,None,TRBJ2-1*01,1
650,CSISFSVGPNYEQYF,TRBV14*02,None,TRBJ2-7*01,1
651,CSISFSVGPTYEQYF,TRBV14*02,None,TRBJ2-7*01,1
652,CSNSFSVGPTYEQYF,TRBV14*02,None,TRBJ2-7*01,1
653,CASSRSVRWPNEQFF,TRBV7-9*07,None,TRBJ2-1*01,1
654,CSSIFIMEPTYEQYF,TRBV14*02,None,TRBJ2-7*01,1
655,CGSRFSVGPTYEQYF,TRBV14*02,None,TRBJ2-7*01,1
656,CASSQDRRTTDTQYF,TRBV5-4*04,None,TRBJ2-3*01,1
657,CASSQDRRTTDTQYF,TRBV5-5*02,None,TRBJ2-3*01,1
658,CSSICSVGHTYEEYF,TRBV14*02,None,TRBJ2-7*01,1
659,CSSHFSVVHTYEQYF,TRBV14*02,None,TRBJ2-7*01,1
660,CASSQGAGPAYEQSF,TRBV3-1*01,None,TRBJ2-7*01,1
661,CASSQGLGPIYGQNF,TRBV14*01,None,TRBJ1-2*01,1
662,CSSHFSVGPTYEQYF,TRBV14*02,None,TRBJ2-7*01,1
663,CASSQGVGAIYDHNF,TRBV14*02,None,TRBJ2-4*01,1
664,CASSQGVGATYGQSF,TRBV4-3*01,None,TRBJ2-7*01,1
665,CSSGFSVGPTYEQYF,TRBV14*02,None,TRBJ2-7*01,1
666,CASSQGVGATYGQYF,TRBV14*01,None,TRBJ2-7*01,1
667,CASSQSLEPIYEYTF,TRBV4-1*02,None,TRBJ1-2*01,1
668,CSSGFSVGPTYELYF,TRBV14*02,None,TRBJ2-7*01,1
669,CASSRDRRTTDTQYF,TRBV5-4*02,None,TRBJ2-3*01,1
670,CASSRGVGRTYEQYF,TRBV14*02,None,TRBJ2-7*01,1
671,CASSRQGINEQYF,TRBV6-6*04,None,TRBJ2-7*01,1
672,CSSCFSVGPKYEQYF,TRBV14*02,None,TRBJ2-7*01,1
673,CSSCFSVEPTYEQYF,TRBV14*02,None,TRBJ2-7*01,1
674,CSSCFSIEPTYEQYF,TRBV18*01,None,TRBJ2-7*01,1
675,CASSRQVTNEQYF,TRBV6-6*04,None,TRBJ2-7*01,1
676,CASSRSVGPTYDQYF,TRBV14*02,None,TRBJ2-7*01,1
677,CASSRSVGPTYEQYF,TRBV14*02,None,TRBJ2-7*01,1
678,CSRGLSVGPPNEKYF,TRBV18*01,None,TRBJ2-7*01,1
679,CSASFGVGATYAQYF,TRBV14*02,None,TRBJ2-5*01,1
680,CASSTGSERYF,TRBV6-6*03,None,TRBJ2-7*01,1
681,CASSTRVGPNYEQYF,TRBV14*02,None,TRBJ2-7*01,1
682,CPSSLTVGPTYGQYF,TRBV14*02,None,TRBJ2-7*01,1
683,CPSSFSVGVTYQLYF,TRBV14*02,None,TRBJ2-7*01,1
684,CPSSFSVGPTYEKYF,TRBV14*02,None,TRBJ2-7*01,1
685,CPSSFSVGPSYEQYF,TRBV14*02,None,TRBJ2-7*01,1
686,CASSYHANTGELFF,TRBV6-6*04,None,TRBJ2-2*01,1
687,CPSSFSVGPMYEQYF,TRBV14*02,None,TRBJ2-7*01,1
688,CASSYHANTGELFF,TRBV6-6*05,None,TRBJ2-2*01,1
689,CASSYHANTGEVFF,TRBV6-6*01,None,TRBJ2-2*01,1
690,CASSYHANTGQLFF,TRBV6-6*03,None,TRBJ2-2*01,1
691,CASSYHANTGQLVF,TRBV6-3*01,None,TRBJ2-2*01,1
692,CASSYHANTRELFF,TRBV6-3*01,None,TRBJ2-2*01,1
693,CPSSFSVGPIYEQYF,TRBV14*02,None,TRBJ2-7*01,1
694,CASSYHANTWELFF,TRBV6-6*03,None,TRBJ2-2*01,1
695,CASSYHENTGELFF,TRBV6-6*02,None,TRBJ2-2*01,1
696,CPSSFSVGPIDKQYF,TRBV14*02,None,TRBJ2-7*01,1
697,CASSYLPNTRHLSF,TRBV6-5*01,None,TRBJ2-2*01,1
698,CASSYNVGPVYDYYF,TRBV7-8*01,None,TRBJ2-7*01,1
699,CPSSFSVGLTYQLYF,TRBV14*02,None,TRBJ2-7*01,1
700,CASSYNVVPTYEQYF,TRBV14*02,None,TRBJ2-7*01,1
701,CASSYRAGPTYEQYF,TRBV14*02,None,TRBJ2-7*01,1
702,CPSSFSVGLTYEQYF,TRBV14*02,None,TRBJ2-7*01,1
703,CASSYSFGPTYEQYF,TRBV14*02,None,TRBJ2-7*01,1
704,CASSYSLGPTYEQYF,TRBV14*02,None,TRBJ2-7*01,1
705,CASSYSNYDYTF,TRBV6-6*03,None,TRBJ1-2*01,1
706,CASSYSNYGHTF,TRBV6-6*03,None,TRBJ1-2*01,1
707,CPSSFSVGLTYEQYF,TRBV14*01,None,TRBJ2-7*01,1
708,CPSSLSVVPTYEQYF,TRBV14*02,None,TRBJ2-7*01,1
709,CPSSSSVGPTNHQYF,TRBV14*02,None,TRBJ2-7*01,1
710,CASSTSVGPPYEQYF,TRBV14*02,None,TRBJ2-7*01,1
711,CPSSVSLEPVYKPYF,TRBV14*02,None,TRBJ2-7*01,1
712,CASSTVSLQYF,TRBV6-6*03,None,TRBJ2-7*01,1
713,CSAQHRSGDHNEQCF,TRBV20-1*03,None,TRBJ2-1*01,1
714,CASSVSVEPTYEQYF,TRBV14*02,None,TRBJ2-7*01,1
715,CASSVSVGAASEQYF,TRBV9*01,None,TRBJ2-7*01,1
716,CASSVSVGPAYEQYF,TRBV14*02,None,TRBJ2-7*01,1
717,CSAITGFSYEQYF,TRBV20-1*06,None,TRBJ2-7*01,1
718,CASSVSVGPIYEQYF,TRBV14*02,None,TRBJ2-7*01,1
719,CASSVSVGPNYEQYF,TRBV14*02,None,TRBJ2-7*01,1
720,CSAISRRFVGCVNVLTF,TRBV20-1*05,None,TRBJ2-6*01,1
721,CASSVSVGPSYEQYF,TRBV9*02,None,TRBJ2-7*01,1
722,CSAISGRSLSWAIVLNF,TRBV20-1*03,None,TRBJ2-6*01,1
723,CASSVSVGPTYETYF,TRBV14*02,None,TRBJ2-7*01,1
724,CASSVSVGPTYPQYF,TRBV14*02,None,TRBJ2-7*01,1
725,CASSVSVIPTYEQYF,TRBV14*02,None,TRBJ2-7*01,1
726,CSAISGRFLGWANVLTF,TRBV20-1*03,None,TRBJ2-6*01,1
727,CRVQSGGVSGANVLTF,TRBV29-1*03,None,TRBJ2-6*01,1
728,CASSYGAYSSTYGQYF,TRBV11-2*03,None,TRBJ2-7*01,1
729,CRTLAVFSYEQYF,TRBV20-1*07,None,TRBJ2-7*01,1
730,CASSYGTANVEAFF,TRBV6-6*01,None,TRBJ1-1*01,1
731,CASSYGVEPAYEQYF,TRBV14*02,None,TRBJ2-7*01,1
732,CASSYGVGPTYELYF,TRBV6-6*05,None,TRBJ2-7*01,1
733,CASSYGVGPTYEQYF,TRBV14*02,None,TRBJ2-1*01,1
734,CASSYHANIGELFF,TRBV6-6*04,None,TRBJ2-2*01,1
735,CRAVSVFSYEQYF,TRBV20-1*06,None,TRBJ2-7*01,1
736,CQQLSVGATYEQYF,TRBV14*02,None,TRBJ2-7*01,1
737,CASTFKVGATYGQYF,TRBV14*02,None,TRBJ2-7*01,1
738,CACGFSVGPTDEQYF,TRBV14*02,None,TRBJ2-7*01,1
739,CASSGMGGQGALYGYTF,TRBV28*01,TRBD1*01,TRBJ1-2*01,1
740,CASRFSVRPTYEQYF,TRBV5-6*01,None,TRBJ2-7*01,1
741,CASRFSLGPTYEQYF,TRBV14*02,None,TRBJ2-7*01,1
742,CASRFSMRPTYEQYF,TRBV14*02,None,TRBJ2-7*01,1
743,CASRFSVGHNYEQYF,TRBV14*02,None,TRBJ2-7*01,1
744,CASRFSVGHTYELYF,TRBV14*02,None,TRBJ2-7*01,1
745,CASRFSVGLTYDQYF,TRBV14*02,None,TRBJ2-7*01,1
746,CASRFSVGLTYEQYF,TRBV14*02,None,TRBJ2-7*01,1
747,CASRFSVGPAYEQYF,TRBV16*01,None,TRBJ2-7*01,1
748,CASRFSVGPTSEKYF,TRBV14*02,None,TRBJ2-7*01,1
749,CASRFSVGPTYEQHF,TRBV14*02,None,TRBJ2-7*01,1
750,CASRFSVGPTYEQYF,TRBV14*01,None,TRBJ2-7*01,1
751,CASRFSVGPTYEQYF,TRBV18*01,None,TRBJ2-7*01,1
752,CASRFSVGPTYEQYF,TRBV3-1*02,None,TRBJ2-7*01,1
753,CASRFSVGPTYVQYF,TRBV14*02,None,TRBJ2-7*01,1
754,CASRFSVGRTYEQYF,TRBV14*02,None,TRBJ2-7*01,1
755,CASRFSVRSPYAQYF,TRBV14*02,None,TRBJ2-7*01,1
756,CASRFRVVLTYEQYF,TRBV14*02,None,TRBJ2-7*01,1
757,CASRFSVVPTDVQYF,TRBV14*02,None,TRBJ2-7*01,1
758,CASRFSVVPTYEQYF,TRBV14*02,None,TRBJ2-7*01,1
759,CASRGMEGQGALYGYTF,TRBV28*01,TRBD1*01,TRBJ1-2*01,1
760,CASRLGASGSPYEQSF,TRBV7-9*04,None,TRBJ2-7*01,1
761,CASRLPGTRYEQFF,TRBV5-1*02,None,TRBJ2-1*01,1
762,CASRLSVGHTYEQYF,TRBV14*02,None,TRBJ2-7*01,1
763,CASRLSVGPNYQQYF,TRBV14*02,None,TRBJ2-7*01,1
764,CASRLSVVPNYEQYF,TRBV14*01,None,TRBJ2-7*01,1
765,CASRPTQDAYAGELFF,TRBV6-6*03,None,TRBJ2-2*01,1
766,CASRQDRRTTDTQYF,TRBV4-2*01,None,TRBJ2-3*01,1
767,CASRQTQADYAGELFF,TRBV6-6*05,None,TRBJ2-2*01,1
768,CASRQTQDADAGELFF,TRBV6-6*05,None,TRBJ2-2*01,1
769,CASRQTQDAYAGELVF,TRBV6-6*03,None,TRBJ2-2*01,1
770,CASRQTQDAYAGELVF,TRBV6-6*05,None,TRBJ2-2*01,1
771,CASRFSLGPAYEQYF,TRBV14*02,None,TRBJ2-7*01,1
772,CASRFRVGPTYEQYF,TRBV14*02,None,TRBJ2-7*01,1
773,CASRQTQDAYAGKLFF,TRBV6-6*03,None,TRBJ2-2*01,1
774,CASIVSVGPTYGQYF,TRBV14*02,None,TRBJ2-7*01,1
775,CASIFSFVLTYDQYF,TRBV14*02,None,TRBJ2-7*01,1
776,CASIFSVALTYEQYF,TRBV14*02,None,TRBJ2-7*01,1
777,CASIFSVEPTYEKYF,TRBV14*02,None,TRBJ2-7*01,1
778,CASIFSVGHNYKEYF,TRBV14*02,None,TRBJ2-7*01,1
779,CASIFSVGLTDAQYF,TRBV14*02,None,TRBJ2-7*01,1
780,CASIFSVGPTHEQDF,TRBV14*02,None,TRBJ2-7*01,1
781,CASIFSVGPTYEQNF,TRBV14*02,None,TRBJ2-7*01,1
782,CASIFSVGPTYEQYF,TRBV14*01,None,TRBJ2-7*01,1
783,CASIFSVGRTYELYF,TRBV14*02,None,TRBJ2-7*01,1
784,CASIFSVLPTYEQYF,TRBV14*02,None,TRBJ2-7*01,1
785,CASIFSVPPTYEQYF,TRBV14*02,None,TRBJ2-7*01,1
786,CASIFSVRPSNKQYF,TRBV9*03,None,TRBJ2-7*01,1
787,CASIFSVRPTYEKYF,TRBV14*02,None,TRBJ2-7*01,1
788,CASIFSVVLTYEQYF,TRBV14*02,None,TRBJ2-7*01,1
789,CASKHTQDAYAAELIF,TRBV6-6*03,None,TRBJ2-2*01,1
790,CASRFRVGPTYEHYF,TRBV14*02,None,TRBJ2-7*01,1
791,CASLFSIGPTYEQYF,TRBV14*02,None,TRBJ2-7*01,1
792,CASLFSVGPTYVQYF,TRBV14*02,None,TRBJ2-7*01,1
793,CASNFRAGPTYEQYF,TRBV14*02,None,TRBJ2-7*01,1
794,CASNFSEGSTYEQYF,TRBV14*02,None,TRBJ2-7*01,1
795,CASNFSVGPTYVQYF,TRBV14*02,None,TRBJ2-7*01,1
796,CASNFSVRTTYAKYF,TRBV14*02,None,TRBJ2-7*01,1
797,CASQFSVGPTYEQYF,TRBV14*02,None,TRBJ2-7*01,1
798,CASRCGVRPTCLQFF,TRBV3-1*02,None,TRBJ2-7*01,1
799,CASRCRVGPTYEEYF,TRBV14*02,None,TRBJ2-7*01,1
800,CASRCSVGNTHKQYF,TRBV14*02,None,TRBJ2-7*01,1
801,CASRCSVRPTYEQYF,TRBV14*02,None,TRBJ2-7*01,1
802,CASRFIVGPTYEQYF,TRBV14*02,None,TRBJ2-7*01,1
803,CASRFRVAPTYAQYF,TRBV14*02,None,TRBJ2-7*01,1
804,CASRFRVGPTNEQYF,TRBV14*02,None,TRBJ2-7*01,1
805,CASRQTQDAYAGEPFF,TRBV6-6*03,None,TRBJ2-2*01,1
806,CASRQTQDAYAGQLFF,TRBV6-6*05,None,TRBJ2-2*01,1
807,CASSGMEGHWALYVYTF,TRBV28*01,None,TRBJ1-2*01,1
808,CASSFAMGPTYEQYF,TRBV14*02,None,TRBJ2-7*01,1
809,CASSCSVGPTYSHHF,TRBV14*02,None,TRBJ2-7*01,1
810,CASSCSVGPTYVQSF,TRBV14*01,None,TRBJ2-7*01,1
811,CASSCSVLPTYEQYF,TRBV14*02,None,TRBJ2-7*01,1
812,CASSCSVRATYEQYF,TRBV14*02,None,TRBJ2-7*01,1
813,CASSCSVVPNYEQYF,TRBV14*02,None,TRBJ2-7*01,1
814,CASSCTLVPSFERYF,TRBV14*02,None,TRBJ2-7*01,1
815,CASSEASGQPQHF,TRBV6-1*01,None,TRBJ1-5*01,1
816,CASSEQSGQPQHF,TRBV6-6*03,None,TRBJ1-5*01,1
817,CASSEVSGQHQLF,TRBV6-6*03,None,TRBJ1-5*01,1
818,CASSEVSGQPHHF,TRBV6-6*03,None,TRBJ1-5*01,1
819,CASSEVSGQPQHF,TRBV27*01,None,TRBJ1-5*01,1
820,CASSEVSGQPRHF,TRBV6-6*03,None,TRBJ1-5*01,1
821,CASSEVSGQSQHF,TRBV6-6*03,None,TRBJ1-5*01,1
822,CASSEVSVQPQHF,TRBV6-1*01,None,TRBJ1-5*01,1
823,CASSFCGRATYEQYF,TRBV14*02,None,TRBJ2-7*01,1
824,CASSCSVGPTFEQYF,TRBV14*02,None,TRBJ2-7*01,1
825,CASSFCLGPTYKQYF,TRBV14*02,None,TRBJ2-7*01,1
826,CASSFCMAPTYQQYF,TRBV14*02,None,TRBJ2-7*01,1
827,CASSFCVGPTYEQYF,TRBV14*01,None,TRBJ2-7*01,1
828,CASSFCVRHTYEQYF,TRBV14*02,None,TRBJ2-7*01,1
829,CASSFCVVPTYEQYF,TRBV14*02,None,TRBJ2-7*01,1
830,CASSFDVGPNYQQYF,TRBV14*02,None,TRBJ2-7*01,1
831,CASSFGLEPIYGYTF,TRBV5-5*01,None,TRBJ1-2*01,1
832,CASSFGLGPTYKQYF,TRBV14*02,None,TRBJ2-3*01,1
833,CASSFGMGPNQAQYF,TRBV14*02,None,TRBJ2-6*01,1
834,CASSFGMGPTSQQDF,TRBV14*02,None,TRBJ2-7*01,1
835,CASSFGVGATYELDF,TRBV13*01,None,TRBJ2-7*01,1
836,CASSFGVGHTYEQYF,TRBV14*02,None,TRBJ1-1*01,1
837,CASSFGVGHTYEQYF,TRBV14*02,None,TRBJ2-7*01,1
838,CASSFGVGPSYEQYF,TRBV14*02,None,TRBJ2-7*01,1
839,CASSCSVGPTYEQYF,TRBV14*01,None,TRBJ2-7*01,1
840,CASSCSVGPAYEQYF,TRBV14*02,None,TRBJ2-7*01,1
841,CASRQTQDAYAGWLFF,TRBV6-6*03,None,TRBJ2-2*01,1
842,CASSARVGPTREQYF,TRBV14*02,None,TRBJ2-7*01,1
843,CASRQTQDAYDGAMFF,TRBV6-6*05,None,TRBJ2-2*01,1
844,CASRVSVVPPYVQFF,TRBV14*02,None,TRBJ2-7*01,1
845,CASRWDCFPVNSPLHF,TRBV7-8*03,None,TRBJ1-6*01,1
846,CASRWDRFPGNSPLHF,TRBV7-8*03,None,TRBJ1-6*01,1
847,CASRWDRFPVNSHLHF,TRBV7-8*03,None,TRBJ1-6*01,1
848,CASRWDRFPVNSPLPF,TRBV7-8*03,None,TRBJ1-6*01,1
849,CASRWDRFPVNSPLYF,TRBV7-8*03,None,TRBJ1-6*01,1
850,CASRWDRFPVNSRLHF,TRBV7-8*03,None,TRBJ1-6*01,1
851,CASRWDRFPVTAPLHF,TRBV7-3*05,None,TRBJ1-6*01,1
852,CASRWDRSPVNSPLHF,TRBV7-8*03,None,TRBJ1-6*01,1
853,CASRWDRVPVNSPLHF,TRBV7-8*03,None,TRBJ1-6*01,1
854,CASRWGSFPVKSPLHF,TRBV7-8*03,None,TRBJ1-6*01,1
855,CASRWVRFPVNSPLHF,TRBV7-8*03,None,TRBJ1-6*01,1
856,CASRYINYGYTF,TRBV6-6*05,None,TRBJ1-2*01,1
857,CASSCCVVTSNHQHF,TRBV14*02,None,TRBJ1-5*01,1
858,CASSCSVGATYQQYF,TRBV14*02,None,TRBJ2-7*01,1
859,CASSCGVGPTYEQYF,TRBV14*02,None,TRBJ2-7*01,1
860,CASSCIVVSYNEQYF,TRBV7-3*05,None,TRBJ2-1*01,1
861,CASSCNVGPTYQQYF,TRBV14*02,None,TRBJ2-7*01,1
862,CASSCNVGSNYEQYF,TRBV14*02,None,TRBJ2-7*01,1
863,CASSCSEGHTNEQFF,TRBV14*02,None,TRBJ2-7*01,1
864,CASSCSLRPTYEQYF,TRBV14*02,None,TRBJ2-7*01,1
865,CASSCSMRPRSERYF,TRBV14*02,None,TRBJ2-7*01,1
866,CASSCSRGPTYEQYF,TRBV14*02,None,TRBJ2-7*01,1
867,CASSCSVAPTYDLYF,TRBV14*02,None,TRBJ2-7*01,1
868,CASSCSVAPTYELYF,TRBV14*02,None,TRBJ2-7*01,1
869,CASSCSVEPTYEQYF,TRBV14*02,None,TRBJ2-7*01,1
870,CASSCSVEPTYGQYF,TRBV14*02,None,TRBJ2-7*01,1
871,CASSCSVETTYEQYF,TRBV14*02,None,TRBJ2-7*01,1
872,CASSCSVGATYEQHF,TRBV14*02,None,TRBJ2-7*01,1
873,CASIFIVGPTYEQYF,TRBV14*02,None,TRBJ2-7*01,1
874,CASIFIIGPTYQQDF,TRBV14*02,None,TRBJ2-7*01,1
875,CASICSVGTTYEQYF,TRBV14*02,None,TRBJ2-7*01,1
876,CALSFSVGPTYEKYF,TRBV14*02,None,TRBJ2-7*01,1
877,CAISFSVGHPYEQYF,TRBV14*02,None,TRBJ2-7*01,1
878,CAISFSVGPNYEQYF,TRBV14*02,None,TRBJ2-7*01,1
879,CAISFSVGPSYLLYF,TRBV14*02,None,TRBJ2-7*01,1
880,CAISFSVGPTYALYF,TRBV14*02,None,TRBJ2-7*01,1
881,CAISFSVGPTYEPYF,TRBV14*02,None,TRBJ2-7*01,1
882,CAISFSVGPTYLQYF,TRBV14*02,None,TRBJ2-7*01,1
883,CAISFSVGPTYVLYF,TRBV14*02,None,TRBJ2-7*01,1
884,CAISFSVVPTCEQYF,TRBV14*02,None,TRBJ2-7*01,1
885,CAISFSVVPTYDQYF,TRBV14*02,None,TRBJ2-7*01,1
886,CAISFSVVTTYDQYF,TRBV14*02,None,TRBJ2-7*01,1
887,CAISISLLPTYDQYF,TRBV14*02,None,TRBJ2-7*01,1
888,CAISLSVGPSYLQYF,TRBV14*01,None,TRBJ2-7*01,1
889,CAISQDPEAVYGYTF,TRBV4-3*01,None,TRBJ1-2*01,1
890,CAITCSVVPTYVQYF,TRBV14*02,None,TRBJ2-7*01,1
891,CAMGCSVGPTYAKYF,TRBV14*02,None,TRBJ2-7*01,1
892,CAISFSLGPTYEQYF,TRBV14*02,None,TRBJ2-7*01,1
893,CANRFSVGPTYVQYF,TRBV14*02,None,TRBJ2-7*01,1
894,CANRWDRFPVNSPLHF,TRBV7-8*03,None,TRBJ1-6*01,1
895,CANSCSVGPSYEQHF,TRBV14*02,None,TRBJ2-7*01,1
896,CANSCSVGPTYQQYF,TRBV14*02,None,TRBJ2-7*01,1
897,CANSFRVGSTYEQYF,TRBV14*02,None,TRBJ2-7*01,1
898,CANSFSVGPTYEQYF,TRBV14*01,None,TRBJ2-7*01,1
899,CANSFSVVPTYEQYF,TRBV14*02,None,TRBJ2-7*01,1
900,CANSFVTVSQPQHF,TRBV28*01,None,TRBJ1-5*01,1
901,CANSISMEPTYEHYF,TRBV14*02,None,TRBJ2-7*01,1
902,CAPCFSVGPTYEQYF,TRBV14*02,None,TRBJ2-7*01,1
903,CAPTFSVGPTYEQYF,TRBV14*02,None,TRBJ2-7*01,1
904,CARCFSVGPTFEQYF,TRBV14*02,None,TRBJ2-7*01,1
905,CARCFSVGPTYEPYF,TRBV14*02,None,TRBJ2-7*01,1
906,CARCFTVRPTYEQYF,TRBV14*02,None,TRBJ2-7*01,1
907,CAISFSVGATYELYF,TRBV14*02,None,TRBJ2-7*01,1
908,CAISFSLGHTYEQYF,TRBV14*02,None,TRBJ2-7*01,1
909,CASHLRVGPTYEQYF,TRBV14*02,None,TRBJ2-7*01,1
910,CAGSEVSGQPQHF,TRBV6-6*03,None,TRBJ1-5*01,1
911,CACSFSLGPTYEQYF,TRBV14*02,None,TRBJ2-7*01,1
912,CACSFSLGPTYEQYF,TRBV7-2*01,None,TRBJ2-7*01,1
913,CACSFSLGPTYVQYF,TRBV14*02,None,TRBJ2-7*01,1
914,CACSFSVGPSYEQYF,TRBV14*02,None,TRBJ2-7*01,1
915,CACSFSVGPTCEQYF,TRBV14*02,None,TRBJ2-7*01,1
916,CACSFSVGPTFEQDF,TRBV14*02,None,TRBJ2-7*01,1
917,CAEILLFSGGYNKLIF,TRBV2*02,None,TRBJ1-6*01,1
918,CAFCFSVGPTYEQYF,TRBV14*02,None,TRBJ2-7*01,1
919,CAFSVSVGSTYEQYF,TRBV14*02,None,TRBJ2-7*01,1
920,CAGCNSMGPTYEQDF,TRBV14*02,None,TRBJ2-7*01,1
921,CAGGEVSGQPQHF,TRBV6-6*03,None,TRBJ1-5*01,1
922,CAGGFRVGPTYEQYF,TRBV14*02,None,TRBJ2-7*01,1
923,CAGGFSVGPTYEQYF,TRBV14*02,None,TRBJ2-7*01,1
924,CAGIFSVGPTYEQYF,TRBV14*02,None,TRBJ2-7*01,1
925,CAGSFIVEPTYEQYF,TRBV14*02,None,TRBJ2-7*01,1
926,CAISFSIVVSYHQYF,TRBV14*02,None,TRBJ2-7*01,1
927,CAGSFSVGFTYEQYF,TRBV14*02,None,TRBJ2-7*01,1
928,CAGSFSVGPTYEKYF,TRBV14*02,None,TRBJ2-7*01,1
929,CAGSQDPEAVYGYTF,TRBV4-3*01,None,TRBJ1-2*01,1
930,CAICFSVGPTYVQYF,TRBV14*02,None,TRBJ2-7*01,1
931,CAIICSVGPTYEQYF,TRBV14*02,None,TRBJ2-7*01,1
932,CAIRCSLGPTYEQYF,TRBV14*02,None,TRBJ2-7*01,1
933,CAIRFCLVPISQLYF,TRBV14*02,None,TRBJ2-7*01,1
934,CAIRFSVGPTYEHYF,TRBV14*02,None,TRBJ2-7*01,1
935,CAIRFSVGPTYELYF,TRBV14*02,None,TRBJ2-7*01,1
936,CAIRFSVGPTYEQYF,TRBV14*02,None,TRBJ2-7*01,1
937,CAISCSVGPTYDQYF,TRBV14*02,None,TRBJ2-7*01,1
938,CAISCTVGPSYEQYF,TRBV14*02,None,TRBJ2-7*01,1
939,CAISFGVGPTDEKYF,TRBV14*02,None,TRBJ2-7*01,1
940,CAISFRVGPTYEQYF,TRBV14*02,None,TRBJ2-7*01,1
941,CARCLSVGPTYEPYF,TRBV14*02,None,TRBJ2-7*01,1
942,CARGFSVGPTYEQYF,TRBV14*02,None,TRBJ2-7*01,1
943,CARMFSVGPTYEQYF,TRBV14*02,None,TRBJ2-7*01,1
944,CASGFCVGPTCEQYF,TRBV14*02,None,TRBJ2-7*01,1
945,CASCFSVGPTYEQYF,TRBV14*01,None,TRBJ2-7*01,1
946,CASCFSVGPTYEQYF,TRBV16*03,None,TRBJ2-7*01,1
947,CASCFSVGPTYEQYF,TRBV18*01,None,TRBJ2-7*01,1
948,CASCFSVGPTYQHHF,TRBV14*02,None,TRBJ2-7*01,1
949,CASCFSVGPTYVQYF,TRBV14*02,None,TRBJ2-7*01,1
950,CASCFSVGRNYEQYF,TRBV14*02,None,TRBJ2-7*01,1
951,CASCFSVKPTYEQYF,TRBV14*02,None,TRBJ2-7*01,1
952,CASCFSVRPTYDQYF,TRBV14*02,None,TRBJ2-7*01,1
953,CASCFSVRPTYEPYF,TRBV14*02,None,TRBJ2-7*01,1
954,CASCFSVRQTYEQYF,TRBV14*02,None,TRBJ2-7*01,1
955,CASCFSVVPTCEQYF,TRBV14*02,None,TRBJ2-7*01,1
956,CASCVSVGPTYEQYF,TRBV14*02,None,TRBJ2-7*01,1
957,CASFSSVGPTYEQYF,TRBV14*02,None,TRBJ2-7*01,1
958,CASFSVGPTYEQYF,TRBV14*02,None,TRBJ2-7*01,1
959,CASGFIVGPTYEQDF,TRBV14*02,None,TRBJ2-7*01,1
960,CARRFGVGPTYEQYF,TRBV14*02,None,TRBJ2-7*01,1
961,CASGFIVGPTYEQYF,TRBV14*02,None,TRBJ2-7*01,1
962,CASGFIVGPTYEQYF,TRBV9*01,None,TRBJ2-7*01,1
963,CASGFRMERTYELYF,TRBV14*02,None,TRBJ2-7*01,1
964,CASGFRVGPTYEQYF,TRBV14*02,None,TRBJ2-7*01,1
965,CASGFSVEPTYEQYF,TRBV14*02,None,TRBJ2-7*01,1
966,CASGFSVGPKYEQYF,TRBV14*02,None,TRBJ2-7*01,1
967,CASGLGASGSPYEQYF,TRBV11-3*03,None,TRBJ2-7*01,1
968,CASGLSLGPTYEQYF,TRBV14*02,None,TRBJ2-7*01,1
969,CASGRVSYNEQFF,TRBV28*01,None,TRBJ2-1*01,1
970,CASGYMTSSYNEQFF,TRBV27*01,None,TRBJ2-1*01,1
971,CASGYSVGPTYEQYF,TRBV14*02,None,TRBJ2-7*01,1
972,CASGYTTSSYNDQFF,TRBV27*01,None,TRBJ2-1*01,1
973,CASHFRVGPTYEQYF,TRBV14*02,None,TRBJ2-7*01,1
974,CASHFTVGPHYEQYF,TRBV11-3*02,None,TRBJ2-7*01,1
975,CASCFSVGPTYAQYF,TRBV14*02,None,TRBJ2-7*01,1
976,CASAFSVGPTYDKYF,TRBV14*02,None,TRBJ2-7*01,1
977,CARSYSNYGYTF,TRBV6-6*05,None,TRBJ1-2*01,1
978,CARSYSNYGYTF,TRBV6-6*02,None,TRBJ1-2*01,1
979,CARRFMVVPTYEQYF,TRBV14*02,None,TRBJ2-7*01,1
980,CARRFSVGPNYEQYF,TRBV14*02,None,TRBJ2-7*01,1
981,CARSCSVGPIYEQYF,TRBV14*02,None,TRBJ2-7*01,1
982,CARSCSVGPTYEQYF,TRBV14*02,None,TRBJ2-7*01,1
983,CARSFCVGPTYQQYF,TRBV14*02,None,TRBJ2-7*01,1
984,CARSFGVGPTYKQYF,TRBV14*02,None,TRBJ2-7*01,1
985,CARSFREGPTYEQYF,TRBV18*01,None,TRBJ2-7*01,1
986,CARSFRVGPTYEQYF,TRBV7-3*04,None,TRBJ2-7*01,1
987,CARSFSFGPTYEQYF,TRBV14*02,None,TRBJ2-7*01,1
988,CARSFSLGPTYEKYF,TRBV14*02,None,TRBJ2-7*01,1
989,CARSFSLGPTYEQDF,TRBV14*02,None,TRBJ2-7*01,1
990,CARSFSVGHTYEEYF,TRBV14*02,None,TRBJ2-7*01,1
991,CARSFSVGLTYELYF,TRBV14*02,None,TRBJ2-7*01,1
992,CARSFSVGLTYKHYF,TRBV7-4*01,None,TRBJ2-7*01,1
993,CARSFSVGPPNEQYF,TRBV14*02,None,TRBJ2-7*01,1
994,CARSFSVGPTSEQYF,TRBV14*02,None,TRBJ2-7*01,1
995,CARSFSVGPTYEEYF,TRBV14*02,None,TRBJ2-7*01,1
996,CARSFSVGPTYEQYF,TRBV5-3*02,None,TRBJ2-7*01,1
997,CARSFSVGTTYEQYF,TRBV14*02,None,TRBJ2-7*01,1
998,CARSFSVRPTYAQYF,TRBV14*02,None,TRBJ2-7*01,1
999,CARSFSVWPTYEQYF,TRBV14*02,None,TRBJ2-7*01,1
1000,CARSFTVEPTYEQYF,TRBV14*02,None,TRBJ2-7*01,1
1001,CARSGMEGRGALYGYTF,TRBV28*01,None,TRBJ1-2*01,1
1002,CARSITLGPTYEQYF,TRBV14*02,None,TRBJ2-7*01,1
1003,CARSSSFGPTYKQYF,TRBV14*02,None,TRBJ2-7*01,1
1004,CARSSSVGPTYAEYF,TRBV14*02,None,TRBJ2-7*01,1
1005,CARSVSVGPTSEHYF,TRBV5-3*02,None,TRBJ1-6*01,1
1006,CARSVSVVPTYEQYF,TRBV14*02,None,TRBJ2-7*01,1
1007,CARSYHANTGELFF,TRBV6-6*02,None,TRBJ2-2*01,1
1008,CASSFGVGPTCEQYF,TRBV14*02,None,TRBJ2-7*01,1
1009,CASSFGVGPTHEQYF,TRBV14*02,None,TRBJ2-7*01,1
1010,CASSFGVGPTYGRYF,TRBV14*02,None,TRBJ2-7*01,1
1011,CASSFSVGPTYEQYF,TRBV10-2*01,None,TRBJ2-7*01,1
1012,CASSFSVGPTYAQYF,TRBV14*01,None,TRBJ2-7*01,1
1013,CASSFSVGPTYDQYF,TRBV9*02,None,TRBJ2-7*01,1
1014,CASSFSVGPTYDRFF,TRBV14*02,None,TRBJ2-7*01,1
1015,CASSFSVGPTYEHYF,TRBV3-1*01,None,TRBJ2-7*01,1
1016,CASSFSVGPTYEHYF,TRBV9*02,None,TRBJ2-7*01,1
1017,CASSFSVGPTYEKHF,TRBV14*02,None,TRBJ2-7*01,1
1018,CASSFSVGPTYEKYF,TRBV7-9*01,None,TRBJ2-7*01,1
1019,CASSFSVGPTYEPYF,TRBV14*02,None,TRBJ1-2*01,1
1020,CASSFSVGPTYEQCF,TRBV14*01,None,TRBJ2-7*01,1
1021,CASSFSVGPTYEQDF,TRBV14*01,None,TRBJ2-7*01,1
1022,CASSFSVGPTYEQSF,TRBV7-9*01,None,TRBJ2-7*01,1
1023,CASSFSVGPTYEQYF,TRBV10-1*01,None,TRBJ2-7*01,1
1024,CASSFSVGPTYEQYF,TRBV10-1*02,None,TRBJ1-1*01,1
1025,CASSFSVGPTYEQYF,TRBV10-1*02,None,TRBJ2-7*01,1
1026,CASSFSVGPTYEQYF,TRBV11-1*01,None,TRBJ2-7*01,1
1027,CASSFSVGPTSLQHF,TRBV14*02,None,TRBJ2-7*01,1
1028,CASSFSVGPTYEQYF,TRBV14*02,None,TRBJ1-2*01,1
1029,CASSFSVGPTYEQYF,TRBV14*02,None,TRBJ1-6*02,1
1030,CASSFSVGPTYEQYF,TRBV14*02,None,TRBJ2-1*01,1
1031,CASSFSVGPTYEQYF,TRBV3-1*01,None,TRBJ2-1*01,1
1032,CASSFSVGPTYEQYF,TRBV5-5*01,None,TRBJ2-7*01,1
1033,CASSFSVGPTYEQYF,TRBV5-6*01,None,TRBJ2-7*01,1
1034,CASSFSVGPTYEQYF,TRBV5-7*01,None,TRBJ2-7*01,1
1035,CASSFSVGPTYEQYF,TRBV6-7*01,None,TRBJ2-7*01,1
1036,CASSFSVGPTYEQYF,TRBV7-2*02,None,TRBJ2-7*01,1
1037,CASSFSVGPTYEQYF,TRBV7-2*04,None,TRBJ2-7*01,1
1038,CASSFSVGPTYEQYF,TRBV7-7*01,None,TRBJ2-7*01,1
1039,CASSFSVGPTYEQYF,TRBV7-8*01,None,TRBJ2-7*01,1
1040,CASSFSVGPTYEQYF,TRBV7-9*03,None,TRBJ2-7*01,1
1041,CASSFSVGPTYEYYF,TRBV13*01,None,TRBJ2-7*01,1
1042,CASSFSVGPTYAHYF,TRBV14*02,None,TRBJ2-7*01,1
1043,CASSFSVGPTSEQYF,TRBV7-3*01,None,TRBJ2-7*01,1
1044,CASSFSVGHTYKQYF,TRBV14*02,None,TRBJ2-7*01,1
1045,CASSFSVGPAYETYF,TRBV14*02,None,TRBJ2-7*01,1
1046,CASSFSVGLNYEQYF,TRBV14*02,None,TRBJ2-7*01,1
1047,CASSFSVGLSYDQYF,TRBV14*02,None,TRBJ2-7*01,1
1048,CASSFSVGLTFKQYF,TRBV14*02,None,TRBJ2-7*01,1
1049,CASSFSVGLTHDQYF,TRBV14*02,None,TRBJ2-7*01,1
1050,CASSFSVGLTYDQYF,TRBV14*02,None,TRBJ2-7*01,1
1051,CASSFSVGLTYEQYF,TRBV14*01,None,TRBJ2-7*01,1
1052,CASSFSVGLTYEQYF,TRBV5-7*01,None,TRBJ2-7*01,1
1053,CASSFSVGLTYKHYF,TRBV14*02,None,TRBJ2-7*01,1
1054,CASSFSVGLTYVLYF,TRBV14*01,None,TRBJ2-7*01,1
1055,CASSFSVGLTYVQHF,TRBV14*02,None,TRBJ2-7*01,1
1056,CASSFSVGPAYDQYF,TRBV14*02,None,TRBJ2-7*01,1
1057,CASSFSVGPAYEQYF,TRBV14*01,None,TRBJ2-7*01,1
1058,CASSFSVGPAYEQYF,TRBV9*02,None,TRBJ2-7*01,1
1059,CASSFSVGPAYEQYF,TRBV9*03,None,TRBJ2-7*01,1
1060,CASSFSVGPIYEKYF,TRBV14*02,None,TRBJ2-7*01,1
1061,CASSFSVGPTSEQYF,TRBV14*01,None,TRBJ2-7*01,1
1062,CASSFSVGPIYLLSF,TRBV14*02,None,TRBJ2-7*01,1
1063,CASSFSVGPMYEKYF,TRBV11-1*01,None,TRBJ2-7*01,1
1064,CASSFSVGPNDEQYF,TRBV14*02,None,TRBJ2-7*01,1
1065,CASSFSVGPNYEEYF,TRBV14*02,None,TRBJ2-7*01,1
1066,CASSFSVGPNYHQYF,TRBV14*02,None,TRBJ2-7*01,1
1067,CASSFSVGPPYEQCF,TRBV14*02,None,TRBJ2-7*01,1
1068,CASSFSVGPPYVQYF,TRBV14*02,None,TRBJ2-7*01,1
1069,CASSFSVGPSYQLYF,TRBV14*02,None,TRBJ2-7*01,1
1070,CASSFSVGPSYQQYF,TRBV14*02,None,TRBJ2-7*01,1
1071,CASSFSVGPTCAQYF,TRBV14*02,None,TRBJ2-7*01,1
1072,CASSFSVGPTCDQYF,TRBV14*02,None,TRBJ2-7*01,1
1073,CASSFSVGPTCEQYF,TRBV7-9*01,None,TRBJ2-7*01,1
1074,CASSFSVGPTFEQYF,TRBV6-7*01,None,TRBJ2-7*01,1
1075,CASSFSVGPTHEQYF,TRBV14*01,None,TRBJ2-7*01,1
1076,CASSFSVGPTYGHNF,TRBV14*02,None,TRBJ2-7*01,1
1077,CASSFSVGPTYGLYF,TRBV14*02,None,TRBJ2-7*01,1
1078,CASSFSVGPTYHQHF,TRBV14*02,None,TRBJ2-7*01,1
1079,CASSFSWGPTYEQYF,TRBV14*02,None,TRBJ2-7*01,1
1080,CASSFSVSPSYDQYF,TRBV14*02,None,TRBJ2-7*01,1
1081,CASSFSVSRTYEQYF,TRBV14*02,None,TRBJ2-7*01,1
1082,CASSFSVVATYDQYF,TRBV14*02,None,TRBJ2-7*01,1
1083,CASSFSVVATYEQYF,TRBV14*01,None,TRBJ2-7*01,1
1084,CASSFSVVATYEQYF,TRBV14*02,None,TRBJ2-7*01,1
1085,CASSFSVVHTYAQYF,TRBV14*02,None,TRBJ2-7*01,1
1086,CASSFSVVLTYEQYF,TRBV14*01,None,TRBJ2-7*01,1
1087,CASSFSVVLTYKQYF,TRBV14*02,None,TRBJ2-7*01,1
1088,CASSFSVVPSYEHYF,TRBV14*02,None,TRBJ2-7*01,1
1089,CASSFSVVPSYVQYF,TRBV14*02,None,TRBJ2-7*01,1
1090,CASSFSVVPTSEQYF,TRBV14*02,None,TRBJ2-7*01,1
1091,CASSFSVVPTYEQYF,TRBV16*03,None,TRBJ2-7*01,1
1092,CASSFSVWPTNEQYF,TRBV14*02,None,TRBJ2-1*01,1
1093,CASSFSVWPTYEQYF,TRBV14*02,None,TRBJ2-7*01,1
1094,CASSFTLGHTYEQYF,TRBV14*02,None,TRBJ2-7*01,1
1095,CACRCSVGPTYDQYF,TRBV14*02,None,TRBJ2-7*01,1
1096,CASSFTLRPTYQQYF,TRBV14*02,None,TRBJ2-7*01,1
1097,CASSFTVGLTYVQYF,TRBV9*03,None,TRBJ2-7*01,1
1098,CASSFTVGPNYQQYF,TRBV14*02,None,TRBJ2-7*01,1
1099,CASSFTVGPTYVQYF,TRBV14*02,None,TRBJ2-7*01,1
1100,CASSFTVVRTYEQYF,TRBV14*02,None,TRBJ2-7*01,1
1101,CASSFTVWPTYEQYF,TRBV14*02,None,TRBJ2-7*01,1
1102,CASSFVAGPTYAQYF,TRBV11-3*01,None,TRBJ2-7*01,1
1103,CASSFVTVSEPQHF,TRBV28*01,None,TRBJ1-5*01,1
1104,CASSFVTVSPPQHF,TRBV28*01,None,TRBJ1-5*01,1
1105,CASSFVTVSQPQHF,TRBV6-6*03,None,TRBJ1-5*01,1
1106,CASSFVTVSQPQYF,TRBV28*01,None,TRBJ1-5*01,1
1107,CASSGKDRQGALYGYTF,TRBV28*01,TRBD1*01,TRBJ1-2*01,1
1108,CASSGMAGQGDLYGYTF,TRBV28*01,TRBD1*01,TRBJ1-2*01,1
1109,CASSGMEGHGALYGYNF,TRBV28*01,None,TRBJ1-2*01,1
1110,CASSFSVRPTYEYYF,TRBV14*02,None,TRBJ2-7*01,1
1111,CASSFSVRPTYEQYF,TRBV14*01,None,TRBJ2-7*01,1
1112,CASSFSVRPTYEPYF,TRBV14*02,None,TRBJ2-7*01,1
1113,CASSFSVRPTYEHYF,TRBV14*02,None,TRBJ2-7*01,1
1114,CASSFSVGPTYMQYF,TRBV14*02,None,TRBJ2-7*01,1
1115,CASSFSVGPTYQQYF,TRBV14*01,None,TRBJ2-7*01,1
1116,CASSFSVGPTYQYF,TRBV14*02,None,TRBJ2-7*01,1
1117,CASSFSVGPTYVQFF,TRBV5-5*01,None,TRBJ2-7*01,1
1118,CASSFSVGPTYVQYF,TRBV14*02,None,TRBJ1-2*01,1
1119,CASSFSVGPTYVQYF,TRBV3-1*01,None,TRBJ2-7*01,1
1120,CASSFSVGRINEQYF,TRBV14*02,None,TRBJ2-7*01,1
1121,CASSFSVGRTYAKYF,TRBV14*02,None,TRBJ2-7*01,1
1122,CASSFSVGRTYELYF,TRBV14*02,None,TRBJ2-7*01,1
1123,CASSFSVGRTYKQYF,TRBV14*02,None,TRBJ2-7*01,1
1124,CASSFSVGSNYEHYF,TRBV14*02,None,TRBJ2-7*01,1
1125,CASSFSVGSSDEQYF,TRBV14*02,None,TRBJ2-7*01,1
1126,CASSFSVGTTDEQYF,TRBV14*02,None,TRBJ2-7*01,1
1127,CASSFSVGTTYAKYF,TRBV14*02,None,TRBJ2-7*01,1
1128,CASSFSVGTTYEHYF,TRBV14*02,None,TRBJ2-7*01,1
1129,CASSFSVGTTYEQNF,TRBV14*02,None,TRBJ2-7*01,1
1130,CASSFSVGTTYEQYF,TRBV3-1*01,None,TRBJ2-7*01,1
1131,CASSFSVLATSQQYF,TRBV14*02,None,TRBJ2-7*01,1
1132,CASSFSVLATYQQFF,TRBV14*02,None,TRBJ2-7*01,1
1133,CASSFSVLPTDDQYF,TRBV14*02,None,TRBJ2-7*01,1
1134,CASSFSVLPTYEEYF,TRBV14*02,None,TRBJ2-7*01,1
1135,CASSFSVPANYEQYF,TRBV14*02,None,TRBJ2-7*01,1
1136,CASSFSVRATYEQYF,TRBV14*02,None,TRBJ2-7*01,1
1137,CASSFSVRLTYEKYF,TRBV14*02,None,TRBJ2-7*01,1
1138,CASSFSVRPNYEQYF,TRBV14*02,None,TRBJ2-7*01,1
1139,CASSFSVRPSYEQYF,TRBV7-3*04,None,TRBJ2-7*01,1
1140,CASSFSVRPTDEQYF,TRBV14*02,None,TRBJ2-7*01,1
1141,CASSFSVRPTSDQYF,TRBV14*02,None,TRBJ2-7*01,1
1142,CASSFSVRPTYAQYF,TRBV14*02,None,TRBJ2-7*01,1
1143,CASSFSVGLIYQQNF,TRBV14*02,None,TRBJ2-7*01,1
1144,CASSFSVGHTYEQYF,TRBV9*03,None,TRBJ2-7*01,1
1145,CASSFGVGPTYKQYF,TRBV14*02,None,TRBJ2-7*01,1
1146,CASSFRVGPTYEHYF,TRBV14*02,None,TRBJ2-7*01,1
1147,CASSFRIEPTYEQYF,TRBV14*02,None,TRBJ2-7*01,1
1148,CASSFRIGPTYEQDF,TRBV14*02,None,TRBJ2-7*01,1
1149,CASSFRLGPIYEQYF,TRBV14*02,None,TRBJ2-7*01,1
1150,CASSFRLGPTYEQYF,TRBV11-2*01,None,TRBJ2-7*01,1
1151,CASSFRLRRTYEQYF,TRBV14*02,None,TRBJ2-7*01,1
1152,CASSFRMRPTYEQYF,TRBV14*02,None,TRBJ2-7*01,1
1153,CASSFRVEPTHEQYF,TRBV14*02,None,TRBJ2-7*01,1
1154,CASSFRVEPTYEQYF,TRBV14*02,None,TRBJ2-7*01,1
1155,CASSFRVEPTYEQYF,TRBV18*01,None,TRBJ2-7*01,1
1156,CASSFRVGATYEQFF,TRBV14*02,None,TRBJ2-7*01,1
1157,CASSFRVGATYEQYF,TRBV14*02,None,TRBJ2-7*01,1
1158,CASSFRVGLTSEQHF,TRBV14*02,None,TRBJ2-7*01,1
1159,CASSFRVGPAYELYF,TRBV3-1*01,None,TRBJ2-7*01,1
1160,CASSFRVGPSYELYF,TRBV14*02,None,TRBJ2-7*01,1
1161,CASSFRVGPTYEKYF,TRBV14*02,None,TRBJ2-7*01,1
1162,CASSFREVPTYEQYF,TRBV14*02,None,TRBJ2-7*01,1
1163,CASSFRVGPTYEPYF,TRBV14*02,None,TRBJ2-7*01,1
1164,CASSFRVGPTYEQYF,TRBV14*01,None,TRBJ2-7*01,1
1165,CASSFRVGPTYEQYF,TRBV18*01,None,TRBJ2-7*01,1
1166,CASSFRVGPTYERYF,TRBV14*02,None,TRBJ2-7*01,1
1167,CASSFRVGRTYEQYF,TRBV14*02,None,TRBJ2-7*01,1
1168,CASSFRVRPTYEQFF,TRBV6-9*01,None,TRBJ2-7*01,1
1169,CASSFSAGPTYEQNF,TRBV14*02,None,TRBJ2-7*01,1
1170,CASSFSAGPTYEQYF,TRBV14*01,None,TRBJ2-7*01,1
1171,CASSFSAGPTYEQYF,TRBV9*03,None,TRBJ2-7*01,1
1172,CASSFSAGPTYGHCF,TRBV14*02,None,TRBJ2-7*01,1
1173,CASSFSEGPIHEQYF,TRBV14*02,None,TRBJ2-7*01,1
1174,CASSFSEGPNYEQYF,TRBV14*02,None,TRBJ2-7*01,1
1175,CASSFSEGPTYEQYF,TRBV14*02,None,TRBJ1-1*01,1
1176,CASSFSEVTTYLQYF,TRBV14*02,None,TRBJ2-7*01,1
1177,CASSFRGPTYEQYF,TRBV14*02,None,TRBJ2-7*01,1
1178,CASSFREETNYEKYF,TRBV14*02,None,TRBJ2-7*01,1
1179,CASSFSVGHTYEQYF,TRBV9*01,None,TRBJ2-7*01,1
1180,CASSFIVGPTYERYF,TRBV14*02,None,TRBJ2-7*01,1
1181,CASSFGVGPTYVQYF,TRBV14*02,None,TRBJ2-7*01,1
1182,CASSFGVGPVYEQYF,TRBV14*02,None,TRBJ2-7*01,1
1183,CASSFGVRPTYEQYF,TRBV14*02,None,TRBJ2-7*01,1
1184,CASSFILGPTYVQYF,TRBV14*02,None,TRBJ2-7*01,1
1185,CASSFIMGPTYEQYF,TRBV14*02,None,TRBJ2-7*01,1
1186,CASSFIVAPTYGQYF,TRBV14*02,None,TRBJ2-7*01,1
1187,CASSFIVEPTYEQYF,TRBV14*01,None,TRBJ2-7*01,1
1188,CASSFIVEPTYERYF,TRBV14*02,None,TRBJ2-7*01,1
1189,CASSFIVEPTYKQYF,TRBV14*02,None,TRBJ2-7*01,1
1190,CASSFIVGPTCRQYF,TRBV13*01,None,TRBJ2-7*01,1
1191,CASSFIVGPTYAKYF,TRBV14*02,None,TRBJ2-7*01,1
1192,CASSFIVGPTYEQYF,TRBV14*01,None,TRBJ2-7*01,1
1193,CASSFIVGPTYEQYF,TRBV18*01,None,TRBJ2-7*01,1
1194,CASSFIVGPTYEQYF,TRBV9*01,None,TRBJ2-7*01,1
1195,CASSFIVGPTYKQYF,TRBV14*02,None,TRBJ2-7*01,1
1196,CASSFRAVPTYEEYF,TRBV14*02,None,TRBJ2-7*01,1
1197,CASSFIVGPTYVQYF,TRBV14*02,None,TRBJ2-7*01,1
1198,CASSFIVGVTYEQYF,TRBV14*02,None,TRBJ2-7*01,1
1199,CASSFIVRATYEQYF,TRBV14*02,None,TRBJ2-7*01,1
1200,CASSFIVRRTHGQYF,TRBV13*01,None,TRBJ2-7*01,1
1201,CASSFLVEPTYEQYF,TRBV14*02,None,TRBJ2-7*01,1
1202,CASSFLVGLTYEQYF,TRBV14*02,None,TRBJ2-7*01,1
1203,CASSFNMGRNYDQYF,TRBV14*02,None,TRBJ1-6*01,1
1204,CASSFNVGHTYEQYF,TRBV14*02,None,TRBJ2-7*01,1
1205,CASSFNVGPTYAQYF,TRBV14*02,None,TRBJ2-7*01,1
1206,CASSFNVGPTYDAYF,TRBV14*01,None,TRBJ2-7*01,1
1207,CASSFNVGPTYEQYF,TRBV9*01,None,TRBJ2-7*01,1
1208,CASSFNVGPTYERYF,TRBV14*02,None,TRBJ2-7*01,1
1209,CASSFNVVPTYAQYF,TRBV14*02,None,TRBJ2-7*01,1
1210,CASSFRARPTYEQYF,TRBV14*02,None,TRBJ2-7*01,1
1211,CASSFSFELTYEQYF,TRBV14*02,None,TRBJ2-7*01,1
1212,CASSFSFGPADEQYF,TRBV14*02,None,TRBJ2-7*01,1
1213,CASSFSFGPTYDQYF,TRBV14*02,None,TRBJ2-7*01,1
1214,CASSFSVAPTYEYYF,TRBV14*02,None,TRBJ2-7*01,1
1215,CASSFSMEPTYDQYF,TRBV14*02,None,TRBJ2-7*01,1
1216,CASSFSMGLTYQQYF,TRBV14*02,None,TRBJ2-7*01,1
1217,CASSFSMGPSYDQYF,TRBV14*02,None,TRBJ2-7*01,1
1218,CASSFSMGPTYEQYF,TRBV14*01,None,TRBJ2-7*01,1
1219,CASSFSMRLIHQQYF,TRBV14*02,None,TRBJ2-7*01,1
1220,CASSFSMVPTYEQYF,TRBV14*02,None,TRBJ2-7*01,1
1221,CASSFSMVPTYVLYF,TRBV14*02,None,TRBJ2-7*01,1
1222,CASSFSNYGYTF,TRBV6-6*03,None,TRBJ1-2*01,1
1223,CASSFSSGPTYEQYF,TRBV16*03,None,TRBJ2-7*01,1
1224,CASSFSTGPIYEQYF,TRBV14*02,None,TRBJ2-7*01,1
1225,CASSFSVAPTYDPNF,TRBV14*02,None,TRBJ2-7*01,1
1226,CASSFSVAPTYDYYF,TRBV14*02,None,TRBJ2-7*01,1
1227,CASSFSVAPTYEQYF,TRBV3-1*01,None,TRBJ2-7*01,1
1228,CASSFSVAPTYEQYF,TRBV9*01,None,TRBJ2-7*01,1
1229,CASSFSVASTYEQYF,TRBV14*02,None,TRBJ2-7*01,1
1230,CASSFSGGPNYEQYF,TRBV14*02,None,TRBJ1-6*01,1
1231,CASSFSVCPTYDQYF,TRBV14*02,None,TRBJ2-7*01,1
1232,CASSFSVDPTYVQYF,TRBV14*02,None,TRBJ2-7*01,1
1233,CASSFSVEATCVQYF,TRBV14*02,None,TRBJ2-7*01,1
1234,CASSFSVEPIYERYF,TRBV14*02,None,TRBJ2-7*01,1
1235,CASSFSVEPTYDQYF,TRBV14*02,None,TRBJ2-7*01,1
1236,CASSFSVEPTYEPYF,TRBV14*02,None,TRBJ2-7*01,1
1237,CASSFSVEPTYERYF,TRBV14*01,None,TRBJ2-7*01,1
1238,CASSFSVEPTYGQNF,TRBV14*02,None,TRBJ2-7*01,1
1239,CASSFSVFTTCEQYF,TRBV14*02,None,TRBJ2-7*01,1
1240,CASSFSVGAKYEQYF,TRBV14*02,None,TRBJ2-7*01,1
1241,CASSFSVGATYEQYF,TRBV16*03,None,TRBJ2-7*01,1
1242,CASSFSVGATYLQYF,TRBV14*02,None,TRBJ2-7*01,1
1243,CASSFSVGCTYAKYF,TRBV14*02,None,TRBJ2-7*01,1
1244,CASSFSVGDTYEPYF,TRBV14*02,None,TRBJ2-7*01,1
1245,CASSFSMEPSYDLYF,TRBV14*02,None,TRBJ2-7*01,1
1246,CASSFSLVPTYDQYF,TRBV14*02,None,TRBJ2-7*01,1
1247,CASSFSLRRTYEQYF,TRBV14*01,None,TRBJ2-7*01,1
1248,CASSFSLRPTYKQYF,TRBV14*02,None,TRBJ2-7*01,1
1249,CASSFSGGPTYDQYF,TRBV14*02,None,TRBJ2-7*01,1
1250,CASSFSGGPTYEQYF,TRBV7-3*04,TRBD2*01,TRBJ2-7*01,1
1251,CASSFSGGSYYEQYF,TRBV14*02,None,TRBJ2-7*01,1
1252,CASSFSGRPTYEQYF,TRBV14*02,None,TRBJ2-7*01,1
1253,CASSFSGRPTYKQYF,TRBV14*02,None,TRBJ2-7*01,1
1254,CASSFSIEPTYEQYF,TRBV14*02,None,TRBJ2-7*01,1
1255,CASSFSIEPTYEQYF,TRBV18*01,None,TRBJ2-7*01,1
1256,CASSFSIGPTYEQYF,TRBV18*01,None,TRBJ2-7*01,1
1257,CASSFSIGPTYERYF,TRBV14*02,None,TRBJ2-7*01,1
1258,CASSFSLGHNYEQYF,TRBV14*02,None,TRBJ2-7*01,1
1259,CASSFSLGHTYAQYF,TRBV14*02,None,TRBJ2-7*01,1
1260,CASSFSLGLPYEHYF,TRBV14*02,None,TRBJ2-7*01,1
1261,CASSFSLGLSYKQYF,TRBV14*02,None,TRBJ2-7*01,1
1262,CASSFSLGPIYKQYF,TRBV14*02,None,TRBJ2-7*01,1
1263,CASSFSLGPTYAKDF,TRBV14*02,None,TRBJ2-7*01,1
1264,CASSFSLGPTYAQYF,TRBV14*02,None,TRBJ2-7*01,1
1265,CASSFSLGPTYEEYF,TRBV14*02,None,TRBJ2-7*01,1
1266,CASSFSLGPTYELYF,TRBV14*02,None,TRBJ2-7*01,1
1267,CASSFSLGPTYEPYF,TRBV14*02,None,TRBJ2-7*01,1
1268,CASSFSLGPTYEQYF,TRBV7-3*01,None,TRBJ2-7*01,1
1269,CASSFSLGPTYGPYF,TRBV14*02,None,TRBJ2-7*01,1
1270,CASSFSLGPTYGQYF,TRBV14*02,None,TRBJ2-7*01,1
1271,CASSFSLGPTYVQYF,TRBV14*02,None,TRBJ1-1*01,1
1272,CASSFSLGSSYEQYF,TRBV14*02,None,TRBJ2-7*01,1
1273,CASSFSLGSTYEQYF,TRBV6-8*01,None,TRBJ2-7*01,1
1274,CASSFSLGTTYHQYF,TRBV14*02,None,TRBJ2-7*01,1
1275,CASSFSLRPNYEQYF,TRBV14*02,None,TRBJ2-7*01,1
1276,CASSFSLRPTYDQYF,TRBV14*02,None,TRBJ2-7*01,1
1277,CASSFSLRPTYEQYF,TRBV9*03,None,TRBJ2-7*01,1
1278,CYSSLSVGPTYEQYF,TRBV14*01,None,TRBJ2-7*01,1
