,CDR3seq,V-region,D-region,J-region,Frequency
1,CASRLGTLETQYF,TRBV28*01,None,TRBJ2-5*01,182306
2,CASRLGTLGTQYF,TRBV28*01,None,TRBJ2-5*01,6104
3,CASRLGTLETRYF,TRBV28*01,None,TRBJ2-5*01,1151
4,CASRLGALETQYF,TRBV28*01,None,TRBJ2-5*01,1036
5,CASSQVDFQETQYF,TRBV3-1*01,None,TRBJ2-5*01,275
6,CASSQVDFQETQYF,TRBV3-1*02,None,TRBJ2-5*01,269
7,CASSLGTLETQYF,TRBV28*01,None,TRBJ2-5*01,256
8,CASGLGTLETQYF,TRBV28*01,None,TRBJ2-5*01,230
9,CAGRLGTLETQYF,TRBV28*01,None,TRBJ2-5*01,228
10,CASRLGTLEIQYF,TRBV28*01,None,TRBJ2-5*01,223
11,CVSRLGTLETQYF,TRBV28*01,None,TRBJ2-5*01,218
12,CASRLGTPETQYF,TRBV28*01,None,TRBJ2-5*01,204
13,CASRPGTLETQYF,TRBV28*01,None,TRBJ2-5*01,181
14,CTSRLGTLETQYF,TRBV28*01,None,TRBJ2-5*01,177
15,CASRLGTLETQYF,TRBV6-6*03,None,TRBJ2-5*01,173
16,CASRLRTLETQYF,TRBV28*01,None,TRBJ2-5*01,170
17,CASKLGTLETQYF,TRBV28*01,None,TRBJ2-5*01,168
18,CASRLGTLETQHF,TRBV28*01,None,TRBJ2-5*01,161
19,CASRLGTLETKYF,TRBV28*01,None,TRBJ2-5*01,147
20,CANRLGTLETQYF,TRBV28*01,None,TRBJ2-5*01,138
21,CASMLGTLETQYF,TRBV28*01,None,TRBJ2-5*01,137
22,CASRLGTLESQYF,TRBV28*01,None,TRBJ2-5*01,133
23,CASRLGTLETQYF,TRBV6-6*05,None,TRBJ2-5*01,132
24,CASRLGTLETLYF,TRBV28*01,None,TRBJ2-5*01,129
25,CASRLGTIETQYF,TRBV28*01,None,TRBJ2-5*01,128
26,CARRLGTLETQYF,TRBV28*01,None,TRBJ2-5*01,127
27,CASRLGTLDTQYF,TRBV28*01,None,TRBJ2-5*01,117
28,CASRLGTLETQCF,TRBV28*01,None,TRBJ2-5*01,113
29,CASRLETLETQYF,TRBV28*01,None,TRBJ2-5*01,113
30,CASRLGTLKTQYF,TRBV28*01,None,TRBJ2-5*01,107
31,CASRLVTLETQYF,TRBV28*01,None,TRBJ2-5*01,103
32,CSSRLGTLETQYF,TRBV28*01,None,TRBJ2-5*01,103
33,CASSYSNYGYTF,TRBV6-6*03,None,TRBJ1-2*01,93
34,CASRLGTLETHYF,TRBV28*01,None,TRBJ2-5*01,90
35,CASRIGTLETQYF,TRBV28*01,None,TRBJ2-5*01,86
36,CASRLGTLEPQYF,TRBV28*01,None,TRBJ2-5*01,81
37,CAVGTGRRALTF,TRBV28*01,None,TRBJ1-6*02,79
38,CASRLGTLETQYF,TRBV3-1*02,None,TRBJ2-5*01,79
39,CPSRLGTLETQYF,TRBV28*01,None,TRBJ2-5*01,77
40,CASRLGILETQYF,TRBV28*01,None,TRBJ2-5*01,77
41,CASRLGTLETQYF,TRBV25-1*01,None,TRBJ2-5*01,77
42,CAIRLGTLETQYF,TRBV28*01,None,TRBJ2-5*01,74
43,CASRLWTLETQYF,TRBV28*01,None,TRBJ2-5*01,72
44,CASRLGPLETQYF,TRBV28*01,None,TRBJ2-5*01,69
45,CASRLGSLETQYF,TRBV28*01,None,TRBJ2-5*01,67
46,CASTPGAAEREQYF,TRBV25-1*01,None,TRBJ2-7*01,60
47,CACRLGTLETQYF,TRBV28*01,None,TRBJ2-5*01,59
48,CASRVGTLETQYF,TRBV28*01,None,TRBJ2-5*01,58
49,CASRLGTLENQYF,TRBV28*01,None,TRBJ2-5*01,58
50,CASRLGTLATQYF,TRBV28*01,None,TRBJ2-5*01,56
51,CASRLGTLETQNF,TRBV28*01,None,TRBJ2-5*01,55
52,CATRLGTLETQYF,TRBV28*01,None,TRBJ2-5*01,54
53,CASTLGTLETQYF,TRBV28*01,None,TRBJ2-5*01,52
54,CASRLATLETQYF,TRBV28*01,None,TRBJ2-5*01,50
55,CASRLGTLVTQYF,TRBV28*01,None,TRBJ2-5*01,45
56,CASSIGGTGLRGEQFF,TRBV19*03,None,TRBJ2-1*01,44
57,CASRLGNLETQYF,TRBV28*01,None,TRBJ2-5*01,42
58,CASRLGTLETQDF,TRBV28*01,None,TRBJ2-5*01,41
59,CASRLGTLETPYF,TRBV28*01,None,TRBJ2-5*01,39
60,CASRLGTRETQYF,TRBV28*01,None,TRBJ2-5*01,39
61,CDSRLGTLETQYF,TRBV28*01,None,TRBJ2-5*01,38
62,CASRLGTVETQYF,TRBV28*01,None,TRBJ2-5*01,38
63,CASWLGTLETQYF,TRBV28*01,None,TRBJ2-5*01,38
64,CASSFSTCSANYGYTF,TRBV12-4*02,None,TRBJ1-2*01,36
65,CASRLGTLETEYF,TRBV28*01,None,TRBJ2-5*01,34
66,CASRLGTLQTQYF,TRBV28*01,None,TRBJ2-5*01,33
67,CASSQVDFQETQYF,TRBV28*01,None,TRBJ2-5*01,33
68,CASRLGTLETQYF,TRBV7-9*04,None,TRBJ2-5*01,29
69,CGSRLGTLETQYF,TRBV28*01,None,TRBJ2-5*01,29
70,CASRLGTLETQSF,TRBV28*01,None,TRBJ2-5*01,28
71,CASRQGTLETQYF,TRBV28*01,None,TRBJ2-5*01,28
72,CASRLGTQETQYF,TRBV28*01,None,TRBJ2-5*01,27
73,CASSFGTGSYEQYF,TRBV11-2*03,None,TRBJ2-7*01,26
74,CASRLGTLETQYF,TRBV11-3*03,None,TRBJ2-5*01,23
75,CASRLGTLETQFF,TRBV28*01,None,TRBJ2-5*01,21
76,CASRLGTLEAQYF,TRBV28*01,None,TRBJ2-5*01,20
77,CASSVTSYQETQYF,TRBV6-6*03,None,TRBJ2-5*01,20
78,CASRLGTLETQYF,TRBV7-9*07,None,TRBJ2-5*01,18
79,CASRRGTLETQYF,TRBV28*01,None,TRBJ2-5*01,17
80,CASRWDRFPVNSPLHF,TRBV7-8*03,None,TRBJ1-6*01,17
81,CSAVAGFSYEQYF,TRBV20-1*02,None,TRBJ2-7*01,16
82,CASSFGTGSYEQYF,TRBV11-3*02,None,TRBJ2-7*01,16
83,CASRLGTLETQYF,TRBV28*01,None,TRBJ2-7*01,14
84,CASRLGTLETQYF,TRBV7-9*01,None,TRBJ2-5*01,13
85,CASRLGTPGTQYF,TRBV28*01,None,TRBJ2-5*01,13
86,CASSFPPRETQYF,TRBV19*03,None,TRBJ2-5*01,11
87,CASLGTLETQYF,TRBV28*01,None,TRBJ2-5*01,10
88,CASRLGAPETQYF,TRBV28*01,None,TRBJ2-5*01,10
89,CASRLGTLGTKYF,TRBV28*01,None,TRBJ2-5*01,10
90,CSAVAGFSYEQYF,TRBV20-1*03,None,TRBJ2-7*01,9
91,CSAVAGFSYEQYF,TRBV20-1*06,None,TRBJ2-7*01,9
92,CASRLGTLGTLYF,TRBV28*01,None,TRBJ2-5*01,9
93,CACRLGTLGTQYF,TRBV28*01,None,TRBJ2-5*01,8
94,CASSLGTLGTQYF,TRBV28*01,None,TRBJ2-5*01,8
95,CASSYSNYGYTF,TRBV6-6*05,None,TRBJ1-2*01,7
96,CASGLGTLGTQYF,TRBV28*01,None,TRBJ2-5*01,7
97,CASRLGTLGPQYF,TRBV28*01,None,TRBJ2-5*01,7
98,CASRLGTLETQYF,TRBV11-1*01,None,TRBJ2-5*01,7
99,CTSRLGTLGTQYF,TRBV28*01,None,TRBJ2-5*01,7
100,CASRLGTLGSQYF,TRBV28*01,None,TRBJ2-5*01,7
101,CASRLGTLGTQYF,TRBV6-6*03,None,TRBJ2-5*01,6
102,CASRLGTLGTQYF,TRBV6-6*05,None,TRBJ2-5*01,6
103,CASRVGTLGTQYF,TRBV28*01,None,TRBJ2-5*01,6
104,CSVEDRQAKRYNEQFF,TRBV29-1*01,None,TRBJ2-1*01,6
105,CASSYSNYGYTF,TRBV6-2*01,None,TRBJ1-2*01,6
106,CASRLGTLETQYF,TRBV5-7*01,None,TRBJ2-5*01,6
107,CASRLRTLEAQYF,TRBV28*01,None,TRBJ2-5*01,6
108,CASRLETLGTQYF,TRBV28*01,None,TRBJ2-5*01,6
109,CASRLGALETHYF,TRBV28*01,None,TRBJ2-5*01,5
110,CASRLGALETRYF,TRBV28*01,None,TRBJ2-5*01,5
111,CASRLGTLETQYF,TRBV7-3*04,None,TRBJ2-5*01,5
112,CAGRLGTLGTQYF,TRBV28*01,None,TRBJ2-5*01,5
113,CASRLGILGTQYF,TRBV28*01,None,TRBJ2-5*01,5
114,CASRLGTLGTRYF,TRBV28*01,None,TRBJ2-5*01,5
115,CASSLGPLETQYF,TRBV28*01,None,TRBJ2-5*01,5
116,CARLGTLETQYF,TRBV28*01,None,TRBJ2-5*01,5
117,CDSRLGTLGTQYF,TRBV28*01,None,TRBJ2-5*01,5
118,CASRLGTLETQYF,TRBV7-9*03,None,TRBJ2-5*01,5
119,CASRLGTLETQYF,TRBV7-3*05,None,TRBJ2-5*01,5
120,CASSLGTLEPQYF,TRBV28*01,None,TRBJ2-5*01,5
121,CASRLGPLGTQYF,TRBV28*01,None,TRBJ2-5*01,5
122,CASRLGTLETQYF,TRBV5-6*01,None,TRBJ2-5*01,5
123,CASRLRTLGTQYF,TRBV28*01,None,TRBJ2-5*01,5
124,CASRLGTLETQYF,TRBV28*01,None,TRBJ2-1*01,5
125,CASSLRTLETQYF,TRBV28*01,None,TRBJ2-5*01,5
126,CVSRLGTLGTQYF,TRBV28*01,None,TRBJ2-5*01,5
127,CASRLGTLETKNF,TRBV28*01,None,TRBJ2-5*01,5
128,CASRLGTRGTQYF,TRBV28*01,None,TRBJ2-5*01,4
129,CASRLGTLRTQYF,TRBV28*01,None,TRBJ2-5*01,4
130,CASRLKTLETQYF,TRBV28*01,None,TRBJ2-5*01,4
131,CASMLGTLGTQYF,TRBV28*01,None,TRBJ2-5*01,4
132,CASRLGTLERQYF,TRBV28*01,None,TRBJ2-5*01,4
133,CASRLGTLGNQYF,TRBV28*01,None,TRBJ2-5*01,4
134,CASRLGTLGTQHF,TRBV28*01,None,TRBJ2-5*01,4
135,CASRLGTLETRYF,TRBV6-6*05,None,TRBJ2-5*01,4
136,CASRLGTLETQYF,TRBV5-5*03,None,TRBJ2-5*01,4
137,CASRLGTLETQYF,TRBV5-4*01,None,TRBJ2-5*01,4
138,CASSYSNYGYTF,TRBV6-6*01,None,TRBJ1-2*01,4
139,CASSYSNYGYTF,TRBV6-3*01,None,TRBJ1-2*01,4
140,CASRLGTLETQYF,TRBV11-2*03,None,TRBJ2-5*01,4
141,CASRLGTLEDQYF,TRBV28*01,None,TRBJ2-5*01,4
142,CVSSLGTLETQYF,TRBV28*01,None,TRBJ2-5*01,4
143,CASRLGSLGTQYF,TRBV28*01,None,TRBJ2-5*01,4
144,CTSRLGTLETPYF,TRBV28*01,None,TRBJ2-5*01,4
145,CARRLGTLGTQYF,TRBV28*01,None,TRBJ2-5*01,4
146,CASSLGTLESQYF,TRBV28*01,None,TRBJ2-5*01,3
147,CASRLGALEAQYF,TRBV28*01,None,TRBJ2-5*01,3
148,CASRLGTLETQYF,TRBV5-4*04,None,TRBJ2-5*01,3
149,CASRLGALETQYF,TRBV25-1*01,None,TRBJ2-5*01,3
150,CASLLGTLETQYF,TRBV28*01,None,TRBJ2-5*01,3
151,CPSRLGTLETHYF,TRBV28*01,None,TRBJ2-5*01,3
152,CASRLGTLETQYF,TRBV7-8*01,None,TRBJ2-5*01,3
153,CASRIGTLESQYF,TRBV28*01,None,TRBJ2-5*01,3
154,CASTLGTLGTQYF,TRBV28*01,None,TRBJ2-5*01,3
155,CASSLGTLDTQYF,TRBV28*01,None,TRBJ2-5*01,3
156,CASSLGTIETQYF,TRBV28*01,None,TRBJ2-5*01,3
157,CASRLATLGTQYF,TRBV28*01,None,TRBJ2-5*01,3
158,CASRLGTLETQYF,TRBV5-4*02,None,TRBJ2-5*01,3
159,CASRLGTLGALYF,TRBV28*01,None,TRBJ2-5*01,3
160,CAISLGTLETQYF,TRBV28*01,None,TRBJ2-5*01,3
161,CASSLVTLETQYF,TRBV28*01,None,TRBJ2-5*01,3
162,CASRLGTIGTQYF,TRBV28*01,None,TRBJ2-5*01,3
163,CESRLGTLETQYF,TRBV28*01,None,TRBJ2-5*01,3
164,CGRLGTLETQYF,TRBV28*01,None,TRBJ2-5*01,3
165,CATRLGTLGTQYF,TRBV28*01,None,TRBJ2-5*01,3
166,CASRLGTLETQYF,TRBV7-2*02,None,TRBJ2-5*01,3
167,CASRLVTLGTQYF,TRBV28*01,None,TRBJ2-5*01,3
168,CASRLGTLETRYF,TRBV6-6*03,None,TRBJ2-5*01,3
169,CPSRLGTLGTQYF,TRBV28*01,None,TRBJ2-5*01,3
170,CASRLGTLETQYF,TRBV5-5*02,None,TRBJ2-5*01,3
171,CASRLGTLETQYF,TRBV7-8*03,None,TRBJ2-5*01,3
172,CASRRGTLGTQYF,TRBV28*01,None,TRBJ2-5*01,3
173,CSASSRGGSQETQYF,TRBV20-1*02,None,TRBJ2-5*01,3
174,CASRLGTREAQYF,TRBV28*01,None,TRBJ2-5*01,3
175,CASRLGTLETQYF,TRBV11-3*01,None,TRBJ2-5*01,3
176,CASRIGTLGTQYF,TRBV28*01,None,TRBJ2-5*01,3
177,CTSRLGTLETRYF,TRBV28*01,None,TRBJ2-5*01,3
178,CASRLGTLGTQCF,TRBV28*01,None,TRBJ2-5*01,3
179,CASSLGTLETQYF,TRBV6-6*03,None,TRBJ2-5*01,3
180,CASSIGGTGLRGEQFF,TRBV19*01,None,TRBJ2-1*01,3
181,CARRLGTLDTQYF,TRBV28*01,None,TRBJ2-5*01,3
182,CASRLGTLETQYF,TRBV7-9*02,None,TRBJ2-5*01,3
183,CASRLGTLGTHYF,TRBV28*01,None,TRBJ2-5*01,3
184,CSSRLGTLDTQYF,TRBV28*01,None,TRBJ2-5*01,3
185,CASRLETLESQYF,TRBV28*01,None,TRBJ2-5*01,3
186,CTNRLGTLETQYF,TRBV28*01,None,TRBJ2-5*01,3
187,CASRLGTLETQYF,TRBV4-2*01,None,TRBJ2-5*01,3
188,CASKLGTLGTQYF,TRBV28*01,None,TRBJ2-5*01,3
189,CTSRLVTLETQYF,TRBV28*01,None,TRBJ2-5*01,3
190,CASRLGTPETRYF,TRBV28*01,None,TRBJ2-5*01,3
191,CASRLGALGTQYF,TRBV28*01,None,TRBJ2-5*01,3
192,CASSLETLETQYF,TRBV28*01,None,TRBJ2-5*01,3
193,CATSLGTLGTQYF,TRBV28*01,None,TRBJ2-5*01,2
194,CASRLATLETHYF,TRBV28*01,None,TRBJ2-5*01,2
195,CASSLGTLEAQYF,TRBV28*01,None,TRBJ2-7*01,2
196,CASRLDTLETQYF,TRBV28*01,None,TRBJ2-5*01,2
197,CARMLGTLETQYF,TRBV28*01,None,TRBJ2-5*01,2
198,CVSRLGTIETQYF,TRBV28*01,None,TRBJ2-5*01,2
199,CATRLGTVETQYF,TRBV28*01,None,TRBJ2-5*01,2
200,CASRLATLETQYF,TRBV25-1*01,None,TRBJ2-5*01,2
201,CASRLCTLETQYF,TRBV28*01,None,TRBJ2-5*01,2
202,CSSRLGTLESQYF,TRBV28*01,None,TRBJ2-5*01,2
203,CASSFGTGSYEQYF,TRBV11-3*01,None,TRBJ2-7*01,2
204,CASSFGTGSYEQYF,TRBV7-2*04,None,TRBJ2-7*01,2
205,CASRLAPLETQYF,TRBV28*01,None,TRBJ2-5*01,2
206,CVSRLGTLEAQYF,TRBV28*01,None,TRBJ2-5*01,2
207,CATSLGTLETQYF,TRBV28*01,None,TRBJ2-5*01,2
208,CASSIGGTGLRGEQFF,TRBV19*02,None,TRBJ2-1*01,2
209,CASRLETLEPQYF,TRBV28*01,None,TRBJ2-5*01,2
210,CASRLGTLEFQYF,TRBV28*01,None,TRBJ2-5*01,2
211,CASWLGTLEAQYF,TRBV28*01,None,TRBJ2-5*01,2
212,CASRLGTLDAQYF,TRBV28*01,None,TRBJ2-5*01,2
213,CASWLGTLGTQYF,TRBV28*01,None,TRBJ2-5*01,2
214,CASRLGTLATLYF,TRBV28*01,None,TRBJ2-5*01,2
215,CASSRVDFQETQYF,TRBV3-1*02,None,TRBJ2-5*01,2
216,CASRLGTLEAKYF,TRBV28*01,None,TRBJ2-5*01,2
217,CASRLGTLGTEYF,TRBV28*01,None,TRBJ2-5*01,2
218,CASVLGTLETQYF,TRBV28*01,None,TRBJ2-5*01,2
219,CASRLGALETLYF,TRBV28*01,None,TRBJ2-5*01,2
220,CASRLGALETKYF,TRBV28*01,None,TRBJ2-5*01,2
221,CASRLGTLGIQYF,TRBV28*01,None,TRBJ2-5*01,2
222,CASSLGTLATQYF,TRBV28*01,None,TRBJ2-5*01,2
223,CTSRLGTLETHYF,TRBV28*01,None,TRBJ2-5*01,2
224,CASRLGALEPQYF,TRBV28*01,None,TRBJ2-5*01,2
225,CASRLGALENQYF,TRBV28*01,None,TRBJ2-5*01,2
226,CATRLGTLDTQYF,TRBV28*01,None,TRBJ2-5*01,2
227,CASRLGALEAKYF,TRBV28*01,None,TRBJ2-5*01,2
228,CASRLGALDTQYF,TRBV28*01,None,TRBJ2-5*01,2
229,CASRLGVLETQYF,TRBV28*01,None,TRBJ2-5*01,2
230,CASSQVHFQETQYF,TRBV3-1*02,None,TRBJ2-5*01,2
231,CASRLGTLEIHYF,TRBV28*01,None,TRBJ2-5*01,2
232,CASRLGTLASQYF,TRBV28*01,None,TRBJ2-5*01,2
233,CASSQVDLQETQYF,TRBV3-1*02,None,TRBJ2-5*01,2
234,CASRLRALETQYF,TRBV28*01,None,TRBJ2-5*01,2
235,CASRLGTLEPHYF,TRBV28*01,None,TRBJ2-5*01,2
236,CASRLGIPETQYF,TRBV28*01,None,TRBJ2-5*01,2
237,CASRLRTLQTQYF,TRBV28*01,None,TRBJ2-5*01,2
238,CASRLGTLETQYF,TRBV5-5*01,None,TRBJ2-5*01,2
239,CPRRLGTLETQYF,TRBV28*01,None,TRBJ2-5*01,2
240,CASRLGTLGTQYF,TRBV3-1*02,None,TRBJ2-5*01,2
241,CASMLGTLETKYF,TRBV28*01,None,TRBJ2-5*01,2
242,CPSRIGTLETQYF,TRBV28*01,None,TRBJ2-5*01,2
243,CASMLGTLEPQYF,TRBV28*01,None,TRBJ2-5*01,2
244,CPSRLATLETQYF,TRBV28*01,None,TRBJ2-5*01,2
245,CASMLGTLDTQYF,TRBV28*01,None,TRBJ2-5*01,2
246,CASSLGSLETQYF,TRBV28*01,None,TRBJ2-5*01,2
247,CTSRLGALETQYF,TRBV28*01,None,TRBJ2-5*01,2
248,CPSRLGTLESQYF,TRBV28*01,None,TRBJ2-5*01,2
249,CTSRLATLETQYF,TRBV28*01,None,TRBJ2-5*01,2
250,CARRLGTLETKYF,TRBV28*01,None,TRBJ2-5*01,2
251,CASRLGTIETLYF,TRBV28*01,None,TRBJ2-5*01,2
252,CASRLWTLETHYF,TRBV28*01,None,TRBJ2-5*01,2
253,CASSYINYGYTF,TRBV6-6*03,None,TRBJ1-2*01,2
254,CASKLGTLETRYF,TRBV28*01,None,TRBJ2-5*01,2
255,CASKLGTLETQYF,TRBV6-6*03,None,TRBJ2-5*01,2
256,CPSSLGTLETQYF,TRBV28*01,None,TRBJ2-5*01,2
257,CASRLGTIDTQYF,TRBV28*01,None,TRBJ2-5*01,2
258,CASKLGTLEAQYF,TRBV28*01,None,TRBJ2-5*01,2
259,CASRLGTLETQYF,TRBV2*03,None,TRBJ2-5*01,2
260,CASRLGSLETQYF,TRBV25-1*01,None,TRBJ2-5*01,2
261,CASIQVDFQETQYF,TRBV3-1*02,None,TRBJ2-5*01,2
262,CASILGTLETQYF,TRBV28*01,None,TRBJ2-5*01,2
263,CASRQVDFQETQYF,TRBV3-1*02,None,TRBJ2-5*01,2
264,CARRLGTLEAQYF,TRBV28*01,None,TRBJ2-5*01,2
265,CASRLGTLETQYF,TRBV6-6*04,None,TRBJ2-5*01,2
266,CSSRLRTLETQYF,TRBV28*01,None,TRBJ2-5*01,2
267,CASSIGTLETQYF,TRBV28*01,None,TRBJ2-5*01,2
268,CACRLGTLETQNF,TRBV28*01,None,TRBJ2-5*01,2
269,CASRLGTLETQYF,TRBV7-7*02,None,TRBJ2-5*01,2
270,CASRLGTLGTQNF,TRBV28*01,None,TRBJ2-5*01,2
271,CASSQIDFQETQYF,TRBV3-1*02,None,TRBJ2-5*01,2
272,CASRLGTLESLYF,TRBV28*01,None,TRBJ2-5*01,2
273,CASRLGTLESQNF,TRBV28*01,None,TRBJ2-5*01,2
274,CASRLGTLETQYF,TRBV7-8*02,None,TRBJ2-5*01,2
275,CSSRLGTLQTQYF,TRBV28*01,None,TRBJ2-5*01,2
276,CARRLGTLETQHF,TRBV28*01,None,TRBJ2-5*01,2
277,CSSRLGTLETQYF,TRBV6-6*03,None,TRBJ2-5*01,2
278,CASRLGTLETQYF,TRBV7-4*01,None,TRBJ2-5*01,2
279,CTSRLGTLDTQYF,TRBV28*01,None,TRBJ2-5*01,2
280,CASRLGTLWTQYF,TRBV28*01,None,TRBJ2-5*01,2
281,CASSQADFQETQYF,TRBV3-1*02,None,TRBJ2-5*01,2
282,CASRLVTVETQYF,TRBV28*01,None,TRBJ2-5*01,2
283,CARWLGTLETQYF,TRBV28*01,None,TRBJ2-5*01,2
284,CGSRLGTLETRYF,TRBV28*01,None,TRBJ2-5*01,2
285,CASRLGTLETQYF,TRBV7-3*01,None,TRBJ2-5*01,2
286,CASRLGTLETQYF,TRBV7-2*04,None,TRBJ2-5*01,2
287,CASRLGTLETQYF,TRBV7-2*01,None,TRBJ2-5*01,2
288,CASRIGTLETRYF,TRBV28*01,None,TRBJ2-5*01,2
289,CASRLGTLETQYF,TRBV7-1*01,None,TRBJ2-5*01,2
290,CASRIGTLEPQYF,TRBV28*01,None,TRBJ2-5*01,2
291,CASSLGNTETQYF,TRBV28*01,None,TRBJ2-5*01,1
292,CTSRLGTLGTKYF,TRBV28*01,None,TRBJ2-5*01,1
293,CASSLGTGSYEQYF,TRBV11-2*03,None,TRBJ2-7*01,1
294,CTSRVGTLDNQYF,TRBV7-2*03,None,TRBJ2-5*01,1
295,CASSLGPLVTQHF,TRBV28*01,None,TRBJ2-5*01,1
296,CASSLGTIGTQYF,TRBV6-6*05,None,TRBJ2-5*01,1
297,CASSLGTLATHYF,TRBV28*01,None,TRBJ2-5*01,1
298,CTSRLVTLETKYF,TRBV28*01,None,TRBJ2-5*01,1
299,CTSRLGTLGTQHF,TRBV28*01,None,TRBJ2-5*01,1
300,CASSLGTIETHYF,TRBV28*01,None,TRBJ2-5*01,1
301,CTSRLGTLESPYF,TRBV28*01,None,TRBJ2-5*01,1
302,CTSRLGTLETRNF,TRBV28*01,None,TRBJ2-5*01,1
303,CTSRLGTLETQYF,TRBV6-8*01,None,TRBJ2-5*01,1
304,CASSLGTLETQSF,TRBV28*01,None,TRBJ2-5*01,1
305,CASSLGTLETQNF,TRBV28*01,None,TRBJ2-5*01,1
306,CSVGTSVGQPQHF,TRBV29-1*02,None,TRBJ1-5*01,1
307,CASSLGTLETQHF,TRBV28*01,None,TRBJ2-5*01,1
308,CTCRLGTLESHYF,TRBV28*01,None,TRBJ2-5*01,1
309,CASSLGTLETQFF,TRBV6-6*05,None,TRBJ2-5*01,1
310,CTRRLGTLETQYF,TRBV28*01,None,TRBJ2-5*01,1
311,CTSGLGTLETQYF,TRBV28*01,None,TRBJ2-5*01,1
312,CASSLGTLETQDF,TRBV28*01,None,TRBJ2-5*01,1
313,CTSMIGTLETQYF,TRBV28*01,None,TRBJ2-5*01,1
314,CASSLGTLETPYF,TRBV28*01,None,TRBJ2-5*01,1
315,CTSMLGTLETQYF,TRBV28*01,None,TRBJ2-5*01,1
316,CASSLGTLETNYF,TRBV28*01,None,TRBJ2-5*01,1
317,CASSLGTLETHYF,TRBV28*01,None,TRBJ2-5*01,1
318,CTSRLGPLETQYF,TRBV28*01,None,TRBJ2-5*01,1
319,CASSLGTLESQHF,TRBV28*01,None,TRBJ2-5*01,1
320,CTSRLGSLETQYF,TRBV28*01,None,TRBJ2-5*01,1
321,CASSLGTLESLFF,TRBV28*01,None,TRBJ2-5*01,1
322,CTSRLGTLDAQYF,TRBV28*01,None,TRBJ2-5*01,1
323,CTSRLGTLDPQYF,TRBV28*01,None,TRBJ2-5*01,1
324,CASSLGTLENQYF,TRBV6-6*05,None,TRBJ2-5*01,1
325,CASSLGTLENQYF,TRBV28*01,None,TRBJ2-5*01,1
326,CTSRLGTLEIQYF,TRBV28*01,None,TRBJ2-5*01,1
327,CTSRLGTLEPQYF,TRBV28*01,None,TRBJ2-5*01,1
328,CASSLGILEPQYF,TRBV28*01,None,TRBJ2-5*01,1
329,CTSRLGTLESQYF,TRBV28*01,None,TRBJ2-5*01,1
330,CASSLGTLDNQYF,TRBV28*01,None,TRBJ2-5*01,1
331,CTSRLGTLETKYF,TRBV28*01,None,TRBJ2-5*01,1
332,CTSRLGTLETQDF,TRBV28*01,None,TRBJ2-5*01,1
333,CASSLGNLETQYF,TRBV28*01,None,TRBJ2-5*01,1
334,CSASSRGGSQETLYF,TRBV20-1*03,None,TRBJ2-5*01,1
335,CASSLGGTGLREKQFF,TRBV19*03,None,TRBJ2-5*01,1
336,CVSRLWSLETLYF,TRBV6-6*03,None,TRBJ2-5*01,1
337,CVSRLRTLETQYF,TRBV28*01,None,TRBJ2-5*01,1
338,CASRVGTLETQYF,TRBV6-6*03,None,TRBJ2-5*01,1
339,CVSRLGTLETQYF,TRBV28*01,None,TRBJ2-7*01,1
340,CASRVGTVETKYF,TRBV28*01,None,TRBJ2-5*01,1
341,CASRVLGAETQYF,TRBV28*01,None,TRBJ2-1*01,1
342,CASRVLGAETQYF,TRBV28*01,None,TRBJ2-5*01,1
343,CASRVRTLEPQYF,TRBV25-1*01,None,TRBJ2-5*01,1
344,CASRVSNIETQYF,TRBV7-9*02,None,TRBJ2-5*01,1
345,CASRVVTLETQYF,TRBV28*01,None,TRBJ2-5*01,1
346,CASRWDRFPVNSLLHF,TRBV7-8*03,None,TRBJ1-6*01,1
347,CASRWDRFPVNSPLHF,TRBV7-3*01,None,TRBJ1-6*01,1
348,CASRWDRFPVNSPLHF,TRBV7-3*05,None,TRBJ1-6*01,1
349,CVSRLGTLETQNF,TRBV28*01,None,TRBJ2-5*01,1
350,CASRWDRFPVYSPLHF,TRBV7-8*03,None,TRBJ1-6*01,1
351,CASRWDRVPVNSPLHF,TRBV7-8*03,None,TRBJ1-6*01,1
352,CASRYGTGAYEQYF,TRBV7-3*04,None,TRBJ2-7*01,1
353,CASRYSNYGYNF,TRBV6-6*01,None,TRBJ1-2*01,1
354,CASRYSNYGYTF,TRBV6-6*05,None,TRBJ1-2*01,1
355,CASRYTNYGYTF,TRBV6-6*03,None,TRBJ1-2*01,1
356,CASSCRTLACLLSF,TRBV7-3*05,None,TRBJ2-7*01,1
357,CASSCSNYGYTF,TRBV6-6*03,None,TRBJ1-2*01,1
358,CASSEGSVQPQHF,TRBV6-6*03,None,TRBJ2-3*01,1
359,CASSFAPLETQYF,TRBV28*01,None,TRBJ2-5*01,1
360,CASSFETWSYEQYF,TRBV7-2*01,None,TRBJ2-7*01,1
361,CASSFGSGSYEQYF,TRBV11-2*03,None,TRBJ2-7*01,1
362,CASRVGTLETQYF,TRBV25-1*01,None,TRBJ2-5*01,1
363,CASRVGTLETQNF,TRBV28*01,None,TRBJ2-5*01,1
364,CTSRVGTLETQYF,TRBV28*01,None,TRBJ2-5*01,1
365,CASRVGTLETPYF,TRBV28*01,None,TRBJ2-5*01,1
366,CASRRGPLETHYF,TRBV28*01,None,TRBJ2-5*01,1
367,CASRRGPLETQYF,TRBV28*01,None,TRBJ2-5*01,1
368,CASRRGTIETQYF,TRBV28*01,None,TRBJ2-5*01,1
369,CASRRGTLDTQSF,TRBV28*01,None,TRBJ2-5*01,1
370,CASRRGTLEAQYF,TRBV28*01,None,TRBJ2-5*01,1
371,CASRRGTLENQYF,TRBV28*01,None,TRBJ2-5*01,1
372,CVSSIGGTGLRGEQFF,TRBV19*03,None,TRBJ2-1*01,1
373,CVSSFGTGSYEQYF,TRBV7-8*02,None,TRBJ2-7*01,1
374,CASRRGTLETQYF,TRBV6-7*01,None,TRBJ2-5*01,1
375,CASRRGTQETQYF,TRBV28*01,None,TRBJ2-5*01,1
376,CASRRRTIETQYF,TRBV28*01,None,TRBJ2-5*01,1
377,CASRTGTRQTQYF,TRBV4-3*04,None,TRBJ1-5*01,1
378,CASRVATLETQHF,TRBV28*01,None,TRBJ2-5*01,1
379,CVSRWDRFPVNSPLHF,TRBV7-8*03,None,TRBJ1-6*01,1
380,CASRVGNIKTQYF,TRBV28*01,None,TRBJ2-5*01,1
381,CASRVGNLETQYF,TRBV28*01,None,TRBJ2-3*01,1
382,CASRVGNLETQYF,TRBV28*01,None,TRBJ2-5*01,1
383,CASRVGTIERQYF,TRBV28*01,None,TRBJ2-5*01,1
384,CASRVGTLATQYF,TRBV28*01,None,TRBJ2-5*01,1
385,CASRVGTLDSQYF,TRBV28*01,None,TRBJ2-7*01,1
386,CASRVGTLDTRYF,TRBV28*01,None,TRBJ2-5*01,1
387,CASRVGTLEIQYF,TRBV28*01,None,TRBJ2-5*01,1
388,CASRVGTLEPQYF,TRBV28*01,None,TRBJ2-5*01,1
389,CASRVGTLESQYF,TRBV28*01,None,TRBJ2-5*01,1
390,CASRVGTLETHYF,TRBV28*01,None,TRBJ2-5*01,1
391,CASSFGSGSYEQYF,TRBV11-3*02,None,TRBJ2-7*01,1
392,CASSFGTGSYELYF,TRBV11-3*02,None,TRBJ2-7*01,1
393,CASSFGTGSYEQDF,TRBV11-2*03,None,TRBJ2-7*01,1
394,CVSRLGTLETQHF,TRBV28*01,None,TRBJ2-5*01,1
395,CASSLGTLETQYF,TRBV25-1*01,None,TRBJ2-5*01,1
396,CVRRLGTRETQYF,TRBV28*01,None,TRBJ2-5*01,1
397,CVNSFGTGSYEQYF,TRBV11-3*02,None,TRBJ2-7*01,1
398,CVIRLGTLETQYF,TRBV28*01,None,TRBJ2-5*01,1
399,CASSIGGTGLRSQQFF,TRBV19*03,None,TRBJ2-1*01,1
400,CASSIGGTGLRVEQFF,TRBV19*03,None,TRBJ2-1*01,1
401,CTTRLGTLETQYF,TRBV28*01,None,TRBJ2-5*01,1
402,CASSIGGTRSRGEEIF,TRBV19*02,None,TRBJ2-1*01,1
403,CASSIGRTGLRGEQFF,TRBV19*01,None,TRBJ2-1*01,1
404,CASSIGSLEAQYF,TRBV28*01,None,TRBJ2-5*01,1
405,CASSIGTLENQYF,TRBV28*01,None,TRBJ2-5*01,1
406,CASSIGVTGLSGEQFF,TRBV19*01,None,TRBJ2-1*01,1
407,CTTMLGTLETYCF,TRBV28*01,None,TRBJ2-5*01,1
408,CASSIRGTGLRGEQFF,TRBV19*03,None,TRBJ2-1*01,1
409,CASSIVGTGLRGEQFF,TRBV19*03,None,TRBJ2-1*01,1
410,CTSSLGTLQAQYF,TRBV28*01,None,TRBJ2-5*01,1
411,CTSSHVYFQETQYF,TRBV3-1*02,None,TRBJ2-5*01,1
412,CASSLATLETQYF,TRBV28*01,None,TRBJ2-5*01,1
413,CASSLATRETQYF,TRBV28*01,None,TRBJ2-5*01,1
414,CASSLGAFNTQYF,TRBV28*01,None,TRBJ2-5*01,1
415,CASSLGALETQYF,TRBV28*01,None,TRBJ2-5*01,1
416,CASSLGALVTQYF,TRBV28*01,None,TRBJ2-5*01,1
417,CASSLGAPETQYF,TRBV28*01,None,TRBJ2-5*01,1
418,CASSLGCLETQYF,TRBV6-6*03,None,TRBJ2-5*01,1
419,CASSLGEAGGEQYF,TRBV7-2*04,None,TRBJ2-7*01,1
420,CVRSTGGTGLRGEQFF,TRBV19*03,None,TRBJ2-1*01,1
421,CVSGPGTLETQYF,TRBV28*01,None,TRBJ2-5*01,1
422,CASSIGGTGLRGDQFF,TRBV19*03,None,TRBJ2-1*01,1
423,CVSRLGALETQYF,TRBV28*01,None,TRBJ2-5*01,1
424,CASSFGTGSYEQYF,TRBV11-2*03,None,TRBJ2-5*01,1
425,CVSRLGTLETKYF,TRBV28*01,None,TRBJ2-5*01,1
426,CVSRLGTLESQYF,TRBV28*01,None,TRBJ2-5*01,1
427,CVSRLGTLEPQYF,TRBV28*01,None,TRBJ2-5*01,1
428,CASSFGTGSYEQYF,TRBV7-3*04,None,TRBJ2-7*01,1
429,CASSFGTGYYEQYF,TRBV11-2*03,None,TRBJ2-7*01,1
430,CASSFGTRSYEQYF,TRBV11-2*03,None,TRBJ2-7*01,1
431,CASSFPTCSANYGYTF,TRBV12-4*02,None,TRBJ1-2*01,1
432,CASSFRTGSYEQYF,TRBV11-2*03,None,TRBJ2-7*01,1
433,CASSFSACSANYGYTF,TRBV12-4*02,None,TRBJ1-2*01,1
434,CASSFSSCSANYGYTF,TRBV12-4*02,None,TRBJ1-2*01,1
435,CVSRLETLETQYF,TRBV28*01,None,TRBJ2-5*01,1
436,CASSIGGMGLRGEQFF,TRBV19*03,None,TRBJ2-1*01,1
437,CASSFSTCSPNYGYKF,TRBV12-4*02,None,TRBJ1-2*01,1
438,CASSFSTCSVNYGSTF,TRBV6-7*01,None,TRBJ1-2*01,1
439,CASSFSTGSYEQYF,TRBV11-3*02,None,TRBJ2-7*01,1
440,CASSFSTSPANYGYTF,TRBV12-4*02,None,TRBJ1-2*01,1
441,CASSFTNYGYTF,TRBV6-6*03,None,TRBJ1-2*01,1
442,CVSMLGTLETQYF,TRBV28*01,None,TRBJ2-5*01,1
443,CASSGRNPKTQYF,TRBV19*03,None,TRBJ2-4*01,1
444,CASSGSTTNIQYF,TRBV28*01,None,TRBJ2-5*01,1
445,CASSHVDFQETQYF,TRBV3-1*02,None,TRBJ2-5*01,1
446,CASSIGCTGLRGEQFF,TRBV19*03,None,TRBJ2-1*01,1
447,CASSIGGAGSSGEQFF,TRBV19*01,None,TRBJ2-1*01,1
448,CASSLGTLETQYF,TRBV19*02,None,TRBJ2-5*01,1
449,CSSRLGTRDTQYF,TRBV28*01,None,TRBJ2-5*01,1
450,CSVEDRQAKRYNEQFF,TRBV29-1*02,None,TRBJ2-5*01,1
451,CAVRLGTLETQYF,TRBV28*01,None,TRBJ2-5*01,1
452,CATRLGTLGTQYF,TRBV6-6*05,None,TRBJ2-5*01,1
453,CSAVPRGWAQEGQYF,TRBV20-1*06,None,TRBJ2-5*01,1
454,CATRLGTLQTQYF,TRBV28*01,None,TRBJ2-5*01,1
455,CATRLGTPESQYF,TRBV24-1*01,None,TRBJ2-5*01,1
456,CATRPGTLEAQYF,TRBV28*01,None,TRBJ2-5*01,1
457,CATSLGTLEPQYF,TRBV28*01,None,TRBJ2-5*01,1
458,CSAVAGSSYEQYF,TRBV20-1*03,None,TRBJ2-7*01,1
459,CATSYHAKTGELFF,TRBV6-5*01,None,TRBJ2-2*01,1
460,CSAVAGLSYEQYF,TRBV20-1*02,None,TRBJ2-7*01,1
461,CAVGTGRRELTF,TRBV28*01,None,TRBJ1-6*02,1
462,CAVGTGRTALTF,TRBV28*01,None,TRBJ1-6*02,1
463,CAVRLGTLETQYF,TRBV6-6*03,None,TRBJ2-5*01,1
464,CDSRLGTLETQYF,TRBV2*03,None,TRBJ2-5*01,1
465,CAWSGDYRNVQYF,TRBV30*01,None,TRBJ2-1*01,1
466,CAWSVDYRNKQFF,TRBV30*01,None,TRBJ2-1*01,1
467,CCSRLGTLESQYF,TRBV28*01,None,TRBJ2-5*01,1
468,CDGRLVTLETQYF,TRBV28*01,None,TRBJ2-5*01,1
469,CDRRLGTLETQYF,TRBV28*01,None,TRBJ2-5*01,1
470,CSAVAGISYEQYF,TRBV20-1*06,None,TRBJ2-7*01,1
471,CDRSYSNYGYTF,TRBV6-6*03,None,TRBJ1-2*01,1
472,CDSRLATIETQYF,TRBV28*01,None,TRBJ2-5*01,1
473,CDSRLGNLGTQYF,TRBV28*01,None,TRBJ2-5*01,1
474,CDSRLGTLDTQNF,TRBV28*01,None,TRBJ2-5*01,1
475,CDSRLGTLESQYF,TRBV28*01,None,TRBJ2-5*01,1
476,CSGMLGTLETQYF,TRBV28*01,None,TRBJ2-5*01,1
477,CSNRLGTLETKYF,TRBV28*01,None,TRBJ2-5*01,1
478,CATRLGTLETQNF,TRBV28*01,None,TRBJ2-5*01,1
479,CATRLGTLETQCF,TRBV28*01,None,TRBJ2-5*01,1
480,CASWIGTLETQYF,TRBV28*01,None,TRBJ2-5*01,1
481,CASWLGPIETQYF,TRBV28*01,None,TRBJ2-5*01,1
482,CASWLGSLETQYF,TRBV28*01,None,TRBJ2-5*01,1
483,CSSMLGTLETQYF,TRBV28*01,None,TRBJ2-5*01,1
484,CASWLGTLEIQYF,TRBV28*01,None,TRBJ2-5*01,1
485,CSSMLGPLDPQYF,TRBV28*01,None,TRBJ2-5*01,1
486,CASWLGTLETPYF,TRBV28*01,None,TRBJ2-5*01,1
487,CASWLGTLETQYF,TRBV16*01,None,TRBJ2-5*01,1
488,CASWQGTLETQYF,TRBV28*01,None,TRBJ2-5*01,1
489,CSSKLGTLETQYF,TRBV28*01,None,TRBJ2-5*01,1
490,CATGHGTSYKQYF,TRBV2*02,None,TRBJ2-7*01,1
491,CATGLGTLETQYF,TRBV28*01,None,TRBJ2-5*01,1
492,CSRRLGTLETQYF,TRBV28*01,None,TRBJ2-5*01,1
493,CATGQGTSYEQYF,TRBV2*02,None,TRBJ2-7*01,1
494,CSPVAGFSYEQYF,TRBV20-1*03,None,TRBJ2-7*01,1
495,CATGYGTANAQYF,TRBV2*02,None,TRBJ2-7*01,1
496,CATKLATLETQYF,TRBV28*01,None,TRBJ2-5*01,1
497,CATQLGTLETQYF,TRBV28*01,None,TRBJ2-5*01,1
498,CSPVAGFSYEHYF,TRBV20-1*06,None,TRBJ2-7*01,1
499,CATRDRASQETQYF,TRBV6-6*03,None,TRBJ2-5*01,1
500,CATRIGTLAPHSF,TRBV28*01,None,TRBJ2-5*01,1
501,CATRLGTLEPPYF,TRBV28*01,None,TRBJ2-5*01,1
502,CATRLGTLETKYF,TRBV28*01,None,TRBJ2-5*01,1
503,CDSRLGTLETKYF,TRBV28*01,None,TRBJ2-5*01,1
504,CSAVAGFYYEQYF,TRBV20-1*02,None,TRBJ2-7*01,1
505,CASTYCNYGYTF,TRBV6-6*03,None,TRBJ1-2*01,1
506,CSASSRGGSQETQYF,TRBV20-1*04,None,TRBJ2-5*01,1
507,CPSRLGTLETQHF,TRBV28*01,None,TRBJ2-5*01,1
508,CPSRLGTLETQNF,TRBV28*01,None,TRBJ2-3*01,1
509,CSASSRGGSQETQYF,TRBV20-1*06,None,TRBJ2-1*01,1
510,CPSRLGTLETQYF,TRBV6-6*05,None,TRBJ2-5*01,1
511,CPSRLGTLETRYF,TRBV28*01,None,TRBJ2-5*01,1
512,CSASSRGGSQETQYF,TRBV20-1*05,None,TRBJ2-5*01,1
513,CPSRLGTRETQYF,TRBV28*01,None,TRBJ2-5*01,1
514,CPSRLGTVETQYF,TRBV28*01,None,TRBJ2-5*01,1
515,CPSRLRTLETQYF,TRBV28*01,None,TRBJ2-5*01,1
516,CPSRLVTLETQYF,TRBV28*01,None,TRBJ2-5*01,1
517,CPSSFSTCSANYGYTF,TRBV12-4*02,None,TRBJ1-2*01,1
518,CPSSLGGTGLTGEQFF,TRBV19*03,None,TRBJ2-1*01,1
519,CDSRLGTLETRYF,TRBV28*01,None,TRBJ2-5*01,1
520,CPSSLGTLETKYF,TRBV28*01,None,TRBJ2-5*01,1
521,CPSSLRPLETQYF,TRBV28*01,None,TRBJ2-5*01,1
522,CPSSQVDFQETQYF,TRBV3-1*01,None,TRBJ2-5*01,1
523,CPSSYSNSGYTF,TRBV10-3*03,None,TRBJ1-2*01,1
524,CRASSRGGSQEPQYF,TRBV20-1*02,None,TRBJ2-5*01,1
525,CRASSRGGSQETQYF,TRBV20-1*05,None,TRBJ2-5*01,1
526,CRAVAGVSYGQYF,TRBV20-1*03,None,TRBJ2-7*01,1
527,CRSRLGTLETQYF,TRBV28*01,None,TRBJ2-5*01,1
528,CRSSIRDTGLRGEQRF,TRBV19*02,None,TRBJ2-1*01,1
529,CRSVSGFSNEQYF,TRBV20-1*01,None,TRBJ2-7*01,1
530,CSAGTGTSSHIYEQYF,TRBV20-1*03,None,TRBJ2-7*01,1
531,CPSRLGTLEPQYF,TRBV28*01,None,TRBJ2-5*01,1
532,CPSRLGTLEIQYF,TRBV28*01,None,TRBJ2-5*01,1
533,CPSRLETLETQYF,TRBV28*01,None,TRBJ2-5*01,1
534,CSASSRGGSQETQYF,TRBV20-1*06,None,TRBJ2-5*01,1
535,CSAVAGFSYERYF,TRBV20-1*04,None,TRBJ2-7*01,1
536,CDSRLGTLPTQYF,TRBV28*01,None,TRBJ2-5*01,1
537,CDSSFGTGSYEQYF,TRBV7-2*02,None,TRBJ2-7*01,1
538,CDSSLGTLETKYF,TRBV28*01,None,TRBJ2-5*01,1
539,CDSSLGTLETQYF,TRBV28*01,None,TRBJ2-5*01,1
540,CGRRLGTLETQYF,TRBV28*01,None,TRBJ2-5*01,1
541,CGSRFSTCSDNYGFTF,TRBV12-4*01,None,TRBJ1-2*01,1
542,CGSRLGPLETQYF,TRBV28*01,None,TRBJ2-5*01,1
543,CGSRLGTLETHYF,TRBV28*01,None,TRBJ2-5*01,1
544,CGSRLGTLGTQYF,TRBV28*01,None,TRBJ2-5*01,1
545,CGSRQGTLETQNF,TRBV28*01,None,TRBJ2-5*01,1
546,CGSRRGTLDTQHF,TRBV28*01,None,TRBJ2-5*01,1
547,CGSRYSNCGYTF,TRBV6-6*05,None,TRBJ1-2*01,1
548,CGSSFGTGSYGQYF,TRBV11-3*02,None,TRBJ2-7*01,1
549,CGSSLGTIETQYF,TRBV28*01,None,TRBJ2-5*01,1
550,CGSSLWALGTQYF,TRBV25-1*01,None,TRBJ2-5*01,1
551,CGTSFATGSYEQYF,TRBV7-3*04,None,TRBJ2-7*01,1
552,CGTWSGTSSLIYEQYF,TRBV20-1*06,None,TRBJ2-7*01,1
553,CLSRGMEAQGALKGYTF,TRBV10-3*04,None,TRBJ1-2*01,1
554,CPRRLGTLEAQNF,TRBV28*01,None,TRBJ2-5*01,1
555,CPSGLGTLETQYF,TRBV28*01,None,TRBJ2-5*01,1
556,CSAVAGCSYEQYF,TRBV20-1*02,None,TRBJ2-7*01,1
557,CPSMLGTLETQYF,TRBV28*01,None,TRBJ2-5*01,1
558,CASTYSNYVYTF,TRBV6-6*05,None,TRBJ1-2*01,1
559,CASTVGTLETQYF,TRBV28*01,None,TRBJ2-5*01,1
560,CSVEDPHAKRYNEQFF,TRBV29-1*02,None,TRBJ2-1*01,1
561,CASSQGNLETQSF,TRBV28*01,None,TRBJ2-5*01,1
562,CSSRLGTRETQYF,TRBV6-6*05,None,TRBJ2-5*01,1
563,CASSLVTLETQYF,TRBV6-6*03,None,TRBJ1-5*01,1
564,CASSPGQGAGDTQYF,TRBV18*01,TRBD1*01,TRBJ2-3*01,1
565,CASSPGTLETQYF,TRBV28*01,None,TRBJ2-5*01,1
566,CASSPGTLVTQYF,TRBV6-6*05,None,TRBJ2-5*01,1
567,CSSRLGTRETQYF,TRBV28*01,None,TRBJ2-5*01,1
568,CASSPVTLETQYF,TRBV28*01,None,TRBJ2-5*01,1
569,CASSQADFQETQYF,TRBV3-1*01,None,TRBJ2-5*01,1
570,CASSQFDFQETQYF,TRBV3-1*02,None,TRBJ2-5*01,1
571,CSASSRGGSQATQYF,TRBV20-1*02,None,TRBJ2-5*01,1
572,CASSQGDFQETQYF,TRBV3-1*01,None,TRBJ2-5*01,1
573,CASSQVDCQETQYF,TRBV3-1*02,None,TRBJ2-5*01,1
574,CASSQVDFQETQYF,TRBV6-6*05,None,TRBJ2-5*01,1
575,CSSRLGTLGTQYF,TRBV28*01,None,TRBJ2-5*01,1
576,CASSQVDFHETQYF,TRBV3-1*01,None,TRBJ2-5*01,1
577,CASSQVDFKETQYF,TRBV3-1*01,None,TRBJ2-5*01,1
578,CASSQVDFQEIQYF,TRBV3-1*02,None,TRBJ2-5*01,1
579,CASSQVDFQEPQYF,TRBV3-1*02,None,TRBJ2-5*01,1
580,CASSQVDFQETEYF,TRBV3-1*01,None,TRBJ2-5*01,1
581,CASSQVDFQETKYF,TRBV3-1*01,None,TRBJ2-5*01,1
582,CASSQVDFQETPYF,TRBV28*01,None,TRBJ2-5*01,1
583,CASSQVDFQETQNF,TRBV3-1*02,None,TRBJ2-5*01,1
584,CSSRLGTLETQYF,TRBV28*01,None,TRBJ2-1*01,1
585,CSSRLGTLETHFF,TRBV28*01,None,TRBJ2-5*01,1
586,CASSLVSLETQYF,TRBV28*01,None,TRBJ2-5*01,1
587,CASSLVDFQETQYF,TRBV3-1*02,None,TRBJ2-5*01,1
588,CASSLSTCSANYGYTF,TRBV12-4*02,None,TRBJ1-2*01,1
589,CSSRLVTLETQYF,TRBV7-9*01,None,TRBJ2-5*01,1
590,CASSLGTLETQYF,TRBV5-7*01,None,TRBJ2-5*01,1
591,CSVDDRQAKRYNEQFF,TRBV29-1*02,None,TRBJ2-1*01,1
592,CSVADRHAEWYNEQFF,TRBV29-1*02,None,TRBJ2-1*01,1
593,CASSLGTLETRYF,TRBV28*01,None,TRBJ2-5*01,1
594,CSTMLGTLETHYF,TRBV28*01,None,TRBJ2-5*01,1
595,CSSSYSNNDYTF,TRBV10-3*03,None,TRBJ1-2*01,1
596,CASSLGTLKTQYF,TRBV28*01,None,TRBJ2-5*01,1
597,CSSSLGTLETQYF,TRBV28*01,None,TRBJ2-5*01,1
598,CASSLGTPETQYF,TRBV28*01,None,TRBJ2-5*01,1
599,CASSLGTPGTQYF,TRBV28*01,None,TRBJ2-5*01,1
600,CSSSLGSLDTQNF,TRBV28*01,None,TRBJ2-5*01,1
601,CASSLGTRETQYF,TRBV7-9*07,None,TRBJ2-5*01,1
602,CASSLGTRKPHYF,TRBV28*01,None,TRBJ2-5*01,1
603,CSSSIGGTGLRGEQFF,TRBV19*03,None,TRBJ2-1*01,1
604,CSSRTGALEPQYF,TRBV28*01,None,TRBJ2-5*01,1
605,CSSRRVTLDAQYF,TRBV7-9*07,None,TRBJ2-5*01,1
606,CASSLPPLETQYF,TRBV19*03,None,TRBJ2-5*01,1
607,CSSRPGTLETQYF,TRBV28*01,None,TRBJ2-5*01,1
608,CASSLQTLKTQYF,TRBV28*01,None,TRBJ2-5*01,1
609,CASSLRGPAPRGDQFF,TRBV19*03,None,TRBJ2-5*01,1
610,CSSRLWTLELQYF,TRBV28*01,None,TRBJ2-5*01,1
611,CASSLRSSGSPNLLYF,TRBV5-7*01,None,TRBJ2-7*01,1
612,CASSLRTLDTQYF,TRBV19*03,None,TRBJ2-5*01,1
613,CSSRLGTLENQYF,TRBV28*01,None,TRBJ2-5*01,1
614,CASSQVDFQETQYF,TRBV9*03,None,TRBJ2-5*01,1
615,CASTPRAAEHEQYF,TRBV25-1*01,None,TRBJ2-7*01,1
616,CASTLGTLATKYF,TRBV28*01,None,TRBJ2-5*01,1
617,CASSYSNYGYTF,TRBV6-5*01,None,TRBJ1-2*01,1
618,CASRRATLETQYF,TRBV7-9*04,None,TRBJ2-5*01,1
619,CSSRLGPLETQYF,TRBV28*01,None,TRBJ2-5*01,1
620,CASSYSNYGYTF,TRBV6-6*02,None,TRBJ1-2*01,1
621,CSSRLGILESQYF,TRBV28*01,None,TRBJ2-5*01,1
622,CSSRIGTLETQYF,TRBV6-6*05,None,TRBJ2-5*01,1
623,CSSRIGTLETQYF,TRBV6-6*03,None,TRBJ2-5*01,1
624,CASSYSNYSYTF,TRBV6-3*01,None,TRBJ1-2*01,1
625,CASSYSYYVYTF,TRBV6-2*01,None,TRBJ1-2*01,1
626,CASTLERLQSQYF,TRBV7-7*02,None,TRBJ2-5*01,1
627,CASTLGNLETQYF,TRBV28*01,None,TRBJ2-5*01,1
628,CASTLGTLETHYF,TRBV7-9*06,None,TRBJ2-5*01,1
629,CASSQVDYQETQYF,TRBV3-1*01,None,TRBJ2-5*01,1
630,CASTLGTLETQNF,TRBV28*01,None,TRBJ2-5*01,1
631,CSSRIGTLETEYF,TRBV28*01,None,TRBJ2-5*01,1
632,CSSRHGSLEPNYF,TRBV7-8*03,None,TRBJ2-5*01,1
633,CASTLGTPETQYF,TRBV28*01,None,TRBJ2-5*01,1
634,CASTLVQLDTQYF,TRBV28*01,None,TRBJ2-5*01,1
635,CASTLWTIETQYF,TRBV28*01,None,TRBJ2-5*01,1
636,CASTPGAAERGQYF,TRBV25-1*01,None,TRBJ2-7*01,1
637,CASTPGAAGREQYF,TRBV25-1*01,None,TRBJ2-7*01,1
638,CSSMLGTLGTQYF,TRBV28*01,None,TRBJ2-5*01,1
639,CASTPGAEECEKYF,TRBV25-1*01,None,TRBJ2-7*01,1
640,CASTPGTLETQYF,TRBV28*01,None,TRBJ2-5*01,1
641,CASSYSNYGYNF,TRBV6-5*01,None,TRBJ1-2*01,1
642,CASSYSNYGCPF,TRBV6-6*01,None,TRBJ1-2*01,1
643,CASSYSNFGYTF,TRBV6-6*03,None,TRBJ1-2*01,1
644,CASSYRNYGYTF,TRBV6-6*03,None,TRBJ1-2*01,1
645,CASSQVYFEETQYF,TRBV3-1*01,None,TRBJ2-5*01,1
646,CASSQVYFQETQYF,TRBV3-1*02,None,TRBJ2-5*01,1
647,CSSRLGTLELQYF,TRBV28*01,None,TRBJ2-5*01,1
648,CASSRDRGSNQPQHF,TRBV14*02,None,TRBJ1-5*01,1
649,CASSRGGTGLRVDQFF,TRBV19*03,None,TRBJ2-1*01,1
650,CSSRLGTLEIQYF,TRBV28*01,None,TRBJ2-5*01,1
651,CASSRGSAGLRGEQFF,TRBV19*03,None,TRBJ2-1*01,1
652,CASSRGTHENQYF,TRBV28*01,None,TRBJ2-5*01,1
653,CASSRGTLESQYF,TRBV7-9*07,None,TRBJ2-5*01,1
654,CASSSSHYGYTF,TRBV6-6*03,None,TRBJ1-2*01,1
655,CASSTGGTSLRGEQFF,TRBV19*01,None,TRBJ2-1*01,1
656,CASSVETLETQYF,TRBV28*01,None,TRBJ2-5*01,1
657,CSSRLGTLDPHYF,TRBV28*01,None,TRBJ2-5*01,1
658,CASSVGTLETQYF,TRBV28*01,None,TRBJ2-5*01,1
659,CASSVTSYQEPQYF,TRBV6-6*05,None,TRBJ2-5*01,1
660,CASSVTSYQETKYF,TRBV6-6*03,None,TRBJ2-5*01,1
661,CASSVTSYQETLYF,TRBV6-6*03,None,TRBJ2-5*01,1
662,CASSVTSYQETQSF,TRBV6-6*04,None,TRBJ2-5*01,1
663,CSSRLGTIGIQSF,TRBV28*01,None,TRBJ2-5*01,1
664,CASSVTSYQETQYF,TRBV6-6*05,None,TRBJ2-5*01,1
665,CSSRLGSLETQYF,TRBV28*01,None,TRBJ2-5*01,1
666,CASSVVSLETQYF,TRBV28*01,None,TRBJ2-5*01,1
667,CASSWDRFPINTPLHF,TRBV7-3*05,None,TRBJ1-6*01,1
668,CASRRGILGTQYF,TRBV28*01,None,TRBJ2-5*01,1
669,CAARLCALGTQYF,TRBV28*01,None,TRBJ2-5*01,1
670,CASRQVTLETQYF,TRBV28*01,None,TRBJ2-5*01,1
671,CASMLGTVETQYF,TRBV28*01,None,TRBJ2-5*01,1
672,CASMLGTIETQYF,TRBV11-1*01,None,TRBJ2-5*01,1
673,CASMLGTIETQYF,TRBV28*01,None,TRBJ2-5*01,1
674,CASMLGTLATQYF,TRBV28*01,None,TRBJ2-5*01,1
675,CASMLGTLDPQYF,TRBV28*01,None,TRBJ2-5*01,1
676,CASMLGTLEIQYF,TRBV28*01,None,TRBJ2-5*01,1
677,CASMLGTLENQYF,TRBV28*01,None,TRBJ2-5*01,1
678,CASMLGTLESQYF,TRBV28*01,None,TRBJ2-5*01,1
679,CASMLGTLETQYF,TRBV7-8*03,None,TRBJ2-5*01,1
680,CASMLGTLKTQYF,TRBV28*01,None,TRBJ2-5*01,1
681,CASMLGTLQTRYF,TRBV28*01,None,TRBJ2-5*01,1
682,CASMLGTPETQYF,TRBV28*01,None,TRBJ2-5*01,1
683,CASMLGTRETQYF,TRBV28*01,None,TRBJ2-5*01,1
684,CASMLRTLETQYF,TRBV28*01,None,TRBJ2-5*01,1
685,CASMLGTIESHYF,TRBV28*01,None,TRBJ2-5*01,1
686,CASMLSTLETQYF,TRBV28*01,None,TRBJ2-5*01,1
687,CASMQGTLETQYF,TRBV28*01,None,TRBJ2-5*01,1
688,CASNLGTLEPQYF,TRBV28*01,None,TRBJ2-5*01,1
689,CASNLMVSRPYRYTF,TRBV27*01,None,TRBJ1-2*01,1
690,CASNLRGTRGYGYTF,TRBV27*01,None,TRBJ1-2*01,1
691,CASNYSNYGYTF,TRBV6-6*03,None,TRBJ1-2*01,1
692,CASPLWTLETQYF,TRBV28*01,None,TRBJ2-5*01,1
693,CASQLGPLETQYF,TRBV28*01,None,TRBJ2-5*01,1
694,CASQLGTLETQYF,TRBV28*01,None,TRBJ2-5*01,1
695,CASRFGTLETQYF,TRBV28*01,None,TRBJ2-5*01,1
696,CASRFGTVETQHF,TRBV28*01,None,TRBJ2-5*01,1
697,CASRFSACSANYVYSF,TRBV12-4*02,None,TRBJ1-2*01,1
698,CASMLGTIESYYF,TRBV28*01,None,TRBJ2-5*01,1
699,CASLLGTLETQSF,TRBV28*01,None,TRBJ2-5*01,1
700,CASCIGPLETQYF,TRBV28*01,None,TRBJ2-5*01,1
701,CASKLGPLVTQYF,TRBV28*01,None,TRBJ2-5*01,1
702,CASGLGALETQYF,TRBV28*01,None,TRBJ2-5*01,1
703,CASGLGTLEAQYF,TRBV28*01,None,TRBJ2-5*01,1
704,CASGLGTLETKYF,TRBV28*01,None,TRBJ2-5*01,1
705,CASGLGTLETQFF,TRBV28*01,None,TRBJ2-5*01,1
706,CASGLGTLETRYF,TRBV28*01,None,TRBJ2-5*01,1
707,CASGLGTLEYQYF,TRBV28*01,None,TRBJ2-5*01,1
708,CASGLGTLQSRYF,TRBV28*01,None,TRBJ2-5*01,1
709,CASGLRTLETQYF,TRBV28*01,None,TRBJ2-5*01,1
710,CASIIETLETQHF,TRBV28*01,None,TRBJ2-5*01,1
711,CASIYSNYGYTF,TRBV6-6*05,None,TRBJ1-2*01,1
712,CASKLETVETQYF,TRBV28*01,None,TRBJ2-5*01,1
713,CASKLGPLEAQYF,TRBV28*01,None,TRBJ2-5*01,1
714,CASKLGTLATQYF,TRBV28*01,None,TRBJ2-5*01,1
715,CASLLGTLATQYF,TRBV28*01,None,TRBJ2-5*01,1
716,CASKLGTLESQYF,TRBV28*01,None,TRBJ2-5*01,1
717,CASKLGTLETHYF,TRBV28*01,None,TRBJ2-5*01,1
718,CASKLGTLETKYF,TRBV28*01,None,TRBJ2-5*01,1
719,CASKLGTLETLYF,TRBV28*01,None,TRBJ2-5*01,1
720,CASKLGTLETQYF,TRBV25-1*01,None,TRBJ2-5*01,1
721,CASKLGTLETQYF,TRBV6-6*05,None,TRBJ2-5*01,1
722,CASKLGTLKTQNF,TRBV28*01,None,TRBJ2-5*01,1
723,CASKLGTRETQYF,TRBV28*01,None,TRBJ2-5*01,1
724,CASKLRTLETQYF,TRBV28*01,None,TRBJ2-5*01,1
725,CASKLVTLETQYF,TRBV28*01,None,TRBJ2-5*01,1
726,CASKQGTLETEYF,TRBV6-6*05,None,TRBJ2-5*01,1
727,CASLLGTIETHYF,TRBV28*01,None,TRBJ2-5*01,1
728,CASRGGILETQYF,TRBV28*01,None,TRBJ2-5*01,1
729,CASRGGTLETQYF,TRBV28*01,None,TRBJ2-5*01,1
730,CASRIETLETQYF,TRBV28*01,None,TRBJ2-5*01,1
731,CASRLGALETQHF,TRBV28*01,None,TRBJ2-5*01,1
732,CASRLETLDTQYF,TRBV28*01,None,TRBJ2-5*01,1
733,CASRLETLETQCF,TRBV28*01,None,TRBJ2-5*01,1
734,CASRLETLETQYF,TRBV5-4*01,None,TRBJ2-5*01,1
735,CASRLETLETQYF,TRBV7-8*03,None,TRBJ2-5*01,1
736,CASRLETLGTEYF,TRBV28*01,None,TRBJ2-5*01,1
737,CASRLETLQTQYF,TRBV28*01,None,TRBJ2-5*01,1
738,CASRLETLVSLYF,TRBV27*01,None,TRBJ2-5*01,1
739,CASRLETQDTQYF,TRBV28*01,None,TRBJ2-5*01,1
740,CASRLETRETQYF,TRBV28*01,None,TRBJ2-5*01,1
741,CASRLGALEIQYF,TRBV28*01,None,TRBJ2-5*01,1
742,CASRLGALESQSF,TRBV12-4*01,None,TRBJ2-5*01,1
743,CASRLGALETAYF,TRBV28*01,None,TRBJ2-5*01,1
744,CASRLGALETQNF,TRBV28*01,None,TRBJ2-5*01,1
745,CASRIGGTCLLEKQFF,TRBV19*03,None,TRBJ2-1*01,1
746,CASRLGALETQYF,TRBV11-1*01,None,TRBJ2-5*01,1
747,CASRLGALETQYF,TRBV6-6*03,None,TRBJ2-5*01,1
748,CASRLGALQTQYF,TRBV28*01,None,TRBJ2-5*01,1
749,CASRLGAPEAQYF,TRBV28*01,None,TRBJ2-5*01,1
750,CASRLGHLETKYF,TRBV28*01,None,TRBJ2-5*01,1
751,CASRLGILATQYF,TRBV28*01,None,TRBJ2-5*01,1
752,CASRLGILEAQYF,TRBV28*01,None,TRBJ2-5*01,1
753,CASRLGILENQYF,TRBV28*01,None,TRBJ2-5*01,1
754,CASRLGILETQNF,TRBV28*01,None,TRBJ2-5*01,1
755,CASRLGILETQYF,TRBV5-8*02,None,TRBJ2-5*01,1
756,CASRLGILETRYF,TRBV28*01,None,TRBJ2-5*01,1
757,CASRLGISDTQYF,TRBV28*01,None,TRBJ2-5*01,1
758,CASRLDPLETLYF,TRBV28*01,None,TRBJ2-5*01,1
759,CASRLCTLEPQYF,TRBV28*01,None,TRBJ2-5*01,1
760,CASRLATLKTQYF,TRBV28*01,None,TRBJ2-5*01,1
761,CASRLATLETQYF,TRBV6-6*05,None,TRBJ2-5*01,1
762,CASRIGGTGLRGEQFF,TRBV19*03,None,TRBJ2-1*01,1
763,CASRIGGTGQRGEQLF,TRBV19*01,None,TRBJ2-1*01,1
764,CASRIGKLETQYF,TRBV28*01,None,TRBJ2-5*01,1
765,CASRIGMQANDYF,TRBV28*01,None,TRBJ2-5*01,1
766,CASRIGNLETQYF,TRBV28*01,None,TRBJ2-5*01,1
767,CASRIGPLETQYF,TRBV28*01,None,TRBJ2-5*01,1
768,CASRIGSLESQYF,TRBV28*01,None,TRBJ2-5*01,1
769,CASRIGSTGLRGEHFF,TRBV19*03,None,TRBJ2-1*01,1
770,CASRIGTLETKYF,TRBV28*01,None,TRBJ2-5*01,1
771,CASRIGTLETQDF,TRBV28*01,None,TRBJ2-5*01,1
772,CASRIGTLETQHF,TRBV28*01,None,TRBJ2-5*01,1
773,CASRIGTLETQNF,TRBV28*01,None,TRBJ2-5*01,1
774,CASRIGTLETQYF,TRBV11-3*03,None,TRBJ2-5*01,1
775,CASRIGTLETQYF,TRBV6-6*03,None,TRBJ2-5*01,1
776,CASRIGTVETQYF,TRBV28*01,None,TRBJ2-5*01,1
777,CASRIVTLETQYF,TRBV28*01,None,TRBJ2-5*01,1
778,CASRIVTLETRYF,TRBV28*01,None,TRBJ2-5*01,1
779,CASRIWNREPLYF,TRBV6-6*04,None,TRBJ2-5*01,1
780,CASRIWTLETQYF,TRBV28*01,None,TRBJ2-5*01,1
781,CASRKGTLETQYF,TRBV28*01,None,TRBJ2-5*01,1
782,CASRLAPLETQYF,TRBV11-3*03,None,TRBJ2-5*01,1
783,CASRLASLETQNF,TRBV6-6*05,None,TRBJ2-5*01,1
784,CASRLATLETNYF,TRBV7-9*01,None,TRBJ2-3*01,1
785,CASRLATLETQDF,TRBV28*01,None,TRBJ2-5*01,1
786,CASRLATLETQYF,TRBV11-2*02,None,TRBJ2-5*01,1
787,CASCLGTLETQYF,TRBV28*01,None,TRBJ2-5*01,1
788,CARWLVTLETQYF,TRBV28*01,None,TRBJ2-5*01,1
789,CASRLGIVETQYF,TRBV6-2*01,None,TRBJ2-5*01,1
790,CAIRLRTLENQYF,TRBV28*01,None,TRBJ2-5*01,1
791,CAIRLGTLATQYF,TRBV28*01,None,TRBJ2-5*01,1
792,CAIRLGTLDTQYF,TRBV28*01,None,TRBJ2-5*01,1
793,CAIRLGTLEIQYF,TRBV28*01,None,TRBJ2-5*01,1
794,CAIRLGTLETHYF,TRBV28*01,None,TRBJ2-5*01,1
795,CAIRLGTLETQYF,TRBV10-3*01,None,TRBJ2-5*01,1
796,CAIRLGTLETQYF,TRBV10-3*02,None,TRBJ2-5*01,1
797,CAIRLGTLETQYF,TRBV28*01,None,TRBJ2-3*01,1
798,CAIRLGTLETQYF,TRBV6-6*05,None,TRBJ2-5*01,1
799,CAIRLGTLETQYF,TRBV7-9*07,None,TRBJ2-5*01,1
800,CAIRLGTLGTQYF,TRBV28*01,None,TRBJ2-5*01,1
801,CAIRLGTPETQYF,TRBV28*01,None,TRBJ2-5*01,1
802,CAIRLGTVENHYF,TRBV28*01,None,TRBJ2-5*01,1
803,CAIRLVTLETQYF,TRBV28*01,None,TRBJ2-5*01,1
804,CAIRLGTIETQYF,TRBV28*01,None,TRBJ2-5*01,1
805,CAIRLWTLETQYF,TRBV6-6*05,None,TRBJ2-5*01,1
806,CAISFGTGFYEQYF,TRBV11-2*03,None,TRBJ2-7*01,1
807,CAISLGALETQYF,TRBV28*01,None,TRBJ2-5*01,1
808,CAISYSNYGYTF,TRBV10-3*02,None,TRBJ1-2*01,1
809,CAISYSNYGYTF,TRBV6-6*03,None,TRBJ1-2*01,1
810,CAITPGATGRQLYF,TRBV25-1*01,None,TRBJ2-7*01,1
811,CAITYSNYVYTF,TRBV6-6*03,None,TRBJ1-2*01,1
812,CAMTPGAAEREKYF,TRBV25-1*01,None,TRBJ2-7*01,1
813,CANGLGPLETHYF,TRBV28*01,None,TRBJ2-5*01,1
814,CANGLGTLETQYF,TRBV28*01,None,TRBJ2-5*01,1
815,CANGQGTSYEQYF,TRBV2*02,None,TRBJ2-7*01,1
816,CANMLGTLETHYF,TRBV28*01,None,TRBJ2-5*01,1
817,CAIRLGTIETQYF,TRBV3-1*02,None,TRBJ2-5*01,1
818,CAIRLGSLEAQYF,TRBV10-3*01,None,TRBJ2-5*01,1
819,CARWLGTLETQFF,TRBV6-6*05,None,TRBJ2-5*01,1
820,CADRLGTLETQYF,TRBV28*01,None,TRBJ2-5*01,1
821,CACRIGPLGTQFF,TRBV28*01,None,TRBJ2-5*01,1
822,CACRLGHLETQYF,TRBV28*01,None,TRBJ2-5*01,1
823,CACRLGPLENQYF,TRBV28*01,None,TRBJ2-5*01,1
824,CACRLGTIETHYF,TRBV28*01,None,TRBJ2-5*01,1
825,CACRLGTLESQYF,TRBV28*01,None,TRBJ2-5*01,1
826,CACRLGTLETKYF,TRBV28*01,None,TRBJ2-5*01,1
827,CACRLGTLETLYF,TRBV6-6*03,None,TRBJ2-5*01,1
828,CACRLGTLETQYF,TRBV28*01,None,TRBJ2-3*01,1
829,CACRLGTLVTQYF,TRBV28*01,None,TRBJ2-5*01,1
830,CACRLVTLETQYF,TRBV28*01,None,TRBJ2-5*01,1
831,CACRLVTLVTQYF,TRBV28*01,None,TRBJ2-5*01,1
832,CACWLGTIELQYF,TRBV28*01,None,TRBJ2-1*01,1
833,CAFRLGTPDTQYF,TRBV28*01,None,TRBJ2-5*01,1
834,CAIRLGAVVTKDF,TRBV28*01,None,TRBJ2-5*01,1
835,CAGGLGTLETQYF,TRBV28*01,None,TRBJ2-5*01,1
836,CAGGLGTLVHQYF,TRBV28*01,None,TRBJ2-5*01,1
837,CAGKRGSLETQDF,TRBV28*01,None,TRBJ2-5*01,1
838,CAGRLGILETQYF,TRBV28*01,None,TRBJ2-5*01,1
839,CAGRLGTLETKYF,TRBV28*01,None,TRBJ2-5*01,1
840,CAGRLGTLETQYF,TRBV6-6*05,None,TRBJ2-1*01,1
841,CAGRLGTLETRYF,TRBV28*01,None,TRBJ2-5*01,1
842,CAGRWDRFPVNSPLHF,TRBV7-8*03,None,TRBJ1-6*01,1
843,CAGSFGTGSYEQYF,TRBV11-3*02,None,TRBJ2-7*01,1
844,CAGSLGTGAYDQYF,TRBV7-3*04,None,TRBJ2-7*01,1
845,CAIKLGTLETQYF,TRBV28*01,None,TRBJ2-5*01,1
846,CAINFSTGSANYSYTF,TRBV12-4*02,None,TRBJ1-2*01,1
847,CANMLGTLETQYF,TRBV28*01,None,TRBJ2-5*01,1
848,CANMLGTRETQYF,TRBV28*01,None,TRBJ2-5*01,1
849,CANMLVALETQYF,TRBV28*01,None,TRBJ2-5*01,1
850,CARRLGTLGPQYF,TRBV28*01,None,TRBJ2-5*01,1
851,CARRLGPLGTKYF,TRBV28*01,None,TRBJ2-5*01,1
852,CARRLGTIETQYF,TRBV28*01,None,TRBJ2-5*01,1
853,CARRLGTLATQYF,TRBV28*01,None,TRBJ2-5*01,1
854,CARRLGTLDTHYF,TRBV28*01,None,TRBJ2-1*01,1
855,CARRLGTLEPKYF,TRBV28*01,None,TRBJ2-5*01,1
856,CARRLGTLESQYF,TRBV28*01,None,TRBJ2-5*01,1
857,CARRLGTLETEYF,TRBV28*01,None,TRBJ2-5*01,1
858,CARRLGTLETHYF,TRBV28*01,None,TRBJ2-5*01,1
859,CARRLGTLETLYF,TRBV28*01,None,TRBJ2-5*01,1
860,CARRLGTLETQDF,TRBV28*01,None,TRBJ2-5*01,1
861,CARRLGTLETQYF,TRBV6-6*03,None,TRBJ2-5*01,1
862,CARRLGTLETRYF,TRBV28*01,None,TRBJ2-5*01,1
863,CARRLGTLVTQYF,TRBV28*01,None,TRBJ2-5*01,1
864,CANRIGPLETQYF,TRBV28*01,None,TRBJ2-5*01,1
865,CARRPGALETQYF,TRBV28*01,None,TRBJ2-5*01,1
866,CARRPGILETQYF,TRBV28*01,None,TRBJ2-5*01,1
867,CARRPGTLETQYF,TRBV28*01,None,TRBJ2-5*01,1
868,CARRRGTLKTRYF,TRBV28*01,None,TRBJ2-5*01,1
869,CARSFFTCSANYGNSF,TRBV12-4*02,None,TRBJ1-2*01,1
870,CARSGMEGQRALYGYTF,TRBV28*01,None,TRBJ1-2*01,1
871,CARSIGGTGLRGEQFF,TRBV19*03,None,TRBJ2-1*01,1
872,CARSIGGTVLRGQQCF,TRBV19*03,None,TRBJ2-5*01,1
873,CARSLGTIETQYF,TRBV28*01,None,TRBJ2-5*01,1
874,CARSQVDFQETQYF,TRBV3-1*02,None,TRBJ2-5*01,1
875,CARSRGTRKTQYF,TRBV28*01,None,TRBJ2-5*01,1
876,CARTLGPLETQYF,TRBV28*01,None,TRBJ2-5*01,1
877,CARRLGPLETQYF,TRBV7-7*02,None,TRBJ2-5*01,1
878,CARRLGPLETQYF,TRBV28*01,None,TRBJ2-5*01,1
879,CARRLGILETQYF,TRBV28*01,None,TRBJ2-5*01,1
880,CARRLGALATQYF,TRBV28*01,None,TRBJ2-5*01,1
881,CANRIGTLETHFF,TRBV28*01,None,TRBJ2-5*01,1
882,CANRIGTLETQYF,TRBV28*01,None,TRBJ2-5*01,1
883,CANRLATLETQYF,TRBV28*01,None,TRBJ2-5*01,1
884,CANRLGPLANQYF,TRBV28*01,None,TRBJ2-5*01,1
885,CANRLGTIETQYF,TRBV28*01,None,TRBJ2-5*01,1
886,CANRLGTLEIQYF,TRBV28*01,None,TRBJ2-5*01,1
887,CANRLGTLETKYF,TRBV28*01,None,TRBJ2-5*01,1
888,CANRLGTLETQNF,TRBV28*01,None,TRBJ2-5*01,1
889,CANRLGTLETQSF,TRBV28*01,None,TRBJ2-5*01,1
890,CANRLGTLETQYF,TRBV11-3*03,None,TRBJ2-5*01,1
891,CANRLGTLETRYF,TRBV28*01,None,TRBJ2-5*01,1
892,CANRLGTLGTQYF,TRBV28*01,None,TRBJ2-5*01,1
893,CANRLGTPETQYF,TRBV28*01,None,TRBJ2-5*01,1
894,CANRLGTVETQYF,TRBV28*01,None,TRBJ2-5*01,1
895,CANRLRTLETQYF,TRBV28*01,None,TRBJ2-5*01,1
896,CANRYSKYGYTF,TRBV6-4*01,None,TRBJ1-2*01,1
897,CANSLGTLETQYF,TRBV28*01,None,TRBJ2-5*01,1
898,CANSQVDFQETQYF,TRBV3-1*02,None,TRBJ2-5*01,1
899,CANSYSNYGYTF,TRBV6-6*03,None,TRBJ1-2*01,1
900,CARLGTLGTQYF,TRBV28*01,None,TRBJ2-5*01,1
901,CARLGTLVIHYF,TRBV28*01,None,TRBJ2-5*01,1
902,CARMLGTLDTQYF,TRBV28*01,None,TRBJ2-5*01,1
903,CARMLGTLETQYF,TRBV5-3*02,None,TRBJ2-5*01,1
904,CARRIATLETQYF,TRBV5-3*02,None,TRBJ2-5*01,1
905,CARRLETLETKYF,TRBV28*01,None,TRBJ2-5*01,1
906,CASRLGIVDTQYF,TRBV28*01,None,TRBJ2-7*01,1
907,CASRLGMLATQYF,TRBV28*01,None,TRBJ2-5*01,1
908,CASRQVTLEIQYF,TRBV28*01,None,TRBJ2-5*01,1
909,CASRLGTVETQYF,TRBV3-1*02,None,TRBJ2-5*01,1
910,CASRLGTPETQYF,TRBV6-6*03,None,TRBJ2-5*01,1
911,CASRLGTPETQYF,TRBV7-9*03,None,TRBJ2-5*01,1
912,CASRLGTRETKYF,TRBV28*01,None,TRBJ2-5*01,1
913,CASRLGTRETQNF,TRBV28*01,None,TRBJ2-5*01,1
914,CASRLGTRETQYF,TRBV6-6*03,None,TRBJ2-5*01,1
915,CASRLGTTETKYF,TRBV28*01,None,TRBJ2-5*01,1
916,CASRLGTTGTQYF,TRBV28*01,None,TRBJ2-3*01,1
917,CACGLGTLETQYF,TRBV28*01,None,TRBJ2-5*01,1
918,CASRLGTVEAQYF,TRBV28*01,None,TRBJ2-5*01,1
919,CASRLGTVEKQYF,TRBV28*01,None,TRBJ2-5*01,1
920,CASRLGTVENQYF,TRBV28*01,None,TRBJ2-5*01,1
921,CASRLGTVETHYF,TRBV28*01,None,TRBJ2-5*01,1
922,CASRLGTVETQYF,TRBV7-9*01,None,TRBJ2-5*01,1
923,CASRLGTPETQCF,TRBV28*01,None,TRBJ2-5*01,1
924,CASRLGTVGTQCF,TRBV28*01,None,TRBJ2-5*01,1
925,CASRLGTVGTQYF,TRBV28*01,None,TRBJ2-5*01,1
926,CASRLGTVQTQYF,TRBV28*01,None,TRBJ2-7*01,1
927,CASRLGYLETQYF,TRBV28*01,None,TRBJ2-5*01,1
928,CASRLPPLETQYF,TRBV28*01,None,TRBJ2-5*01,1
929,CASRLPTLETQYF,TRBV28*01,None,TRBJ2-5*01,1
930,CASRLRNLETQYF,TRBV28*01,None,TRBJ2-5*01,1
931,CASRLRNQETQYF,TRBV28*01,None,TRBJ2-5*01,1
932,CASRLRPLETQYF,TRBV11-3*03,None,TRBJ2-5*01,1
933,CASRLRTIETQYF,TRBV28*01,None,TRBJ2-5*01,1
934,CASRLRTLDTQYF,TRBV28*01,None,TRBJ2-5*01,1
935,CASRLRTLDTQYF,TRBV6-6*05,None,TRBJ2-5*01,1
936,CASRLGTPETQYF,TRBV23-1*01,None,TRBJ2-5*01,1
937,CASRLGTPETLYF,TRBV28*01,None,TRBJ2-5*01,1
938,CASRLGTLETRYF,TRBV11-1*01,None,TRBJ2-5*01,1
939,CASRLGTLKTQSF,TRBV28*01,None,TRBJ2-5*01,1
940,CASRLGTLGAQYF,TRBV28*01,None,TRBJ2-5*01,1
941,CASRLGTLGTQSF,TRBV28*01,None,TRBJ2-5*01,1
942,CASRLGTLGTQYF,TRBV11-1*01,None,TRBJ2-5*01,1
943,CASRLGTLGTQYF,TRBV28*01,None,TRBJ2-7*01,1
944,CASRLGTLGTQYF,TRBV5-4*01,None,TRBJ2-5*01,1
945,CASRLGTLGTQYF,TRBV5-8*02,None,TRBJ2-5*01,1
946,CASRLGTLGTQYF,TRBV7-9*03,None,TRBJ2-5*01,1
947,CASRLGTLGTQYF,TRBV7-9*07,None,TRBJ2-5*01,1
948,CASRLGTLKDQFF,TRBV28*01,None,TRBJ2-5*01,1
949,CASRLGTLKSQYF,TRBV28*01,None,TRBJ2-5*01,1
950,CASRLGTLKTHYF,TRBV28*01,None,TRBJ2-5*01,1
951,CASRLGTLKTQHF,TRBV28*01,None,TRBJ2-5*01,1
952,CASRLGTLKTQYF,TRBV5-5*01,None,TRBJ2-5*01,1
953,CASRLGTPEPQYF,TRBV28*01,None,TRBJ2-5*01,1
954,CASRLGTLKTQYF,TRBV7-9*01,None,TRBJ2-5*01,1
955,CASRLGTLKTRYF,TRBV28*01,None,TRBJ2-5*01,1
956,CASRLGTLQAQYF,TRBV28*01,None,TRBJ2-5*01,1
957,CASRLGTLQNQYF,TRBV28*01,None,TRBJ2-5*01,1
958,CASRLGTLQPLYF,TRBV28*01,None,TRBJ2-5*01,1
959,CASRLGTLQSQYF,TRBV28*01,None,TRBJ2-5*01,1
960,CASRLGTLQSRYF,TRBV28*01,None,TRBJ2-5*01,1
961,CASRLGTLQTQYF,TRBV28*01,None,TRBJ2-1*01,1
962,CASRLGTLVIQYF,TRBV28*01,None,TRBJ2-5*01,1
963,CASRLGTLVTKYF,TRBV28*01,None,TRBJ2-5*01,1
964,CASRLGTLVTQYF,TRBV6-6*03,None,TRBJ2-5*01,1
965,CASRLGTMGTQYF,TRBV6-6*03,None,TRBJ2-5*01,1
966,CASRLRTLEIQYF,TRBV28*01,None,TRBJ2-5*01,1
967,CASRLRTLESQYF,TRBV28*01,None,TRBJ2-5*01,1
968,CASRLRTLETHYF,TRBV28*01,None,TRBJ2-5*01,1
969,CASRPGTLETKYF,TRBV28*01,None,TRBJ2-5*01,1
970,CASRLWTLETQNF,TRBV28*01,None,TRBJ2-5*01,1
971,CASRLWTLETQYF,TRBV28*01,None,TRBJ2-7*01,1
972,CASRLWTLGTQYF,TRBV28*01,None,TRBJ2-5*01,1
973,CASRLWTLVTQYF,TRBV28*01,None,TRBJ2-5*01,1
974,CASRMGTLETQYF,TRBV28*01,None,TRBJ2-5*01,1
975,CASRPGILETQYF,TRBV28*01,None,TRBJ2-5*01,1
976,CASRPGSLDTQYF,TRBV28*01,None,TRBJ2-5*01,1
977,CASRPGTIETQYF,TRBV28*01,None,TRBJ2-5*01,1
978,CASRPGTLATQYF,TRBV28*01,None,TRBJ2-5*01,1
979,CASRPGTLDTQYF,TRBV28*01,None,TRBJ2-5*01,1
980,CASRPGTLEAQYF,TRBV28*01,None,TRBJ2-5*01,1
981,CASRPGTLEPQYF,TRBV28*01,None,TRBJ2-5*01,1
982,CASRPGTLETLSF,TRBV28*01,None,TRBJ2-5*01,1
983,CASRLRTLETLYF,TRBV28*01,None,TRBJ2-5*01,1
984,CASRPGTLETQYF,TRBV3-1*02,None,TRBJ2-5*01,1
985,CASRPGTLETQYF,TRBV7-9*04,None,TRBJ2-5*01,1
986,CASRPGTLGTQYF,TRBV28*01,None,TRBJ2-5*01,1
987,CASRPGTLQTQYF,TRBV28*01,None,TRBJ2-5*01,1
988,CASRPGTPETQYF,TRBV28*01,None,TRBJ2-5*01,1
989,CASRPRTLETQYF,TRBV28*01,None,TRBJ2-5*01,1
990,CASRQGTLETQNF,TRBV28*01,None,TRBJ2-5*01,1
991,CASRQGTLGPQYF,TRBV28*01,None,TRBJ2-5*01,1
992,CASRQGTLKTQYF,TRBV28*01,None,TRBJ2-5*01,1
993,CASRQGTVENQYF,TRBV28*01,None,TRBJ2-5*01,1
994,CASRQRTLETQYF,TRBV28*01,None,TRBJ2-5*01,1
995,CASRQVSREPQHF,TRBV6-6*05,None,TRBJ1-5*01,1
996,CASRLWTLETKYF,TRBV28*01,None,TRBJ2-5*01,1
997,CASRLWTLEPQYF,TRBV28*01,None,TRBJ2-5*01,1
998,CASRLWTLEIQYF,TRBV28*01,None,TRBJ2-5*01,1
999,CASRLWTLEAQYF,TRBV28*01,None,TRBJ2-5*01,1
1000,CASRLRTLETQYF,TRBV7-2*02,None,TRBJ2-5*01,1
1001,CASRLRTPETQYF,TRBV28*01,None,TRBJ2-5*01,1
1002,CASRLSNLETQNF,TRBV28*01,None,TRBJ2-5*01,1
1003,CASRLVAIETQYF,TRBV28*01,None,TRBJ2-5*01,1
1004,CASRLVPLETQYF,TRBV28*01,None,TRBJ2-5*01,1
1005,CASRLVSLETQYF,TRBV28*01,None,TRBJ2-5*01,1
1006,CASRLVTIETQYF,TRBV28*01,None,TRBJ2-5*01,1
1007,CASRLVTLATQYF,TRBV28*01,None,TRBJ2-5*01,1
1008,CASRLVTLEAQYF,TRBV28*01,None,TRBJ2-5*01,1
1009,CASRLVTLEIQYF,TRBV28*01,None,TRBJ2-5*01,1
1010,CASRLVTLEPQYF,TRBV28*01,None,TRBJ2-5*01,1
1011,CASRLVTLETHYF,TRBV28*01,None,TRBJ2-5*01,1
1012,CASRLVTLETKYF,TRBV28*01,None,TRBJ2-5*01,1
1013,CASRLVTLETQCF,TRBV28*01,None,TRBJ2-5*01,1
1014,CASRLVTLETQDF,TRBV28*01,None,TRBJ2-5*01,1
1015,CASRLVTLETQHF,TRBV28*01,None,TRBJ2-5*01,1
1016,CASRLVTLETQYF,TRBV28*01,None,TRBJ2-6*01,1
1017,CASRLVTLETRYF,TRBV28*01,None,TRBJ2-5*01,1
1018,CASRLVTLPVQYF,TRBV15*02,None,TRBJ2-5*01,1
1019,CASRLWALETQYF,TRBV28*01,None,TRBJ2-5*01,1
1020,CASRLWNLETQHF,TRBV28*01,None,TRBJ2-5*01,1
1021,CASRLWSLETQDF,TRBV28*01,None,TRBJ2-5*01,1
1022,CASRLWTIETQYF,TRBV28*01,None,TRBJ2-5*01,1
1023,CASRLWTIQTQYF,TRBV28*01,None,TRBJ2-5*01,1
1024,CASRLWTLAPQYF,TRBV28*01,None,TRBJ2-5*01,1
1025,CASRLGTLEYQYF,TRBV28*01,None,TRBJ2-5*01,1
1026,CASRLGTLETRHF,TRBV28*01,None,TRBJ2-5*01,1
1027,CASRLGNIEPQYF,TRBV28*01,None,TRBJ2-5*01,1
1028,CASRLGTLDTQHF,TRBV28*01,None,TRBJ2-5*01,1
1029,CASRLGTIETEYF,TRBV28*01,None,TRBJ2-5*01,1
1030,CASRLGTIETKYF,TRBV28*01,None,TRBJ2-5*01,1
1031,CASRLGTIETPYF,TRBV28*01,None,TRBJ2-5*01,1
1032,CASRLGTIETQHF,TRBV28*01,None,TRBJ2-5*01,1
1033,CASRLGTIETTYF,TRBV28*01,None,TRBJ2-3*01,1
1034,CASRLGTIQTQYF,TRBV28*01,None,TRBJ2-5*01,1
1035,CASRLGTLAAQYF,TRBV28*01,None,TRBJ2-5*01,1
1036,CASRLGTLAHQYF,TRBV6-6*05,None,TRBJ2-5*01,1
1037,CASRLGTLAIQYF,TRBV28*01,None,TRBJ2-5*01,1
1038,CASRLGTLANQYF,TRBV28*01,None,TRBJ2-5*01,1
1039,CASRLGTLATLSF,TRBV28*01,None,TRBJ2-5*01,1
1040,CASRLGTLDNQYF,TRBV28*01,None,TRBJ2-5*01,1
1041,CASRLGTLDTQYF,TRBV19*01,None,TRBJ2-5*01,1
1042,CASRLGSVETQYF,TRBV28*01,None,TRBJ2-5*01,1
1043,CASRLGTLDTQYF,TRBV25-1*01,None,TRBJ2-5*01,1
1044,CASRLGTLDTQYF,TRBV6-6*03,None,TRBJ2-5*01,1
1045,CASRLGTLDTQYF,TRBV7-7*02,None,TRBJ2-5*01,1
1046,CASRLGTLEAPYF,TRBV28*01,None,TRBJ2-5*01,1
1047,CASRLGTLEAQYF,TRBV4-1*02,None,TRBJ2-5*01,1
1048,CASRLGTLECQYF,TRBV28*01,None,TRBJ2-5*01,1
1049,CASRLGTLEGQYF,TRBV28*01,None,TRBJ2-7*01,1
1050,CASRLGTLEHHYF,TRBV28*01,None,TRBJ2-5*01,1
1051,CASRLGTLEHQYF,TRBV28*01,None,TRBJ2-5*01,1
1052,CASRLGTLEIKYF,TRBV28*01,None,TRBJ2-5*01,1
1053,CASRLGTLEIQDF,TRBV28*01,None,TRBJ2-5*01,1
1054,CASRLGTLEIQDF,TRBV7-9*04,None,TRBJ2-5*01,1
1055,CASRLGTIDTQYF,TRBV6-6*03,None,TRBJ2-5*01,1
1056,CASRLGSPKTQYF,TRBV28*01,None,TRBJ2-5*01,1
1057,CASRLGTLETQYF,TRBV7-7*01,None,TRBJ2-5*01,1
1058,CASRLGPLGPQYF,TRBV28*01,None,TRBJ2-5*01,1
1059,CASRLGNIETQYF,TRBV28*01,None,TRBJ2-5*01,1
1060,CASRLGNIKTQYF,TRBV28*01,None,TRBJ2-5*01,1
1061,CASRLGNLETKYF,TRBV28*01,None,TRBJ2-5*01,1
1062,CASRLGNLETQNF,TRBV28*01,None,TRBJ2-5*01,1
1063,CASRLGNLETQYF,TRBV11-3*03,None,TRBJ2-5*01,1
1064,CASRLGNLETQYF,TRBV6-6*05,None,TRBJ2-5*01,1
1065,CASRLGNLGTQYF,TRBV28*01,None,TRBJ2-5*01,1
1066,CASRLGNLKTQNF,TRBV28*01,None,TRBJ2-5*01,1
1067,CASRLGNTGTQYF,TRBV19*03,None,TRBJ2-3*01,1
1068,CASRLGPLEAQYF,TRBV28*01,None,TRBJ2-5*01,1
1069,CASRLGPLETHYF,TRBV28*01,None,TRBJ2-5*01,1
1070,CASRLGPLGALYF,TRBV28*01,None,TRBJ2-5*01,1
1071,CASRLGPLGTQYF,TRBV6-6*05,None,TRBJ2-5*01,1
1072,CASRLGSPETQYF,TRBV28*01,None,TRBJ2-5*01,1
1073,CASRLGRLETQYF,TRBV28*01,None,TRBJ2-5*01,1
1074,CASRLGSIGTQYF,TRBV28*01,None,TRBJ2-7*01,1
1075,CASRLGSLATQYF,TRBV28*01,None,TRBJ2-5*01,1
1076,CASRLGSLEIQCF,TRBV28*01,None,TRBJ2-5*01,1
1077,CASRLGSLENQYF,TRBV28*01,None,TRBJ2-5*01,1
1078,CASRLGSLETHYF,TRBV28*01,None,TRBJ2-5*01,1
1079,CASRLGSLETKYF,TRBV28*01,None,TRBJ2-5*01,1
1080,CASRLGSLETQHF,TRBV28*01,None,TRBJ2-5*01,1
1081,CASRLGSLETQYF,TRBV3-1*02,None,TRBJ2-5*01,1
1082,CASRLGSLETTYF,TRBV28*01,None,TRBJ2-5*01,1
1083,CASRLGSLKTQYF,TRBV28*01,None,TRBJ2-5*01,1
1084,CASRLGSLLTQYF,TRBV28*01,None,TRBJ2-5*01,1
1085,CASRLGTLEIQHF,TRBV28*01,None,TRBJ2-5*01,1
1086,CASRLGTLEIQSF,TRBV28*01,None,TRBJ2-5*01,1
1087,CASRLGTLEIRYF,TRBV28*01,None,TRBJ2-5*01,1
1088,CASRLGTLETQYF,TRBV16*01,None,TRBJ2-5*01,1
1089,CASRLGTLETPYF,TRBV28*01,None,TRBJ2-7*01,1
1090,CASRLGTLETQGF,TRBV28*01,None,TRBJ2-5*01,1
1091,CASRLGTLETQHF,TRBV28*01,None,TRBJ2-1*01,1
1092,CASRLGTLETQHF,TRBV3-1*02,None,TRBJ2-5*01,1
1093,CASRLGTLETQNF,TRBV28*01,None,TRBJ2-1*01,1
1094,CASRLGTLETQNF,TRBV6-6*05,None,TRBJ2-5*01,1
1095,CASRLGTLETQSF,TRBV7-1*01,None,TRBJ2-5*01,1
1096,CASRLGTLETQTF,TRBV28*01,None,TRBJ2-5*01,1
1097,CASRLGTLETQYF,TRBV11-2*02,None,TRBJ2-5*01,1
1098,CASRLGTLETQYF,TRBV11-3*02,None,TRBJ2-5*01,1
1099,CASRLGTLETQYF,TRBV12-4*01,None,TRBJ2-5*01,1
1100,CASRLGTLETQYF,TRBV12-4*02,None,TRBJ2-5*01,1
1101,CASRLGTLETQYF,TRBV19*03,None,TRBJ2-5*01,1
1102,CASRLGTLEKQYF,TRBV28*01,None,TRBJ2-5*01,1
1103,CASRLGTLETQYF,TRBV2*02,None,TRBJ2-5*01,1
1104,CASRLGTLETQYF,TRBV27*01,None,TRBJ2-5*01,1
1105,CASRLGTLETQYF,TRBV28*01,None,TRBJ2-3*01,1
1106,CASRLGTLETQYF,TRBV4-3*02,None,TRBJ2-5*01,1
1107,CASRLGTLETQYF,TRBV5-4*03,None,TRBJ2-5*01,1
1108,CASRLGTLETQYF,TRBV5-8*02,None,TRBJ2-5*01,1
1109,CASRLGTLETQYF,TRBV6-2*01,None,TRBJ2-5*01,1
1110,CASRLGTLETQYF,TRBV6-4*01,None,TRBJ2-5*01,1
1111,CASRLGTLETQYF,TRBV6-6*03,None,TRBJ2-7*01,1
1112,CASRLGTLETQYF,TRBV6-7*01,None,TRBJ2-5*01,1
1113,CASRLGTLETQYF,TRBV6-9*01,None,TRBJ2-5*01,1
1114,CASRLGTLETQYF,TRBV7-6*02,None,TRBJ2-5*01,1
1115,CASRLGTLETMYF,TRBV28*01,None,TRBJ2-5*01,1
1116,CASRLGTLETLYF,TRBV6-6*05,None,TRBJ2-5*01,1
1117,CASRLGTLETLNF,TRBV28*01,None,TRBJ2-5*01,1
1118,CASRLGTLETLFF,TRBV28*01,None,TRBJ2-5*01,1
1119,CASRLGTLELQYF,TRBV28*01,None,TRBJ2-5*01,1
1120,CASRLGTLEPLYF,TRBV28*01,None,TRBJ2-5*01,1
1121,CASRLGTLEPQHF,TRBV2*02,None,TRBJ2-5*01,1
1122,CASRLGTLEPQHF,TRBV28*01,None,TRBJ2-5*01,1
1123,CASRLGTLEPQNF,TRBV28*01,None,TRBJ2-5*01,1
1124,CASRLGTLEPQYF,TRBV28*01,None,TRBJ2-1*01,1
1125,CASRLGTLEPQYF,TRBV28*01,None,TRBJ2-7*01,1
1126,CASRLGTLEPQYF,TRBV6-6*05,None,TRBJ2-5*01,1
1127,CASRLGTLESHYF,TRBV28*01,None,TRBJ2-5*01,1
1128,CASRLGTLESKYF,TRBV28*01,None,TRBJ2-5*01,1
1129,CASRLGTLESRYF,TRBV28*01,None,TRBJ2-5*01,1
1130,CASRLGTLETAYF,TRBV28*01,None,TRBJ2-5*01,1
1131,CASRLGTLETFYF,TRBV28*01,None,TRBJ2-5*01,1
1132,CASRLGTLETHHF,TRBV28*01,None,TRBJ2-5*01,1
1133,CASRLGTLETHSF,TRBV28*01,None,TRBJ2-5*01,1
1134,CASRLGTLETHYF,TRBV25-1*01,None,TRBJ2-5*01,1
1135,CASRLGTLETHYF,TRBV28*01,None,TRBJ2-7*01,1
1136,CASRLGTLETHYF,TRBV5-4*04,None,TRBJ2-5*01,1
1137,CASRLGTLETHYF,TRBV6-6*05,None,TRBJ2-5*01,1
1138,CASRLGTLETIYF,TRBV28*01,None,TRBJ2-5*01,1
1139,CASRLGTLETKCF,TRBV28*01,None,TRBJ2-5*01,1
1140,CASRLGTLETKSF,TRBV28*01,None,TRBJ2-5*01,1
1141,CASRLGTLETKYF,TRBV5-5*01,None,TRBJ2-5*01,1
1142,CASRLGTLETKYF,TRBV6-7*01,None,TRBJ2-5*01,1
1143,CASRLGTLETKYF,TRBV7-9*07,None,TRBJ2-5*01,1
1144,CASRLGTVDTKYF,TRBV28*01,None,TRBJ2-5*01,1
