,CDR3seq,V-region,D-region,J-region,Frequency
1,CASTPGAAEREQYF,TRBV25-1*01,None,TRBJ2-7*01,204925
2,CASTPGAAGREQYF,TRBV25-1*01,None,TRBJ2-7*01,5744
3,CASTPGAAERGQYF,TRBV25-1*01,None,TRBJ2-7*01,499
4,CAGTPGAAEREQYF,TRBV25-1*01,None,TRBJ2-7*01,430
5,CVSTPGAAEREQYF,TRBV25-1*01,None,TRBJ2-7*01,339
6,CASAPGAAEREQYF,TRBV25-1*01,None,TRBJ2-7*01,291
7,CASTPGAAEREQCF,TRBV25-1*01,None,TRBJ2-7*01,251
8,CASTPGAAEREQHF,TRBV25-1*01,None,TRBJ2-7*01,246
9,CASTPGAAERERYF,TRBV25-1*01,None,TRBJ2-7*01,237
10,CARTPGAAEREQYF,TRBV25-1*01,None,TRBJ2-7*01,235
11,CASTPGAAEHEQYF,TRBV25-1*01,None,TRBJ2-7*01,227
12,CASTPGAAECEQYF,TRBV25-1*01,None,TRBJ2-7*01,220
13,CASTPGATEREQYF,TRBV25-1*01,None,TRBJ2-7*01,215
14,CASTPRAAEREQYF,TRBV25-1*01,None,TRBJ2-7*01,204
15,CASTSGAAEREQYF,TRBV25-1*01,None,TRBJ2-7*01,198
16,CASTLGAAEREQYF,TRBV25-1*01,None,TRBJ2-7*01,177
17,CTSTPGAAEREQYF,TRBV25-1*01,None,TRBJ2-7*01,167
18,CASTPGVAEREQYF,TRBV25-1*01,None,TRBJ2-7*01,166
19,CANTPGAAEREQYF,TRBV25-1*01,None,TRBJ2-7*01,157
20,CASTPGAVEREQYF,TRBV25-1*01,None,TRBJ2-7*01,150
21,CASTPWAAEREQYF,TRBV25-1*01,None,TRBJ2-7*01,149
22,CAITPGAAEREQYF,TRBV25-1*01,None,TRBJ2-7*01,146
23,CASTPGAAEREKYF,TRBV25-1*01,None,TRBJ2-7*01,146
24,CASTPGAAKREQYF,TRBV25-1*01,None,TRBJ2-7*01,144
25,CASTPGAAERAQYF,TRBV25-1*01,None,TRBJ2-7*01,144
26,CASTPGAAERDQYF,TRBV25-1*01,None,TRBJ2-7*01,141
27,CASTPGAAERKQYF,TRBV25-1*01,None,TRBJ2-7*01,139
28,CASTPGTAEREQYF,TRBV25-1*01,None,TRBJ2-7*01,137
29,CASTPVAAEREQYF,TRBV25-1*01,None,TRBJ2-7*01,132
30,CASSYSNYGYTF,TRBV6-6*03,None,TRBJ1-2*01,127
31,CASTPEAAEREQYF,TRBV25-1*01,None,TRBJ2-7*01,125
32,CASTPGASEREQYF,TRBV25-1*01,None,TRBJ2-7*01,124
33,CASTPGAAERELYF,TRBV25-1*01,None,TRBJ2-7*01,124
34,CASIPGAAEREQYF,TRBV25-1*01,None,TRBJ2-7*01,121
35,CASTTGAAEREQYF,TRBV25-1*01,None,TRBJ2-7*01,120
36,CASTPGAAEREHYF,TRBV25-1*01,None,TRBJ2-7*01,117
37,CASTPGAAAREQYF,TRBV25-1*01,None,TRBJ2-7*01,110
38,CATTPGAAEREQYF,TRBV25-1*01,None,TRBJ2-7*01,106
39,CASTPAAAEREQYF,TRBV25-1*01,None,TRBJ2-7*01,100
40,CASTPGAAELEQYF,TRBV25-1*01,None,TRBJ2-7*01,99
41,CACTPGAAEREQYF,TRBV25-1*01,None,TRBJ2-7*01,98
42,CSSTPGAAEREQYF,TRBV25-1*01,None,TRBJ2-7*01,93
43,CASTPGAAERVQYF,TRBV25-1*01,None,TRBJ2-7*01,90
44,CASNPGAAEREQYF,TRBV25-1*01,None,TRBJ2-7*01,87
45,CASTPGAAESEQYF,TRBV25-1*01,None,TRBJ2-7*01,86
46,CASSPGAAEREQYF,TRBV25-1*01,None,TRBJ2-7*01,86
47,CASTPGSAEREQYF,TRBV25-1*01,None,TRBJ2-7*01,85
48,CPSTPGAAEREQYF,TRBV25-1*01,None,TRBJ2-7*01,82
49,CASTPGAAEPEQYF,TRBV25-1*01,None,TRBJ2-7*01,80
50,CASTPGAAEGEQYF,TRBV25-1*01,None,TRBJ2-7*01,80
51,CASTPGAAEREPYF,TRBV25-1*01,None,TRBJ2-7*01,76
52,CASTPGGAEREQYF,TRBV25-1*01,None,TRBJ2-7*01,73
53,CASTPGAADREQYF,TRBV25-1*01,None,TRBJ2-7*01,70
54,CASTPGAAEREQYF,TRBV27*01,None,TRBJ2-7*01,70
55,CASTPGDAEREQYF,TRBV25-1*01,None,TRBJ2-7*01,70
56,CASTHGAAEREQYF,TRBV25-1*01,None,TRBJ2-7*01,69
57,CASTPGAAEREQNF,TRBV25-1*01,None,TRBJ2-7*01,68
58,CDSTPGAAEREQYF,TRBV25-1*01,None,TRBJ2-7*01,66
59,CASTPGAAEREQYF,TRBV7-9*05,None,TRBJ2-7*01,64
60,CASTPGPAEREQYF,TRBV25-1*01,None,TRBJ2-7*01,64
61,CASTPGAAERQQYF,TRBV25-1*01,None,TRBJ2-7*01,61
62,CASTPGAAVREQYF,TRBV25-1*01,None,TRBJ2-7*01,60
63,CGSTPGAAEREQYF,TRBV25-1*01,None,TRBJ2-7*01,57
64,CASTPGAEEREQYF,TRBV25-1*01,None,TRBJ2-7*01,56
65,CASTPGAPEREQYF,TRBV25-1*01,None,TRBJ2-7*01,53
66,CASPPGAAEREQYF,TRBV25-1*01,None,TRBJ2-7*01,52
67,CASTPGAAEREQYF,TRBV4-2*02,None,TRBJ2-7*01,52
68,CASTPGAAQREQYF,TRBV25-1*01,None,TRBJ2-7*01,46
69,CASSIGGTGLRGEQFF,TRBV19*03,None,TRBJ2-1*01,42
70,CASTRGAAEREQYF,TRBV25-1*01,None,TRBJ2-7*01,39
71,CASSFGTGSYEQYF,TRBV11-2*03,None,TRBJ2-7*01,36
72,CASTPGAAEREEYF,TRBV25-1*01,None,TRBJ2-7*01,36
73,CASTPGAGEREQYF,TRBV25-1*01,None,TRBJ2-7*01,35
74,CASRWDRFPVNSPLHF,TRBV7-8*03,None,TRBJ1-6*01,33
75,CASSFGTGSYEQYF,TRBV11-3*02,None,TRBJ2-7*01,32
76,CASRLGTLETQYF,TRBV28*01,None,TRBJ2-5*01,31
77,CASTPGAAEREQYF,TRBV28*01,None,TRBJ2-7*01,29
78,CASTAGAAEREQYF,TRBV25-1*01,None,TRBJ2-7*01,28
79,CASSPSGRGSNEQFF,TRBV7-9*04,None,TRBJ2-1*01,27
80,CASSPSGRGSNEQFF,TRBV11-3*03,None,TRBJ2-1*01,23
81,CASTPGAAEREQDF,TRBV25-1*01,None,TRBJ2-7*01,22
82,CAWSRWEADYNNEQFF,TRBV30*04,None,TRBJ2-1*01,21
83,CASSFSTCSANYGYTF,TRBV12-4*02,None,TRBJ1-2*01,21
84,CASTPGAAEREQFF,TRBV25-1*01,None,TRBJ2-7*01,20
85,CSAVAGFSYEQYF,TRBV20-1*02,None,TRBJ2-7*01,19
86,CAMREVSNAGGTSYGKLTF,TRBV2*02,None,TRBJ1-1*01,17
87,CASTPGAARREQYF,TRBV25-1*01,None,TRBJ2-7*01,16
88,CASTPGAAEREQSF,TRBV25-1*01,None,TRBJ2-7*01,16
89,CASSEVSGQPQHF,TRBV6-6*03,None,TRBJ1-5*01,14
90,CASSRDRGSNQPQHF,TRBV14*02,None,TRBJ1-5*01,14
91,CASPSETQYF,TRBV28*01,None,TRBJ2-5*01,13
92,CASSVTSYQETQYF,TRBV6-6*03,None,TRBJ2-5*01,13
93,CASTPGAAGRGQYF,TRBV25-1*01,None,TRBJ2-7*01,12
94,CASRQTQDAYAGELFF,TRBV6-6*05,None,TRBJ2-2*01,11
95,CASSPWTDNYGYTF,TRBV11-3*02,None,TRBJ1-2*01,11
96,CARTPGAAGREQYF,TRBV25-1*01,None,TRBJ2-7*01,10
97,CASMTDLFSYNEQFF,TRBV6-6*05,None,TRBJ2-1*01,10
98,CSVEDRQAKRYNEQFF,TRBV29-1*01,None,TRBJ2-1*01,9
99,CSAVAGFSYEQYF,TRBV20-1*06,None,TRBJ2-7*01,9
100,CSAVAGFSYEQYF,TRBV20-1*03,None,TRBJ2-7*01,9
101,CASTPEAAGREQYF,TRBV25-1*01,None,TRBJ2-7*01,9
102,CASTPVAAGREQYF,TRBV25-1*01,None,TRBJ2-7*01,8
103,CASTPGAAERETYF,TRBV25-1*01,None,TRBJ2-7*01,8
104,CASSPPLHTPSYEQYF,TRBV18*01,None,TRBJ2-7*01,8
105,CVSTPGAAGREQYF,TRBV25-1*01,None,TRBJ2-7*01,8
106,CASSYKGGSYNEQFF,TRBV7-3*05,None,TRBJ2-1*01,8
107,CASTPGAAGREQCF,TRBV25-1*01,None,TRBJ2-7*01,8
108,CASSPWTDNYGYTF,TRBV11-2*03,None,TRBJ1-2*01,8
109,CASTPGAAEREQYF,TRBV6-6*05,None,TRBJ2-7*01,7
110,CASTPGAAGRELYF,TRBV25-1*01,None,TRBJ2-7*01,7
111,CARTPGAAERELYF,TRBV25-1*01,None,TRBJ2-7*01,7
112,CASAPGAAGREQYF,TRBV25-1*01,None,TRBJ2-7*01,7
113,CATSRRQGETQYF,TRBV15*02,None,TRBJ2-5*01,7
114,CASTPGAAGREQYF,TRBV27*01,None,TRBJ2-7*01,7
115,CASSYSNYGYTF,TRBV6-3*01,None,TRBJ1-2*01,7
116,CAGTPGAAGREQYF,TRBV25-1*01,None,TRBJ2-7*01,7
117,CASTPGAAERAKYF,TRBV25-1*01,None,TRBJ2-7*01,7
118,CTSTPGAAGREQYF,TRBV25-1*01,None,TRBJ2-7*01,7
119,CASTPGAVGREQYF,TRBV25-1*01,None,TRBJ2-7*01,6
120,CASTPGAAGRDQYF,TRBV25-1*01,None,TRBJ2-7*01,6
121,CASTPRAAGREQYF,TRBV25-1*01,None,TRBJ2-7*01,6
122,CASRRTGSFYEAFF,TRBV6-6*03,None,TRBJ1-1*01,6
123,CASTPGASGREQYF,TRBV25-1*01,None,TRBJ2-7*01,6
124,CASTLGAAGREQYF,TRBV25-1*01,None,TRBJ2-7*01,6
125,CASRQTQDAYAGELFF,TRBV6-6*03,None,TRBJ2-2*01,6
126,CASTPGAAGRVQYF,TRBV25-1*01,None,TRBJ2-7*01,6
127,CASSEEHSPLHF,TRBV2*03,None,TRBJ1-6*01,6
128,CASTPGAAGRKQYF,TRBV25-1*01,None,TRBJ2-7*01,6
129,CSSTPGAAGREQYF,TRBV25-1*01,None,TRBJ2-7*01,6
130,CASTPGAAGSEQYF,TRBV25-1*01,None,TRBJ2-7*01,6
131,CASTPGAAESEKYF,TRBV25-1*01,None,TRBJ2-7*01,5
132,CASTPGAAEREQYF,TRBV9*03,None,TRBJ2-7*01,5
133,CASTPGAAGGEQYF,TRBV25-1*01,None,TRBJ2-7*01,5
134,CASTPGASAREQYF,TRBV25-1*01,None,TRBJ2-7*01,5
135,CASTPGATGREQYF,TRBV25-1*01,None,TRBJ2-7*01,5
136,CASSYSNYGYTF,TRBV6-6*01,None,TRBJ1-2*01,5
137,CASGYTTSSYNEQFF,TRBV27*01,None,TRBJ2-1*01,5
138,CASTPGAAEREQYF,TRBV25-1*01,None,TRBJ1-1*01,5
139,CASSYSNYGYTF,TRBV6-2*01,None,TRBJ1-2*01,5
140,CASRVLGAETQYF,TRBV28*01,None,TRBJ2-5*01,5
141,CASTPGAAEGEKYF,TRBV25-1*01,None,TRBJ2-7*01,5
142,CASSLDRVSQPQHF,TRBV11-3*01,None,TRBJ1-5*01,5
143,CASTPCAAEREQYF,TRBV25-1*01,None,TRBJ2-7*01,5
144,CASTSGAAGREQYF,TRBV25-1*01,None,TRBJ2-7*01,5
145,CASTPGAAESELYF,TRBV25-1*01,None,TRBJ2-7*01,5
146,CASSYSNYGYTF,TRBV6-5*01,None,TRBJ1-2*01,5
147,CPSTPGAAGREQYF,TRBV25-1*01,None,TRBJ2-7*01,5
148,CAITPGAAEREHYF,TRBV25-1*01,None,TRBJ2-7*01,5
149,CASTPGAAEREQYF,TRBV6-6*03,None,TRBJ2-7*01,5
150,CASTPGAAEGKQYF,TRBV25-1*01,None,TRBJ2-7*01,5
151,CASSYSNYGYTF,TRBV6-6*05,None,TRBJ1-2*01,5
152,CASSLSGGLAADEQFF,TRBV4-3*03,TRBD2*02,TRBJ2-1*01,4
153,CAITPGAAERAQYF,TRBV25-1*01,None,TRBJ2-7*01,4
154,CSASSRGGSQETQYF,TRBV20-1*03,None,TRBJ2-5*01,4
155,CASTPGDAGREQYF,TRBV25-1*01,None,TRBJ2-7*01,4
156,CASSLDRVSQPQHF,TRBV7-2*04,None,TRBJ1-5*01,4
157,CASTPGAAERDHYF,TRBV25-1*01,None,TRBJ2-7*01,4
158,CARTPAAAEREQYF,TRBV25-1*01,None,TRBJ2-7*01,4
159,CASSIGGTGLRGEQFF,TRBV19*02,None,TRBJ2-1*01,4
160,CASSLSGGLAADEQFF,TRBV4-3*04,TRBD2*02,TRBJ2-1*01,4
161,CASTPGAAERAHYF,TRBV25-1*01,None,TRBJ2-7*01,4
162,CARTPGAAEREHYF,TRBV25-1*01,None,TRBJ2-7*01,4
163,CASTFGAAEREQYF,TRBV25-1*01,None,TRBJ2-7*01,4
164,CASMTDLFSYNEQFF,TRBV6-6*03,None,TRBJ2-1*01,4
165,CASTHGAAGREQYF,TRBV25-1*01,None,TRBJ2-7*01,4
166,CASTPGAAEREQYF,TRBV6-6*02,None,TRBJ2-7*01,4
167,CASTPAAAGREQYF,TRBV25-1*01,None,TRBJ2-7*01,4
168,CSASSRGGSQETQYF,TRBV20-1*04,None,TRBJ2-5*01,4
169,CASTPGAAWREQYF,TRBV25-1*01,None,TRBJ2-7*01,4
170,CAITPGAAGREQYF,TRBV25-1*01,None,TRBJ2-7*01,4
171,CASTPGAAGLEQYF,TRBV25-1*01,None,TRBJ2-7*01,4
172,CASTPRAAERDQYF,TRBV25-1*01,None,TRBJ2-7*01,4
173,CASTRVAAEREQYF,TRBV25-1*01,None,TRBJ2-7*01,4
174,CASNPGAAGREQYF,TRBV25-1*01,None,TRBJ2-7*01,4
175,CSVEDRQAKRYNEQFF,TRBV29-1*02,None,TRBJ2-1*01,4
176,CASSYSDYGYTF,TRBV6-6*03,None,TRBJ1-2*01,4
177,CASTPGAAGHEQYF,TRBV25-1*01,None,TRBJ2-7*01,4
178,CASTPGAAEREQYF,TRBV11-2*02,None,TRBJ2-7*01,4
179,CASTPGAAARAQYF,TRBV25-1*01,None,TRBJ2-7*01,4
180,CANTPGAAGREQYF,TRBV25-1*01,None,TRBJ2-7*01,4
181,CSVHRGPNTEAFF,TRBV29-1*02,None,TRBJ1-1*01,4
182,CASTPGVAGREQYF,TRBV25-1*01,None,TRBJ2-7*01,4
183,CASTPGAAGCEQYF,TRBV25-1*01,None,TRBJ2-7*01,4
184,CASTPGAAAREPYF,TRBV25-1*01,None,TRBJ2-7*01,3
185,CATSTGGVQPQHF,TRBV6-6*03,TRBD1*01,TRBJ1-5*01,3
186,CATSTGGVQPQHF,TRBV6-6*05,TRBD1*01,TRBJ1-5*01,3
187,CATSTGGVQPQHF,TRBV6-6*04,None,TRBJ1-5*01,3
188,CASTPRAADREQYF,TRBV25-1*01,None,TRBJ2-7*01,3
189,CASTPGAAERDKYF,TRBV25-1*01,None,TRBJ2-7*01,3
190,CASTPGAAERHQYF,TRBV25-1*01,None,TRBJ2-7*01,3
191,CASTPGASEREHYF,TRBV25-1*01,None,TRBJ2-7*01,3
192,CASTPGAAVRAQYF,TRBV25-1*01,None,TRBJ2-7*01,3
193,CASTPGAAGREQDF,TRBV25-1*01,None,TRBJ2-7*01,3
194,CASTPWAAKREQYF,TRBV25-1*01,None,TRBJ2-7*01,3
195,CASTPGPAERVQYF,TRBV25-1*01,None,TRBJ2-7*01,3
196,CASTPWAAGREQYF,TRBV25-1*01,None,TRBJ2-7*01,3
197,CARTPWAAEREQYF,TRBV25-1*01,None,TRBJ2-7*01,3
198,CASTPGAAAREKYF,TRBV25-1*01,None,TRBJ2-7*01,3
199,CARTPVAAEREQYF,TRBV25-1*01,None,TRBJ2-7*01,3
200,CATTPGSAEREQYF,TRBV25-1*01,None,TRBJ2-7*01,3
201,CATTPGAAGREQYF,TRBV25-1*01,None,TRBJ2-7*01,3
202,CASTPGAAEREQYF,TRBV7-4*01,None,TRBJ2-7*01,3
203,CASTPGAAARDQYF,TRBV25-1*01,None,TRBJ2-7*01,3
204,CASSEEHSPLHF,TRBV2*02,None,TRBJ1-6*01,3
205,CASTPGAAERDLYF,TRBV25-1*01,None,TRBJ2-7*01,3
206,CASTPGSAEREQNF,TRBV25-1*01,None,TRBJ2-7*01,3
207,CARTPGPAEREQYF,TRBV25-1*01,None,TRBJ2-7*01,3
208,CAGSPGAAEREQYF,TRBV25-1*01,None,TRBJ2-7*01,3
209,CACTPGAAGREQYF,TRBV25-1*01,None,TRBJ2-7*01,3
210,CASTPEAAESEQYF,TRBV25-1*01,None,TRBJ2-7*01,3
211,CATTPGAAAREQYF,TRBV25-1*01,None,TRBJ2-7*01,3
212,CATTPVAAEREQYF,TRBV25-1*01,None,TRBJ2-7*01,3
213,CASTRGAAEHEQYF,TRBV25-1*01,None,TRBJ2-7*01,3
214,CASSPGAAGREQYF,TRBV25-1*01,None,TRBJ2-7*01,3
215,CASSLSGGLAADEQFF,TRBV4-3*02,TRBD2*01,TRBJ2-1*01,3
216,CASTPGAAQPEQYF,TRBV25-1*01,None,TRBJ2-7*01,3
217,CASTSWAAEREQYF,TRBV25-1*01,None,TRBJ2-7*01,3
218,CASTPGDAEREKYF,TRBV25-1*01,None,TRBJ2-7*01,3
219,CASTPGAAASEQYF,TRBV25-1*01,None,TRBJ2-7*01,3
220,CASSLDRVSQPQHF,TRBV11-2*01,None,TRBJ1-5*01,3
221,CPSTPWAAEREQYF,TRBV25-1*01,None,TRBJ2-7*01,3
222,CASTPGAAGPEQYF,TRBV25-1*01,None,TRBJ2-7*01,3
223,CAITPGAAAREQYF,TRBV25-1*01,None,TRBJ2-7*01,3
224,CASTPVAAEREKYF,TRBV25-1*01,None,TRBJ2-7*01,3
225,CASTRGAAGREQYF,TRBV25-1*01,None,TRBJ2-7*01,3
226,CASTPGAAGREKYF,TRBV25-1*01,None,TRBJ2-7*01,3
227,CASTPGPAERQQYF,TRBV25-1*01,None,TRBJ2-7*01,3
228,CASTPGPAERELYF,TRBV25-1*01,None,TRBJ2-7*01,3
229,CASTSGAADREQYF,TRBV25-1*01,None,TRBJ2-7*01,3
230,CASTPGAAERQLYF,TRBV25-1*01,None,TRBJ2-7*01,3
231,CASTPGAAERQHYF,TRBV25-1*01,None,TRBJ2-7*01,3
232,CARTPGAAEPEQYF,TRBV25-1*01,None,TRBJ2-7*01,3
233,CASTPGSAELEQYF,TRBV25-1*01,None,TRBJ2-7*01,3
234,CASTPGAAERARYF,TRBV25-1*01,None,TRBJ2-7*01,2
235,CASTPGSAEREPYF,TRBV25-1*01,None,TRBJ2-7*01,2
236,CASRWARFPVNSPLHF,TRBV7-8*03,None,TRBJ1-6*01,2
237,CASTPGAAEPELYF,TRBV25-1*01,None,TRBJ2-7*01,2
238,CASTPGAAELERYF,TRBV25-1*01,None,TRBJ2-7*01,2
239,CASTPGAAEPKQYF,TRBV25-1*01,None,TRBJ2-7*01,2
240,CASTPGAAEPEHYF,TRBV25-1*01,None,TRBJ2-7*01,2
241,CATTTGAAEREQYF,TRBV25-1*01,None,TRBJ2-7*01,2
242,CATTPGAAKREQYF,TRBV25-1*01,None,TRBJ2-7*01,2
243,CASRWDRIPVNSPLHF,TRBV7-8*03,None,TRBJ1-6*01,2
244,CASPAGAAEREQYF,TRBV25-1*01,None,TRBJ2-7*01,2
245,CASPSEAQYF,TRBV28*01,None,TRBJ2-5*01,2
246,CASTPGPAKREQYF,TRBV25-1*01,None,TRBJ2-7*01,2
247,CASTPGAAERAQYF,TRBV28*01,None,TRBJ2-7*01,2
248,CASPPGDAEREQYF,TRBV25-1*01,None,TRBJ2-7*01,2
249,CASTPGAAEPDQYF,TRBV25-1*01,None,TRBJ2-7*01,2
250,CATTPGAAEREQHF,TRBV25-1*01,None,TRBJ2-7*01,2
251,CATTPGASAREQYF,TRBV25-1*01,None,TRBJ2-7*01,2
252,CASTPGPAGREQYF,TRBV25-1*01,None,TRBJ2-7*01,2
253,CASRWDRFPVNSHLHF,TRBV7-8*03,None,TRBJ1-6*01,2
254,CASTPGAAEPEQNF,TRBV25-1*01,None,TRBJ2-7*01,2
255,CASSYSNYGCTF,TRBV6-6*03,None,TRBJ1-2*01,2
256,CATTPGAAERELYF,TRBV25-1*01,None,TRBJ2-7*01,2
257,CASTHAAAEREQYF,TRBV25-1*01,None,TRBJ2-7*01,2
258,CASTLAAAEREQYF,TRBV25-1*01,None,TRBJ2-7*01,2
259,CASTHRAAEREQYF,TRBV25-1*01,None,TRBJ2-7*01,2
260,CASTPWAAEREQHF,TRBV25-1*01,None,TRBJ2-7*01,2
261,CASTPAAAKREQYF,TRBV25-1*01,None,TRBJ2-7*01,2
262,CASTPWAAERQQYF,TRBV25-1*01,None,TRBJ2-7*01,2
263,CASTHGAAEREKYF,TRBV25-1*01,None,TRBJ2-7*01,2
264,CASTPAAGEREQYF,TRBV25-1*01,None,TRBJ2-7*01,2
265,CASTPAASEREQYF,TRBV25-1*01,None,TRBJ2-7*01,2
266,CASTSGAAEREHYF,TRBV25-1*01,None,TRBJ2-7*01,2
267,CASTRGAAEGEQYF,TRBV25-1*01,None,TRBJ2-7*01,2
268,CASTRGAAERAQYF,TRBV25-1*01,None,TRBJ2-7*01,2
269,CASTPRAPEREQYF,TRBV25-1*01,None,TRBJ2-7*01,2
270,CASTRGAAERQQYF,TRBV25-1*01,None,TRBJ2-7*01,2
271,CASTPRAAERGQYF,TRBV25-1*01,None,TRBJ2-7*01,2
272,CASSYSNYGYTF,TRBV6-6*02,None,TRBJ1-2*01,2
273,CASTSAAAEREQYF,TRBV25-1*01,None,TRBJ2-7*01,2
274,CASTPWAAEREHYF,TRBV25-1*01,None,TRBJ2-7*01,2
275,CASTPAAAERVQYF,TRBV25-1*01,None,TRBJ2-7*01,2
276,CASTPVAAEPEQYF,TRBV25-1*01,None,TRBJ2-7*01,2
277,CASTPWAAEHEQYF,TRBV25-1*01,None,TRBJ2-7*01,2
278,CASTPAAAEHEQYF,TRBV25-1*01,None,TRBJ2-7*01,2
279,CASTPAAAEPELYF,TRBV25-1*01,None,TRBJ2-7*01,2
280,CASTPAAADREQYF,TRBV25-1*01,None,TRBJ2-7*01,2
281,CASTPVAAESEQYF,TRBV25-1*01,None,TRBJ2-7*01,2
282,CASTPAAAAREQYF,TRBV25-1*01,None,TRBJ2-7*01,2
283,CASTPVAEEREQYF,TRBV25-1*01,None,TRBJ2-7*01,2
284,CASTPVASEREQYF,TRBV25-1*01,None,TRBJ2-7*01,2
285,CASTLRAAEREQYF,TRBV25-1*01,None,TRBJ2-7*01,2
286,CASTPVAAEREQYF,TRBV4-2*02,None,TRBJ2-7*01,2
287,CASTPVAAEREPYF,TRBV25-1*01,None,TRBJ2-7*01,2
288,CASTLGPAEREQYF,TRBV25-1*01,None,TRBJ2-7*01,2
289,CASTPAAAERDQYF,TRBV25-1*01,None,TRBJ2-7*01,2
290,CASTLGGAEREQYF,TRBV25-1*01,None,TRBJ2-7*01,2
291,CASTPAAAEREKYF,TRBV25-1*01,None,TRBJ2-7*01,2
292,CASTLGAAEREQNF,TRBV25-1*01,None,TRBJ2-7*01,2
293,CASTSGAAEGEQYF,TRBV25-1*01,None,TRBJ2-7*01,2
294,CASTPQAAEREQYF,TRBV25-1*01,None,TRBJ2-7*01,2
295,CASTPGAAELAQYF,TRBV25-1*01,None,TRBJ2-7*01,2
296,CATSTGGVQPQHF,TRBV6-6*03,None,TRBJ1-5*01,2
297,CASTPGSSEREQYF,TRBV25-1*01,None,TRBJ2-7*01,2
298,CASTPGAAEGAQYF,TRBV25-1*01,None,TRBJ2-7*01,2
299,CATPGAAEREQYF,TRBV25-1*01,None,TRBJ2-7*01,2
300,CASTPGAAEGDQYF,TRBV25-1*01,None,TRBJ2-7*01,2
301,CASSGMEGQGALYGYTF,TRBV28*01,TRBD1*01,TRBJ1-2*01,2
302,CASTPGAAEGEEYF,TRBV25-1*01,None,TRBJ2-7*01,2
303,CASTPGAAEGEQSF,TRBV25-1*01,None,TRBJ2-7*01,2
304,CATSTGGVQPQHF,TRBV6-6*05,None,TRBJ1-5*01,2
305,CASTSGAAESEQYF,TRBV25-1*01,None,TRBJ2-7*01,2
306,CATTPAAAEREQYF,TRBV25-1*01,None,TRBJ2-7*01,2
307,CASTPGAAEGGQYF,TRBV25-1*01,None,TRBJ2-7*01,2
308,CASTPGSAGREQYF,TRBV25-1*01,None,TRBJ2-7*01,2
309,CASSEVSGQPQHF,TRBV6-1*01,None,TRBJ1-5*01,2
310,CASTPGAAEHEKYF,TRBV25-1*01,None,TRBJ2-7*01,2
311,CATTPGAAEGEQYF,TRBV25-1*01,None,TRBJ2-7*01,2
312,CATTPGAAEPEQYF,TRBV25-1*01,None,TRBJ2-7*01,2
313,CASSIGGTGLRGEQFF,TRBV19*01,None,TRBJ2-1*01,2
314,CASSLDRVSQPQHF,TRBV11-2*03,None,TRBJ1-5*01,2
315,CASSLDRVSQPQHF,TRBV11-3*02,None,TRBJ1-5*01,2
316,CASTPGTAERAQYF,TRBV25-1*01,None,TRBJ2-7*01,2
317,CASSTGAAEREQYF,TRBV25-1*01,None,TRBJ2-7*01,2
318,CASTPGAAARELYF,TRBV25-1*01,None,TRBJ2-7*01,2
319,CASTPGVAERKQYF,TRBV25-1*01,None,TRBJ2-7*01,2
320,CASTPGVAERGQYF,TRBV25-1*01,None,TRBJ2-7*01,2
321,CASTTGAAEREQYF,TRBV27*01,None,TRBJ2-7*01,2
322,CASTPGVAEGEQYF,TRBV25-1*01,None,TRBJ2-7*01,2
323,CASTTGAAGREQYF,TRBV25-1*01,None,TRBJ2-7*01,2
324,CASTTGAAKREQYF,TRBV25-1*01,None,TRBJ2-7*01,2
325,CASTTGAAVREQYF,TRBV25-1*01,None,TRBJ2-7*01,2
326,CASSMDRPGVETQYF,TRBV19*03,None,TRBJ2-5*01,2
327,CASNSGAAEREQYF,TRBV25-1*01,None,TRBJ2-7*01,2
328,CASTPGAADRKQYF,TRBV25-1*01,None,TRBJ2-7*01,2
329,CASTTGGAEREQYF,TRBV25-1*01,None,TRBJ2-7*01,2
330,CASTPGAAECEKYF,TRBV25-1*01,None,TRBJ2-7*01,2
331,CASTTVAAEREQYF,TRBV25-1*01,None,TRBJ2-7*01,2
332,CASTPGTAGREQYF,TRBV25-1*01,None,TRBJ2-7*01,2
333,CASNPGAAKREQYF,TRBV25-1*01,None,TRBJ2-7*01,2
334,CSITPGAAERDQYF,TRBV25-1*01,None,TRBJ2-7*01,2
335,CARTPVAADREQYF,TRBV25-1*01,None,TRBJ2-7*01,2
336,CSSSYSNYGYTF,TRBV6-6*03,None,TRBJ1-2*01,2
337,CASTPGAAGREHYF,TRBV25-1*01,None,TRBJ2-7*01,2
338,CASTPGAAGREEYF,TRBV25-1*01,None,TRBJ2-7*01,2
339,CASTPGAAGRAQYF,TRBV25-1*01,None,TRBJ2-7*01,2
340,CDSTHGAAEREQYF,TRBV25-1*01,None,TRBJ2-7*01,2
341,CANTPGSAEREQYF,TRBV25-1*01,None,TRBJ2-7*01,2
342,CANTPWAAEREQYF,TRBV25-1*01,None,TRBJ2-7*01,2
343,CSASSRGGSQETQYF,TRBV20-1*02,None,TRBJ2-5*01,2
344,CASTPGDAERDQYF,TRBV25-1*01,None,TRBJ2-7*01,2
345,CAATPGAAEREQYF,TRBV25-1*01,None,TRBJ2-7*01,2
346,CARSPGAAEREQYF,TRBV25-1*01,None,TRBJ2-7*01,2
347,CASTPGAAERVLYF,TRBV25-1*01,None,TRBJ2-7*01,2
348,CARTPAAAEHEQYF,TRBV25-1*01,None,TRBJ2-7*01,2
349,CASTPGAAERVHYF,TRBV25-1*01,None,TRBJ2-7*01,2
350,CASTPGAAERTQYF,TRBV25-1*01,None,TRBJ2-7*01,2
351,CASTPGAAERSQYF,TRBV25-1*01,None,TRBJ2-7*01,2
352,CASTPGAAERMQYF,TRBV25-1*01,None,TRBJ2-7*01,2
353,CASTPGAAERLQYF,TRBV25-1*01,None,TRBJ2-7*01,2
354,CPSTPGDAEREQYF,TRBV25-1*01,None,TRBJ2-7*01,2
355,CARTPGAAERDQYF,TRBV25-1*01,None,TRBJ2-7*01,2
356,CASTPGDAKREQYF,TRBV25-1*01,None,TRBJ2-7*01,2
357,CPSTPGAAVREQYF,TRBV25-1*01,None,TRBJ2-7*01,2
358,CASTPGAAERGQYF,TRBV4-2*02,None,TRBJ2-7*01,2
359,CPSTPGAAERELYF,TRBV25-1*01,None,TRBJ2-7*01,2
360,CASTPGAAEREQYF,TRBV7-8*03,None,TRBJ2-7*01,2
361,CARTPGATEREQYF,TRBV25-1*01,None,TRBJ2-7*01,2
362,CASTPGGAGREQYF,TRBV25-1*01,None,TRBJ2-7*01,2
363,CASTPGAAGREQFF,TRBV25-1*01,None,TRBJ2-7*01,2
364,CASTPGAAGREQHF,TRBV25-1*01,None,TRBJ2-7*01,2
365,CSSTPGAAEREKYF,TRBV25-1*01,None,TRBJ2-7*01,2
366,CASTPGAATREQYF,TRBV25-1*01,None,TRBJ2-7*01,2
367,CVSTSGAAEREQYF,TRBV25-1*01,None,TRBJ2-7*01,2
368,CASTPGAGGRELYF,TRBV25-1*01,None,TRBJ2-7*01,2
369,CASTPGAGGREQYF,TRBV25-1*01,None,TRBJ2-7*01,2
370,CASTPGAGEPEQYF,TRBV25-1*01,None,TRBJ2-7*01,2
371,CASTPGALEREQYF,TRBV25-1*01,None,TRBJ2-7*01,2
372,CVSTPGAAERERYF,TRBV25-1*01,None,TRBJ2-7*01,2
373,CASTPGAEGREQYF,TRBV25-1*01,None,TRBJ2-7*01,2
374,CVSTHGAAEREQYF,TRBV25-1*01,None,TRBJ2-7*01,2
375,CACTPVAAEREQYF,TRBV25-1*01,None,TRBJ2-7*01,2
376,CAGTPGAAEREQHF,TRBV25-1*01,None,TRBJ2-7*01,2
377,CTSTPGAAERELYF,TRBV25-1*01,None,TRBJ2-7*01,2
378,CASTPGAAVREHYF,TRBV25-1*01,None,TRBJ2-7*01,2
379,CAITPGAAEREQCF,TRBV25-1*01,None,TRBJ2-7*01,2
380,CASTPGAAGREQYF,TRBV7-9*05,None,TRBJ2-7*01,2
381,CAITPGAAESEQYF,TRBV25-1*01,None,TRBJ2-7*01,2
382,CASTPGAAKRGQYF,TRBV25-1*01,None,TRBJ2-7*01,2
383,CAITPGAAKREQYF,TRBV25-1*01,None,TRBJ2-7*01,2
384,CASTPGAAKRERYF,TRBV25-1*01,None,TRBJ2-7*01,2
385,CAITPGASEREQYF,TRBV25-1*01,None,TRBJ2-7*01,2
386,CASTPGAAKREQNF,TRBV25-1*01,None,TRBJ2-7*01,2
387,CSSTPWAAEREQYF,TRBV25-1*01,None,TRBJ2-7*01,2
388,CAITPGSAEREQYF,TRBV25-1*01,None,TRBJ2-7*01,2
389,CSSTPGDAEREQYF,TRBV25-1*01,None,TRBJ2-7*01,2
390,CSSTPGAVGREQYF,TRBV25-1*01,None,TRBJ2-7*01,2
391,CASTPGAAGRQQYF,TRBV25-1*01,None,TRBJ2-7*01,2
392,CAITPWAAEREQYF,TRBV25-1*01,None,TRBJ2-7*01,2
393,CASTPGAAEREQYF,TRBV6-4*02,None,TRBJ2-7*01,2
394,CASTPAAAELEQYF,TRBV25-1*01,None,TRBJ2-7*01,2
395,CASTPGLAEREQYF,TRBV25-1*01,None,TRBJ2-7*01,2
396,CASTPGPAEREQCF,TRBV25-1*01,None,TRBJ2-7*01,2
397,CASTPGAAEREQYF,TRBV11-3*02,None,TRBJ2-7*01,2
398,CASAPGAAERERYF,TRBV25-1*01,None,TRBJ2-7*01,2
399,CASTPGAAEREQYF,TRBV2*01,None,TRBJ2-7*01,2
400,CASTPGPAEPEQYF,TRBV25-1*01,None,TRBJ2-7*01,2
401,CASTPGAAEREQYF,TRBV25-1*01,None,TRBJ1-2*01,2
402,CDSTPGAAGREQYF,TRBV25-1*01,None,TRBJ2-7*01,2
403,CASTPGAAEREQYF,TRBV25-1*01,None,TRBJ1-6*01,2
404,CASTPGAAEREMYF,TRBV25-1*01,None,TRBJ2-7*01,2
405,CASTPGPAERQLYF,TRBV25-1*01,None,TRBJ2-7*01,2
406,CASTPGAAEREQYF,TRBV11-2*03,None,TRBJ2-7*01,2
407,CASTPGAAEREQYF,TRBV25-1*01,None,TRBJ2-5*01,2
408,CASTPGAAEREQYF,TRBV25-1*01,None,TRBJ2-1*01,2
409,CASIPGTAEREQYF,TRBV25-1*01,None,TRBJ2-7*01,2
410,CDSTTGAAEREQYF,TRBV25-1*01,None,TRBJ2-7*01,2
411,CASTPRATEPEQYF,TRBV25-1*01,None,TRBJ2-7*01,1
412,CASTPGATEHEQYF,TRBV25-1*01,None,TRBJ2-7*01,1
413,CASTPGATEREQHF,TRBV25-1*01,None,TRBJ2-7*01,1
414,CASTPGATEREQFF,TRBV25-1*01,None,TRBJ2-7*01,1
415,CASTPGATERAQYF,TRBV25-1*01,None,TRBJ2-7*01,1
416,CASTPRAAEREQYF,TRBV12-4*02,None,TRBJ2-7*01,1
417,CASTPRDAERATYF,TRBV25-1*01,None,TRBJ2-7*01,1
418,CASTPGATEPVQYF,TRBV25-1*01,None,TRBJ2-7*01,1
419,CASTPRAAEREQYF,TRBV7-9*05,None,TRBJ2-7*01,1
420,CASTPGATEPEQYF,TRBV25-1*01,None,TRBJ2-7*01,1
421,CASTPRAAERKQYF,TRBV25-1*01,None,TRBJ2-7*01,1
422,CASTPRAAERVQYF,TRBV25-1*01,None,TRBJ2-7*01,1
423,CASTPRAAGHEQYF,TRBV25-1*01,None,TRBJ2-7*01,1
424,CASTPGATEHEKYF,TRBV25-1*01,None,TRBJ2-7*01,1
425,CASTPGASGRKQYF,TRBV25-1*01,None,TRBJ2-7*01,1
426,CASTPRAAGPHLYF,TRBV25-1*01,None,TRBJ2-7*01,1
427,CASTPGATEREQNF,TRBV25-1*01,None,TRBJ2-7*01,1
428,CASTPGASVREQYF,TRBV25-1*01,None,TRBJ2-7*01,1
429,CASTPGATVRDQYF,TRBV25-1*01,None,TRBJ2-7*01,1
430,CASTPGASVREQHF,TRBV25-1*01,None,TRBJ2-7*01,1
431,CASTPRAAVRGYYF,TRBV25-1*01,None,TRBJ2-7*01,1
432,CASTPGPAERGQYF,TRBV25-1*01,None,TRBJ2-7*01,1
433,CASTPGASQTEHSF,TRBV25-1*01,None,TRBJ2-7*01,1
434,CASTPGASQRVQYF,TRBV25-1*01,None,TRBJ2-7*01,1
435,CASTPRASVREQYF,TRBV25-1*01,None,TRBJ2-7*01,1
436,CASTPGASPPVLYF,TRBV25-1*01,None,TRBJ2-7*01,1
437,CASTPGPEERVQYF,TRBV25-1*01,None,TRBJ2-7*01,1
438,CASTPPAAEREQYF,TRBV25-1*01,None,TRBJ2-7*01,1
439,CASTPGATRREQYF,TRBV25-1*01,None,TRBJ2-7*01,1
440,CASTPGATQRELYF,TRBV25-1*01,None,TRBJ2-7*01,1
441,CASTPGPAEREQHF,TRBV25-1*01,None,TRBJ2-7*01,1
442,CASTPRAAAREHYF,TRBV25-1*01,None,TRBJ2-7*01,1
443,CASTPQAAERDHYF,TRBV25-1*01,None,TRBJ2-7*01,1
444,CASTPQAADREQYF,TRBV25-1*01,None,TRBJ2-7*01,1
445,CASTPRAAAREKYF,TRBV25-1*01,None,TRBJ2-7*01,1
446,CASTPGPEEREQYF,TRBV25-1*01,None,TRBJ2-7*01,1
447,CASTPGPAVRDQYF,TRBV25-1*01,None,TRBJ2-7*01,1
448,CASTPGATVPEQNF,TRBV25-1*01,None,TRBJ2-7*01,1
449,CASTPRAAEGEQYF,TRBV25-1*01,None,TRBJ2-7*01,1
450,CASTPGPAKREQYF,TRBV27*01,None,TRBJ2-7*01,1
451,CASTPRAAEGEQYF,TRBV6-6*04,None,TRBJ2-7*01,1
452,CASTPRAAELEQYF,TRBV25-1*01,None,TRBJ2-7*01,1
453,CASTPGPAEREQSF,TRBV25-1*01,None,TRBJ2-7*01,1
454,CASTPRAAEPHLYF,TRBV25-1*01,None,TRBJ2-7*01,1
455,CASTPRAAERAQYF,TRBV25-1*01,None,TRBJ2-7*01,1
456,CASTPRAAERDQYF,TRBV25-1*01,None,TRBJ1-6*02,1
457,CASTPGPAEREQNF,TRBV25-1*01,None,TRBJ2-7*01,1
458,CASTPGATKREQYF,TRBV25-1*01,None,TRBJ2-7*01,1
459,CASTPGATKREQYF,TRBV25-1*01,None,TRBJ1-6*02,1
460,CASTPRPAARQQYF,TRBV25-1*01,None,TRBJ2-7*01,1
461,CASTPRAAEREPYF,TRBV25-1*01,None,TRBJ2-7*01,1
462,CASTPRAAEREQNF,TRBV25-1*01,None,TRBJ2-7*01,1
463,CASTPGATETEQYF,TRBV25-1*01,None,TRBJ2-7*01,1
464,CASTPGATERVQYF,TRBV25-1*01,None,TRBJ2-7*01,1
465,CASTPGHAEREHYF,TRBV25-1*01,None,TRBJ2-7*01,1
466,CASTPRPAEREQYF,TRBV25-1*01,None,TRBJ2-7*01,1
467,CASTPGASERGQYF,TRBV25-1*01,None,TRBJ2-7*01,1
468,CASTPGAQEREQYF,TRBV25-1*01,None,TRBJ2-7*01,1
469,CASTPGAQEREKYF,TRBV25-1*01,None,TRBJ2-7*01,1
470,CASTPGAPQREQYF,TRBV25-1*01,None,TRBJ2-7*01,1
471,CASTPGAPGREQYF,TRBV27*01,None,TRBJ2-7*01,1
472,CASTPVAAERAQYF,TRBV25-1*01,None,TRBJ2-7*01,1
473,CASTPGAPGREQYF,TRBV25-1*01,None,TRBJ2-7*01,1
474,CASTPGPAGRVQYF,TRBV25-1*01,None,TRBJ2-7*01,1
475,CASTPVAAEREHYF,TRBV25-1*01,None,TRBJ2-7*01,1
476,CASTPGAPEREQFF,TRBV25-1*01,None,TRBJ2-7*01,1
477,CASTPVAAERELSF,TRBV25-1*01,None,TRBJ2-7*01,1
478,CASTPGPAGREHYF,TRBV25-1*01,None,TRBJ2-7*01,1
479,CASTPVAAERELYF,TRBV25-1*01,None,TRBJ2-7*01,1
480,CASTPGAPEREEYF,TRBV25-1*01,None,TRBJ2-7*01,1
481,CASTPGAPERAKYF,TRBV25-1*01,None,TRBJ2-7*01,1
482,CASTPGAPELDQYF,TRBV25-1*01,None,TRBJ2-7*01,1
483,CASTPVAAEREQYF,TRBV2*02,None,TRBJ2-7*01,1
484,CASTPGAPECEQYF,TRBV25-1*01,None,TRBJ2-7*01,1
485,CASTPGAMEREQYF,TRBV25-1*01,None,TRBJ2-7*01,1
486,CASTPGPAGPQLYF,TRBV25-1*01,None,TRBJ2-7*01,1
487,CASTPVAAERERYF,TRBV25-1*01,None,TRBJ2-7*01,1
488,CASTPGAGMREQDF,TRBV25-1*01,None,TRBJ2-7*01,1
489,CASTPVAAERGQYF,TRBV25-1*01,None,TRBJ2-7*01,1
490,CASTPGPAGPEQYF,TRBV25-1*01,None,TRBJ2-7*01,1
491,CASTPGAGGRQHYF,TRBV25-1*01,None,TRBJ2-7*01,1
492,CASTPGPAERVHYF,TRBV25-1*01,None,TRBJ2-7*01,1
493,CASTPGPAESEQYF,TRBV25-1*01,None,TRBJ2-7*01,1
494,CASTPGPAESVFYF,TRBV25-1*01,None,TRBJ2-7*01,1
495,CASTPGAGGCDHYF,TRBV25-1*01,None,TRBJ2-7*01,1
496,CASTPVAAEHEQYF,TRBV25-1*01,None,TRBJ2-7*01,1
497,CASTPVAADREQYF,TRBV25-1*01,None,TRBJ2-7*01,1
498,CASTPRPAEHHQYF,TRBV25-1*01,None,TRBJ2-7*01,1
499,CASTPTVAATLLYF,TRBV25-1*01,None,TRBJ2-7*01,1
500,CASTPGASERETYF,TRBV25-1*01,None,TRBJ2-7*01,1
501,CASTPGPRSEQYF,TRBV25-1*01,None,TRBJ2-7*01,1
502,CASTPGPAERHQHF,TRBV25-1*01,None,TRBJ2-7*01,1
503,CASTPRPAPPEHYF,TRBV25-1*01,None,TRBJ2-7*01,1
504,CASTPGASEREQYF,TRBV25-1*01,None,TRBJ1-6*02,1
505,CASTPRPGGRLQYF,TRBV25-1*01,None,TRBJ2-7*01,1
506,CASTPRVSERDQYF,TRBV25-1*01,None,TRBJ2-7*01,1
507,CASTPRVTEREKYF,TRBV25-1*01,None,TRBJ2-7*01,1
508,CASTPSAAEPEQYF,TRBV25-1*01,None,TRBJ2-7*01,1
509,CASTPGPAERHQYF,TRBV25-1*01,None,TRBJ2-7*01,1
510,CASTPGASEREQSF,TRBV25-1*01,None,TRBJ2-7*01,1
511,CASTPGASEREQCF,TRBV25-1*01,None,TRBJ2-7*01,1
512,CASTPGASERDQYF,TRBV25-1*01,None,TRBJ2-7*01,1
513,CASTPSDAELEQYF,TRBV25-1*01,None,TRBJ2-7*01,1
514,CASTPSSAEREQYF,TRBV25-1*01,None,TRBJ2-7*01,1
515,CASTPGASEPEQYF,TRBV25-1*01,None,TRBJ2-7*01,1
516,CASTPGASELEQYF,TRBV25-1*01,None,TRBJ2-7*01,1
517,CASTPGASEHEPYF,TRBV25-1*01,None,TRBJ2-7*01,1
518,CASTPGASEGTQYF,TRBV25-1*01,None,TRBJ2-7*01,1
519,CASTPGPAERPQYF,TRBV25-1*01,None,TRBJ2-7*01,1
520,CASTPTGAEREHYF,TRBV25-1*01,None,TRBJ2-7*01,1
521,CASTPGASDRQQYF,TRBV25-1*01,None,TRBJ2-7*01,1
522,CASTPGASDREQYF,TRBV25-1*01,None,TRBJ2-7*01,1
523,CASTPGASAREPYF,TRBV25-1*01,None,TRBJ2-7*01,1
524,CASTPTPAEPDQSF,TRBV25-1*01,None,TRBJ2-7*01,1
525,CASTPTSAERKQYF,TRBV25-1*01,None,TRBJ2-7*01,1
526,CASTPGASAPVHYF,TRBV25-1*01,None,TRBJ2-7*01,1
527,CASTPLTAEREQYF,TRBV25-1*01,None,TRBJ2-7*01,1
528,CASTPLAAEREQYF,TRBV25-1*01,None,TRBJ2-7*01,1
529,CASTPGAVAHKQYF,TRBV28*01,None,TRBJ2-7*01,1
530,CASTPGAVAREQYF,TRBV25-1*01,None,TRBJ2-7*01,1
531,CASTPGDSEREQYF,TRBV25-1*01,None,TRBJ2-7*01,1
532,CASTPGDPECEQYF,TRBV25-1*01,None,TRBJ2-7*01,1
533,CASTPGNAEREQYF,TRBV25-1*01,None,TRBJ2-7*01,1
534,CASTPGDGGREQYF,TRBV25-1*01,None,TRBJ2-7*01,1
535,CASTPGDGERQHYF,TRBV25-1*01,None,TRBJ2-7*01,1
536,CASTPGDALREPKF,TRBV25-1*01,None,TRBJ2-7*01,1
537,CASTPGSARREKYF,TRBV25-1*01,None,TRBJ2-7*01,1
538,CASTPGSEAREQYF,TRBV25-1*01,None,TRBJ2-7*01,1
539,CASTPGSGELEQYF,TRBV25-1*01,None,TRBJ2-7*01,1
540,CASTPGDAGSEQYF,TRBV25-1*01,None,TRBJ2-7*01,1
541,CASTPGSAEHEQYF,TRBV25-1*01,None,TRBJ2-7*01,1
542,CASTPGPAARELYF,TRBV25-1*01,None,TRBJ2-7*01,1
543,CASTPGSGERGQYF,TRBV25-1*01,None,TRBJ2-7*01,1
544,CASTPGPAAREQYF,TRBV25-1*01,None,TRBJ2-7*01,1
545,CASTPGDAERVQYF,TRBV25-1*01,None,TRBJ2-7*01,1
546,CASTPGDAERKQYF,TRBV25-1*01,None,TRBJ2-7*01,1
547,CASTPGDAEREQYF,TRBV7-9*05,None,TRBJ2-7*01,1
548,CASTPGSSERKQYF,TRBV28*01,None,TRBJ2-7*01,1
549,CASTPGSVEREQYF,TRBV25-1*01,None,TRBJ2-7*01,1
550,CASTPGPAARHQYF,TRBV25-1*01,None,TRBJ2-7*01,1
551,CASTPGSAEGGQYF,TRBV25-1*01,None,TRBJ2-7*01,1
552,CASTPGSAEGEQYF,TRBV25-1*01,None,TRBJ2-7*01,1
553,CASTPGTAANEQYF,TRBV25-1*01,None,TRBJ2-7*01,1
554,CASTPGTAAREQYF,TRBV25-1*01,None,TRBJ2-7*01,1
555,CASTPGTADREQYF,TRBV4-2*02,None,TRBJ2-7*01,1
556,CASTPGTAECEQYF,TRBV25-1*01,None,TRBJ2-7*01,1
557,CASTPGPAARVLYF,TRBV25-1*01,None,TRBJ2-7*01,1
558,CASTPGDSKREQYF,TRBV25-1*01,None,TRBJ2-7*01,1
559,CASTPGEAAREQYF,TRBV25-1*01,None,TRBJ2-7*01,1
560,CASTPGSAKREQYF,TRBV25-1*01,None,TRBJ2-7*01,1
561,CASTPGSAERQQYF,TRBV25-1*01,None,TRBJ2-7*01,1
562,CASTPGGTERQQYF,TRBV25-1*01,None,TRBJ2-7*01,1
563,CASTPGGSEREQYF,TRBV25-1*01,None,TRBJ2-7*01,1
564,CASTPGGPEREQYF,TRBV25-1*01,None,TRBJ2-7*01,1
565,CASTPGGEEREQYF,TRBV27*01,None,TRBJ2-7*01,1
566,CASTPGSAEREQYF,TRBV25-1*01,None,TRBJ1-1*01,1
567,CASTPGGEAREQYF,TRBV25-1*01,None,TRBJ2-7*01,1
568,CASTPGGAVSEPSF,TRBV25-1*01,None,TRBJ2-7*01,1
569,CASTPGSAEREQYF,TRBV27*01,None,TRBJ2-7*01,1
570,CASTPGSAERERYF,TRBV25-1*01,None,TRBJ2-7*01,1
571,CASTPGSAERKQYF,TRBV25-1*01,None,TRBJ2-7*01,1
572,CASTPGGAVREQYF,TRBV25-1*01,None,TRBJ2-7*01,1
573,CASTPGGAKREQYF,TRBV25-1*01,None,TRBJ2-7*01,1
574,CASTPGSAERVQYF,TRBV25-1*01,None,TRBJ2-5*01,1
575,CASTPGSAHRVQYF,TRBV25-1*01,None,TRBJ2-7*01,1
576,CASTPGSAEREKYF,TRBV25-1*01,None,TRBJ2-7*01,1
577,CASTPGGAERGQYF,TRBV25-1*01,None,TRBJ2-7*01,1
578,CASTPGGAERERYF,TRBV25-1*01,None,TRBJ2-7*01,1
579,CASTPGGAEREQYF,TRBV7-9*05,None,TRBJ2-7*01,1
580,CASTPGSAESEQYF,TRBV25-1*01,None,TRBJ2-7*01,1
581,CASTPGGAEREQFF,TRBV25-1*01,None,TRBJ2-7*01,1
582,CASTPGSAELERYF,TRBV25-1*01,None,TRBJ2-7*01,1
583,CASTPGGAEREKYF,TRBV25-1*01,None,TRBJ2-7*01,1
584,CASTPGSAESKQNF,TRBV25-1*01,None,TRBJ2-7*01,1
585,CASTPGGAEHEQYF,TRBV25-1*01,None,TRBJ2-7*01,1
586,CASTPGGAARAQYF,TRBV25-1*01,None,TRBJ2-7*01,1
587,CASTPGEAEREQYF,TRBV25-1*01,None,TRBJ2-7*01,1
588,CASTPGTAEIEQYF,TRBV25-1*01,None,TRBJ2-7*01,1
589,CASTPGPADREHYF,TRBV25-1*01,None,TRBJ2-7*01,1
590,CASTPGDAEREPYF,TRBV25-1*01,None,TRBJ2-7*01,1
591,CASTPGRAEPEQYF,TRBV25-1*01,None,TRBJ2-7*01,1
592,CASTPGAVERGQYF,TRBV25-1*01,None,TRBJ2-7*01,1
593,CASTPGVAEREQYF,TRBV4-2*02,None,TRBJ2-7*01,1
594,CASTPGSADRDQYF,TRBV25-1*01,None,TRBJ2-7*01,1
595,CASTPGSAAREQYF,TRBV25-1*01,None,TRBJ2-7*01,1
596,CASTPGPAERDLYF,TRBV25-1*01,None,TRBJ2-7*01,1
597,CASTPGVAERQLYF,TRBV25-1*01,None,TRBJ2-7*01,1
598,CASTPGPAEREHYF,TRBV25-1*01,None,TRBJ2-7*01,1
599,CASTPGRAEREQYF,TRBV25-1*01,None,TRBJ2-7*01,1
600,CASTPGVAERVQYF,TRBV25-1*01,None,TRBJ2-7*01,1
601,CASTPGAVEREQYF,TRBV27*01,None,TRBJ2-7*01,1
602,CASTPGAVERDQYF,TRBV25-1*01,None,TRBJ2-7*01,1
603,CASTPGAVERDHYF,TRBV25-1*01,None,TRBJ2-7*01,1
604,CASTPGAVEPEQYF,TRBV25-1*01,None,TRBJ2-7*01,1
605,CASTPGAVERQQYF,TRBV25-1*01,None,TRBJ2-7*01,1
606,CASTPGVAGGEQYF,TRBV25-1*01,None,TRBJ2-7*01,1
607,CASTPGPTEREQYF,TRBV25-1*01,None,TRBJ2-7*01,1
608,CASTPGAVELEQYF,TRBV25-1*01,None,TRBJ2-7*01,1
609,CASTPGPSEREQYF,TRBV25-1*01,None,TRBJ2-7*01,1
610,CASTPGAVEGEQYF,TRBV25-1*01,None,TRBJ2-7*01,1
611,CASTPGVAGREQIF,TRBV25-1*01,None,TRBJ2-7*01,1
612,CASTPGAVECEQHF,TRBV25-1*01,None,TRBJ2-7*01,1
613,CASTPGVAQREQYF,TRBV25-1*01,None,TRBJ2-7*01,1
614,CASTPGVAVRELYF,TRBV25-1*01,None,TRBJ2-7*01,1
615,CASTPGVSEREQYF,TRBV25-1*01,None,TRBJ2-7*01,1
616,CASTPLAAGREQYF,TRBV25-1*01,None,TRBJ2-7*01,1
617,CASTPGAVDREQYF,TRBV25-1*01,None,TRBJ2-7*01,1
618,CASTPGVAEREQDF,TRBV25-1*01,None,TRBJ2-7*01,1
619,CASTPGAVERVHYF,TRBV25-1*01,None,TRBJ2-7*01,1
620,CASTPGDAEREHYF,TRBV25-1*01,None,TRBJ2-7*01,1
621,CASTPGAVWPEQYF,TRBV25-1*01,None,TRBJ2-7*01,1
622,CASTPGDAEREEYF,TRBV25-1*01,None,TRBJ2-7*01,1
623,CASTPGSADRGQYF,TRBV25-1*01,None,TRBJ2-7*01,1
624,CASTPGDAERDLYF,TRBV25-1*01,None,TRBJ2-7*01,1
625,CASTPGTAEREEYF,TRBV25-1*01,None,TRBJ2-7*01,1
626,CASTPGDAELEQYF,TRBV25-1*01,None,TRBJ2-7*01,1
627,CASTPGDAEHEQYF,TRBV25-1*01,None,TRBJ2-7*01,1
628,CASTPGDAEHEHYF,TRBV25-1*01,None,TRBJ2-7*01,1
629,CASTPGSADREQYF,TRBV25-1*01,None,TRBJ2-7*01,1
630,CASTPGDAEGEQYF,TRBV25-1*01,None,TRBJ2-7*01,1
631,CASTPGTAEREQYF,TRBV4-2*02,None,TRBJ2-7*01,1
632,CASTPGDADREQYF,TRBV25-1*01,None,TRBJ2-7*01,1
633,CASTPGTAERKQYF,TRBV25-1*01,None,TRBJ2-7*01,1
634,CASTPGPAEGEQYF,TRBV25-1*01,None,TRBJ2-7*01,1
635,CASTPGAVETVQYF,TRBV25-1*01,None,TRBJ2-7*01,1
636,CASTPGSADREHYF,TRBV25-1*01,None,TRBJ2-7*01,1
637,CASTPGTAGREQYF,TRBV4-2*02,None,TRBJ2-7*01,1
638,CASTPGAVVREQYF,TRBV25-1*01,None,TRBJ2-7*01,1
639,CASTPGTEEREQYF,TRBV25-1*01,None,TRBJ2-7*01,1
640,CASTPGTGEREQDF,TRBV7-9*05,None,TRBJ2-7*01,1
641,CASTPGAVVRELYF,TRBV25-1*01,None,TRBJ2-7*01,1
642,CASTPGVAATQLYF,TRBV25-1*01,None,TRBJ2-7*01,1
643,CASTPGAVQGAQYF,TRBV25-1*01,None,TRBJ2-7*01,1
644,CASTPGAVLRELYF,TRBV25-1*01,None,TRBJ2-7*01,1
645,CASTPGVAERDQYF,TRBV25-1*01,None,TRBJ2-7*01,1
646,CASTPGVAERELYF,TRBV25-1*01,None,TRBJ2-7*01,1
647,CASTPGPAEPEHYF,TRBV25-1*01,None,TRBJ2-7*01,1
648,CASTPGPAETVQYF,TRBV25-1*01,None,TRBJ2-7*01,1
649,CAATPGAAEREQNF,TRBV25-1*01,None,TRBJ2-7*01,1
650,CASTPVAAKREQYF,TRBV25-1*01,None,TRBJ2-7*01,1
651,CPSTPGDAGREQYF,TRBV25-1*01,None,TRBJ2-7*01,1
652,CPSTPVVSEREQYF,TRBV25-1*01,None,TRBJ2-7*01,1
653,CPSTPVAAEREQYF,TRBV25-1*01,None,TRBJ2-7*01,1
654,CPSTPTASQRVHHF,TRBV25-1*01,None,TRBJ2-7*01,1
655,CPSTPRAAEREHYF,TRBV25-1*01,None,TRBJ2-7*01,1
656,CPSTPGVAEREQYF,TRBV25-1*01,None,TRBJ2-7*01,1
657,CPSTPGPEPPEFYF,TRBV25-1*01,None,TRBJ2-7*01,1
658,CPSTPGPAPREQYF,TRBV25-1*01,None,TRBJ2-7*01,1
659,CPSTPGPAAREQYF,TRBV25-1*01,None,TRBJ2-7*01,1
660,CPSTPGGTGRELYF,TRBV25-1*01,None,TRBJ2-7*01,1
661,CPSTPGGAWREQYF,TRBV25-1*01,None,TRBJ2-7*01,1
662,CPSTPGGAEREQYF,TRBV25-1*01,None,TRBJ2-7*01,1
663,CPSTPGATWRHQYF,TRBV25-1*01,None,TRBJ2-7*01,1
664,CPSTPGAAKREHYF,TRBV25-1*01,None,TRBJ2-7*01,1
665,CPSTPGATEREQYF,TRBV25-1*01,None,TRBJ2-7*01,1
666,CPSTPGASQRLYYF,TRBV25-1*01,None,TRBJ2-7*01,1
667,CPSTPGASGREQYF,TRBV25-1*01,None,TRBJ2-7*01,1
668,CPSTPGASATEQYF,TRBV25-1*01,None,TRBJ2-7*01,1
669,CPSTPGAEGREQYF,TRBV25-1*01,None,TRBJ2-7*01,1
670,CPSTPGAEAREQYF,TRBV25-1*01,None,TRBJ2-7*01,1
671,CPSTPGAARREQYF,TRBV25-1*01,None,TRBJ2-7*01,1
672,CPSTPGAAQREHYF,TRBV25-1*01,None,TRBJ2-7*01,1
673,CPSTPGAAQRDLYF,TRBV25-1*01,None,TRBJ2-7*01,1
674,CPSTPGAAPPEQYF,TRBV25-1*01,None,TRBJ2-7*01,1
675,CPSTPGAAKRLHYF,TRBV25-1*01,None,TRBJ2-7*01,1
676,CPSTRGAAEPEQYF,TRBV25-1*01,None,TRBJ2-7*01,1
677,CPSTRGAAEREQYF,TRBV25-1*01,None,TRBJ2-7*01,1
678,CPSTTGAAERVQYF,TRBV25-1*01,None,TRBJ2-7*01,1
679,CPTTPAAAEREQYF,TRBV25-1*01,None,TRBJ2-7*01,1
680,CSNTPGAAEREKYF,TRBV25-1*01,None,TRBJ2-7*01,1
681,CSGTPWPTEREQYF,TRBV25-1*01,None,TRBJ2-7*01,1
682,CSGTPGAAEREQYF,TRBV25-1*01,None,TRBJ2-7*01,1
683,CSGPPGGAELEQYF,TRBV25-1*01,None,TRBJ2-7*01,1
684,CSAVAWCFHSYYF,TRBV20-1*03,None,TRBJ2-7*01,1
685,CSAVAGVYHEQYF,TRBV20-1*03,None,TRBJ2-7*01,1
686,CSAVAGVSYEQYF,TRBV20-1*03,None,TRBJ2-7*01,1
687,CSAVAGFSYEQYF,TRBV20-1*04,None,TRBJ2-7*01,1
688,CSAVAGCSYEQYF,TRBV20-1*02,None,TRBJ2-7*01,1
689,CSASSRRGSQETQYF,TRBV20-1*07,None,TRBJ2-5*01,1
690,CSASSRRGSQETQYF,TRBV20-1*05,None,TRBJ2-5*01,1
691,CSASSRRGSQETQYF,TRBV20-1*04,None,TRBJ2-5*01,1
692,CSASSRGGSQETQFF,TRBV20-1*03,None,TRBJ2-1*01,1
693,CSARDWQGSYKQHFF,TRBV20-1*05,None,TRBJ2-1*01,1
694,CSAQHRSGDHNEQFF,TRBV20-1*05,None,TRBJ2-1*01,1
695,CRSTPGSAEREQYF,TRBV25-1*01,None,TRBJ2-7*01,1
696,CRASSRGGSQEAQYF,TRBV20-1*02,None,TRBJ2-5*01,1
697,CPTTSTVTPTELYF,TRBV25-1*01,None,TRBJ2-7*01,1
698,CPTTPGAVERQQYF,TRBV25-1*01,None,TRBJ2-7*01,1
699,CPTTPGAAKREQYF,TRBV25-1*01,None,TRBJ2-7*01,1
700,CPTTPGAAGRDQYF,TRBV25-1*01,None,TRBJ2-7*01,1
701,CPTTPGAAEREKYF,TRBV25-1*01,None,TRBJ2-7*01,1
702,CPTTPAASESEQYF,TRBV25-1*01,None,TRBJ2-7*01,1
703,CPSTPGAAKREQYF,TRBV27*01,None,TRBJ2-7*01,1
704,CPSTPGAAGTDQYF,TRBV25-1*01,None,TRBJ2-7*01,1
705,CSQSPAAAEREQYF,TRBV25-1*01,None,TRBJ2-7*01,1
706,CPIPPEAAEREQYF,TRBV25-1*01,None,TRBJ2-7*01,1
707,CPSPPGAAEREQYF,TRBV25-1*01,None,TRBJ2-7*01,1
708,CPSPPDAAQREQDF,TRBV25-1*01,None,TRBJ2-7*01,1
709,CPSNPGAAEPQQYF,TRBV25-1*01,None,TRBJ2-7*01,1
710,CPSIPWAAEREQYF,TRBV27*01,None,TRBJ2-7*01,1
711,CPSAPGAAEGEQYF,TRBV25-1*01,None,TRBJ2-7*01,1
712,CPRTTGAPEREPYF,TRBV25-1*01,None,TRBJ2-7*01,1
713,CPRTPAAAEPELYF,TRBV25-1*01,None,TRBJ2-7*01,1
714,CPRTLGAAPREQYF,TRBV25-1*01,None,TRBJ2-7*01,1
715,CPNTPGAAEREQNF,TRBV25-1*01,None,TRBJ2-7*01,1
716,CPLTPGAAETEQYF,TRBV25-1*01,None,TRBJ2-7*01,1
717,CPITPTVTESVLYF,TRBV25-1*01,None,TRBJ2-7*01,1
718,CPCTPGAAEREQYF,TRBV25-1*01,None,TRBJ2-7*01,1
719,CPSTPGAAERVQYF,TRBV25-1*01,None,TRBJ2-7*01,1
720,CPAAARFPYQLHF,TRBV20-1*03,None,TRBJ2-7*01,1
721,CNSTPGAAEREQYF,TRBV25-1*01,None,TRBJ2-7*01,1
722,CNRTPWPAERAQYF,TRBV25-1*01,None,TRBJ2-7*01,1
723,CHSTPGAARCEQYF,TRBV25-1*01,None,TRBJ2-7*01,1
724,CGTTPGAAEREQYF,TRBV25-1*01,None,TRBJ2-7*01,1
725,CGTTPGAAEREQHF,TRBV25-1*01,None,TRBJ2-7*01,1
726,CGSTTGAAEREQYF,TRBV25-1*01,None,TRBJ2-7*01,1
727,CGSTRGAAEREQYF,TRBV25-1*01,None,TRBJ2-7*01,1
728,CGSTPGDAEREQYF,TRBV25-1*01,None,TRBJ2-7*01,1
729,CGSTPGASEHEHYF,TRBV25-1*01,None,TRBJ2-7*01,1
730,CGSTPGAAKREQYF,TRBV25-1*01,None,TRBJ2-7*01,1
731,CPSPPGAASREQYF,TRBV25-1*01,None,TRBJ2-7*01,1
732,CPSRLGAVETQYF,TRBV28*01,None,TRBJ2-5*01,1
733,CPSRRARIPVHSPLHF,TRBV7-8*03,None,TRBJ1-6*01,1
734,CPSRVLGSETKYF,TRBV28*01,None,TRBJ2-5*01,1
735,CPSTPGAAERVLYF,TRBV25-1*01,None,TRBJ2-7*01,1
736,CPSTPGAAERLLYF,TRBV25-1*01,None,TRBJ2-7*01,1
737,CPSTPGAAERKPYF,TRBV25-1*01,None,TRBJ2-7*01,1
738,CPSTPGAAEREPYF,TRBV25-1*01,None,TRBJ2-7*01,1
739,CPSTPGAAEREKYF,TRBV25-1*01,None,TRBJ2-7*01,1
740,CPSTPGAAEREHYF,TRBV27*01,None,TRBJ2-7*01,1
741,CPSTPGAAERAQYF,TRBV25-1*01,None,TRBJ2-7*01,1
742,CPSTPGAAEPEQYF,TRBV25-1*01,None,TRBJ2-7*01,1
743,CPSTPGAAELEQYF,TRBV25-1*01,None,TRBJ2-7*01,1
744,CPSTPGAADRVQYF,TRBV25-1*01,None,TRBJ2-7*01,1
745,CPSTPCDAEPEQYF,TRBV25-1*01,None,TRBJ2-7*01,1
746,CPSTPARVSPELSF,TRBV25-1*01,None,TRBJ2-7*01,1
747,CPSTPAAAQRVLSF,TRBV25-1*01,None,TRBJ2-7*01,1
748,CPSTPAAAERVQYF,TRBV25-1*01,None,TRBJ2-7*01,1
749,CPSTPAAAEREQYF,TRBV25-1*01,None,TRBJ2-7*01,1
750,CPSTPAAAERDQYF,TRBV25-1*01,None,TRBJ2-7*01,1
751,CPSTPAAAEPEHYF,TRBV25-1*01,None,TRBJ2-7*01,1
752,CPSTPAAAAREQFF,TRBV25-1*01,None,TRBJ2-7*01,1
753,CPSSPGTAVREQYF,TRBV25-1*01,None,TRBJ2-7*01,1
754,CPSSPAAAEPEHYF,TRBV25-1*01,None,TRBJ2-7*01,1
755,CPSSFSVGPTYEQYF,TRBV14*02,None,TRBJ2-7*01,1
756,CPSSFSTCSANYGYTF,TRBV12-4*02,None,TRBJ1-2*01,1
757,CPSSEVSGQLQHF,TRBV6-6*03,None,TRBJ1-5*01,1
758,CSNTTVAADREQYF,TRBV25-1*01,None,TRBJ2-7*01,1
759,CSRSPAASEYEQYF,TRBV7-2*04,None,TRBJ2-7*01,1
760,CGSTPGAAEREQYF,TRBV27*01,None,TRBJ2-7*01,1
761,CTSTPGAAERDQYF,TRBV25-1*01,None,TRBJ2-7*01,1
762,CTTTPGAAEREQYF,TRBV25-1*01,None,TRBJ2-7*01,1
763,CTSTTGASEPEQYF,TRBV25-1*01,None,TRBJ2-7*01,1
764,CTSTPVAAEREQYF,TRBV25-1*01,None,TRBJ2-7*01,1
765,CTSTPGLAEREPYF,TRBV25-1*01,None,TRBJ2-7*01,1
766,CTSTPGAVEREQYF,TRBV25-1*01,None,TRBJ2-7*01,1
767,CTSTPGAAKREQYF,TRBV25-1*01,None,TRBJ2-7*01,1
768,CTSTPGAAHSEQYF,TRBV27*01,None,TRBJ2-7*01,1
769,CTSTPGAAGREPYF,TRBV25-1*01,None,TRBJ2-7*01,1
770,CTSTPGAAEREQYF,TRBV27*01,None,TRBJ2-7*01,1
771,CTSTPGAAEREQDF,TRBV25-1*01,None,TRBJ2-7*01,1
772,CTSTPGAAEREHYF,TRBV25-1*01,None,TRBJ2-7*01,1
773,CTSTPGAAEPLYSF,TRBV25-1*01,None,TRBJ2-7*01,1
774,CTSRSSNYGYSF,TRBV6-6*03,None,TRBJ1-2*01,1
775,CTSTPGAAEHEQYF,TRBV25-1*01,None,TRBJ2-7*01,1
776,CTSTPGAAEAEQYF,TRBV25-1*01,None,TRBJ2-7*01,1
777,CTSTPEAADRAQYF,TRBV25-1*01,None,TRBJ2-7*01,1
778,CTSTPAAAEREQYF,TRBV25-1*01,None,TRBJ2-7*01,1
779,CTSTLGAAEREQYF,TRBV7-2*03,None,TRBJ2-7*01,1
780,CTSSYSSYGYTF,TRBV6-6*03,None,TRBJ1-2*01,1
781,CTSSYSNYGYTF,TRBV6-6*02,None,TRBJ1-2*01,1
782,CTSSYSNDGYTF,TRBV6-6*03,None,TRBJ1-2*01,1
783,CTSSYSHYGYTF,TRBV6-6*05,None,TRBJ1-2*01,1
784,CTSSYKGGSYTEQFF,TRBV7-3*05,None,TRBJ2-1*01,1
785,CTSSYGNSGYTF,TRBV6-5*01,None,TRBJ1-2*01,1
786,CTTTPRAAELEEFF,TRBV25-1*01,None,TRBJ2-7*01,1
787,CVISYSNDGYTF,TRBV10-3*02,None,TRBJ1-2*01,1
788,CVKNNGAAEREQYF,TRBV25-1*01,None,TRBJ2-7*01,1
789,CVRTPGAAGREQYF,TRBV25-1*01,None,TRBJ2-7*01,1
790,CVVGHGPSDEKYF,TRBV9*01,None,TRBJ2-7*01,1
791,CVSTPWAAEREQYF,TRBV4-2*02,None,TRBJ2-7*01,1
792,CVSTPWAAAREQYF,TRBV25-1*01,None,TRBJ2-7*01,1
793,CVSTPVAAEREQYF,TRBV25-1*01,None,TRBJ2-7*01,1
794,CVSTPGPSERAQYF,TRBV25-1*01,None,TRBJ2-7*01,1
795,CVSTPGAVEREQYF,TRBV25-1*01,None,TRBJ2-7*01,1
796,CVSTPGATEREQYF,TRBV25-1*01,None,TRBJ2-7*01,1
797,CVSTPGAAERVQDF,TRBV25-1*01,None,TRBJ2-7*01,1
798,CVSTPGAAERQQYF,TRBV25-1*01,None,TRBJ2-7*01,1
799,CVSTPGAAERGQYF,TRBV25-1*01,None,TRBJ2-7*01,1
800,CVSTPGAAEREQYF,TRBV7-9*05,None,TRBJ2-7*01,1
801,CVSTPGAAEREQYF,TRBV4-2*02,None,TRBJ2-7*01,1
802,CVSTPGAAEREKYF,TRBV25-1*01,None,TRBJ2-7*01,1
803,CVSTPGAAEHEQYF,TRBV25-1*01,None,TRBJ2-7*01,1
804,CVSTPGAAEHAQYF,TRBV25-1*01,None,TRBJ2-7*01,1
805,CVSTPGAAAREQYF,TRBV25-1*01,None,TRBJ2-7*01,1
806,CVSTPGAAAGEQKF,TRBV25-1*01,None,TRBJ2-7*01,1
807,CVSSYSNYGYTF,TRBV6-6*03,None,TRBJ1-2*01,1
808,CVSSRDRGSNQPQHF,TRBV14*02,None,TRBJ1-5*01,1
809,CVSSPSGRGSNEQFF,TRBV11-3*03,None,TRBJ2-1*01,1
810,CVSSIGGTGLRGEQFF,TRBV19*03,None,TRBJ2-1*01,1
811,CVSPPGAAEREQYF,TRBV25-1*01,None,TRBJ2-7*01,1
812,CVSIPGAAEREQYF,TRBV25-1*01,None,TRBJ2-7*01,1
813,CTSSFGTASYEQYF,TRBV7-2*03,None,TRBJ2-7*01,1
814,CTSPPGAAEREQYF,TRBV25-1*01,None,TRBJ2-7*01,1
815,CSRTPGAAELDQYF,TRBV25-1*01,None,TRBJ2-7*01,1
816,CSSTPGAAAREQYF,TRBV25-1*01,None,TRBJ2-7*01,1
817,CSSTPGAPVPELYF,TRBV25-1*01,None,TRBJ2-7*01,1
818,CSSTPGAGKREQDF,TRBV25-1*01,None,TRBJ2-7*01,1
819,CSSTPGAAVCEQYF,TRBV25-1*01,None,TRBJ2-7*01,1
820,CSSTPGAAGREKYF,TRBV25-1*01,None,TRBJ2-7*01,1
821,CSSTPGAAEREQYF,TRBV4-2*02,None,TRBJ2-7*01,1
822,CSSTPGAAEREQYF,TRBV10-3*01,None,TRBJ2-7*01,1
823,CSSTPGAAEREQFF,TRBV25-1*01,None,TRBJ2-7*01,1
824,CSSTPGAAERDQNF,TRBV25-1*01,None,TRBJ2-7*01,1
825,CSSTPGAAERAQYF,TRBV25-1*01,None,TRBJ2-7*01,1
826,CSSTPGAAEHEQYF,TRBV25-1*01,None,TRBJ2-7*01,1
827,CSSTPGAAEHAQYF,TRBV25-1*01,None,TRBJ2-7*01,1
828,CSSTPEAAKREQYF,TRBV25-1*01,None,TRBJ2-7*01,1
829,CTSIFSVGPTYEQYF,TRBV14*02,None,TRBJ2-7*01,1
830,CSSTPAAAEIHQYF,TRBV25-1*01,None,TRBJ2-7*01,1
831,CSSTIGVTGLSCEQFF,TRBV7-7*02,None,TRBJ2-1*01,1
832,CSSTHWAAEREQYF,TRBV25-1*01,None,TRBJ2-7*01,1
833,CSSTHGVAEREPYF,TRBV25-1*01,None,TRBJ2-7*01,1
834,CSSTHGAPEREQYF,TRBV25-1*01,None,TRBJ2-7*01,1
835,CSSSYSNYGYTF,TRBV6-6*05,None,TRBJ1-2*01,1
836,CSSSYRNYGYTF,TRBV6-6*03,None,TRBJ1-2*01,1
837,CSSSPPLHTPSYEQYF,TRBV18*01,None,TRBJ2-7*01,1
838,CSRTPGSAEREQYF,TRBV25-1*01,None,TRBJ2-7*01,1
839,CSRTPGDAEREQYF,TRBV25-1*01,None,TRBJ2-7*01,1
840,CSRTPGAAEREQYF,TRBV25-1*01,None,TRBJ2-7*01,1
841,CSSTPGASEREHYF,TRBV25-1*01,None,TRBJ2-7*01,1
842,CSSTPGASEREQYF,TRBV25-1*01,None,TRBJ2-7*01,1
843,CSSTPGASGREQYF,TRBV25-1*01,None,TRBJ2-7*01,1
844,CSSTPGGAEREQYF,TRBV25-1*01,None,TRBJ2-7*01,1
845,CTRTRGAAELENYF,TRBV7-2*01,None,TRBJ2-7*01,1
846,CTRTPTPAQTDLHF,TRBV25-1*01,None,TRBJ2-7*01,1
847,CTRTPGAVERAQYF,TRBV25-1*01,None,TRBJ1-6*01,1
848,CTRTPGAAEREQYF,TRBV25-1*01,None,TRBJ2-7*01,1
849,CTGTPGAAEREQYF,TRBV25-1*01,None,TRBJ2-7*01,1
850,CTCTPGAAESEQHF,TRBV25-1*01,None,TRBJ2-7*01,1
851,CSYTPVCVEREQYF,TRBV25-1*01,None,TRBJ2-7*01,1
852,CSVWTSGGQPQNF,TRBV29-1*02,None,TRBJ1-5*01,1
853,CSVPSGGVSGANVLTF,TRBV29-1*02,None,TRBJ2-6*01,1
854,CSVHKGPNTEAFF,TRBV29-1*02,None,TRBJ1-1*01,1
855,CSVGTAGGQHQHF,TRBV29-1*02,None,TRBJ1-5*01,1
856,CSVEGRQAKRYNEQFF,TRBV29-1*02,None,TRBJ2-1*01,1
857,CSVEDRQAKSYNEQFF,TRBV29-1*01,None,TRBJ2-1*01,1
858,CSVEDRAKRYNEQFF,TRBV29-1*01,None,TRBJ2-1*01,1
859,CSTTPGTAEREQYF,TRBV25-1*01,None,TRBJ2-7*01,1
860,CSTTPGAAEREQDF,TRBV25-1*01,None,TRBJ2-7*01,1
861,CSSTRGAEEREQYF,TRBV25-1*01,None,TRBJ2-7*01,1
862,CSSTPWAAPREQYF,TRBV25-1*01,None,TRBJ2-7*01,1
863,CSSTPVAAEREQYF,TRBV25-1*01,None,TRBJ2-7*01,1
864,CSSTPVAAEREQNF,TRBV25-1*01,None,TRBJ2-7*01,1
865,CSSTPRAAEREQYF,TRBV25-1*01,None,TRBJ2-7*01,1
866,CSSTPGVAERAQYF,TRBV25-1*01,None,TRBJ2-7*01,1
867,CSSTPGSAEREQYF,TRBV25-1*01,None,TRBJ2-7*01,1
868,CGSTPGAAGREQYF,TRBV25-1*01,None,TRBJ2-7*01,1
869,CGSTPGAAEREKYF,TRBV25-1*01,None,TRBJ2-7*01,1
870,CASTPVAAVREQYF,TRBV25-1*01,None,TRBJ2-7*01,1
871,CASTSGAAEREQYF,TRBV12-4*02,None,TRBJ2-7*01,1
872,CASTTAAAEREQNF,TRBV7-9*05,None,TRBJ2-7*01,1
873,CASTSVAAEREQYF,TRBV25-1*01,None,TRBJ2-7*01,1
874,CASTSGPGEREQYF,TRBV25-1*01,None,TRBJ2-7*01,1
875,CASTSGPASHEQYF,TRBV25-1*01,None,TRBJ2-7*01,1
876,CASTSGASEHEQYF,TRBV25-1*01,None,TRBJ2-7*01,1
877,CASTSGAPERDQYF,TRBV25-1*01,None,TRBJ2-7*01,1
878,CASTSGAEQREQYF,TRBV25-1*01,None,TRBJ2-7*01,1
879,CASTSGAAVRVYYF,TRBV25-1*01,None,TRBJ2-7*01,1
880,CASTSGAAESEQYF,TRBV4-2*02,None,TRBJ2-7*01,1
881,CASTSGAAERVQYF,TRBV25-1*01,None,TRBJ2-7*01,1
882,CASTSGAAERTQYF,TRBV4-2*02,None,TRBJ2-7*01,1
883,CASTSGAAEREQHF,TRBV25-1*01,None,TRBJ2-7*01,1
884,CASTSAAAERVQYF,TRBV25-1*01,None,TRBJ2-7*01,1
885,CASTSGAAEREQCF,TRBV25-1*01,None,TRBJ2-7*01,1
886,CASTSGAAERELYF,TRBV25-1*01,None,TRBJ2-7*01,1
887,CASTSGAAEREKYF,TRBV25-1*01,None,TRBJ2-7*01,1
888,CASTSGAAELEQYF,TRBV25-1*01,None,TRBJ2-7*01,1
889,CASTSGAAEHEQYF,TRBV27*01,None,TRBJ2-7*01,1
890,CASTSGAAEHEQYF,TRBV25-1*01,None,TRBJ2-7*01,1
891,CASTSGAAECERYF,TRBV25-1*01,None,TRBJ2-7*01,1
892,CASTPGAGERKQYF,TRBV25-1*01,None,TRBJ2-7*01,1
893,CASTSGAADREQYF,TRBV4-2*02,None,TRBJ2-7*01,1
894,CASTSGAAAREYYF,TRBV25-1*01,None,TRBJ2-7*01,1
895,CASTSGAAAHEQYF,TRBV27*01,None,TRBJ2-7*01,1
896,CASTTAAAEREQYF,TRBV25-1*01,None,TRBJ2-7*01,1
897,CASTTAAAGREQIF,TRBV25-1*01,None,TRBJ2-7*01,1
898,CASTTAAAGREQYF,TRBV25-1*01,None,TRBJ2-7*01,1
899,CASTTAAAKSEKYF,TRBV25-1*01,None,TRBJ2-7*01,1
900,CASTTGPAEREQYF,TRBV25-1*01,None,TRBJ2-7*01,1
901,CASTTGDAERKTYF,TRBV25-1*01,None,TRBJ2-7*01,1
902,CASTTGAVEREQYF,TRBV25-1*01,None,TRBJ2-7*01,1
903,CASTTGATKSDQYF,TRBV25-1*01,None,TRBJ2-7*01,1
904,CASTTGASEREEYF,TRBV25-1*01,None,TRBJ2-7*01,1
905,CASTTGAGEREQYF,TRBV25-1*01,None,TRBJ2-7*01,1
906,CASTTGAEEREQYF,TRBV25-1*01,None,TRBJ2-7*01,1
907,CASTTGAARREQYF,TRBV25-1*01,None,TRBJ2-7*01,1
908,CASTTGAAKREQYF,TRBV7-9*05,None,TRBJ2-7*01,1
909,CASTTGAAGRERYF,TRBV25-1*01,None,TRBJ2-7*01,1
910,CASTTGAAGRELYF,TRBV25-1*01,None,TRBJ2-7*01,1
911,CASTTGAAESEQYF,TRBV25-1*01,None,TRBJ2-7*01,1
912,CASTTGAAERQQYF,TRBV25-1*01,None,TRBJ2-7*01,1
913,CASTTGAAERGQYF,TRBV25-1*01,None,TRBJ2-7*01,1
914,CASTTGAAEREQNF,TRBV25-1*01,None,TRBJ2-7*01,1
915,CASTTGAAEREQHF,TRBV25-1*01,None,TRBJ2-7*01,1
916,CASTTGAAERELYF,TRBV25-1*01,None,TRBJ2-7*01,1
917,CASTTGAAERELHF,TRBV25-1*01,None,TRBJ2-7*01,1
918,CASTTGAAEREHYF,TRBV25-1*01,None,TRBJ2-7*01,1
919,CASTTGAAEPEQYF,TRBV25-1*01,None,TRBJ2-7*01,1
920,CASTTGAAEHEQYF,TRBV25-1*01,None,TRBJ2-7*01,1
921,CASTTGAAASQQYF,TRBV25-1*01,None,TRBJ2-7*01,1
922,CASTTCAAEHGQYF,TRBV25-1*01,None,TRBJ2-7*01,1
923,CASTSEAAERELFF,TRBV25-1*01,None,TRBJ2-7*01,1
924,CASTRGPAGREQYF,TRBV25-1*01,None,TRBJ2-7*01,1
925,CASTTRAAEREQYF,TRBV25-1*01,None,TRBJ2-7*01,1
926,CASTPWAAEGEQYF,TRBV25-1*01,None,TRBJ2-7*01,1
927,CASTPWAAERGQYF,TRBV25-1*01,None,TRBJ2-7*01,1
928,CASTPWAAEREQYF,TRBV27*01,None,TRBJ2-7*01,1
929,CASTPWAAEREQNF,TRBV25-1*01,None,TRBJ2-7*01,1
930,CASTPWAAERELYF,TRBV28*01,None,TRBJ2-7*01,1
931,CASTPWAAEREKYF,TRBV25-1*01,None,TRBJ2-7*01,1
932,CASTPWAAERDQYF,TRBV25-1*01,None,TRBJ2-7*01,1
933,CASTPWAAERAQYF,TRBV25-1*01,None,TRBJ2-7*01,1
934,CASTPWAAERALYF,TRBV25-1*01,None,TRBJ2-7*01,1
935,CASTPWAAEPEQYF,TRBV4-2*02,None,TRBJ2-7*01,1
936,CASTPWAAEPEQYF,TRBV25-1*01,None,TRBJ2-7*01,1
937,CASTPWAAELEQYF,TRBV25-1*01,None,TRBJ2-7*01,1
938,CASTPWAAEGEKYF,TRBV25-1*01,None,TRBJ2-7*01,1
939,CASTRGPAGREHYF,TRBV25-1*01,None,TRBJ2-7*01,1
940,CASTPWAADRVQYF,TRBV25-1*01,None,TRBJ2-7*01,1
941,CASTPWAADREQYF,TRBV25-1*01,None,TRBJ1-6*01,1
942,CASTPWAAAREQYF,TRBV25-1*01,None,TRBJ2-7*01,1
943,CASTPVVAERVQYF,TRBV25-1*01,None,TRBJ2-7*01,1
944,CASTPVSAEREQYF,TRBV25-1*01,None,TRBJ2-7*01,1
945,CASTPVPAEREQNF,TRBV25-1*01,None,TRBJ2-7*01,1
946,CASTPVPAEREPYF,TRBV25-1*01,None,TRBJ2-7*01,1
947,CASTPVDTEREQYF,TRBV25-1*01,None,TRBJ2-7*01,1
948,CASTPVDAGREHYF,TRBV25-1*01,None,TRBJ2-7*01,1
949,CASTPVAVEREQYF,TRBV25-1*01,None,TRBJ2-7*01,1
950,CASTPVASEREKYF,TRBV25-1*01,None,TRBJ2-7*01,1
951,CASTPWAAEYEQYF,TRBV25-1*01,None,TRBJ2-7*01,1
952,CASTPWAAGREQFF,TRBV25-1*01,None,TRBJ2-7*01,1
953,CASTPWAAQRDQYF,TRBV25-1*01,None,TRBJ2-7*01,1
954,CASTPWAAVREQYF,TRBV25-1*01,None,TRBJ2-7*01,1
955,CASTRGPAEREQYF,TRBV25-1*01,None,TRBJ2-7*01,1
956,CASTRGPAERDQYF,TRBV25-1*01,None,TRBJ2-7*01,1
957,CASTRGGARREQYF,TRBV25-1*01,None,TRBJ2-7*01,1
958,CASTRGDAEREQYF,TRBV25-1*01,None,TRBJ2-7*01,1
959,CASTRGAPEREQYF,TRBV25-1*01,None,TRBJ2-7*01,1
960,CASTRGAPDREQYF,TRBV25-1*01,None,TRBJ2-7*01,1
961,CASTRGAEEREQYF,TRBV25-1*01,None,TRBJ2-7*01,1
962,CASTRGAALREQYF,TRBV25-1*01,None,TRBJ2-7*01,1
963,CASTRGAAERKQYF,TRBV25-1*01,None,TRBJ2-7*01,1
964,CASTRGAAERETYF,TRBV25-1*01,None,TRBJ2-7*01,1
965,CASTRGAAEREQSF,TRBV25-1*01,None,TRBJ2-7*01,1
966,CASTRGAAEREKYF,TRBV25-1*01,None,TRBJ2-7*01,1
967,CASTRGAAELEQYF,TRBV25-1*01,None,TRBJ2-7*01,1
968,CASTRAVTEREQYF,TRBV25-1*01,None,TRBJ2-7*01,1
969,CASTRAAAEREPYF,TRBV25-1*01,None,TRBJ2-7*01,1
970,CASTQVAAEREQYF,TRBV25-1*01,None,TRBJ2-7*01,1
971,CASTPYAAEHDQYF,TRBV25-1*01,None,TRBJ2-7*01,1
972,CASTPWVEERAQYF,TRBV25-1*01,None,TRBJ2-7*01,1
973,CASTPWVAEREQYF,TRBV25-1*01,None,TRBJ2-7*01,1
974,CASTPWTAEREQYF,TRBV25-1*01,None,TRBJ2-7*01,1
975,CASTPWSAEREQYF,TRBV25-1*01,None,TRBJ2-7*01,1
976,CASTPWEAKRARYF,TRBV25-1*01,None,TRBJ2-7*01,1
977,CASTPWASERAQYF,TRBV25-1*01,None,TRBJ2-7*01,1
978,CASTTGTTELAQYF,TRBV25-1*01,None,TRBJ2-7*01,1
979,CASTTVAAKREQYF,TRBV25-1*01,None,TRBJ2-7*01,1
980,CGSTPGAAERAQYF,TRBV25-1*01,None,TRBJ2-7*01,1
981,CAWSRWEAADNNEQCF,TRBV30*04,None,TRBJ2-1*01,1
982,CDSPAGAAEPVQSF,TRBV25-1*01,None,TRBJ2-7*01,1
983,CDRAPGATEREQYF,TRBV25-1*01,None,TRBJ2-7*01,1
984,CDNNPGAAEREQYF,TRBV25-1*01,None,TRBJ2-7*01,1
985,CDMREVYNAASTSYGKLTF,TRBV2*02,None,TRBJ1-1*01,1
986,CDCTPGAAEREQYF,TRBV25-1*01,None,TRBJ2-7*01,1
987,CCSTTGGAGREQYF,TRBV25-1*01,None,TRBJ2-7*01,1
988,CAYTPGAAGREQYF,TRBV25-1*01,None,TRBJ2-7*01,1
989,CAYTPGAAEREQYF,TRBV25-1*01,None,TRBJ2-7*01,1
990,CAWTPARAGRELYF,TRBV25-1*01,None,TRBJ2-7*01,1
991,CAWSRWEADYNNKQSF,TRBV30*04,None,TRBJ2-1*01,1
992,CAWSRWEADYNNEEFF,TRBV30*04,None,TRBJ2-1*01,1
993,CAVTPGAAEREQYF,TRBV25-1*01,None,TRBJ2-7*01,1
994,CATTPSAAASEQYF,TRBV25-1*01,None,TRBJ2-7*01,1
995,CAVSDLEPNSTASKIIF,TRBV12-4*02,None,TRBJ1-1*01,1
996,CAVSDLEPNSSASKIIF,TRBV12-4*01,None,TRBJ2-2*01,1
997,CATTTVATEPDQYF,TRBV25-1*01,None,TRBJ2-7*01,1
998,CATTTGASEREQFF,TRBV25-1*01,None,TRBJ2-7*01,1
999,CATTTEAAEREQYF,TRBV25-1*01,None,TRBJ2-7*01,1
1000,CATTSGAAEHEQYF,TRBV25-1*01,None,TRBJ2-7*01,1
1001,CATTSAAAEPHYHF,TRBV25-1*01,None,TRBJ2-7*01,1
1002,CATTRDWGSNQPHHF,TRBV14*02,None,TRBJ1-5*01,1
1003,CATTPWSSEREQYF,TRBV25-1*01,None,TRBJ2-7*01,1
1004,CATTPWAAEREQYF,TRBV25-1*01,None,TRBJ2-7*01,1
1005,CATTPVAAERELYF,TRBV25-1*01,None,TRBJ2-7*01,1
1006,CDSPPGSAERDQYF,TRBV25-1*01,None,TRBJ2-7*01,1
1007,CDSRWDRFPVNSPLHF,TRBV7-8*03,None,TRBJ1-6*01,1
1008,CDSTHGVSEREQYF,TRBV25-1*01,None,TRBJ2-7*01,1
1009,CDSTPEAAEREQSF,TRBV7-9*05,None,TRBJ2-7*01,1
1010,CGSTPGAAEGEQYF,TRBV25-1*01,None,TRBJ2-7*01,1
1011,CGSSYSNYGYTF,TRBV6-6*03,None,TRBJ1-2*01,1
1012,CGSSPGAAEREQYF,TRBV25-1*01,None,TRBJ2-7*01,1
1013,CGSSIGGTGLRCEQFF,TRBV19*02,None,TRBJ2-1*01,1
1014,CGSSFCTCWANYGYHF,TRBV12-4*02,None,TRBJ1-2*01,1
1015,CDTSYSNYGYPF,TRBV10-3*04,None,TRBJ1-2*01,1
1016,CDSTSRASERSQYF,TRBV25-1*01,None,TRBJ2-7*01,1
1017,CDSTSGAAESEQCF,TRBV25-1*01,None,TRBJ2-7*01,1
1018,CDSTSGAAEREQYF,TRBV25-1*01,None,TRBJ2-7*01,1
1019,CDSTPVAAEREQYF,TRBV27*01,None,TRBJ2-7*01,1
1020,CDSTPGPAQREQYF,TRBV25-1*01,None,TRBJ2-7*01,1
1021,CDSTPGPAEREQYF,TRBV25-1*01,None,TRBJ2-7*01,1
1022,CDSTPGGAEREQYF,TRBV25-1*01,None,TRBJ2-7*01,1
1023,CDSTPGAVGREHYF,TRBV25-1*01,None,TRBJ2-7*01,1
1024,CDSTPGAVETDQYF,TRBV27*01,None,TRBJ2-7*01,1
1025,CDSTPGAPEREQYF,TRBV25-1*01,None,TRBJ2-7*01,1
1026,CDSTPGAEEREQYF,TRBV25-1*01,None,TRBJ2-7*01,1
1027,CDSTPGAAKREQYF,TRBV25-1*01,None,TRBJ2-7*01,1
1028,CDSTPGAAERTQYF,TRBV25-1*01,None,TRBJ2-7*01,1
1029,CDSTPGAAEREQCF,TRBV25-1*01,None,TRBJ2-7*01,1
1030,CDSTPGAAERELYF,TRBV25-1*01,None,TRBJ2-7*01,1
1031,CDSTPGAAERAQYF,TRBV25-1*01,None,TRBJ2-7*01,1
1032,CDSTPGAAAREQYF,TRBV25-1*01,None,TRBJ2-7*01,1
1033,CATTPVAAAREQHF,TRBV25-1*01,None,TRBJ2-7*01,1
1034,CATTPRSAERAQYF,TRBV25-1*01,None,TRBJ2-7*01,1
1035,CASTTWAAEREQYF,TRBV25-1*01,None,TRBJ2-7*01,1
1036,CATSFCTCVYPF,TRBV6-6*05,None,TRBJ1-2*01,1
1037,CATTPEAAEREQYF,TRBV24-1*01,None,TRBJ2-7*01,1
1038,CATTPALAQRDQHF,TRBV25-1*01,None,TRBJ2-7*01,1
1039,CATTPAAGEREQYF,TRBV25-1*01,None,TRBJ2-7*01,1
1040,CATTPAAAHRVQYF,TRBV25-1*01,None,TRBJ2-7*01,1
1041,CATTDGAEEREQYF,TRBV25-1*01,None,TRBJ2-7*01,1
1042,CATTAGAAEREEYF,TRBV25-1*01,None,TRBJ2-7*01,1
1043,CATSTDVVQPEHF,TRBV6-6*05,None,TRBJ1-5*01,1
1044,CATSRRQGETQYF,TRBV15*01,None,TRBJ2-5*01,1
1045,CATSRDRESSQPQHF,TRBV14*01,None,TRBJ1-5*01,1
1046,CATSPGAAEREQYF,TRBV24-1*01,None,TRBJ2-7*01,1
1047,CATSHRAAVRERYF,TRBV25-1*01,None,TRBJ2-7*01,1
1048,CATRDRAFQVTQCF,TRBV28*01,None,TRBJ2-5*01,1
1049,CATTPRAAEREQYF,TRBV25-1*01,None,TRBJ2-7*01,1
1050,CATPPDAAEREQYF,TRBV25-1*01,None,TRBJ2-7*01,1
1051,CATPGAEEREQYF,TRBV25-1*01,None,TRBJ2-7*01,1
1052,CATNPGAAEREQYF,TRBV25-1*01,None,TRBJ2-7*01,1
1053,CATIPGAAEREQYF,TRBV25-1*01,None,TRBJ2-7*01,1
1054,CATCRRQGETQYF,TRBV15*02,None,TRBJ2-5*01,1
1055,CASYPGAAERGQDF,TRBV25-1*01,None,TRBJ2-7*01,1
1056,CASYPGAAEREQYF,TRBV25-1*01,None,TRBJ2-7*01,1
1057,CASTYSNYVYTF,TRBV27*01,None,TRBJ1-2*01,1
1058,CASTWERFPVSSPLHF,TRBV7-8*03,None,TRBJ1-6*01,1
1059,CASTWDRFPVNSPLHF,TRBV7-8*03,None,TRBJ1-6*01,1
1060,CASTTWAAGREQYF,TRBV25-1*01,None,TRBJ2-7*01,1
1061,CATTPGAAATEHYF,TRBV25-1*01,None,TRBJ2-7*01,1
1062,CATTPGAAECEQYF,TRBV25-1*01,None,TRBJ2-7*01,1
1063,CATTPGAAEHEQYF,TRBV25-1*01,None,TRBJ2-7*01,1
1064,CATTPGAAELEQYF,TRBV25-1*01,None,TRBJ2-7*01,1
1065,CATTPGVAETDQYF,TRBV25-1*01,None,TRBJ2-7*01,1
1066,CATTPGTAERKQYF,TRBV24-1*01,None,TRBJ2-7*01,1
1067,CATTPGPEPHEQYF,TRBV28*01,None,TRBJ2-7*01,1
1068,CATTPGPAGTESYF,TRBV25-1*01,None,TRBJ2-7*01,1
1069,CATTPGPAARGQYF,TRBV25-1*01,None,TRBJ2-7*01,1
1070,CATTPGGAEREQYF,TRBV25-1*01,None,TRBJ2-7*01,1
1071,CATTPGDGGREQYF,TRBV25-1*01,None,TRBJ2-7*01,1
1072,CATTPGATGPEQYF,TRBV25-1*01,None,TRBJ2-7*01,1
1073,CATTPGAGEREQYF,TRBV25-1*01,None,TRBJ2-7*01,1
1074,CATTPGAEWREQYF,TRBV25-1*01,None,TRBJ2-7*01,1
1075,CATTPGAAVREQYF,TRBV25-1*01,None,TRBJ2-7*01,1
1076,CATTPGAAPREQYF,TRBV25-1*01,None,TRBJ2-7*01,1
1077,CATTPGAAKREQYF,TRBV15*02,None,TRBJ2-7*01,1
1078,CATTPGAAERQNHF,TRBV25-1*01,None,TRBJ2-7*01,1
1079,CATTPGAAERHQHF,TRBV25-1*01,None,TRBJ2-7*01,1
1080,CATTPGAAEREPYF,TRBV25-1*01,None,TRBJ2-7*01,1
1081,CATTPGAAEREKYF,TRBV25-1*01,None,TRBJ2-7*01,1
1082,CATTPGAAEREHYF,TRBV25-1*01,None,TRBJ2-7*01,1
1083,CATTPGAAEREEYF,TRBV4-2*02,None,TRBJ2-7*01,1
1084,CATTPGAAERDYYF,TRBV25-1*01,None,TRBJ2-7*01,1
1085,CATTPGAAERAQYF,TRBV25-1*01,None,TRBJ2-7*01,1
1086,CATTPGAAERAKYF,TRBV25-1*01,None,TRBJ2-7*01,1
1087,CATTPGAAEPELYF,TRBV25-1*01,None,TRBJ2-7*01,1
1088,CASTPGAGESEQYF,TRBV25-1*01,None,TRBJ2-7*01,1
1089,CASTPGAAERVTYF,TRBV25-1*01,None,TRBJ2-7*01,1
1090,CASTPGAGERGQYF,TRBV25-1*01,None,TRBJ2-7*01,1
1091,CASNPAAAEREQYF,TRBV25-1*01,None,TRBJ2-7*01,1
1092,CASNPGAPEREQYF,TRBV25-1*01,None,TRBJ2-7*01,1
1093,CASNPGAEARQQYF,TRBV25-1*01,None,TRBJ2-7*01,1
1094,CASNPGAAVREQYF,TRBV25-1*01,None,TRBJ2-7*01,1
1095,CASNPGAARREQYF,TRBV25-1*01,None,TRBJ2-7*01,1
1096,CASNPGAAERERYF,TRBV25-1*01,None,TRBJ2-7*01,1
1097,CASNPGAAERELYF,TRBV25-1*01,None,TRBJ2-7*01,1
1098,CASNPGAAEPELYF,TRBV25-1*01,None,TRBJ2-7*01,1
1099,CASNPGAAELEHYF,TRBV25-1*01,None,TRBJ2-7*01,1
1100,CASNPGAAEGEQYF,TRBV25-1*01,None,TRBJ2-7*01,1
1101,CASNPGAAECEQYF,TRBV25-1*01,None,TRBJ2-7*01,1
1102,CASNHGAAEREQYF,TRBV25-1*01,None,TRBJ2-7*01,1
1103,CASNPGTAEREQYF,TRBV25-1*01,None,TRBJ2-7*01,1
1104,CASMPGAAERKQYF,TRBV25-1*01,None,TRBJ2-7*01,1
1105,CASLPGPAERERYF,TRBV25-1*01,None,TRBJ2-7*01,1
1106,CASLPGAAEREQYF,TRBV25-1*01,None,TRBJ2-7*01,1
1107,CASKPGSAEGEQYF,TRBV25-1*01,None,TRBJ2-7*01,1
1108,CASITGDAEREQYF,TRBV25-1*01,None,TRBJ2-7*01,1
1109,CASISGAAEREQYF,TRBV25-1*01,None,TRBJ2-7*01,1
1110,CASIRDRVPVNSPLHF,TRBV5-7*01,None,TRBJ1-6*01,1
1111,CASIPWAAEPEQYF,TRBV25-1*01,None,TRBJ2-7*01,1
1112,CASIPGPAERHQYF,TRBV25-1*01,None,TRBJ2-7*01,1
1113,CASIPGAVEREQYF,TRBV25-1*01,None,TRBJ2-7*01,1
1114,CASNPGGAEREQFF,TRBV25-1*01,None,TRBJ2-7*01,1
1115,CASNPVAAEREQYF,TRBV25-1*01,None,TRBJ2-7*01,1
1116,CASRLGALETQYF,TRBV28*01,None,TRBJ2-5*01,1
1117,CASPPGPAEREQYF,TRBV25-1*01,None,TRBJ2-7*01,1
1118,CASRCDRFPVNSPLHF,TRBV7-8*03,None,TRBJ1-6*01,1
1119,CASRCDRFPVNSPIRF,TRBV7-8*03,None,TRBJ1-6*01,1
1120,CASPTGAAEREQYF,TRBV25-1*01,None,TRBJ2-7*01,1
1121,CASPSVAAEREQYF,TRBV25-1*01,None,TRBJ2-7*01,1
1122,CASPSKTQYF,TRBV28*01,None,TRBJ2-5*01,1
1123,CASPSGAGDGEQYF,TRBV4-3*01,None,TRBJ2-7*01,1
1124,CASPRGAAEREQYF,TRBV25-1*01,None,TRBJ2-7*01,1
1125,CASPPWAAEREQYF,TRBV25-1*01,None,TRBJ2-7*01,1
1126,CASPPRAAEREQYF,TRBV25-1*01,None,TRBJ2-7*01,1
1127,CASPPGSTERQQYF,TRBV25-1*01,None,TRBJ2-7*01,1
1128,CASPPGAAERGQYF,TRBV25-1*01,None,TRBJ2-7*01,1
1129,CASNPWAAERAQYF,TRBV28*01,None,TRBJ2-7*01,1
1130,CASPPGAAEREQDF,TRBV25-1*01,None,TRBJ2-7*01,1
1131,CASPPGAAEREHYF,TRBV25-1*01,None,TRBJ2-7*01,1
1132,CASPPGAAERAQYF,TRBV25-1*01,None,TRBJ2-7*01,1
1133,CASPPGAAEPEQYF,TRBV25-1*01,None,TRBJ2-7*01,1
1134,CASPPGAAELEQYF,TRBV25-1*01,None,TRBJ2-7*01,1
1135,CASPPAGAEREQYF,TRBV25-1*01,None,TRBJ2-7*01,1
1136,CASPPAAAEHEQYF,TRBV25-1*01,None,TRBJ2-7*01,1
1137,CASPGETQYF,TRBV28*01,None,TRBJ2-5*01,1
1138,CASPGAAEREQYF,TRBV25-1*01,None,TRBJ2-7*01,1
1139,CASNSGAANREQYF,TRBV25-1*01,None,TRBJ2-7*01,1
1140,CASIPGASPTQQYF,TRBV25-1*01,None,TRBJ2-7*01,1
1141,CASIPGAAVREQYF,TRBV25-1*01,None,TRBJ2-7*01,1
1142,CASIPGAAGREQYF,TRBV25-1*01,None,TRBJ2-7*01,1
1143,CARTPRAAAPLYYF,TRBV25-1*01,None,TRBJ2-7*01,1
1144,CARTTGAAEGARYF,TRBV25-1*01,None,TRBJ2-7*01,1
1145,CARTSGAAEREQYF,TRBV25-1*01,None,TRBJ2-7*01,1
1146,CARTSGAAEREKYF,TRBV7-8*03,None,TRBJ2-7*01,1
1147,CARTSGAAERDQYF,TRBV25-1*01,None,TRBJ2-7*01,1
1148,CARTPWAAKRAQYF,TRBV25-1*01,None,TRBJ2-7*01,1
1149,CARTPVAAEREQHF,TRBV25-1*01,None,TRBJ2-7*01,1
1150,CARTPTAAEREQYF,TRBV25-1*01,None,TRBJ2-7*01,1
1151,CARTPRASARVLYF,TRBV25-1*01,None,TRBJ2-7*01,1
1152,CARTPRAAESEPYF,TRBV25-1*01,None,TRBJ2-7*01,1
1153,CARTPRAAEREQYF,TRBV25-1*01,None,TRBJ2-7*01,1
1154,CARTPGVVEREQYF,TRBV25-1*01,None,TRBJ2-7*01,1
1155,CASIPGAAGRAQYF,TRBV25-1*01,None,TRBJ2-7*01,1
1156,CARTPGVAEPDQHF,TRBV25-1*01,None,TRBJ1-6*01,1
1157,CARTPGPGEREQYF,TRBV25-1*01,None,TRBJ2-7*01,1
1158,CARTPGPAQRQQYF,TRBV25-1*01,None,TRBJ2-7*01,1
1159,CARTPGPAGREQYF,TRBV25-1*01,None,TRBJ2-7*01,1
1160,CARTPGPAETELYF,TRBV25-1*01,None,TRBJ2-7*01,1
1161,CARTPGPAEPEQYF,TRBV25-1*01,None,TRBJ2-7*01,1
1162,CARTPGDAERQQYF,TRBV25-1*01,None,TRBJ2-7*01,1
1163,CARTPGDAEREQYF,TRBV25-1*01,None,TRBJ2-7*01,1
1164,CARTPGDAEREPYF,TRBV25-1*01,None,TRBJ2-7*01,1
1165,CARTPGAVEREQYF,TRBV25-1*01,None,TRBJ2-7*01,1
1166,CARTTGAAERAQYF,TRBV25-1*01,None,TRBJ2-7*01,1
1167,CARTTGAPARDQHF,TRBV25-1*01,None,TRBJ2-7*01,1
1168,CARTYSNYGYSF,TRBV6-6*05,None,TRBJ1-2*01,1
1169,CASAHGAAEREQYF,TRBV25-1*01,None,TRBJ2-7*01,1
1170,CASIPGAAERERYF,TRBV25-1*01,None,TRBJ2-7*01,1
1171,CASIPGAAEREQYF,TRBV7-8*03,None,TRBJ2-7*01,1
1172,CASIPGAAEREQYF,TRBV25-1*01,None,TRBJ2-1*01,1
1173,CASIPGAAEREKYF,TRBV25-1*01,None,TRBJ2-7*01,1
1174,CASIPGAAERAQYF,TRBV25-1*01,None,TRBJ2-7*01,1
1175,CASIPGAAEPELFF,TRBV25-1*01,None,TRBJ2-7*01,1
1176,CASIPGAAELEHYF,TRBV25-1*01,None,TRBJ2-7*01,1
1177,CASIPGAAAPHLYF,TRBV28*01,None,TRBJ2-7*01,1
1178,CASIFGTGSYEQYF,TRBV11-2*03,None,TRBJ2-7*01,1
1179,CASHTGPAEREQYF,TRBV27*01,None,TRBJ1-1*01,1
1180,CASHPGAAERGQYF,TRBV25-1*01,None,TRBJ2-7*01,1
1181,CASGPVAAEREQYF,TRBV25-1*01,None,TRBJ2-7*01,1
1182,CASGIGATGLRGEQFF,TRBV19*01,None,TRBJ2-1*01,1
1183,CASEIVAADREQYF,TRBV25-1*01,None,TRBJ2-7*01,1
1184,CASCPGAAERVQYF,TRBV25-1*01,None,TRBJ2-7*01,1
1185,CASARGAAEREQYF,TRBV25-1*01,None,TRBJ2-7*01,1
1186,CASAPGALEPVLYF,TRBV25-1*01,None,TRBJ2-7*01,1
1187,CASAPGAAESELYF,TRBV25-1*01,None,TRBJ2-7*01,1
1188,CASAPGAAERELYF,TRBV25-1*01,None,TRBJ2-7*01,1
1189,CASAPGAAEHEQYF,TRBV25-1*01,None,TRBJ2-7*01,1
1190,CASALGAAEREQYF,TRBV25-1*01,None,TRBJ2-7*01,1
1191,CASRFGTGSYEQYF,TRBV11-2*03,None,TRBJ2-7*01,1
1192,CASRLGTLETQSF,TRBV28*01,None,TRBJ2-5*01,1
1193,CARTPGASQPQHYF,TRBV25-1*01,None,TRBJ2-7*01,1
1194,CASSHGAAEREQYF,TRBV25-1*01,None,TRBJ2-7*01,1
1195,CASSLARVSQPQHF,TRBV7-2*04,None,TRBJ1-5*01,1
1196,CASSITSYQETQYF,TRBV6-6*03,None,TRBJ2-5*01,1
1197,CASSIGGTGVRGEQFF,TRBV19*03,None,TRBJ2-1*01,1
1198,CASSIGGTGLRREQFF,TRBV19*03,None,TRBJ2-1*01,1
1199,CASSIGGTGLRGDQFF,TRBV19*03,None,TRBJ2-1*01,1
1200,CASSIGGTGLKGEQFF,TRBV19*03,None,TRBJ2-1*01,1
1201,CASSIGDTGLRGEQFF,TRBV19*01,None,TRBJ2-1*01,1
1202,CASSIGDKGLRGEQFF,TRBV19*02,None,TRBJ2-1*01,1
1203,CASSHQAAEREQYF,TRBV25-1*01,None,TRBJ2-7*01,1
1204,CASSHINSGYTF,TRBV6-6*03,None,TRBJ1-2*01,1
1205,CASSFSVGPTYEQYF,TRBV14*02,None,TRBJ2-7*01,1
1206,CASSLDRGSNQPQHF,TRBV14*02,None,TRBJ1-5*01,1
1207,CASSFSTCSANYGYTF,TRBV12-4*01,None,TRBJ1-2*01,1
1208,CASSFGTRSYEQYF,TRBV11-2*03,None,TRBJ2-7*01,1
1209,CASSFGTGYYEQYF,TRBV11-2*03,None,TRBJ2-7*01,1
1210,CASSFGTGTYEQYF,TRBV11-2*03,None,TRBJ2-7*01,1
1211,CASSFGTGSYEQYF,TRBV7-7*01,None,TRBJ2-7*01,1
1212,CASSFGTGSYEQYF,TRBV7-6*02,None,TRBJ2-7*01,1
1213,CASSFGTGSYEQYF,TRBV11-3*03,None,TRBJ2-7*01,1
1214,CASSFGTGSYEQYF,TRBV11-3*02,None,TRBJ2-1*01,1
1215,CASSFGTGSYEQYF,TRBV11-2*03,None,TRBJ2-1*01,1
1216,CASSFGTGSYEQYF,TRBV11-2*01,None,TRBJ2-7*01,1
1217,CASSLDKVSQPQHF,TRBV11-2*03,None,TRBJ1-5*01,1
1218,CASSLERVSQPQHF,TRBV7-4*01,None,TRBJ1-5*01,1
1219,CASRLGTLETRYF,TRBV28*01,None,TRBJ2-5*01,1
1220,CASSPAPEAPVQYF,TRBV25-1*01,None,TRBJ2-7*01,1
1221,CASSPGAAERQQYF,TRBV25-1*01,None,TRBJ2-7*01,1
1222,CASSPGAAERKQYF,TRBV25-1*01,None,TRBJ2-7*01,1
1223,CASSPGAAERELYF,TRBV25-1*01,None,TRBJ2-7*01,1
1224,CASSPGAAEREKYF,TRBV25-1*01,None,TRBJ2-7*01,1
1225,CASSPGAAEREHYF,TRBV25-1*01,None,TRBJ2-7*01,1
1226,CASSPGAAEPEQYF,TRBV25-1*01,None,TRBJ2-7*01,1
1227,CASSPGAAEGGQYF,TRBV25-1*01,None,TRBJ2-7*01,1
1228,CASSPGAAEGDQYF,TRBV25-1*01,None,TRBJ2-7*01,1
1229,CASSPGAAECVQYF,TRBV25-1*01,None,TRBJ2-7*01,1
1230,CASSPCAAERAHYF,TRBV25-1*01,None,TRBJ2-7*01,1
1231,CASSPAGRGSNEQFF,TRBV7-9*04,None,TRBJ2-1*01,1
1232,CASSLGGWSYEQYF,TRBV6-6*03,None,TRBJ2-7*01,1
1233,CASSPAAAERQPYF,TRBV25-1*01,None,TRBJ2-7*01,1
1234,CASSPAAAEHEQYF,TRBV25-1*01,None,TRBJ2-7*01,1
1235,CASSMDRPGIEAQYF,TRBV19*03,None,TRBJ2-5*01,1
1236,CASSLVAVRHDQQF,TRBV28*01,None,TRBJ2-7*01,1
1237,CASSLSTCSANYGYTF,TRBV12-4*02,None,TRBJ1-2*01,1
1238,CASSLSGTSITDTQYF,TRBV2*02,None,TRBJ2-3*01,1
1239,CASSLRGGLAADEQFF,TRBV4-3*02,TRBD2*01,TRBJ2-1*01,1
1240,CASSLGTGYYEQYF,TRBV11-2*03,None,TRBJ2-7*01,1
1241,CASSLGTGSYEQYF,TRBV11-2*03,None,TRBJ2-7*01,1
1242,CASSLGTGAHEQYF,TRBV11-3*02,TRBD1*01,TRBJ2-7*01,1
1243,CASSFGTGSYEQCF,TRBV11-3*02,None,TRBJ2-7*01,1
1244,CASSFGTGSYDQYF,TRBV11-3*02,None,TRBJ2-7*01,1
1245,CASSFGTGSCEQYF,TRBV11-2*03,None,TRBJ2-7*01,1
1246,CASRWDCFPVNQPLHF,TRBV7-8*03,None,TRBJ1-6*01,1
1247,CASRWDRFRVNSPLHF,TRBV7-8*03,None,TRBJ1-6*01,1
1248,CASRWDRFPVNSRLHF,TRBV7-8*03,None,TRBJ1-6*01,1
1249,CASRWDRFPVNSPLHF,TRBV7-8*03,None,TRBJ2-7*01,1
1250,CASRWDRFPVNSPLHF,TRBV7-8*03,None,TRBJ1-6*02,1
1251,CASRWDRFPVNSPLHF,TRBV7-1*01,None,TRBJ1-6*01,1
1252,CASRWDRFPVNSPHHF,TRBV7-8*03,None,TRBJ1-6*01,1
1253,CASRWDRFPVNSLLHF,TRBV7-8*03,None,TRBJ1-6*01,1
1254,CASRWDRFPGNSPLHF,TRBV7-8*03,None,TRBJ1-6*01,1
1255,CASRWDPFPVNLPLHF,TRBV7-3*05,None,TRBJ1-6*01,1
1256,CASRWDCFPVNSPLHF,TRBV7-8*03,None,TRBJ1-6*01,1
1257,CASRSDRFAVNSPLLF,TRBV7-8*03,None,TRBJ1-6*01,1
1258,CASSFGTGCYEQYF,TRBV7-4*01,None,TRBJ2-7*01,1
1259,CASRRVRFPVNSPLHF,TRBV7-3*05,None,TRBJ1-6*01,1
1260,CASRRTRSLSEVFF,TRBV6-6*03,None,TRBJ1-1*01,1
1261,CASRRTGSFYEFFF,TRBV6-6*03,None,TRBJ1-1*01,1
1262,CASRRTGSFYEAFF,TRBV6-6*05,None,TRBJ1-1*01,1
1263,CASRQTQDVYAGELFF,TRBV6-6*05,None,TRBJ2-2*01,1
1264,CASRQTQDPYDEELFF,TRBV6-6*03,None,TRBJ2-2*01,1
1265,CASRQTQDAYATELYF,TRBV6-6*03,None,TRBJ2-2*01,1
1266,CASRQTQDAYALELFF,TRBV6-6*03,None,TRBJ2-2*01,1
1267,CASRPRAAERKQYF,TRBV25-1*01,None,TRBJ2-7*01,1
1268,CASRLGTPETQYF,TRBV28*01,None,TRBJ2-5*01,1
1269,CASRWDRMPVNAPLHF,TRBV7-8*03,None,TRBJ1-6*01,1
1270,CASRWDRSPINTPLHF,TRBV7-8*03,None,TRBJ1-6*01,1
1271,CASRWERFAVNSPLYF,TRBV7-8*03,None,TRBJ1-6*01,1
1272,CASRWYRFPVNSPLHF,TRBV7-8*03,None,TRBJ1-6*01,1
1273,CASSFGTGAYEQYF,TRBV7-1*01,TRBD1*01,TRBJ2-7*01,1
1274,CASSFGPGSYVQYF,TRBV11-2*03,None,TRBJ2-7*01,1
1275,CASSFGGALLPTLQYF,TRBV5-4*04,None,TRBJ2-7*01,1
1276,CASSEVSGQPQHF,TRBV6-9*01,None,TRBJ1-5*01,1
1277,CASSEVSGQPQHF,TRBV6-6*03,None,TRBJ1-6*01,1
1278,CASSEVSGQPQHF,TRBV18*01,None,TRBJ1-5*01,1
1279,CASSEVSGPPQHF,TRBV6-1*01,None,TRBJ1-5*01,1
1280,CASSEVLNTEQYF,TRBV6-6*03,None,TRBJ1-5*01,1
1281,CASSEGHSGHHF,TRBV2*03,None,TRBJ1-6*01,1
1282,CASSEEHSPLHF,TRBV2*01,None,TRBJ1-6*01,1
1283,CASSEDNSPLHF,TRBV2*03,None,TRBJ1-6*01,1
1284,CASSDTSYQWLLSF,TRBV6-6*03,None,TRBJ2-5*01,1
1285,CASSDSNYGYTF,TRBV6-6*03,None,TRBJ1-2*01,1
1286,CASSDSNYGYTF,TRBV6-4*01,None,TRBJ1-2*01,1
1287,CASSCSNYGYTF,TRBV6-6*05,None,TRBJ1-2*01,1
1288,CASSCSNHGYAF,TRBV6-6*03,None,TRBJ1-2*01,1
1289,CASSAVSGQPQHF,TRBV6-6*03,None,TRBJ1-5*01,1
1290,CASRYTNYGYTF,TRBV6-6*05,None,TRBJ1-2*01,1
1291,CASRYSNYGSTF,TRBV6-6*05,None,TRBJ1-2*01,1
1292,CASRYRNYGYYF,TRBV6-6*03,None,TRBJ2-7*01,1
1293,CASRYGAANTEAFF,TRBV6-6*03,None,TRBJ1-1*01,1
1294,CARTPGAVERAQYF,TRBV25-1*01,None,TRBJ2-7*01,1
1295,CARTPGASEREQYF,TRBV25-1*01,None,TRBJ2-7*01,1
1296,CASTPGAGEREQYF,TRBV7-9*05,None,TRBJ2-7*01,1
1297,CAITPAAAEREQYF,TRBV25-1*01,None,TRBJ2-7*01,1
1298,CAITPGAAEREQNF,TRBV25-1*01,None,TRBJ2-7*01,1
1299,CAITPGAAEREQHF,TRBV25-1*01,None,TRBJ2-7*01,1
1300,CAITPGAAEREPYF,TRBV25-1*01,None,TRBJ2-7*01,1
1301,CAITPGAAEPEQYF,TRBV25-1*01,None,TRBJ2-7*01,1
1302,CAITPGAAELEQYF,TRBV7-9*05,None,TRBJ2-7*01,1
1303,CAITPGAAEHEQYF,TRBV25-1*01,None,TRBJ2-7*01,1
1304,CAITPGAAEHEQFF,TRBV25-1*01,None,TRBJ2-7*01,1
1305,CAITPGAAEGERYF,TRBV25-1*01,None,TRBJ2-7*01,1
1306,CAITPGAADRAQYF,TRBV25-1*01,None,TRBJ2-7*01,1
1307,CAITPEAAARAHYF,TRBV25-1*01,None,TRBJ2-7*01,1
1308,CAITPAAAERDRYF,TRBV25-1*01,None,TRBJ2-7*01,1
1309,CAITPGAAEREQYF,TRBV10-3*02,None,TRBJ2-7*01,1
1310,CAITLGAAEREQCF,TRBV25-1*01,None,TRBJ2-7*01,1
1311,CAITLGAAAHAQYF,TRBV25-1*01,None,TRBJ2-7*01,1
1312,CAITHAAAEREQYF,TRBV25-1*01,None,TRBJ2-7*01,1
1313,CAITARAAEREQYF,TRBV25-1*01,None,TRBJ2-7*01,1
1314,CAISYSNYGYTF,TRBV6-6*03,None,TRBJ1-2*01,1
1315,CAISRVRRTTETQYF,TRBV5-5*03,None,TRBJ2-3*01,1
1316,CAISFSVGPTYQQYF,TRBV14*02,None,TRBJ2-7*01,1
1317,CAIPPGAARRAQYF,TRBV27*01,None,TRBJ2-7*01,1
1318,CAIPPGAAEREPYF,TRBV25-1*01,None,TRBJ2-7*01,1
1319,CAINPGAAEREPCF,TRBV25-1*01,None,TRBJ2-7*01,1
1320,CAITPGAAEREQSF,TRBV25-1*01,None,TRBJ2-7*01,1
1321,CAITPGAAEREQYF,TRBV7-9*05,None,TRBJ2-7*01,1
1322,CAITPWAAGREQYF,TRBV25-1*01,None,TRBJ2-7*01,1
1323,CAITPGSAGREQYF,TRBV25-1*01,None,TRBJ2-7*01,1
1324,CAITPVAAEREQYF,TRBV25-1*01,None,TRBJ2-7*01,1
1325,CAITPSVAERHQYF,TRBV25-1*01,None,TRBJ2-7*01,1
1326,CAITPSATGREQYF,TRBV25-1*01,None,TRBJ2-7*01,1
1327,CAITPRPAEPLLYF,TRBV25-1*01,None,TRBJ2-7*01,1
1328,CAITPRAAERQLYF,TRBV25-1*01,None,TRBJ2-7*01,1
1329,CAITPRAAEREQYF,TRBV25-1*01,None,TRBJ2-7*01,1
1330,CAITPGVEGRVQYF,TRBV25-1*01,None,TRBJ2-7*01,1
1331,CAITPGVAEREQDF,TRBV25-1*01,None,TRBJ2-7*01,1
1332,CAITPGTAQREQYF,TRBV25-1*01,None,TRBJ2-7*01,1
1333,CAITPGSAHREQYF,TRBV10-3*02,None,TRBJ2-7*01,1
1334,CAITPGPAEPVQYF,TRBV25-1*01,None,TRBJ2-7*01,1
1335,CAITPGAAERERYF,TRBV25-1*01,None,TRBJ2-7*01,1
1336,CAITPGDAEREKYF,TRBV25-1*01,None,TRBJ2-7*01,1
1337,CAITPGATERGQYF,TRBV25-1*01,None,TRBJ2-7*01,1
1338,CAITPGATEREQYF,TRBV25-1*01,None,TRBJ2-7*01,1
1339,CAITPGATAREQYF,TRBV25-1*01,None,TRBJ2-7*01,1
1340,CAITPGAARREQYF,TRBV27*01,None,TRBJ2-7*01,1
1341,CAITPGAAQREQYF,TRBV25-1*01,None,TRBJ2-7*01,1
1342,CAITPGAAGRHQYF,TRBV25-1*01,None,TRBJ2-7*01,1
1343,CAITPGAAESQQYF,TRBV25-1*01,None,TRBJ2-7*01,1
1344,CAITPGAAERVQYF,TRBV25-1*01,None,TRBJ2-7*01,1
1345,CAITPGAAERKQYF,TRBV27*01,None,TRBJ2-7*01,1
1346,CAIHHGAAEGEQYF,TRBV25-1*01,None,TRBJ2-7*01,1
1347,CAIAPGAAEREQYF,TRBV25-1*01,None,TRBJ2-7*01,1
1348,CAIAPGAAERDHNF,TRBV25-1*01,None,TRBJ2-7*01,1
1349,CACTPGAADREQYF,TRBV25-1*01,None,TRBJ2-7*01,1
1350,CACTPVAAEGEQYF,TRBV25-1*01,None,TRBJ2-7*01,1
1351,CACTPRAMLTHLSF,TRBV25-1*01,None,TRBJ2-7*01,1
1352,CACTPGPSEREQYF,TRBV25-1*01,None,TRBJ2-7*01,1
1353,CACTPGAGEGEQYF,TRBV25-1*01,None,TRBJ2-7*01,1
1354,CACTPGAEKRGQSF,TRBV25-1*01,None,TRBJ2-7*01,1
1355,CACTPGAAGPELYF,TRBV25-1*01,None,TRBJ2-7*01,1
1356,CACTPGAAESEQCF,TRBV25-1*01,None,TRBJ2-7*01,1
1357,CACTPGAAESAQYF,TRBV25-1*01,None,TRBJ2-7*01,1
1358,CACTPGAAERQQYF,TRBV27*01,None,TRBJ2-7*01,1
1359,CACTPGAAERAQYF,TRBV25-1*01,None,TRBJ2-7*01,1
1360,CACTPGAAAPEQSF,TRBV25-1*01,None,TRBJ2-7*01,1
1361,CAHTPGPAEREQYF,TRBV25-1*01,None,TRBJ2-7*01,1
1362,CACTPAAVQREQYF,TRBV25-1*01,None,TRBJ2-7*01,1
1363,CACTPAAAEREQYF,TRBV25-1*01,None,TRBJ2-7*01,1
1364,CACSRWEADYNNEQYF,TRBV30*04,None,TRBJ2-1*01,1
1365,CACSRWEAAYNNEQFF,TRBV30*05,None,TRBJ2-1*01,1
1366,CACSRVRGSNQPQHF,TRBV14*02,None,TRBJ1-5*01,1
1367,CACSQEHSPIHF,TRBV2*02,None,TRBJ1-6*01,1
1368,CACSPGAAEREQYF,TRBV25-1*01,None,TRBJ2-7*01,1
1369,CACSFSTCSANYGYTF,TRBV12-4*02,None,TRBJ1-2*01,1
1370,CACSAINYGYTF,TRBV6-6*04,None,TRBJ1-2*01,1
1371,CACNPAAAEREQYF,TRBV25-1*01,None,TRBJ2-7*01,1
1372,CACTPWAAEREQYF,TRBV25-1*01,None,TRBJ2-7*01,1
1373,CAFTPGAAQREQYF,TRBV25-1*01,None,TRBJ2-7*01,1
1374,CAGAPGAAGREQYF,TRBV25-1*01,None,TRBJ2-7*01,1
1375,CAGRRAGSFYEAFF,TRBV6-6*03,None,TRBJ1-1*01,1
1376,CAHTPGAAQPQHYF,TRBV25-1*01,None,TRBJ2-7*01,1
1377,CAHTPGAAEREQYF,TRBV25-1*01,None,TRBJ2-7*01,1
1378,CAGTTGAAEREQYF,TRBV25-1*01,None,TRBJ2-7*01,1
1379,CAGTPVAAEREQYF,TRBV25-1*01,None,TRBJ2-7*01,1
1380,CAGTPRAAEREQYF,TRBV25-1*01,None,TRBJ2-7*01,1
1381,CAGTPGSAEREQYF,TRBV25-1*01,None,TRBJ2-7*01,1
1382,CAGTPGASEREQYF,TRBV25-1*01,None,TRBJ2-7*01,1
1383,CAGTPGAGAREQYF,TRBV25-1*01,None,TRBJ2-7*01,1
1384,CAGTPGAEEREQYF,TRBV25-1*01,None,TRBJ2-7*01,1
1385,CAGTPGAAKREQYF,TRBV25-1*01,None,TRBJ2-7*01,1
1386,CAGTPGAAERGQYF,TRBV25-1*01,None,TRBJ2-7*01,1
1387,CAGTPGAAERERYF,TRBV25-1*01,None,TRBJ2-7*01,1
1388,CAGTPGAAEREQYF,TRBV7-9*05,None,TRBJ2-7*01,1
1389,CAGTPGAAEREQYF,TRBV27*01,None,TRBJ2-7*01,1
1390,CAGTPGAAERELYF,TRBV25-1*01,None,TRBJ2-7*01,1
1391,CAGTPGAAEREKYF,TRBV25-1*01,None,TRBJ2-7*01,1
1392,CAGTPGAAAREQYF,TRBV25-1*01,None,TRBJ2-7*01,1
1393,CAGTHGAAEREKYF,TRBV25-1*01,None,TRBJ2-7*01,1
1394,CAGSLDRVSQPQHF,TRBV11-3*01,None,TRBJ1-5*01,1
1395,CAGSIRGTGLRGEQFF,TRBV19*03,None,TRBJ2-1*01,1
1396,CAGRWDRFPVNSPLHF,TRBV7-8*03,None,TRBJ1-6*01,1
1397,CAITPWAAEREQFF,TRBV25-1*01,None,TRBJ2-7*01,1
1398,CAITRGAAEREQYF,TRBV25-1*01,None,TRBJ2-7*01,1
1399,CARTPGAMVREPYF,TRBV25-1*01,None,TRBJ2-7*01,1
1400,CARTPAAAGREYYF,TRBV25-1*01,None,TRBJ2-7*01,1
1401,CARTPGAAEPEPYF,TRBV25-1*01,None,TRBJ2-7*01,1
1402,CARTPGAAEPELYF,TRBV25-1*01,None,TRBJ2-7*01,1
1403,CARTPGAAEHEQYF,TRBV25-1*01,None,TRBJ2-7*01,1
1404,CARTPGAAEGEQYF,TRBV25-1*01,None,TRBJ2-7*01,1
1405,CARTPGAAECDQSF,TRBV25-1*01,None,TRBJ2-7*01,1
1406,CARTPGAADREQYF,TRBV25-1*01,None,TRBJ2-7*01,1
1407,CARTPGAAARHLYF,TRBV27*01,None,TRBJ2-7*01,1
1408,CARTPEAAEREQYF,TRBV25-1*01,None,TRBJ2-7*01,1
1409,CARTPASAAPHLHF,TRBV7-2*03,None,TRBJ2-7*01,1
1410,CARTPAPAVRLLYF,TRBV25-1*01,None,TRBJ2-7*01,1
1411,CARTPAAAERHQYF,TRBV25-1*01,None,TRBJ2-7*01,1
1412,CARTPGAAEREAYF,TRBV25-1*01,None,TRBJ2-7*01,1
1413,CARTPAAAERDQSF,TRBV25-1*01,None,TRBJ2-7*01,1
1414,CARTHGAAELEQYF,TRBV25-1*01,None,TRBJ1-6*01,1
1415,CARTFRPSATQNYF,TRBV25-1*01,None,TRBJ2-7*01,1
1416,CARSYSHYGYTF,TRBV6-6*01,None,TRBJ1-2*01,1
1417,CARSVTSYQETQYF,TRBV6-6*03,None,TRBJ2-5*01,1
1418,CARSTRAAEREQYF,TRBV25-1*01,None,TRBJ2-7*01,1
1419,CARSPGAAEHEQYF,TRBV25-1*01,None,TRBJ2-7*01,1
1420,CARSISPWSANYGYTF,TRBV13*02,None,TRBJ1-2*01,1
1421,CARSIGGTGLRREQFF,TRBV19*03,None,TRBJ2-1*01,1
1422,CARSFSVRPTYDKYF,TRBV14*02,None,TRBJ2-7*01,1
1423,CARTPGAAERAQYF,TRBV25-1*01,None,TRBJ2-7*01,1
1424,CARTPGAAEREEYF,TRBV25-1*01,None,TRBJ2-7*01,1
1425,CAITSVAAEREQYF,TRBV25-1*01,None,TRBJ2-7*01,1
1426,CARTPGAAERKQYF,TRBV25-1*01,None,TRBJ2-7*01,1
1427,CARTPGAGGREQYF,TRBV25-1*01,None,TRBJ2-7*01,1
1428,CARTPGAEQPELYF,TRBV25-1*01,None,TRBJ2-7*01,1
1429,CARTPGAEEREQYF,TRBV25-1*01,None,TRBJ2-7*01,1
1430,CARTPGAAVREQYF,TRBV25-1*01,None,TRBJ2-7*01,1
1431,CARTPGAAQRLFSF,TRBV25-1*01,None,TRBJ2-7*01,1
1432,CARTPGAAPHEQYF,TRBV25-1*01,None,TRBJ2-7*01,1
1433,CARTPGAAKREQYF,TRBV25-1*01,None,TRBJ2-7*01,1
1434,CARTPGAAGRQLYF,TRBV25-1*01,None,TRBJ2-7*01,1
1435,CARTPGAAESEQYF,TRBV25-1*01,None,TRBJ2-7*01,1
1436,CARTPGAAERQQYF,TRBV25-1*01,None,TRBJ2-7*01,1
1437,CARTPGAAERKKYF,TRBV25-1*01,None,TRBJ2-7*01,1
1438,CARTPGAAEREKNF,TRBV25-1*01,None,TRBJ2-7*01,1
1439,CARTPGAAERGQYF,TRBV25-1*01,None,TRBJ2-7*01,1
1440,CARTPGAAERERYF,TRBV25-1*01,None,TRBJ2-7*01,1
1441,CARTPGAAEREQYF,TRBV7-3*05,None,TRBJ2-7*01,1
1442,CARTPGAAEREQYF,TRBV27*01,None,TRBJ2-7*01,1
1443,CARTPGAAEREQSF,TRBV25-1*01,None,TRBJ2-7*01,1
1444,CARTPGAAEREQNF,TRBV25-1*01,None,TRBJ2-7*01,1
1445,CARTPGAAEREQHF,TRBV25-1*01,None,TRBJ2-7*01,1
1446,CARTPGAAEREPYF,TRBV25-1*01,None,TRBJ2-1*01,1
1447,CARTPGAAERELYF,TRBV5-4*02,None,TRBJ2-7*01,1
1448,CARTPGAAEREKYF,TRBV7-3*04,None,TRBJ2-7*01,1
1449,CARSFSHCSATYGYTF,TRBV12-4*02,None,TRBJ1-2*01,1
1450,CARNPGAAEPDQYF,TRBV25-1*01,None,TRBJ2-7*01,1
1451,CARKSAAVASVFSF,TRBV25-1*01,None,TRBJ2-7*01,1
1452,CAMTPGAAEPEQDF,TRBV25-1*01,None,TRBJ2-7*01,1
1453,CANTPAGAAREHYF,TRBV25-1*01,None,TRBJ2-7*01,1
1454,CANTPAAASREQYF,TRBV25-1*01,None,TRBJ2-7*01,1
1455,CANTPAAAERELYF,TRBV25-1*01,None,TRBJ2-7*01,1
1456,CANTLGAAEREQYF,TRBV25-1*01,None,TRBJ2-7*01,1
1457,CANTLGAAAREQYF,TRBV25-1*01,None,TRBJ2-7*01,1
1458,CANTAGGSESEQYF,TRBV25-1*01,None,TRBJ2-7*01,1
1459,CANSIGGTGERGEQLF,TRBV19*02,None,TRBJ2-1*01,1
1460,CANSFSTCSANYGYTF,TRBV12-4*02,None,TRBJ1-2*01,1
1461,CANRWDRFPVNSPLHF,TRBV7-8*03,None,TRBJ1-6*01,1
1462,CANAPGAAEREQYF,TRBV25-1*01,None,TRBJ2-7*01,1
1463,CAMTHGAAEGEQYF,TRBV25-1*01,None,TRBJ2-7*01,1
1464,CARKHGDAESEQYF,TRBV25-1*01,None,TRBJ2-7*01,1
1465,CAMREVSNAGGTSDGKLTF,TRBV2*02,None,TRBJ1-1*01,1
1466,CAMREVCNAGGTCYGKLTF,TRBV2*02,None,TRBJ1-1*01,1
1467,CAMREASNAGGTSYGKLTF,TRBV2*02,None,TRBJ1-1*01,1
1468,CALTPGAGERVQYF,TRBV25-1*01,None,TRBJ2-7*01,1
1469,CALTPGAAEREQYF,TRBV25-1*01,None,TRBJ2-7*01,1
1470,CALTPGAAEPEQPF,TRBV25-1*01,None,TRBJ2-7*01,1
1471,CALTPEAAEREQYF,TRBV25-1*01,None,TRBJ2-7*01,1
1472,CAKTPGPAEREQYF,TRBV25-1*01,None,TRBJ2-7*01,1
1473,CAITTGVAEREQYF,TRBV25-1*01,None,TRBJ2-7*01,1
1474,CAITTGAAESQQYF,TRBV25-1*01,None,TRBJ2-7*01,1
1475,CANTPCAAECEQYF,TRBV25-1*01,None,TRBJ1-2*01,1
1476,CANTPGAAELEQYF,TRBV25-1*01,None,TRBJ2-7*01,1
1477,CANTPGAAEREEYF,TRBV25-1*01,None,TRBJ2-7*01,1
1478,CANTPGAAEREQDF,TRBV25-1*01,None,TRBJ2-7*01,1
1479,CARAPGVADREQYF,TRBV25-1*01,None,TRBJ1-6*01,1
1480,CAPTPRPSERDQYF,TRBV25-1*01,None,TRBJ2-7*01,1
1481,CAPTPGAAEREQYF,TRBV25-1*01,None,TRBJ2-7*01,1
1482,CAPTPGAAEIEQYF,TRBV25-1*01,None,TRBJ2-7*01,1
1483,CANTTWAAEREQYF,TRBV25-1*01,None,TRBJ2-7*01,1
1484,CANTTGAAGREQYF,TRBV25-1*01,None,TRBJ2-7*01,1
1485,CANTTGAAERGQYF,TRBV25-1*01,None,TRBJ2-7*01,1
1486,CANTSGAAEREQYF,TRBV25-1*01,None,TRBJ2-7*01,1
1487,CANTPWAAGREQYF,TRBV25-1*01,None,TRBJ2-7*01,1
1488,CANTPVSAEHEQYF,TRBV28*01,None,TRBJ2-7*01,1
1489,CANTPVAAEREQYF,TRBV25-1*01,None,TRBJ2-7*01,1
1490,CANTPGGAERERYF,TRBV25-1*01,None,TRBJ2-7*01,1
1491,CANTPGGAEREQYF,TRBV25-1*01,None,TRBJ2-7*01,1
1492,CANTPGAEEREQYF,TRBV25-1*01,None,TRBJ2-7*01,1
1493,CANTPGAAVSVQYF,TRBV25-1*01,None,TRBJ2-7*01,1
1494,CANTPGAAESQLYF,TRBV25-1*01,None,TRBJ2-7*01,1
1495,CANTPGAAERTPYF,TRBV25-1*01,None,TRBJ2-7*01,1
1496,CANTPGAAERKQYF,TRBV25-1*01,None,TRBJ2-7*01,1
1497,CANTPGAAERGQYF,TRBV25-1*01,None,TRBJ2-7*01,1
1498,CANTPGAAERERYF,TRBV25-1*01,None,TRBJ2-7*01,1
1499,CANTPGAAEREQSF,TRBV25-1*01,None,TRBJ2-7*01,1
1500,CASSPGAAQRAQYF,TRBV7-8*03,None,TRBJ2-7*01,1
1501,CASSPGAAVREQYF,TRBV25-1*01,None,TRBJ2-7*01,1
1502,CASSPGAAVREQYF,TRBV27*01,None,TRBJ2-7*01,1
1503,CASTPGAAERELYF,TRBV11-3*02,None,TRBJ2-7*01,1
1504,CASTPGAAEREQYF,TRBV12-3*01,None,TRBJ2-7*01,1
1505,CASTPGAAEREQYF,TRBV11-3*03,None,TRBJ2-7*01,1
1506,CASTPGAAEREQYF,TRBV11-1*01,None,TRBJ2-7*01,1
1507,CASTPGAAEREQFF,TRBV25-1*01,None,TRBJ2-1*01,1
1508,CASTPGAAEREQDF,TRBV7-9*05,None,TRBJ2-7*01,1
1509,CASTPGAAEREPYF,TRBV27*01,None,TRBJ2-7*01,1
1510,CASTPGAAEREPYF,TRBV25-1*01,None,TRBJ1-2*01,1
1511,CASTPGAAEREPSF,TRBV25-1*01,None,TRBJ2-7*01,1
1512,CASTPGAAEREPHF,TRBV25-1*01,None,TRBJ2-7*01,1
1513,CASTPGAAEREPDF,TRBV25-1*01,None,TRBJ2-7*01,1
1514,CASTPGAAERELFF,TRBV25-1*01,None,TRBJ2-7*01,1
1515,CASTPGAAEREQYF,TRBV13*02,None,TRBJ2-7*01,1
1516,CASTPGAAEREKYF,TRBV7-9*05,None,TRBJ2-7*01,1
1517,CASTPGAAEREKNF,TRBV25-1*01,None,TRBJ2-7*01,1
1518,CASTPGAAEREKCF,TRBV25-1*01,None,TRBJ2-7*01,1
1519,CASTPGAAEREHYF,TRBV28*01,None,TRBJ2-7*01,1
1520,CASTPGAAEREHYF,TRBV25-1*01,None,TRBJ2-4*01,1
1521,CASTPGAAEREHYF,TRBV25-1*01,None,TRBJ1-6*01,1
1522,CASTPGAAEREHSF,TRBV25-1*01,None,TRBJ2-7*01,1
1523,CASTPGAAEREHHF,TRBV25-1*01,None,TRBJ2-7*01,1
1524,CASTPGAAEREFYF,TRBV25-1*01,None,TRBJ2-7*01,1
1525,CASTPGAAERDRYF,TRBV25-1*01,None,TRBJ2-7*01,1
1526,CASTPGAAEREQYF,TRBV12-4*02,None,TRBJ2-7*01,1
1527,CASTPGAAEREQYF,TRBV19*03,None,TRBJ2-7*01,1
1528,CASTPGAAERKEYF,TRBV25-1*01,None,TRBJ2-7*01,1
1529,CASTPGAAEREQYF,TRBV7-3*04,None,TRBJ2-7*01,1
1530,CASTPGAAERGQNF,TRBV27*01,None,TRBJ2-7*01,1
1531,CASTPGAAEREYYF,TRBV25-1*01,None,TRBJ2-7*01,1
1532,CASTPGAAERERYF,TRBV4-2*02,None,TRBJ2-7*01,1
1533,CASTPGAAERERNF,TRBV7-9*05,None,TRBJ2-7*01,1
1534,CASTPGAAERERDF,TRBV25-1*01,None,TRBJ2-7*01,1
1535,CASTPGAAEREQYF,TRBV7-9*06,None,TRBJ2-7*01,1
1536,CASTPGAAEREQYF,TRBV7-8*02,None,TRBJ2-7*01,1
1537,CASTPGAAEREQYF,TRBV7-8*01,None,TRBJ2-7*01,1
1538,CASTPGAAEREQYF,TRBV7-6*01,None,TRBJ2-7*01,1
1539,CASTPGAAEREQYF,TRBV7-3*05,None,TRBJ2-7*01,1
1540,CASTPGAAEREQYF,TRBV7-3*01,None,TRBJ2-7*01,1
1541,CASTPGAAEREQYF,TRBV2*02,None,TRBJ2-7*01,1
1542,CASTPGAAEREQYF,TRBV7-2*01,None,TRBJ2-7*01,1
1543,CASTPGAAEREQYF,TRBV6-6*04,None,TRBJ2-7*01,1
1544,CASTPGAAEREQYF,TRBV6-6*01,None,TRBJ2-7*01,1
1545,CASTPGAAEREQYF,TRBV6-5*01,None,TRBJ2-7*01,1
1546,CASTPGAAEREQYF,TRBV6-3*01,None,TRBJ2-7*01,1
1547,CASTPGAAEREQYF,TRBV6-1*01,None,TRBJ2-7*01,1
1548,CASTPGAAEREQYF,TRBV5-6*01,None,TRBJ2-7*01,1
1549,CASTPGAAEREQYF,TRBV4-3*04,None,TRBJ2-7*01,1
1550,CASTPGAAEREQYF,TRBV4-3*03,None,TRBJ2-7*01,1
1551,CASTPGAAEREQYF,TRBV2*03,None,TRBJ2-7*01,1
1552,CASTPGAAERDQYF,TRBV27*01,None,TRBJ2-7*01,1
1553,CASTPGAAERDLYF,TRBV27*01,None,TRBJ2-7*01,1
1554,CASTPGAAERDHSF,TRBV25-1*01,None,TRBJ2-7*01,1
1555,CASTPGAAEGVQYF,TRBV25-1*01,None,TRBJ2-7*01,1
1556,CASTPGAAELGQYF,TRBV25-1*01,None,TRBJ2-7*01,1
1557,CASTPGAAELEQYF,TRBV27*01,None,TRBJ2-7*01,1
1558,CASTPGAAELEQHF,TRBV25-1*01,None,TRBJ2-7*01,1
1559,CASTPGAAELELYF,TRBV25-1*01,None,TRBJ2-7*01,1
1560,CASTPGAAELEKYF,TRBV25-1*01,None,TRBJ2-7*01,1
1561,CASTPGAAELEEYF,TRBV25-1*01,None,TRBJ2-4*01,1
1562,CASTPGAAEHVQYF,TRBV4-2*02,None,TRBJ2-7*01,1
1563,CASTPGAAEHQQHF,TRBV25-1*01,None,TRBJ2-7*01,1
1564,CASTPGAAEHEHYF,TRBV25-1*01,None,TRBJ2-7*01,1
1565,CASTPGAAEHAQYF,TRBV25-1*01,None,TRBJ2-7*01,1
1566,CASTPGAAEGERYF,TRBV25-1*01,None,TRBJ2-7*01,1
1567,CASTPGAAERATYF,TRBV25-1*01,None,TRBJ2-7*01,1
1568,CASTPGAAEGEQYF,TRBV4-2*02,None,TRBJ2-7*01,1
1569,CASTPGAAEGEQFF,TRBV25-1*01,None,TRBJ2-7*01,1
1570,CASTPGAAEGEMYF,TRBV25-1*01,None,TRBJ2-7*01,1
1571,CASTPGAAEGELYF,TRBV25-1*01,None,TRBJ2-7*01,1
1572,CASTPGAAEGEENF,TRBV25-1*01,None,TRBJ2-7*01,1
1573,CASTPGAAEGAQYF,TRBV25-1*01,None,TRBJ2-5*01,1
1574,CASTPGAAEFEQYF,TRBV25-1*01,None,TRBJ2-7*01,1
1575,CASTPGAAECVQYF,TRBV25-1*01,None,TRBJ2-7*01,1
1576,CASTPGAAECQQYF,TRBV25-1*01,None,TRBJ2-7*01,1
1577,CASTPGAAECHQNF,TRBV25-1*01,None,TRBJ2-7*01,1
1578,CASTPGAAELTQYF,TRBV25-1*01,None,TRBJ2-7*01,1
1579,CASTPGAAENEQYF,TRBV27*01,None,TRBJ2-7*01,1
1580,CASTPGAAEPAKYF,TRBV25-1*01,None,TRBJ2-7*01,1
1581,CASTPGAAEPAQYF,TRBV25-1*01,None,TRBJ2-7*01,1
1582,CASTPGAAERARNF,TRBV25-1*01,None,TRBJ2-7*01,1
1583,CASTPGAAERAQYF,TRBV7-9*05,None,TRBJ2-7*01,1
1584,CASTPGAAERAQYF,TRBV6-7*01,None,TRBJ2-7*01,1
1585,CASTPGAAERAQYF,TRBV25-1*01,None,TRBJ1-1*01,1
1586,CASTPGAAERAQNF,TRBV25-1*01,None,TRBJ2-7*01,1
1587,CASTPGAAERAQCF,TRBV25-1*01,None,TRBJ2-7*01,1
1588,CASTPGAAERAPYF,TRBV25-1*01,None,TRBJ2-7*01,1
1589,CASTPGAAERAMYF,TRBV25-1*01,None,TRBJ2-7*01,1
1590,CASTPGAAERALYF,TRBV25-1*01,None,TRBJ2-7*01,1
1591,CASTPGAAEQVQYF,TRBV25-1*01,None,TRBJ2-7*01,1
1592,CASTPGAAEQEQYF,TRBV25-1*01,None,TRBJ2-7*01,1
1593,CASTPGAAEPVQYF,TRBV25-1*01,None,TRBJ2-7*01,1
1594,CASTPGAAEPVLYF,TRBV25-1*01,None,TRBJ2-7*01,1
1595,CASTPGAAEPQQYF,TRBV25-1*01,None,TRBJ2-7*01,1
1596,CASTPGAAEPQQSF,TRBV25-1*01,None,TRBJ2-7*01,1
1597,CASTPGAAEPQLSF,TRBV25-1*01,None,TRBJ2-7*01,1
1598,CASTPGAAEPHLYF,TRBV25-1*01,None,TRBJ2-7*01,1
1599,CASTPGAAEPEQYF,TRBV27*01,None,TRBJ2-7*01,1
1600,CASTPGAAEPEQCF,TRBV25-1*01,None,TRBJ2-7*01,1
1601,CASTPGAAEPEPYF,TRBV25-1*01,None,TRBJ2-7*01,1
1602,CASTPGAAEPDYYF,TRBV25-1*01,None,TRBJ2-7*01,1
1603,CASTPGAAERHLYF,TRBV25-1*01,None,TRBJ2-7*01,1
1604,CASTPGAAERKKYF,TRBV25-1*01,None,TRBJ2-7*01,1
1605,CASSPGAEEREQYF,TRBV25-1*01,None,TRBJ2-7*01,1
1606,CASTPGAAVGEKYF,TRBV25-1*01,None,TRBJ2-7*01,1
1607,CASTPGAAVRTKYF,TRBV25-1*01,None,TRBJ2-7*01,1
1608,CASTPGAAVRQQYF,TRBV25-1*01,None,TRBJ2-7*01,1
1609,CASTPGAAVREQYF,TRBV4-2*02,None,TRBJ2-7*01,1
1610,CASTPGAAVREQFF,TRBV25-1*01,None,TRBJ2-7*01,1
1611,CASTPGAAVRELYF,TRBV25-1*01,None,TRBJ2-7*01,1
1612,CASTPGAAVREKYF,TRBV25-1*01,None,TRBJ2-7*01,1
1613,CASTPGAAVREHHF,TRBV25-1*01,None,TRBJ2-7*01,1
1614,CASTPGAAVREFYF,TRBV25-1*01,None,TRBJ2-7*01,1
1615,CASTPGAAVPEQYF,TRBV25-1*01,None,TRBJ2-7*01,1
1616,CASTPGAAVGEQNF,TRBV25-1*01,None,TRBJ2-7*01,1
1617,CASTPGAATTVQYF,TRBV25-1*01,None,TRBJ2-7*01,1
1618,CASTPGAAVSEQYF,TRBV25-1*01,None,TRBJ2-7*01,1
1619,CASTPGAATRVQYF,TRBV27*01,None,TRBJ2-7*01,1
1620,CASTPGAARRVQYF,TRBV25-1*01,None,TRBJ2-7*01,1
1621,CASTPGAAQRQQYF,TRBV25-1*01,None,TRBJ2-7*01,1
1622,CASTPGAAQRLLYF,TRBV25-1*01,None,TRBJ2-7*01,1
1623,CASTPGAAQRERYF,TRBV25-1*01,None,TRBJ2-7*01,1
1624,CASTPGAAQREHYF,TRBV25-1*01,None,TRBJ2-7*01,1
1625,CASTPGAAQRDQYF,TRBV27*01,None,TRBJ2-7*01,1
1626,CASTPGAAQRAKYF,TRBV25-1*01,None,TRBJ2-7*01,1
1627,CASTPGAAQPQQYF,TRBV25-1*01,None,TRBJ2-7*01,1
1628,CASTPGAAQPQLYF,TRBV25-1*01,None,TRBJ2-7*01,1
1629,CASTPGAAVRTKYF,TRBV7-9*05,None,TRBJ2-7*01,1
1630,CASTPGAAVSVQYF,TRBV25-1*01,None,TRBJ2-7*01,1
1631,CASTPGAAERKQHF,TRBV25-1*01,None,TRBJ2-7*01,1
1632,CASTPGAEESEQYF,TRBV25-1*01,None,TRBJ2-7*01,1
1633,CASTPGAGEREQNF,TRBV25-1*01,None,TRBJ2-7*01,1
1634,CASTPGAGEREEYF,TRBV25-1*01,None,TRBJ2-7*01,1
1635,CASTPGAGERAQYF,TRBV25-1*01,None,TRBJ2-7*01,1
1636,CASTPGAGEHEQYF,TRBV25-1*01,None,TRBJ2-7*01,1
1637,CASTPGAGEGEQYF,TRBV25-1*01,None,TRBJ2-7*01,1
1638,CASTPGAGECEQYF,TRBV25-1*01,None,TRBJ2-7*01,1
1639,CASTPGAGECDQYF,TRBV25-1*01,None,TRBJ2-7*01,1
1640,CASTPGAGAYEQYF,TRBV25-1*01,None,TRBJ2-7*01,1
1641,CASTPGAEQRQQYF,TRBV25-1*01,None,TRBJ2-7*01,1
1642,CASTPGAEKRGQYF,TRBV25-1*01,None,TRBJ2-7*01,1
1643,CASTPGAEERGQYF,TRBV25-1*01,None,TRBJ2-7*01,1
1644,CASTPGAAWPQLYF,TRBV25-1*01,None,TRBJ2-7*01,1
1645,CASTPGAEEREPYF,TRBV25-1*01,None,TRBJ2-7*01,1
1646,CASTPGAEEREHSF,TRBV25-1*01,None,TRBJ2-5*01,1
1647,CASTPGAEEHEQYF,TRBV25-1*01,None,TRBJ2-7*01,1
1648,CASTPGAEEGKQYF,TRBV25-1*01,None,TRBJ2-7*01,1
1649,CASTPGAEEGEQYF,TRBV27*01,None,TRBJ2-7*01,1
1650,CASTPGAEEGEQYF,TRBV25-1*01,None,TRBJ2-7*01,1
1651,CASTPGAEECEQYF,TRBV25-1*01,None,TRBJ2-7*01,1
1652,CASTPGAEAPELYF,TRBV25-1*01,None,TRBJ2-7*01,1
1653,CASTPGADEREQYF,TRBV25-1*01,None,TRBJ2-7*01,1
1654,CASTPGAAWRHHYF,TRBV25-1*01,None,TRBJ2-7*01,1
1655,CASTPGAAQPDQYF,TRBV25-1*01,None,TRBJ2-7*01,1
1656,CASTPGAAQHEQYF,TRBV25-1*01,None,TRBJ2-7*01,1
1657,CASTPGAAPRDLYF,TRBV25-1*01,None,TRBJ2-7*01,1
1658,CASTPGAAESDHYF,TRBV25-1*01,None,TRBJ2-7*01,1
1659,CASTPGAAGGDQYF,TRBV25-1*01,None,TRBJ2-7*01,1
1660,CASTPGAAGCEQYF,TRBV7-9*06,None,TRBJ2-7*01,1
1661,CASTPGAAEYEQYF,TRBV28*01,None,TRBJ2-7*01,1
1662,CASTPGAAEVEQYF,TRBV25-1*01,None,TRBJ2-7*01,1
1663,CASTPGAAESVQYF,TRBV25-1*01,None,TRBJ2-7*01,1
1664,CASTPGAAESKQYF,TRBV25-1*01,None,TRBJ2-7*01,1
1665,CASTPGAAESHQYF,TRBV25-1*01,None,TRBJ1-6*01,1
1666,CASTPGAAESETYF,TRBV25-1*01,None,TRBJ2-7*01,1
1667,CASTPGAAESEQYF,TRBV28*01,None,TRBJ2-7*01,1
1668,CASTPGAAESEQHF,TRBV25-1*01,None,TRBJ2-7*01,1
1669,CASTPGAAERVQYF,TRBV7-3*05,None,TRBJ2-7*01,1
1670,CASTPGAAPPVQYF,TRBV25-1*01,None,TRBJ2-7*01,1
1671,CASTPGAAERVQYF,TRBV25-1*01,None,TRBJ1-1*01,1
1672,CASTPGAAERVPYF,TRBV25-1*01,None,TRBJ2-7*01,1
1673,CASTPGAAERVKYF,TRBV25-1*01,None,TRBJ2-7*01,1
1674,CASTPGAAERQQSF,TRBV25-1*01,None,TRBJ2-7*01,1
1675,CASTPGAAERQNYF,TRBV25-1*01,None,TRBJ2-7*01,1
1676,CASTPGAAERPQYF,TRBV25-1*01,None,TRBJ2-7*01,1
1677,CASTPGAAERLFYF,TRBV25-1*01,None,TRBJ2-7*01,1
1678,CASTPGAAERKTYF,TRBV25-1*01,None,TRBJ2-7*01,1
1679,CASTPGAAERKQYF,TRBV4-2*02,None,TRBJ2-7*01,1
1680,CASTPGAAERKQYF,TRBV27*01,None,TRBJ2-7*01,1
1681,CASTPGAAGHAQYF,TRBV25-1*01,None,TRBJ2-7*01,1
1682,CASTPGAAGPELYF,TRBV25-1*01,None,TRBJ2-7*01,1
1683,CASTPGAAGPVLYF,TRBV25-1*01,None,TRBJ2-7*01,1
1684,CASTPGAAGQEQYF,TRBV25-1*01,None,TRBJ2-7*01,1
1685,CASTPGAALSQQYF,TRBV25-1*01,None,TRBJ2-7*01,1
1686,CASTPGAALREQYF,TRBV25-1*01,None,TRBJ2-7*01,1
1687,CASTPGAALRDQYF,TRBV25-1*01,None,TRBJ2-7*01,1
1688,CASTPGAAKRQQYF,TRBV25-1*01,None,TRBJ2-7*01,1
1689,CASTPGAAKREKYF,TRBV11-3*02,None,TRBJ2-7*01,1
1690,CASTPGAAKRAQYF,TRBV25-1*01,None,TRBJ2-7*01,1
1691,CASTPGAAKPEQYF,TRBV25-1*01,None,TRBJ2-7*01,1
1692,CASTPGAAKHEQYF,TRBV25-1*01,None,TRBJ2-7*01,1
1693,CASTPGAAKHDQYF,TRBV25-1*01,None,TRBJ2-7*01,1
1694,CASTPGAAHREQHF,TRBV25-1*01,None,TRBJ2-7*01,1
1695,CASTPGAAGSAQYF,TRBV25-1*01,None,TRBJ2-7*01,1
1696,CASTPGAAGRQQHF,TRBV25-1*01,None,TRBJ2-7*01,1
1697,CASTPGAAGRGRYF,TRBV25-1*01,None,TRBJ2-7*01,1
1698,CASTPGAAGREQYF,TRBV6-1*01,None,TRBJ2-7*01,1
1699,CASTPGAAGREQYF,TRBV4-2*02,None,TRBJ2-7*01,1
1700,CASTPGAAGREQYF,TRBV25-1*01,None,TRBJ2-1*01,1
1701,CASTPGAAGREQSF,TRBV25-1*01,None,TRBJ2-7*01,1
1702,CASTPGAAGREQNF,TRBV25-1*01,None,TRBJ2-7*01,1
1703,CASTPGAAGREENF,TRBV25-1*01,None,TRBJ2-7*01,1
1704,CASTPGAAGRDQYF,TRBV7-9*05,None,TRBJ2-7*01,1
1705,CASTPGAAGRAQYF,TRBV4-2*02,None,TRBJ2-7*01,1
1706,CASTPGAAECGQYF,TRBV25-1*01,None,TRBJ2-7*01,1
1707,CASTPGAAECGQYF,TRBV12-4*01,None,TRBJ2-7*01,1
1708,CASTPGAAECEQNF,TRBV25-1*01,None,TRBJ2-7*01,1
1709,CASTAGAAGREQYF,TRBV25-1*01,None,TRBJ2-7*01,1
1710,CASTHGAAEGVQYF,TRBV25-1*01,None,TRBJ2-7*01,1
1711,CASTHGAADREQYF,TRBV25-1*01,None,TRBJ2-7*01,1
1712,CASTHEAAEREQYF,TRBV25-1*01,None,TRBJ2-7*01,1
1713,CASTGAAEREQYF,TRBV25-1*01,None,TRBJ2-7*01,1
1714,CASTFSTWSANYGYTF,TRBV12-4*02,None,TRBJ1-2*01,1
1715,CASTFGAGACEQYF,TRBV7-3*01,None,TRBJ2-7*01,1
1716,CASTARALERAQYF,TRBV28*01,None,TRBJ2-7*01,1
1717,CASTAGSSEREQYF,TRBV25-1*01,None,TRBJ2-7*01,1
1718,CASTAGGAERVQYF,TRBV25-1*01,None,TRBJ2-7*01,1
1719,CASTAGGAEREQYF,TRBV25-1*01,None,TRBJ2-7*01,1
1720,CASTAGAAEREYHF,TRBV25-1*01,None,TRBJ2-7*01,1
1721,CASTHGAAERAQYF,TRBV25-1*01,None,TRBJ2-7*01,1
1722,CASTAGAAEREQYF,TRBV7-7*02,None,TRBJ2-7*01,1
1723,CASTAGAAEREQYF,TRBV28*01,None,TRBJ2-7*01,1
1724,CASTAGAAEGEQYF,TRBV25-1*01,None,TRBJ2-7*01,1
1725,CASTAGAAECEQYF,TRBV25-1*01,None,TRBJ2-7*01,1
1726,CASTAGAADREQYF,TRBV25-1*01,None,TRBJ2-7*01,1
1727,CASTAEAAEREQYF,TRBV25-1*01,None,TRBJ2-7*01,1
1728,CASTAAGAECEQYF,TRBV25-1*01,None,TRBJ2-7*01,1
1729,CASTAAAAERAQYF,TRBV7-9*05,None,TRBJ2-7*01,1
1730,CASSYSTYGYTF,TRBV6-6*05,None,TRBJ1-2*01,1
1731,CASSYSTYGYTF,TRBV6-6*02,None,TRBJ1-2*01,1
1732,CASTHGAAERAHYF,TRBV25-1*01,None,TRBJ2-7*01,1
1733,CASTHGAAEREEYF,TRBV25-1*01,None,TRBJ2-7*01,1
1734,CASTPGAAECEQFF,TRBV25-1*01,None,TRBJ2-7*01,1
1735,CASTLGAAAREQYF,TRBV25-1*01,None,TRBJ2-7*01,1
1736,CASTLGAAESEQYF,TRBV25-1*01,None,TRBJ2-7*01,1
1737,CASTLGAAEREQYF,TRBV6-6*04,None,TRBJ2-7*01,1
1738,CASTLGAAEREQCF,TRBV25-1*01,None,TRBJ2-7*01,1
1739,CASTLGAAERELYF,TRBV25-1*01,None,TRBJ2-7*01,1
1740,CASTLGAAEPEQYF,TRBV25-1*01,None,TRBJ2-7*01,1
1741,CASTLGAAEHEQYF,TRBV25-1*01,None,TRBJ2-7*01,1
1742,CASTLGAAEGEQYF,TRBV25-1*01,None,TRBJ2-7*01,1
1743,CASTLGAAEGDQYF,TRBV25-1*01,None,TRBJ2-7*01,1
1744,CASTLGAAECEQYF,TRBV25-1*01,None,TRBJ2-7*01,1
1745,CASTLGAADREQYF,TRBV25-1*01,None,TRBJ2-7*01,1
1746,CASTLGAAAGEQYF,TRBV25-1*01,None,TRBJ2-7*01,1
1747,CASTHGAAERERYF,TRBV25-1*01,None,TRBJ2-7*01,1
1748,CASTLEAAEREQYF,TRBV25-1*01,None,TRBJ2-7*01,1
1749,CASTHGVAKPEKYF,TRBV25-1*01,None,TRBJ2-7*01,1
1750,CASTHGVAEREQYF,TRBV25-1*01,None,TRBJ2-7*01,1
1751,CASTHGPAGREQYF,TRBV25-1*01,None,TRBJ2-7*01,1
1752,CASTHGNAEREQYF,TRBV25-1*01,None,TRBJ2-7*01,1
1753,CASTHGGAEREQYF,TRBV25-1*01,None,TRBJ2-7*01,1
1754,CASTHGAAKREQYF,TRBV25-1*01,None,TRBJ2-7*01,1
1755,CASTHGAAESEQYF,TRBV25-1*01,None,TRBJ2-7*01,1
1756,CASTHGAAERVQYF,TRBV27*01,None,TRBJ2-7*01,1
1757,CASTHGAAERKQYF,TRBV25-1*01,None,TRBJ2-7*01,1
1758,CASSYSSYVYNF,TRBV6-2*01,None,TRBJ1-2*01,1
1759,CASSYSSYGYNF,TRBV6-6*03,None,TRBJ1-2*01,1
1760,CASSYSNYVYTF,TRBV6-6*03,None,TRBJ1-2*01,1
1761,CASSRQGTSEQYF,TRBV6-6*04,None,TRBJ2-7*01,1
1762,CASSWDRVPVNSPLHF,TRBV7-8*03,None,TRBJ1-6*01,1
1763,CASSWDRFPENSPLHF,TRBV7-8*02,None,TRBJ1-6*01,1
1764,CASSVTSYQETQYF,TRBV6-6*05,None,TRBJ2-5*01,1
1765,CASSSWTQNYSYTF,TRBV5-7*01,None,TRBJ1-2*01,1
1766,CASSSTLTPTEFYF,TRBV25-1*01,None,TRBJ2-7*01,1
1767,CASSSSNCGYNF,TRBV6-3*01,None,TRBJ1-2*01,1
1768,CASSSGTGSYEQYF,TRBV7-8*03,None,TRBJ2-7*01,1
1769,CASSSGAAELEQYF,TRBV25-1*01,None,TRBJ2-7*01,1
1770,CASSSDRVSQPQHF,TRBV7-1*01,None,TRBJ1-5*01,1
1771,CASSRRHGETQYF,TRBV15*02,None,TRBJ2-5*01,1
1772,CASSRLSYNEQFF,TRBV6-6*03,None,TRBJ2-1*01,1
1773,CASSYSNYSYTF,TRBV6-6*03,None,TRBJ1-2*01,1
1774,CASSPWTEDYGYTF,TRBV11-3*02,None,TRBJ1-2*01,1
1775,CASSPSVRGSNEQFF,TRBV7-9*04,None,TRBJ2-1*01,1
1776,CASSPSGRGSNGQFF,TRBV11-3*03,None,TRBJ2-1*01,1
1777,CASSPSGRGSNEQFF,TRBV7-3*05,None,TRBJ2-1*01,1
1778,CASSPSGRGPTQQFF,TRBV7-9*04,None,TRBJ2-1*01,1
1779,CASSPSGGAPEEQYF,TRBV11-2*03,None,TRBJ2-7*01,1
1780,CASSPPLHTPSYEQYF,TRBV6-6*03,None,TRBJ2-7*01,1
1781,CASSPPLHTPSYEQFF,TRBV18*01,None,TRBJ2-1*01,1
1782,CASSPGTAEREQYF,TRBV25-1*01,None,TRBJ2-7*01,1
1783,CASSPGPAERDQYF,TRBV25-1*01,None,TRBJ2-7*01,1
1784,CASSYCNYGYTF,TRBV6-6*02,None,TRBJ1-2*01,1
1785,CASSYGNYGYTF,TRBV6-3*01,None,TRBJ1-2*01,1
1786,CASSYGNYGYTF,TRBV6-6*01,None,TRBJ1-2*01,1
1787,CASSYGNYGYTF,TRBV6-6*03,None,TRBJ1-2*01,1
1788,CASSYSNYGYTF,TRBV6-9*01,None,TRBJ1-2*01,1
1789,CASSYSNYGYTF,TRBV27*01,None,TRBJ1-2*01,1
1790,CASSYSNYGYTF,TRBV12-4*02,None,TRBJ1-2*01,1
1791,CASSYSNYGYPF,TRBV6-6*03,None,TRBJ1-2*01,1
1792,CASSYSNYGYNF,TRBV6-6*03,None,TRBJ1-2*01,1
1793,CASSYSNYGYIF,TRBV6-5*01,None,TRBJ1-2*01,1
1794,CASSYSNYGYIF,TRBV6-3*01,None,TRBJ1-2*01,1
1795,CASSYSNYGYAF,TRBV6-6*03,None,TRBJ1-2*01,1
1796,CASSYSNYGYAF,TRBV6-6*01,None,TRBJ1-2*01,1
1797,CASSYSNYGSTF,TRBV6-5*01,None,TRBJ1-2*01,1
1798,CASSYSNYGNTF,TRBV6-5*01,None,TRBJ1-2*01,1
1799,CASSYSNYGHYF,TRBV6-6*03,None,TRBJ1-2*01,1
1800,CASSYSNTGYTF,TRBV6-6*03,None,TRBJ1-2*01,1
1801,CASSYSNSGYTF,TRBV6-6*05,None,TRBJ1-2*01,1
1802,CASSYSNDGYTF,TRBV6-6*03,None,TRBJ1-2*01,1
1803,CASSYSKYVYTF,TRBV6-6*03,None,TRBJ1-2*01,1
1804,CASSYSDYGYHF,TRBV6-6*02,None,TRBJ1-2*01,1
1805,CASSYRNYGYTF,TRBV6-6*05,None,TRBJ1-2*01,1
1806,CASSYINSGYTF,TRBV6-6*03,None,TRBJ1-2*01,1
1807,CASSYGVNTEAFF,TRBV6-6*03,None,TRBJ1-1*01,1
1808,CASSYGTGSYVQNF,TRBV11-2*03,None,TRBJ2-7*01,1
1809,CASTLGAAVREQYF,TRBV25-1*01,None,TRBJ2-7*01,1
1810,CASTLGAEDCEKYF,TRBV4-2*02,None,TRBJ2-7*01,1
1811,CASTLGAGEREQYF,TRBV25-1*01,None,TRBJ2-7*01,1
1812,CASTPDAAAREQYF,TRBV25-1*01,None,TRBJ2-7*01,1
1813,CASTPEDAERERYF,TRBV25-1*01,None,TRBJ2-7*01,1
1814,CASTPEDAEREQYF,TRBV25-1*01,None,TRBJ2-7*01,1
1815,CASTPEAAERKPDF,TRBV25-1*01,None,TRBJ2-7*01,1
1816,CASTPEAAEREQYF,TRBV27*01,None,TRBJ2-7*01,1
1817,CASTPEAAERDRYF,TRBV25-1*01,None,TRBJ2-7*01,1
1818,CASTPEAAECEHYF,TRBV6-4*02,None,TRBJ2-7*01,1
1819,CASTPEAAARDYYF,TRBV25-1*01,None,TRBJ2-7*01,1
1820,CASTPDAAEREQYF,TRBV25-1*01,None,TRBJ2-7*01,1
1821,CASTPDAAEHEQYF,TRBV25-1*01,None,TRBJ2-7*01,1
1822,CASTPDAADGEQYF,TRBV25-1*01,None,TRBJ2-2*01,1
1823,CASTPCAAERAQHF,TRBV25-1*01,None,TRBJ2-7*01,1
1824,CASTPAPAEPVLYF,TRBV25-1*01,None,TRBJ2-7*01,1
1825,CASTPAVTQRQHYF,TRBV25-1*01,None,TRBJ2-7*01,1
1826,CASTPAVTERVLYF,TRBV25-1*01,None,TRBJ2-7*01,1
1827,CASTPAVAEREQYF,TRBV25-1*01,None,TRBJ2-7*01,1
1828,CASTPASAEREQYF,TRBV25-1*01,None,TRBJ2-7*01,1
1829,CASTPASAEPHQYF,TRBV25-1*01,None,TRBJ2-7*01,1
1830,CASTPAPSAPQQYF,TRBV25-1*01,None,TRBJ2-7*01,1
1831,CASTPAPAQTELYF,TRBV25-1*01,None,TRBJ2-7*01,1
1832,CASTPAPAQPEQYF,TRBV25-1*01,None,TRBJ2-7*01,1
1833,CASTPAPAPRLHSF,TRBV25-1*01,None,TRBJ2-7*01,1
1834,CASTPAPAGPEQYF,TRBV25-1*01,None,TRBJ2-7*01,1
1835,CASTPEPAERDQYF,TRBV25-1*01,None,TRBJ2-7*01,1
1836,CASTPGAAAHEQYF,TRBV25-1*01,None,TRBJ2-7*01,1
1837,CASTPGAAAPDQYF,TRBV25-1*01,None,TRBJ2-7*01,1
1838,CASTPGAAAPQQYF,TRBV25-1*01,None,TRBJ2-7*01,1
1839,CASTPGAAECDQYF,TRBV25-1*01,None,TRBJ2-7*01,1
1840,CASTPGAADSEHYF,TRBV25-1*01,None,TRBJ2-7*01,1
1841,CASTPGAADRVQYF,TRBV25-1*01,None,TRBJ2-7*01,1
1842,CASTPGAADRGQYF,TRBV25-1*01,None,TRBJ2-7*01,1
1843,CASTPGAADREQYF,TRBV27*01,None,TRBJ2-7*01,1
1844,CASTPGAADREQCF,TRBV25-1*01,None,TRBJ2-7*01,1
1845,CASTPGAADREHYF,TRBV25-1*01,None,TRBJ2-7*01,1
1846,CASTPGAADRDQYF,TRBV25-1*01,None,TRBJ2-7*01,1
1847,CASTPGAADGEQYF,TRBV25-1*01,None,TRBJ2-7*01,1
1848,CASTPGAADCGQYF,TRBV25-1*01,None,TRBJ2-7*01,1
1849,CASTPGAAATHQSF,TRBV25-1*01,None,TRBJ2-7*01,1
1850,CASTPGAAASHYHF,TRBV25-1*01,None,TRBJ2-7*01,1
1851,CASTPGAAASEPYF,TRBV25-1*01,None,TRBJ2-7*01,1
1852,CASTPGAAARQQYF,TRBV25-1*01,None,TRBJ2-7*01,1
1853,CASTPGAAARKQYF,TRBV25-1*01,None,TRBJ2-7*01,1
1854,CASTPGAAARERYF,TRBV25-1*01,None,TRBJ2-7*01,1
1855,CASTPGAAAREQYF,TRBV4-2*02,None,TRBJ2-7*01,1
1856,CASTPGAAAREQFF,TRBV25-1*01,None,TRBJ2-7*01,1
1857,CASTPGAAARELYF,TRBV27*01,None,TRBJ2-7*01,1
1858,CASTPGAAARDLYF,TRBV25-1*01,None,TRBJ2-7*01,1
1859,CASTPGAAAPVQYF,TRBV25-1*01,None,TRBJ2-7*01,1
1860,CASTPAPAERQLSF,TRBV25-1*01,None,TRBJ2-7*01,1
1861,CASTPAPAEPEHYF,TRBV25-1*01,None,TRBJ2-7*01,1
1862,CASTLGGTEHEQYF,TRBV25-1*01,None,TRBJ2-7*01,1
1863,CASTPAAAEPEQDF,TRBV25-1*01,None,TRBJ2-7*01,1
1864,CASTPAAAEREPYF,TRBV25-1*01,None,TRBJ2-7*01,1
1865,CASTPAAAEREPNF,TRBV25-1*01,None,TRBJ2-7*01,1
1866,CASTPAAAERELYF,TRBV25-1*01,None,TRBJ2-7*01,1
1867,CASTPAAAEREHYF,TRBV25-1*01,None,TRBJ2-7*01,1
1868,CASTPAAAERDQSF,TRBV25-1*01,None,TRBJ2-7*01,1
1869,CASTPAAAERAQYF,TRBV25-1*01,None,TRBJ2-7*01,1
1870,CASTPAAAERAPYF,TRBV25-1*01,None,TRBJ2-7*01,1
1871,CASTPAAAEPVQYF,TRBV25-1*01,None,TRBJ2-7*01,1
1872,CASTPAAAEPSQYF,TRBV25-1*01,None,TRBJ2-7*01,1
1873,CASTPAAAEPEQYF,TRBV25-1*01,None,TRBJ2-7*01,1
1874,CASTPAAAEPEHYF,TRBV25-1*01,None,TRBJ2-7*01,1
1875,CASTPALAPRHQHF,TRBV25-1*01,None,TRBJ2-7*01,1
1876,CASTPAAAECEQYF,TRBV25-1*01,None,TRBJ2-7*01,1
1877,CASTPAAAARVKYF,TRBV25-1*01,None,TRBJ2-7*01,1
1878,CASTPAAAAREKNF,TRBV25-1*01,None,TRBJ2-7*01,1
1879,CASTPAAAAREHYF,TRBV25-1*01,None,TRBJ2-7*01,1
1880,CASTPAAAAPEQHF,TRBV25-1*01,None,TRBJ2-7*01,1
1881,CASTLSAAEREQYF,TRBV25-1*01,None,TRBJ2-7*01,1
1882,CASTLRAAEREHYF,TRBV25-1*01,None,TRBJ2-7*01,1
1883,CASTLPAAEREQYF,TRBV25-1*01,None,TRBJ2-7*01,1
1884,CASTLGVAEREQYF,TRBV25-1*01,None,TRBJ2-7*01,1
1885,CASTLGVAEPEQDF,TRBV25-1*01,None,TRBJ2-7*01,1
1886,CASTPAAAEREQHF,TRBV25-1*01,None,TRBJ2-7*01,1
1887,CASTPAAAEREQNF,TRBV25-1*01,None,TRBJ2-7*01,1
1888,CASTPAAAERQQYF,TRBV25-1*01,None,TRBJ2-7*01,1
1889,CASTPAAAESEQYF,TRBV25-1*01,None,TRBJ2-7*01,1
1890,CASTPAGAGPQLYF,TRBV25-1*01,None,TRBJ2-7*01,1
1891,CASTPAGAAREQYF,TRBV25-1*01,None,TRBJ2-7*01,1
1892,CASTPADSEREPYF,TRBV25-1*01,None,TRBJ2-7*01,1
1893,CASTPADAKREQYF,TRBV25-1*01,None,TRBJ2-7*01,1
1894,CASTPADAEREQYF,TRBV25-1*01,None,TRBJ2-7*01,1
1895,CASTPADAAHEQYF,TRBV25-1*01,None,TRBJ2-7*01,1
1896,CASTPAATERELYF,TRBV25-1*01,None,TRBJ2-7*01,1
1897,CASTPAATERAQYF,TRBV25-1*01,None,TRBJ2-7*01,1
1898,CASTPAASQRQQYF,TRBV25-1*01,None,TRBJ2-7*01,1
1899,CASTPAASASEQYF,TRBV25-1*01,None,TRBJ2-7*01,1
1900,CASTPAAPEREQYF,TRBV25-1*01,None,TRBJ2-7*01,1
1901,CASTPAAEEREQYF,TRBV25-1*01,None,TRBJ2-7*01,1
1902,CASTPAAAWREQYF,TRBV7-7*02,None,TRBJ2-7*01,1
1903,CASTPAAAVTVLYF,TRBV25-1*01,None,TRBJ2-7*01,1
1904,CASTPAAAVRDHYF,TRBV25-1*01,None,TRBJ2-7*01,1
1905,CASTPAAAQREQYF,TRBV25-1*01,None,TRBJ2-7*01,1
1906,CASTPAAAPREQSF,TRBV25-1*01,None,TRBJ2-7*01,1
1907,CASTPAAAGPEQYF,TRBV25-1*01,None,TRBJ2-7*01,1
1908,CASTPAAAETHHSF,TRBV25-1*01,None,TRBJ2-7*01,1
1909,CASTPAAAESVQYF,TRBV25-1*01,None,TRBJ2-7*01,1
1910,CASTPAAAESQQYF,TRBV25-1*01,None,TRBJ2-7*01,1
1911,CVYTPGAAEREQYF,TRBV25-1*01,None,TRBJ2-7*01,1
