,CDR3seq,V-region,D-region,J-region,Frequency
1,CATSIWGYTF,TRBV15*02,None,TRBJ1-2*01,389
2,CATSIWGYTF,TRBV15*01,None,TRBJ1-2*01,175
3,CASSFSVGPTYEQYF,TRBV14*02,None,TRBJ2-7*01,59
4,CASSGMEGQGALYGYTF,TRBV28*01,TRBD1*01,TRBJ1-2*01,55
5,CASRLGTLETQYF,TRBV28*01,None,TRBJ2-5*01,48
6,CASRWDRFPVNSPLHF,TRBV7-8*03,None,TRBJ1-6*01,33
7,CATASGGYTF,TRBV15*02,None,TRBJ1-2*01,25
8,CASTPGAAEREQYF,TRBV25-1*01,None,TRBJ2-7*01,22
9,CASSFVTVSQPQHF,TRBV28*01,None,TRBJ1-5*01,18
10,CASSQDPEAVYGYTF,TRBV4-3*01,None,TRBJ1-2*01,15
11,CASSEVSGQPQHF,TRBV6-6*03,None,TRBJ1-5*01,14
12,CASSLGASGSPYEQYF,TRBV7-9*04,None,TRBJ2-7*01,13
13,CASSPPLHTPSYEQYF,TRBV18*01,None,TRBJ2-7*01,9
14,CSAVAGFSYEQYF,TRBV20-1*03,None,TRBJ2-7*01,9
15,CATSIWVYTF,TRBV15*02,None,TRBJ1-2*01,8
16,CASSYHANTGELFF,TRBV6-2*01,None,TRBJ2-2*01,8
17,CASSLGASGSPYEQYF,TRBV11-3*03,None,TRBJ2-7*01,8
18,CSAVAGFSYEQYF,TRBV20-1*02,None,TRBJ2-7*01,8
19,CASSQDPEAVYGYTF,TRBV4-3*02,None,TRBJ1-2*01,7
20,CASSYHANTGELFF,TRBV6-3*01,None,TRBJ2-2*01,7
21,CATSIWGLHLRF,TRBV15*02,None,TRBJ1-2*01,6
22,CASSFPPRETQYF,TRBV19*03,None,TRBJ2-5*01,6
23,CASRQTQDAYAGELFF,TRBV6-6*03,None,TRBJ2-2*01,6
24,CASSLSGGLAADEQFF,TRBV4-3*02,TRBD2*02,TRBJ2-1*01,6
25,CASRQTQDAYAGELFF,TRBV6-6*05,None,TRBJ2-2*01,5
26,CASSYHANTGELFF,TRBV6-6*01,None,TRBJ2-2*01,5
27,CASSYHANTGELFF,TRBV6-6*02,None,TRBJ2-2*01,5
28,CSAVAGFSYEQYF,TRBV20-1*06,None,TRBJ2-7*01,5
29,CASSLSGGLAADEQFF,TRBV4-3*03,TRBD2*02,TRBJ2-1*01,4
30,CSAISGRSLGWANVLTF,TRBV20-1*03,None,TRBJ2-6*01,4
31,CASSYHANTGELFF,TRBV6-5*01,None,TRBJ2-2*01,4
32,CASGYTTSSYNEQFF,TRBV27*01,None,TRBJ2-1*01,4
33,CSAISGRSLGWANVLTF,TRBV20-1*02,None,TRBJ2-6*01,4
34,CSAISGRSLGWANVLTF,TRBV20-1*06,None,TRBJ2-6*01,4
35,CASRLGTLGTQYF,TRBV28*01,None,TRBJ2-5*01,3
36,CASSYHANTGELFF,TRBV6-6*03,None,TRBJ2-2*01,3
37,CATSIWGHTF,TRBV15*02,None,TRBJ1-2*01,3
38,CASSFPPRETQYF,TRBV19*03,None,TRBJ2-3*01,3
39,CASSMDRPGVETQYF,TRBV19*03,None,TRBJ2-5*01,3
40,CATSIWGLHF,TRBV15*01,None,TRBJ1-2*01,3
41,CASSLSGGLAADEQFF,TRBV4-3*04,TRBD2*01,TRBJ2-1*01,3
42,CGAQKLVF,TRBV12-3*01,None,TRBJ2-3*01,3
43,CATTIWGYTF,TRBV15*02,None,TRBJ1-2*01,2
44,CATSICGYTF,TRBV15*02,None,TRBJ1-2*01,2
45,CATSIWVYTF,TRBV15*01,None,TRBJ1-2*01,2
46,CATSMGGYTF,TRBV15*01,None,TRBJ1-2*01,2
47,CASSQDPEAVYGYTF,TRBV4-3*04,None,TRBJ1-2*01,2
48,CASSQDPEAVYGYTF,TRBV4-3*03,None,TRBJ1-2*01,2
49,CASSGMEGQGALYGYSF,TRBV28*01,TRBD1*01,TRBJ1-2*01,2
50,CASSLSGGLAADEQFF,TRBV4-3*03,TRBD2*01,TRBJ2-1*01,2
51,CATSIWGHTF,TRBV15*01,None,TRBJ1-2*01,2
52,CASSEVSGQPQHF,TRBV6-1*01,None,TRBJ1-5*01,2
53,CAASIWGYTF,TRBV15*02,None,TRBJ1-2*01,2
54,CASRWDRFPVNSPLHF,TRBV7-8*03,None,TRBJ1-6*02,2
55,CARSFSVGPTYEQYF,TRBV14*02,None,TRBJ2-7*01,2
56,CASRWGRFPVNSPLHF,TRBV7-8*03,None,TRBJ1-6*01,2
57,CSAVAGFSYDQYF,TRBV20-1*06,None,TRBJ2-7*01,2
58,CALSPPGGASKIIF,TRBV12-4*02,None,TRBJ1-1*01,2
59,CSAVAGLSYEQYF,TRBV20-1*06,None,TRBJ2-7*01,1
60,CSSVAGFSYEQYF,TRBV20-1*06,None,TRBJ2-7*01,1
61,CSSLAGFSYEQYF,TRBV20-1*04,None,TRBJ2-7*01,1
62,CSGVAGFSYEQYF,TRBV20-1*03,None,TRBJ2-7*01,1
63,CSFVSGFSYEQYF,TRBV20-1*03,None,TRBJ2-7*01,1
64,CSAVSGRSLGWANVLTF,TRBV20-1*03,None,TRBJ2-6*01,1
65,CGAQKLVF,TRBV24-1*01,None,TRBJ1-6*01,1
66,CATSIWGIHLRF,TRBV15*02,None,TRBJ1-2*01,1
67,CATSIWGFTF,TRBV15*01,None,TRBJ1-2*01,1
68,CSAVAGFSYEQYF,TRBV20-1*05,None,TRBJ2-7*01,1
69,CSAVAGFSYEPYF,TRBV20-1*02,None,TRBJ2-7*01,1
70,CATSIWGLHF,TRBV15*02,None,TRBJ1-2*01,1
71,CSAVAGFSYEEYF,TRBV20-1*03,None,TRBJ2-7*01,1
72,CSAVAGFSSRQYF,TRBV20-1*02,None,TRBJ2-7*01,1
73,CSAVAGFSSEQYF,TRBV20-1*06,None,TRBJ2-7*01,1
74,CATSIWGFTF,TRBV15*02,None,TRBJ1-2*01,1
75,CATSIRGYTF,TRBV15*01,None,TRBJ1-2*01,1
76,CATSIWALHLRF,TRBV15*01,None,TRBJ1-2*01,1
77,CATSIWGLHLRF,TRBV15*01,None,TRBJ1-2*01,1
78,CASTPGAAESEHYF,TRBV27*01,None,TRBJ2-7*01,1
79,CASTPGAAQREQYF,TRBV25-1*01,None,TRBJ2-7*01,1
80,CVTSIWGQHLRF,TRBV15*02,None,TRBJ1-2*01,1
81,CATIIWGLHLRF,TRBV15*02,None,TRBJ1-2*01,1
82,CATIIWGYTF,TRBV15*02,None,TRBJ1-2*01,1
83,CATRIWSYTF,TRBV15*02,None,TRBJ1-2*01,1
84,CATRSGGYTF,TRBV15*02,None,TRBJ1-2*01,1
85,CVSSQDPEAVYGYTF,TRBV4-3*01,None,TRBJ1-2*01,1
86,CTSSYHVNTGELFF,TRBV6-6*04,None,TRBJ2-2*01,1
87,CTRRWDRLPVNSPLHF,TRBV7-2*03,None,TRBJ1-6*01,1
88,CSVEDRHAIMFTQLPF,TRBV29-1*01,None,TRBJ2-1*01,1
89,CSTSIWGYTF,TRBV15*01,None,TRBJ1-2*01,1
90,CSTSDWQGSYNEQFF,TRBV20-1*05,None,TRBJ2-1*01,1
91,CATSIGGYTF,TRBV15*02,None,TRBJ1-2*01,1
92,CATSILGYTF,TRBV15*02,None,TRBJ1-2*01,1
93,CATSIWGLHLQF,TRBV15*02,None,TRBJ1-2*01,1
94,CATSIWGLPF,TRBV15*02,None,TRBJ1-2*01,1
95,CSAVAGFSHEQYF,TRBV20-1*03,None,TRBJ2-7*01,1
96,CGDQKLVF,TRBV12-4*02,None,TRBJ1-6*02,1
97,CAVLLIQGDQKLVF,TRBV2*02,None,TRBJ1-1*01,1
98,CGDQKLVF,TRBV3-1*02,None,TRBJ1-1*01,1
99,CDISVWGLHLRF,TRBV15*02,None,TRBJ1-2*01,1
100,CDPASGGCTF,TRBV15*02,None,TRBJ1-2*01,1
101,CDSILWGSYVHCF,TRBV7-8*03,None,TRBJ2-7*01,1
102,CDSRWDRFPVNSPLHF,TRBV7-8*03,None,TRBJ1-6*01,1
103,CASTPGAAEHEQYF,TRBV25-1*01,None,TRBJ2-7*01,1
104,CGAKKLVF,TRBV12-4*02,None,TRBJ1-6*01,1
105,CGAQKLVF,TRBV12-4*02,None,TRBJ1-6*01,1
106,CGDQKLVF,TRBV12-4*01,None,TRBJ1-6*01,1
107,CGAQKLLF,TRBV12-4*02,None,TRBJ1-6*02,1
108,CGAQKLVF,TRBV12-3*01,None,TRBJ1-6*01,1
109,CGAQKLVF,TRBV12-3*01,None,TRBJ1-6*02,1
110,CGDQKLVF,TRBV12-3*01,None,TRBJ1-6*02,1
111,CGAQKLVF,TRBV6-6*01,None,TRBJ2-3*01,1
112,CGAQKLVF,TRBV12-4*02,None,TRBJ1-1*01,1
113,CGHQKLVF,TRBV12-4*01,None,TRBJ1-1*01,1
114,CATTIWGIHLLF,TRBV15*02,None,TRBJ1-2*01,1
115,CATSVWGYTF,TRBV15*02,None,TRBJ1-2*01,1
116,CATSNWGYTF,TRBV15*02,None,TRBJ1-2*01,1
117,CSASSRGGSQETQYF,TRBV20-1*05,None,TRBJ2-5*01,1
118,CSAISVRSLGWANVLTF,TRBV20-1*03,None,TRBJ2-6*01,1
119,CATSIWGLQLWF,TRBV15*02,None,TRBJ1-2*01,1
120,CATSIWGLTF,TRBV15*02,None,TRBJ1-2*01,1
121,CATSIWGYAF,TRBV15*01,None,TRBJ1-2*01,1
122,CATSIWGYNF,TRBV15*02,None,TRBJ1-2*01,1
123,CSAISGSALGWANVLTF,TRBV20-1*05,None,TRBJ2-6*01,1
124,CSAISGRSPGWANVLTF,TRBV20-1*03,None,TRBJ2-6*01,1
125,CSAISGRSLGCANVLTF,TRBV20-1*03,None,TRBJ2-6*01,1
126,CSAISGRFLRWADGSTF,TRBV20-1*06,None,TRBJ2-6*01,1
127,CIAVAGFSYEQYF,TRBV20-1*06,None,TRBJ2-7*01,1
128,CGVQKLVF,TRBV12-4*02,None,TRBJ2-3*01,1
129,CGTSIWGLHLRF,TRBV15*01,None,TRBJ1-2*01,1
130,CATSMGGYTF,TRBV15*02,None,TRBJ1-2*01,1
131,CATSNWGYTF,TRBV15*01,None,TRBJ1-2*01,1
132,CGAHKLVF,TRBV6-9*01,None,TRBJ2-3*01,1
133,CASSYHADTGELFF,TRBV6-6*01,None,TRBJ2-2*01,1
134,CASTFSVGPTYAQYF,TRBV14*02,None,TRBJ2-7*01,1
135,CASRQTQDPYAGELFF,TRBV6-6*05,None,TRBJ2-2*01,1
136,CASRLGTLDTQYF,TRBV28*01,None,TRBJ2-5*01,1
137,CASRLGTLETQYF,TRBV7-8*03,None,TRBJ2-5*01,1
138,CASRLGTLETRYF,TRBV28*01,None,TRBJ2-5*01,1
139,CASRLGTLKTQYF,TRBV28*01,None,TRBJ2-5*01,1
140,CASRLGTSGSPYEQYF,TRBV11-3*03,None,TRBJ2-7*01,1
141,CASRLSGELAADEQFF,TRBV4-3*03,None,TRBJ2-1*01,1
142,CASRPTQDADAGELFF,TRBV6-6*03,None,TRBJ2-2*01,1
143,CASRQKNDAYAGELFF,TRBV6-6*05,None,TRBJ2-2*01,1
144,CASRQTQDAYADEQFF,TRBV6-6*05,None,TRBJ2-1*01,1
145,CASRWDRFPVKSPPHF,TRBV7-8*03,None,TRBJ1-6*01,1
146,CASRGMEGQGVLYGYTF,TRBV28*01,TRBD1*01,TRBJ1-2*01,1
147,CASRWDRFPVNSPDHF,TRBV7-8*03,None,TRBJ1-6*02,1
148,CASRWDRFPVNSPIHF,TRBV7-2*02,None,TRBJ1-6*01,1
149,CASRWDRFPVNSPLHF,TRBV7-3*05,None,TRBJ1-6*01,1
150,CASRWDRFPVNSPLPF,TRBV7-8*03,None,TRBJ1-6*01,1
151,CASRWDRPPVNSPLHF,TRBV7-4*01,None,TRBJ1-6*01,1
152,CASRWDRVPVNSTLHF,TRBV7-8*03,None,TRBJ1-6*01,1
153,CASRWNRFPVKSPLHF,TRBV7-8*03,None,TRBJ1-6*01,1
154,CASRWVCIPVNSPLQF,TRBV11-2*02,None,TRBJ1-6*01,1
155,CASSCMEGQGALYGYTF,TRBV28*01,TRBD1*01,TRBJ1-2*01,1
156,CASRGMKGQGALYGNTF,TRBV28*01,TRBD1*01,TRBJ1-2*01,1
157,CASRGMEGHGALYGYTF,TRBV28*01,None,TRBJ1-2*01,1
158,CASSEVSVQTQHF,TRBV6-6*03,None,TRBJ1-5*01,1
159,CASGQGRFPVNSPLHF,TRBV7-4*01,None,TRBJ1-6*02,1
160,CACSRDPPAVYGYTF,TRBV4-3*03,None,TRBJ1-2*01,1
161,CAGSFSVGPTYEQYF,TRBV14*02,None,TRBJ2-7*01,1
162,CAGSYQAKTGVLFF,TRBV6-2*01,None,TRBJ2-2*01,1
163,CAISIWGYTF,TRBV15*01,None,TRBJ1-2*01,1
164,CAISQDPEAVYGYTF,TRBV4-3*04,None,TRBJ1-2*01,1
165,CANSIWGLNF,TRBV15*02,None,TRBJ1-2*01,1
166,CARSFSVGPTEEHYF,TRBV14*02,None,TRBJ2-7*01,1
167,CASAPGAAEREQYF,TRBV25-1*01,None,TRBJ2-7*01,1
168,CASCQDPEAVYGYTF,TRBV4-3*04,None,TRBJ1-2*01,1
169,CASHGMEGQGALYGYTF,TRBV28*01,TRBD1*01,TRBJ1-2*01,1
170,CASRGDRFPVNLPLHF,TRBV7-8*03,None,TRBJ1-6*01,1
171,CASIEVSGQPQHF,TRBV6-6*03,None,TRBJ1-5*01,1
172,CASIQAPEAVYGYTF,TRBV4-3*03,None,TRBJ1-2*01,1
173,CASIWERFPVNSTLHF,TRBV7-8*03,None,TRBJ1-6*02,1
174,CASMLGTLETQYF,TRBV28*01,None,TRBJ2-5*01,1
175,CASMTDVIAYNEQFF,TRBV6-6*04,None,TRBJ2-1*01,1
176,CASNLSGALAADEQFF,TRBV4-3*03,None,TRBJ2-1*01,1
177,CASNSGVAEREYYF,TRBV28*01,None,TRBJ2-7*01,1
178,CASRFSVGPTSEQYF,TRBV14*02,None,TRBJ2-7*01,1
179,CASRFSVGPTYEQYF,TRBV14*02,None,TRBJ2-7*01,1
180,CASSEVSGQPQHF,TRBV27*01,None,TRBJ1-5*01,1
181,CASSFATVSQPQHF,TRBV28*01,None,TRBJ1-5*01,1
182,CASSYSNYGYTF,TRBV6-6*03,None,TRBJ1-2*01,1
183,CASSSMGVQAAFDGYTF,TRBV28*01,None,TRBJ1-2*01,1
184,CASSLRASGSPYAQYF,TRBV7-9*01,None,TRBJ2-7*01,1
185,CASSLRESGGEQYF,TRBV11-3*02,None,TRBJ2-7*01,1
186,CASSLSGGLAAEEQFF,TRBV4-3*03,TRBD2*02,TRBJ2-1*01,1
187,CASSLWVSGSPYEQYF,TRBV7-9*04,None,TRBJ2-7*01,1
188,CASSMDRPGVETQYF,TRBV19*03,None,TRBJ2-7*01,1
189,CASSQDPADVYGYTF,TRBV4-3*01,None,TRBJ1-2*01,1
190,CASSQDPEAVDGYTF,TRBV4-3*01,None,TRBJ1-2*01,1
191,CASSQDPEVVCGYPF,TRBV4-3*01,None,TRBJ1-2*01,1
192,CASSQDSEAVYGYTF,TRBV4-3*01,None,TRBJ1-2*01,1
193,CAATDWQGSYNEQFF,TRBV20-1*06,None,TRBJ2-1*01,1
194,CASSLGASGSTYEQYF,TRBV11-3*03,None,TRBJ2-7*01,1
195,CASSYHAIITELFF,TRBV6-6*04,None,TRBJ2-2*01,1
196,CASSYHAITGELFF,TRBV6-6*02,None,TRBJ2-2*01,1
197,CASSYHANIREMFF,TRBV6-6*02,None,TRBJ2-2*01,1
198,CASSYHANTGELFF,TRBV6-6*04,None,TRBJ2-2*01,1
199,CASSYHANTGELFF,TRBV6-9*01,None,TRBJ2-2*01,1
200,CASSYHANTGELIF,TRBV6-2*01,None,TRBJ2-2*01,1
201,CASSYHANTGEQFF,TRBV6-3*01,None,TRBJ2-2*01,1
202,CASSYHANTGQLFF,TRBV6-3*01,None,TRBJ2-2*01,1
203,CASSYHSISAQLFF,TRBV6-6*03,None,TRBJ2-2*01,1
204,CASSLGASVSSYVQYF,TRBV11-3*03,None,TRBJ2-7*01,1
205,CASSLGASASPTQHSF,TRBV11-3*03,None,TRBJ2-7*01,1
206,CASSFGTGSYEQYF,TRBV7-4*01,None,TRBJ2-7*01,1
207,CASSGMEGHAALDGYTF,TRBV11-3*02,None,TRBJ1-2*01,1
208,CASSFSVGPTYEQCF,TRBV14*02,None,TRBJ2-7*01,1
209,CASSFSVGTTNEQYF,TRBV14*02,None,TRBJ2-7*01,1
210,CASSFVTLSQPQHF,TRBV28*01,None,TRBJ1-5*01,1
211,CASSFVTVSHPQHF,TRBV28*01,None,TRBJ1-5*01,1
212,CASSFVTVSQHQHF,TRBV28*01,None,TRBJ1-5*01,1
213,CASSFVTVSQPQHF,TRBV12-3*01,None,TRBJ1-5*01,1
214,CASSFVTVSQPQNF,TRBV28*01,None,TRBJ1-5*01,1
215,CASSFVTVSQPQYF,TRBV28*01,None,TRBJ1-5*01,1
216,CASSFVTVSQTQHF,TRBV28*01,None,TRBJ1-5*01,1
217,CASSGMEGQGAHYGYTF,TRBV28*01,TRBD1*01,TRBJ1-2*01,1
218,CASSKDPEAVYGYTF,TRBV4-3*04,None,TRBJ1-2*01,1
219,CASSGMEGQGALDGYIF,TRBV28*01,None,TRBJ1-2*01,1
220,CASSGMEGQGALGGYTF,TRBV28*01,None,TRBJ1-2*01,1
221,CASSGMEGQGALWGYTF,TRBV28*01,TRBD1*01,TRBJ1-2*01,1
222,CASSGMEGQGALYAYTF,TRBV28*01,TRBD1*01,TRBJ1-2*01,1
223,CASSGMEGQGALYGYTF,TRBV28*01,None,TRBJ1-2*01,1
224,CASSGMEGQGAPYGYTF,TRBV9*02,None,TRBJ1-2*01,1
225,CASSGMEGQGSLYGYTF,TRBV28*01,None,TRBJ1-2*01,1
226,CASSGMEGQGTLYGYTF,TRBV28*01,None,TRBJ1-2*01,1
227,CASSGMEVQRALYGYIF,TRBV28*01,None,TRBJ1-2*01,1
228,CVTSIWGYTF,TRBV15*02,None,TRBJ1-2*01,1
