,CDR3seq,V-region,D-region,J-region,Frequency
1,CATSIWGYTF,TRBV15*02,None,TRBJ1-2*01,580
2,CASSGMEGQGALYGYTF,TRBV28*01,TRBD1*01,TRBJ1-2*01,63
3,CASSFSVGPTYEQYF,TRBV14*02,None,TRBJ2-7*01,43
4,CASRWDRFPVNSPLHF,TRBV7-8*03,None,TRBJ1-6*01,40
5,CASRLGTLETQYF,TRBV28*01,None,TRBJ2-5*01,34
6,CSAVAGFSYEQYF,TRBV20-1*02,None,TRBJ2-7*01,30
7,CSAVAGFSYEQYF,TRBV20-1*03,None,TRBJ2-7*01,29
8,CATASGGYTF,TRBV15*02,None,TRBJ1-2*01,26
9,CASTPGAAEREQYF,TRBV25-1*01,None,TRBJ2-7*01,23
10,CSVEQGPRGTQYF,TRBV29-1*02,None,TRBJ2-3*01,22
11,CASNLRGTRGYGYTF,TRBV27*01,None,TRBJ1-2*01,22
12,CASSRDRGSNQPQHF,TRBV14*02,None,TRBJ1-5*01,20
13,CSAVAGFSYEQYF,TRBV20-1*06,None,TRBJ2-7*01,18
14,CAWSRWEADYNNEQFF,TRBV30*04,None,TRBJ2-1*01,14
15,CSVGQATGTEAFF,TRBV29-1*02,None,TRBJ1-1*01,13
16,CASSFPPRETQYF,TRBV19*03,None,TRBJ2-5*01,12
17,CASSPWTDNYGYTF,TRBV11-2*03,None,TRBJ1-2*01,12
18,CATSIWVYTF,TRBV15*02,None,TRBJ1-2*01,10
19,CASSRVSYNEQFF,TRBV28*01,None,TRBJ2-1*01,10
20,CASSPWTDNYGYTF,TRBV11-3*02,None,TRBJ1-2*01,8
21,CASSLRQGGNYEQYF,TRBV27*01,None,TRBJ2-7*01,6
22,CASSPGQGAGDTQYF,TRBV18*01,TRBD1*01,TRBJ2-3*01,6
23,CATSIWGLHLRF,TRBV15*02,None,TRBJ1-2*01,6
24,CSVHRGPNTEAFF,TRBV29-1*02,None,TRBJ1-1*01,6
25,CATSIWGYTF,TRBV15*01,None,TRBJ1-2*01,5
26,CASSWTGTGGEKLFF,TRBV27*01,TRBD1*01,TRBJ1-4*01,5
27,CATSMGGYTF,TRBV15*02,None,TRBJ1-2*01,5
28,CATSIWGHTF,TRBV15*02,None,TRBJ1-2*01,4
29,CASSLVTGTTDTQYF,TRBV11-3*03,None,TRBJ2-3*01,2
30,CASSPSYNEQFF,TRBV2*02,None,TRBJ2-1*01,2
31,CASSFSVGPTYERYF,TRBV14*02,None,TRBJ2-7*01,2
32,CATIIWGYTF,TRBV15*02,None,TRBJ1-2*01,2
33,CASSLVTGTTDTQYF,TRBV7-9*04,None,TRBJ2-3*01,2
34,CASSGMEGRGALYGYTF,TRBV28*01,None,TRBJ1-2*01,2
35,CASRWDRFPVNSPRHF,TRBV7-8*03,None,TRBJ1-6*01,2
36,CATSIWGYAF,TRBV15*02,None,TRBJ1-2*01,2
37,CATRSGGYTF,TRBV15*02,None,TRBJ1-2*01,2
38,CATSIWAYTF,TRBV15*02,None,TRBJ1-2*01,2
39,CASRCDRFPVNSPLHF,TRBV7-8*03,None,TRBJ1-6*01,2
40,CARRWDRFPVNSPLHF,TRBV7-8*03,None,TRBJ1-6*01,2
41,CASRWDRFPVNSHLHF,TRBV7-8*03,None,TRBJ1-6*01,2
42,CATGIWGYTF,TRBV15*02,None,TRBJ1-2*01,2
43,CATSIWGCTF,TRBV15*02,None,TRBJ1-2*01,2
44,CATSIWGLHF,TRBV15*02,None,TRBJ1-2*01,2
45,CATSIRGYTF,TRBV15*02,None,TRBJ1-2*01,2
46,CATSIGGYTF,TRBV15*02,None,TRBJ1-2*01,2
47,CASSPWTDNYVYTF,TRBV11-3*02,None,TRBJ1-2*01,2
48,CATTIWGYTF,TRBV15*02,None,TRBJ1-2*01,1
49,CATSILGYTF,TRBV15*02,None,TRBJ1-2*01,1
50,CAWGRWEAVYNNEQFF,TRBV30*05,None,TRBJ2-1*01,1
51,CATSTWVYTF,TRBV15*01,None,TRBJ1-2*01,1
52,CAWSRWEADYNNEQFF,TRBV30*02,None,TRBJ2-1*01,1
53,CATSTWGYTF,TRBV15*02,None,TRBJ1-2*01,1
54,CATSIGGLHLRF,TRBV15*02,None,TRBJ1-2*01,1
55,CATSSWGRHLRF,TRBV15*02,None,TRBJ1-2*01,1
56,CATTIWGQHLRF,TRBV15*02,None,TRBJ1-2*01,1
57,CAWSRWEADYNNEQLF,TRBV30*04,None,TRBJ2-1*01,1
58,CATSIWALHLRF,TRBV15*02,None,TRBJ1-2*01,1
59,CATSSWGLNLRF,TRBV15*02,None,TRBJ1-2*01,1
60,CATSNGGLHF,TRBV15*02,None,TRBJ1-2*01,1
61,CATSIWGIHLRF,TRBV15*02,None,TRBJ1-2*01,1
62,CATSIWGLNLRF,TRBV15*02,None,TRBJ1-2*01,1
63,CATSIWGLPF,TRBV15*02,None,TRBJ1-2*01,1
64,CATSIWGLTF,TRBV15*02,None,TRBJ1-2*01,1
65,CATSIWGPHLRF,TRBV15*02,None,TRBJ1-2*01,1
66,CATSIWGPTF,TRBV15*02,None,TRBJ1-2*01,1
67,CATSIWGYPF,TRBV15*02,None,TRBJ1-2*01,1
68,CATSIWGSTF,TRBV15*02,None,TRBJ1-2*01,1
69,CAASMGGYTF,TRBV15*02,None,TRBJ1-2*01,1
70,CAWSRWESDYNNEQFF,TRBV30*04,None,TRBJ2-1*01,1
71,CSAVAGYSIEQYF,TRBV20-1*02,None,TRBJ2-7*01,1
72,CSPVSDFSSLHHF,TRBV20-1*07,None,TRBJ2-7*01,1
73,CSSSPSYNEQFF,TRBV14*02,None,TRBJ2-1*01,1
74,CSSVAGFSYEQYF,TRBV20-1*02,None,TRBJ2-7*01,1
75,CSVEQGARGTQYF,TRBV29-1*02,None,TRBJ2-3*01,1
76,CSVEQGPRDTQYF,TRBV29-1*02,None,TRBJ2-3*01,1
77,CSVEQGPRSKQYF,TRBV29-1*02,None,TRBJ2-3*01,1
78,CSVEQGQRGTQYF,TRBV29-1*02,None,TRBJ2-3*01,1
79,CSVEQGSRGTQYF,TRBV29-1*02,None,TRBJ2-3*01,1
80,CSVGQATGTDPFF,TRBV29-1*02,None,TRBJ1-1*01,1
81,CSVGQATGTEAFF,TRBV29-1*01,None,TRBJ1-1*01,1
82,CSVGQATGTKAFF,TRBV29-1*02,None,TRBJ1-1*01,1
83,CSVGQATRTEAFF,TRBV29-1*02,None,TRBJ1-1*01,1
84,CSVHRGPNNEAFF,TRBV29-1*02,None,TRBJ1-1*01,1
85,CSVHSGPNTEAFF,TRBV29-1*02,None,TRBJ1-1*01,1
86,CSVRQATSTEAFF,TRBV29-1*02,None,TRBJ1-1*01,1
87,CTAVAGFSYEQYF,TRBV20-1*02,None,TRBJ2-7*01,1
88,CTAVSGFSYAQYF,TRBV20-1*03,None,TRBJ2-7*01,1
89,CTTSIWGYTF,TRBV15*02,None,TRBJ1-2*01,1
90,CTVEQGPRGTFYF,TRBV29-1*01,None,TRBJ2-3*01,1
91,CVPPASGGYNF,TRBV15*01,None,TRBJ1-2*01,1
92,CVSRWDRFPVNSPLHF,TRBV7-8*03,None,TRBJ1-6*01,1
93,CSGGQATGTEAFF,TRBV29-1*03,None,TRBJ1-1*01,1
94,CSAVAGVSYEQYF,TRBV20-1*03,None,TRBJ2-7*01,1
95,CCVEQGPRGTQYF,TRBV29-1*02,None,TRBJ2-3*01,1
96,CSAVAGLSYEQYF,TRBV20-1*02,None,TRBJ2-7*01,1
97,CDSSQWTENYGYTF,TRBV7-8*03,None,TRBJ1-2*01,1
98,CDTSIWGYTF,TRBV15*02,None,TRBJ1-2*01,1
99,CGAVGGFSYAQYF,TRBV20-1*06,None,TRBJ2-7*01,1
100,CIQRRNGASTRTLIF,TRBV12-4*01,None,TRBJ1-1*01,1
101,CPISQDPAAVYGYTF,TRBV4-3*01,None,TRBJ1-2*01,1
102,CPSSFSVGTTYVQSF,TRBV14*02,None,TRBJ2-7*01,1
103,CPSSKGGPVRYELFF,TRBV4-1*02,None,TRBJ2-1*01,1
104,CPTSIWGYTF,TRBV15*02,None,TRBJ1-2*01,1
105,CPVAQGPRGTLYF,TRBV29-1*03,None,TRBJ2-3*01,1
106,CRASDLQGYYNEQFF,TRBV20-1*05,None,TRBJ2-1*01,1
107,CRAVAGFSYEQYF,TRBV20-1*02,None,TRBJ2-7*01,1
108,CRAVAGFSYEQYF,TRBV20-1*03,None,TRBJ2-7*01,1
109,CSAAAGFSYEQYF,TRBV20-1*02,None,TRBJ2-7*01,1
110,CSAGSRTNSLNYYQYF,TRBV20-1*06,None,TRBJ2-7*01,1
111,CSALPRFSYEQYF,TRBV20-1*06,None,TRBJ2-7*01,1
112,CSASDWQCSYKHYPF,TRBV20-1*05,None,TRBJ2-1*01,1
113,CSAVAGFSYEQHF,TRBV20-1*02,None,TRBJ2-7*01,1
114,CSAVAGFSYEQYF,TRBV20-1*04,None,TRBJ2-7*01,1
115,CSAVAGFSYEQYF,TRBV20-1*05,None,TRBJ2-7*01,1
116,CSAVAGFSYVQYF,TRBV20-1*02,None,TRBJ2-7*01,1
117,CSAVAGFYYEQYF,TRBV20-1*06,None,TRBJ2-7*01,1
118,CPSRWARFPVDSPLHF,TRBV7-8*03,None,TRBJ1-6*01,1
119,CASSWTGTGGEKLFF,TRBV6-3*01,TRBD1*01,TRBJ1-4*01,1
120,CATIIWGLNLRF,TRBV15*02,None,TRBJ1-2*01,1
121,CASRLGTLETRYF,TRBV28*01,None,TRBJ2-5*01,1
122,CASRPGTLEAQYF,TRBV28*01,None,TRBJ2-5*01,1
123,CASRWDRFLVNSPLHF,TRBV7-8*03,None,TRBJ1-6*01,1
124,CASRWDRFPVHSPLHF,TRBV7-8*02,None,TRBJ1-6*01,1
125,CASRWDRFPVNAPLHF,TRBV7-8*03,None,TRBJ1-6*01,1
126,CASRWDRFPVNSPLHF,TRBV7-4*01,None,TRBJ1-6*01,1
127,CASRWDRFPVNSPLHF,TRBV7-8*02,None,TRBJ1-6*01,1
128,CASRWDRFPVNSPLRF,TRBV7-8*03,None,TRBJ1-6*01,1
129,CASRWDRFPVYSPHHF,TRBV7-8*03,None,TRBJ1-6*01,1
130,CASRWDRFRVKSPHHF,TRBV7-8*03,None,TRBJ1-6*01,1
131,CASRWDRFTVNSPLHF,TRBV7-8*03,None,TRBJ1-6*01,1
132,CASRWDRVSVKSPHHF,TRBV7-8*03,None,TRBJ1-6*01,1
133,CASRWHRIPVNSPLHF,TRBV7-8*03,None,TRBJ1-6*01,1
134,CASRWNLFPVNSPLNF,TRBV11-2*02,None,TRBJ1-6*01,1
135,CASSCTEGLGALYSYTF,TRBV5-6*01,None,TRBJ1-2*01,1
136,CASSFNVGPTSEQYF,TRBV9*01,None,TRBJ2-7*01,1
137,CASSFPPRETQYF,TRBV19*03,None,TRBJ2-3*01,1
138,CASSFPPRKTQYF,TRBV19*03,None,TRBJ2-5*01,1
139,CASSFSAGPTYEQYF,TRBV14*02,None,TRBJ2-7*01,1
140,CASSFSLGPTYEQYF,TRBV7-9*03,None,TRBJ2-7*01,1
141,CASRLGTLGTQYF,TRBV28*01,None,TRBJ2-5*01,1
142,CASRLGTLEAQYF,TRBV28*01,None,TRBJ2-5*01,1
143,CASSFSVEPTYEQYF,TRBV14*02,None,TRBJ2-7*01,1
144,CASRLGSPETQYF,TRBV28*01,None,TRBJ2-5*01,1
145,CACNLRRTRGYGYTF,TRBV27*01,None,TRBJ1-2*01,1
146,CACSFSVGPTYEQYF,TRBV14*02,None,TRBJ2-7*01,1
147,CACVFSVGPLYDQYF,TRBV14*02,None,TRBJ2-7*01,1
148,CANSIWGYNF,TRBV15*02,None,TRBJ1-2*01,1
149,CARRGMGGQGAFYGYTF,TRBV28*01,TRBD1*01,TRBJ1-2*01,1
150,CARRRDSGSKQPQHF,TRBV14*02,None,TRBJ1-5*01,1
151,CARRWDRFPANSPHHF,TRBV7-8*03,None,TRBJ1-6*01,1
152,CARTGMEGQGALYGYTF,TRBV28*01,None,TRBJ1-2*01,1
153,CASGLGTLETQYF,TRBV28*01,None,TRBJ2-5*01,1
154,CASKLRGTRGYGYIF,TRBV27*01,None,TRBJ1-2*01,1
155,CASMFSVGLTYEQYF,TRBV14*02,None,TRBJ2-7*01,1
156,CASNIRGTRGYRYTF,TRBV27*01,None,TRBJ1-2*01,1
157,CASNLRGTRGYGYTF,TRBV27*01,None,TRBJ2-7*01,1
158,CASNLRGTRGYVYTF,TRBV27*01,None,TRBJ1-2*01,1
159,CASNLRGTRRYGYTF,TRBV27*01,None,TRBJ1-2*01,1
160,CASNLRGTSGYGYTF,TRBV27*01,None,TRBJ1-2*01,1
161,CASNLRVTRGYGYTF,TRBV27*01,None,TRBJ1-2*01,1
162,CASNPRGTRGYGYTF,TRBV27*01,None,TRBJ1-2*01,1
163,CASRGMEVQAALCGYTF,TRBV28*01,None,TRBJ1-2*01,1
164,CASSFSVAPTYEQYF,TRBV14*02,None,TRBJ2-7*01,1
165,CASSFSVGPTYAQYF,TRBV14*02,None,TRBJ2-7*01,1
166,CATIIRGLHLRF,TRBV15*02,None,TRBJ1-2*01,1
167,CASSPRTDNYGYTF,TRBV11-3*02,None,TRBJ1-2*01,1
168,CASSPWTDNCCYTF,TRBV7-3*04,None,TRBJ1-2*01,1
169,CASSPWTDNDGYTF,TRBV11-3*02,None,TRBJ1-2*01,1
170,CASSPWTDNYGYNF,TRBV11-2*03,None,TRBJ1-2*01,1
171,CASSPWTDNYGYTF,TRBV11-3*02,None,TRBJ1-1*01,1
172,CASSPWTYNYGYTF,TRBV11-2*03,None,TRBJ1-2*01,1
173,CASSRDRGSNQAQHF,TRBV14*02,None,TRBJ1-5*01,1
174,CASSRVSYNEQFF,TRBV7-9*04,None,TRBJ2-1*01,1
175,CASSSDRGSNQPQHF,TRBV14*02,None,TRBJ1-5*01,1
176,CASSVSVGQTYEQNF,TRBV14*02,None,TRBJ2-7*01,1
177,CASSWDRLPVNCRYNF,TRBV7-8*03,None,TRBJ1-6*01,1
178,CASSWTATGGEKLFF,TRBV27*01,None,TRBJ1-4*01,1
179,CACNLRATRGYGYPF,TRBV27*01,None,TRBJ1-2*01,1
180,CASSWTGTGGENLFF,TRBV27*01,TRBD1*01,TRBJ1-4*01,1
181,CASSYGAATTEDFF,TRBV28*01,None,TRBJ1-1*01,1
182,CASTPGAAKREQYF,TRBV25-1*01,None,TRBJ2-7*01,1
183,CASTPGPAEREQYF,TRBV25-1*01,None,TRBJ2-7*01,1
184,CATAISGIQLWF,TRBV15*02,None,TRBJ1-2*01,1
185,CATASVGYTF,TRBV15*02,None,TRBJ1-2*01,1
186,CATGQGTSYEQYF,TRBV2*02,None,TRBJ2-7*01,1
187,CASSPSYKEQFF,TRBV2*03,None,TRBJ2-1*01,1
188,CASSPLTDNYGYTF,TRBV11-3*02,None,TRBJ1-2*01,1
189,CASSFVTVSQPQHF,TRBV28*01,None,TRBJ1-5*01,1
190,CASSLWTDNYGYTF,TRBV11-2*03,None,TRBJ1-2*01,1
191,CASSGMAGQGALYGYTF,TRBV28*01,None,TRBJ1-2*01,1
192,CASSGMAGQGALYGYTF,TRBV28*01,TRBD1*01,TRBJ1-2*01,1
193,CASSGMEGQAALGGYTF,TRBV28*01,None,TRBJ1-2*01,1
194,CASSGMEGQGAFYGYTF,TRBV28*01,TRBD1*01,TRBJ1-2*01,1
195,CASSGMEGQGALHGYTF,TRBV28*01,TRBD1*01,TRBJ1-2*01,1
196,CASSGMEGQGALYGCTF,TRBV28*01,TRBD1*01,TRBJ1-2*01,1
197,CASSGMEGQGALYGDTF,TRBV28*01,TRBD1*01,TRBJ1-2*01,1
198,CASSGMEGQGALYGYPF,TRBV28*01,TRBD1*01,TRBJ1-2*01,1
199,CASSGMEGQGALYGYTF,TRBV28*01,None,TRBJ1-2*01,1
200,CASSGMEGQGAPYGYTF,TRBV28*01,TRBD1*01,TRBJ1-2*01,1
201,CASSGMEGQGELYGYTF,TRBV28*01,TRBD1*01,TRBJ1-2*01,1
202,CASSGMGGQGALYGYTF,TRBV28*01,TRBD1*01,TRBJ1-2*01,1
203,CASSIGGYTF,TRBV15*02,None,TRBJ1-2*01,1
204,CASSIVTGTTDTQYF,TRBV5-8*02,None,TRBJ2-7*01,1
205,CASSIWGYTF,TRBV15*02,None,TRBJ1-2*01,1
206,CASSLALTSVTNHHYF,TRBV5-1*01,None,TRBJ2-5*01,1
207,CASSLATGTTDTQYF,TRBV7-9*03,None,TRBJ2-3*01,1
208,CASSLDTVRQPLHF,TRBV7-3*05,None,TRBJ1-5*01,1
209,CASSLWTDNYGYSF,TRBV11-3*02,None,TRBJ1-2*01,1
210,CVTPASGGYTF,TRBV15*02,None,TRBJ1-2*01,1
