,CDR3seq,V-region,D-region,J-region,Frequency
1,CASTPGAAEREQYF,TRBV25-1*01,None,TRBJ2-7*01,195500
2,CTSTPGAAEREQYF,TRBV25-1*01,None,TRBJ2-7*01,668
3,CVSTPGAAEREQYF,TRBV25-1*01,None,TRBJ2-7*01,381
4,CASTPGAAERGQYF,TRBV25-1*01,None,TRBJ2-7*01,364
5,CASTPGAAGREQYF,TRBV25-1*01,None,TRBJ2-7*01,340
6,CASAPGAAEREQYF,TRBV25-1*01,None,TRBJ2-7*01,327
7,CASTPGAAEREQHF,TRBV25-1*01,None,TRBJ2-7*01,322
8,CAGTPGAAEREQYF,TRBV25-1*01,None,TRBJ2-7*01,311
9,CASTPRAAEREQYF,TRBV25-1*01,None,TRBJ2-7*01,262
10,CARTPGAAEREQYF,TRBV25-1*01,None,TRBJ2-7*01,245
11,CASTPGATEREQYF,TRBV25-1*01,None,TRBJ2-7*01,230
12,CASTPWAAEREQYF,TRBV25-1*01,None,TRBJ2-7*01,219
13,CASTPGAAERERYF,TRBV25-1*01,None,TRBJ2-7*01,206
14,CASTPGAAEHEQYF,TRBV25-1*01,None,TRBJ2-7*01,203
15,CASTPGAAEREQCF,TRBV25-1*01,None,TRBJ2-7*01,176
16,CASTPGAAECEQYF,TRBV25-1*01,None,TRBJ2-7*01,171
17,CASTPEAAEREQYF,TRBV25-1*01,None,TRBJ2-7*01,164
18,CASTPGAVEREQYF,TRBV25-1*01,None,TRBJ2-7*01,159
19,CASTSGAAEREQYF,TRBV25-1*01,None,TRBJ2-7*01,153
20,CASTPGAAEREKYF,TRBV25-1*01,None,TRBJ2-7*01,152
21,CASTPGTAEREQYF,TRBV25-1*01,None,TRBJ2-7*01,149
22,CASTPGAAKREQYF,TRBV25-1*01,None,TRBJ2-7*01,145
23,CASTLGAAEREQYF,TRBV25-1*01,None,TRBJ2-7*01,145
24,CASTPGAAESEQYF,TRBV25-1*01,None,TRBJ2-7*01,141
25,CANTPGAAEREQYF,TRBV25-1*01,None,TRBJ2-7*01,138
26,CAITPGAAEREQYF,TRBV25-1*01,None,TRBJ2-7*01,137
27,CASTPGAAERAQYF,TRBV25-1*01,None,TRBJ2-7*01,128
28,CASTPGAAERDQYF,TRBV25-1*01,None,TRBJ2-7*01,127
29,CASIPGAAEREQYF,TRBV25-1*01,None,TRBJ2-7*01,123
30,CASTPGAAERKQYF,TRBV25-1*01,None,TRBJ2-7*01,117
31,CASTPGAAAREQYF,TRBV25-1*01,None,TRBJ2-7*01,113
32,CASTTGAAEREQYF,TRBV25-1*01,None,TRBJ2-7*01,112
33,CACTPGAAEREQYF,TRBV25-1*01,None,TRBJ2-7*01,110
34,CASTPGAAEREHYF,TRBV25-1*01,None,TRBJ2-7*01,109
35,CASTPGAAERELYF,TRBV25-1*01,None,TRBJ2-7*01,109
36,CASTPGVAEREQYF,TRBV25-1*01,None,TRBJ2-7*01,109
37,CSSTPGAAEREQYF,TRBV25-1*01,None,TRBJ2-7*01,107
38,CASTPGAAERVQYF,TRBV25-1*01,None,TRBJ2-7*01,106
39,CATTPGAAEREQYF,TRBV25-1*01,None,TRBJ2-7*01,105
40,CASSPGAAEREQYF,TRBV25-1*01,None,TRBJ2-7*01,100
41,CASTPGASEREQYF,TRBV25-1*01,None,TRBJ2-7*01,96
42,CASTPAAAEREQYF,TRBV25-1*01,None,TRBJ2-7*01,89
43,CASNPGAAEREQYF,TRBV25-1*01,None,TRBJ2-7*01,84
44,CASPPGAAEREQYF,TRBV25-1*01,None,TRBJ2-7*01,79
45,CASTPGPAEREQYF,TRBV25-1*01,None,TRBJ2-7*01,78
46,CASTPVAAEREQYF,TRBV25-1*01,None,TRBJ2-7*01,77
47,CPSTPGAAEREQYF,TRBV25-1*01,None,TRBJ2-7*01,75
48,CASTPGAAEREEYF,TRBV25-1*01,None,TRBJ2-7*01,74
49,CASTHGAAEREQYF,TRBV25-1*01,None,TRBJ2-7*01,67
50,CASTPGAAEREQYF,TRBV7-9*05,None,TRBJ2-7*01,67
51,CASTPGAADREQYF,TRBV25-1*01,None,TRBJ2-7*01,67
52,CASTPGAAELEQYF,TRBV25-1*01,None,TRBJ2-7*01,67
53,CASTPGAAERQQYF,TRBV25-1*01,None,TRBJ2-7*01,62
54,CASTPGAAEGEQYF,TRBV25-1*01,None,TRBJ2-7*01,62
55,CDSTPGAAEREQYF,TRBV25-1*01,None,TRBJ2-7*01,60
56,CASTPGAAEREQYF,TRBV28*01,None,TRBJ2-7*01,59
57,CASRWDRFPVNSPLHF,TRBV7-8*03,None,TRBJ1-6*01,58
58,CASTPGAEEREQYF,TRBV25-1*01,None,TRBJ2-7*01,55
59,CASTPGSAEREQYF,TRBV25-1*01,None,TRBJ2-7*01,55
60,CASTPGAAEREQYF,TRBV4-2*02,None,TRBJ2-7*01,53
61,CASTPGAAEPEQYF,TRBV25-1*01,None,TRBJ2-7*01,52
62,CASTPGAPEREQYF,TRBV25-1*01,None,TRBJ2-7*01,50
63,CASTPGDAEREQYF,TRBV25-1*01,None,TRBJ2-7*01,49
64,CGSTPGAAEREQYF,TRBV25-1*01,None,TRBJ2-7*01,49
65,CASTPGAAEREPYF,TRBV25-1*01,None,TRBJ2-7*01,48
66,CASTPGAAVREQYF,TRBV25-1*01,None,TRBJ2-7*01,46
67,CASTPGAGEREQYF,TRBV25-1*01,None,TRBJ2-7*01,45
68,CASTPGAAEREQYF,TRBV27*01,None,TRBJ2-7*01,40
69,CASTPGAAEREQFF,TRBV25-1*01,None,TRBJ2-7*01,39
70,CASTAGAAEREQYF,TRBV25-1*01,None,TRBJ2-7*01,37
71,CASTPGAAEREQNF,TRBV25-1*01,None,TRBJ2-7*01,35
72,CASTPGGAEREQYF,TRBV25-1*01,None,TRBJ2-7*01,34
73,CASTPGAAQREQYF,TRBV25-1*01,None,TRBJ2-7*01,34
74,CASRLGTLETQYF,TRBV28*01,None,TRBJ2-5*01,28
75,CASTPGAAEREQDF,TRBV25-1*01,None,TRBJ2-7*01,27
76,CASTPGAAEREQSF,TRBV25-1*01,None,TRBJ2-7*01,26
77,CASTRGAAEREQYF,TRBV25-1*01,None,TRBJ2-7*01,24
78,CASPSETQYF,TRBV28*01,None,TRBJ2-5*01,19
79,CASSLIDEQFF,TRBV28*01,None,TRBJ2-1*01,15
80,CASSLSGRVEKLFF,TRBV12-4*02,None,TRBJ1-4*01,14
81,CASTPGAAEREQYF,TRBV6-6*04,None,TRBJ2-7*01,13
82,CSAVAGFSYEQYF,TRBV20-1*02,None,TRBJ2-7*01,13
83,CASSYKGGSYNEQFF,TRBV7-3*05,None,TRBJ2-1*01,13
84,CASSRQGTNEQYF,TRBV6-6*04,None,TRBJ2-7*01,12
85,CARTPGAAEREEYF,TRBV25-1*01,None,TRBJ2-7*01,12
86,CASSFSVGPTYEQYF,TRBV14*02,None,TRBJ2-7*01,11
87,CSAVAGFSYEQYF,TRBV20-1*03,None,TRBJ2-7*01,11
88,CASSFPPRETQYF,TRBV19*03,None,TRBJ2-5*01,8
89,CASTPGAAEREQYF,TRBV6-6*03,None,TRBJ2-7*01,8
90,CASTPGAAEREQYF,TRBV6-6*05,None,TRBJ2-7*01,8
91,CASTPWAAEREKYF,TRBV25-1*01,None,TRBJ2-7*01,8
92,CARTPGAAERELYF,TRBV25-1*01,None,TRBJ2-7*01,8
93,CSAVAGFSYEQYF,TRBV20-1*06,None,TRBJ2-7*01,7
94,CASSLRVSYEQYF,TRBV7-8*03,None,TRBJ2-7*01,6
95,CASMTDLFSYNEQFF,TRBV6-6*05,None,TRBJ2-1*01,6
96,CASRPTGHVYGYTF,TRBV27*01,None,TRBJ1-2*01,6
97,CASTPVSAEREQYF,TRBV25-1*01,None,TRBJ2-7*01,6
98,CASTSNLYQETQYF,TRBV6-6*05,None,TRBJ2-5*01,6
99,CATPGAAEREQYF,TRBV25-1*01,None,TRBJ2-7*01,5
100,CASTPGAAERTQYF,TRBV25-1*01,None,TRBJ2-7*01,5
101,CSSTPGAAAREQYF,TRBV25-1*01,None,TRBJ2-7*01,5
102,CASTPGAAEREQYF,TRBV7-1*01,None,TRBJ2-7*01,4
103,CASTPGAAERHQYF,TRBV25-1*01,None,TRBJ2-7*01,4
104,CASTPAPAEREQYF,TRBV25-1*01,None,TRBJ2-7*01,4
105,CASTPGAAERAKYF,TRBV25-1*01,None,TRBJ2-7*01,4
106,CASTPGPAESEQYF,TRBV25-1*01,None,TRBJ2-7*01,4
107,CASTPGAAEREQYF,TRBV7-3*05,None,TRBJ2-7*01,4
108,CASMTDLFSYNEQFF,TRBV6-6*03,None,TRBJ2-1*01,4
109,CASSSWTGTGLGYTF,TRBV7-9*04,None,TRBJ1-2*01,4
110,CASTPGSAKREQYF,TRBV25-1*01,None,TRBJ2-7*01,4
111,CASTPGAAEREQYF,TRBV11-2*02,None,TRBJ2-7*01,4
112,CASTPGDAESEQYF,TRBV25-1*01,None,TRBJ2-7*01,4
113,CASTPGAAEREQYF,TRBV2*03,None,TRBJ2-7*01,4
114,CASTPGAAEREQYF,TRBV2*02,None,TRBJ2-7*01,4
115,CTSTPGAAGREQYF,TRBV25-1*01,None,TRBJ2-7*01,4
116,CASTPGAAEREQYF,TRBV12-4*02,None,TRBJ2-7*01,4
117,CASTPGEAEREQYF,TRBV25-1*01,None,TRBJ2-7*01,4
118,CTSAPGAAEREQYF,TRBV25-1*01,None,TRBJ2-7*01,3
119,CASTPGAAEPQQYF,TRBV25-1*01,None,TRBJ2-7*01,3
120,CARTPVAAEREQYF,TRBV25-1*01,None,TRBJ2-7*01,3
121,CARTPGAAAREQYF,TRBV25-1*01,None,TRBJ2-7*01,3
122,CTRTPGAAEREQYF,TRBV25-1*01,None,TRBJ2-7*01,3
123,CARTPGAAEREHYF,TRBV25-1*01,None,TRBJ2-7*01,3
124,CASTPGAAERVLYF,TRBV25-1*01,None,TRBJ2-7*01,3
125,CASTPRAAESEQYF,TRBV25-1*01,None,TRBJ2-7*01,3
126,CAITPGAAEPEQYF,TRBV25-1*01,None,TRBJ2-7*01,3
127,CAITPAAAEREQYF,TRBV25-1*01,None,TRBJ2-7*01,3
128,CASTPGAAERLQYF,TRBV25-1*01,None,TRBJ2-7*01,3
129,CPSTPGAAERDQYF,TRBV25-1*01,None,TRBJ2-7*01,3
130,CASTPGAAERDKYF,TRBV25-1*01,None,TRBJ2-7*01,3
131,CASTPGAAAGEQYF,TRBV25-1*01,None,TRBJ2-7*01,3
132,CASTPGAAERDLYF,TRBV25-1*01,None,TRBJ2-7*01,3
133,CASPPWAAEREQYF,TRBV25-1*01,None,TRBJ2-7*01,3
134,CASTPGAAEREAYF,TRBV25-1*01,None,TRBJ2-7*01,3
135,CPSTPGPAEREQYF,TRBV25-1*01,None,TRBJ2-7*01,3
136,CAGTPGAAGREQYF,TRBV25-1*01,None,TRBJ2-7*01,3
137,CASTHEAAEREQYF,TRBV25-1*01,None,TRBJ2-7*01,3
138,CARTPGASEREQYF,TRBV25-1*01,None,TRBJ2-7*01,3
139,CASPPGAAESEQYF,TRBV25-1*01,None,TRBJ2-7*01,3
140,CASTPGTVEREQYF,TRBV25-1*01,None,TRBJ2-7*01,3
141,CASTRGAAKREQYF,TRBV25-1*01,None,TRBJ2-7*01,3
142,CASTPGAAARVQYF,TRBV25-1*01,None,TRBJ2-7*01,3
143,CASTPGAAELAQYF,TRBV25-1*01,None,TRBJ2-7*01,3
144,CASSSWTGTGLGYTF,TRBV11-3*03,None,TRBJ1-2*01,3
145,CASTPGAAGRQQYF,TRBV25-1*01,None,TRBJ2-7*01,3
146,CACTPGAAAREQYF,TRBV25-1*01,None,TRBJ2-7*01,3
147,CSSTPGAAELEQYF,TRBV25-1*01,None,TRBJ2-7*01,3
148,CSITPGAAEREQYF,TRBV25-1*01,None,TRBJ2-7*01,3
149,CASSPGAAERGQYF,TRBV25-1*01,None,TRBJ2-7*01,3
150,CASTPGAADSEQYF,TRBV25-1*01,None,TRBJ2-7*01,3
151,CASTPGAAKSEQYF,TRBV25-1*01,None,TRBJ2-7*01,3
152,CASTPGAAEREQYF,TRBV11-3*03,None,TRBJ2-7*01,3
153,CASTPGAAEREQYF,TRBV12-3*01,None,TRBJ2-7*01,3
154,CASSRQGTNEQYF,TRBV6-6*03,None,TRBJ2-7*01,3
155,CSVETRRGSSGYTF,TRBV29-1*02,None,TRBJ1-2*01,3
156,CASTPAAAERVQYF,TRBV25-1*01,None,TRBJ2-7*01,2
157,CASTPWAAERAQYF,TRBV25-1*01,None,TRBJ2-7*01,2
158,CASTPAAAEREQYF,TRBV4-2*02,None,TRBJ2-7*01,2
159,CDSTPGAAELEQYF,TRBV25-1*01,None,TRBJ2-7*01,2
160,CASTPWAAEGEQYF,TRBV25-1*01,None,TRBJ2-7*01,2
161,CASTPGAAEREQYF,TRBV11-3*02,None,TRBJ2-7*01,2
162,CASTPVTAEREQYF,TRBV25-1*01,None,TRBJ2-7*01,2
163,CASTPVAAEREKYF,TRBV25-1*01,None,TRBJ2-7*01,2
164,CGSTPGAAERGQYF,TRBV25-1*01,None,TRBJ2-7*01,2
165,CASTPVAAERAQYF,TRBV25-1*01,None,TRBJ2-7*01,2
166,CASTHGDAEREQYF,TRBV25-1*01,None,TRBJ2-7*01,2
167,CDSTPGAAERDQYF,TRBV25-1*01,None,TRBJ2-7*01,2
168,CASTPCAAEREQYF,TRBV25-1*01,None,TRBJ2-7*01,2
169,CASTPWATEREQYF,TRBV25-1*01,None,TRBJ2-7*01,2
170,CFSTPGAAEREQYF,TRBV25-1*01,None,TRBJ2-7*01,2
171,CASTPWAAERKQYF,TRBV25-1*01,None,TRBJ2-7*01,2
172,CASTPVAAESEQYF,TRBV25-1*01,None,TRBJ2-7*01,2
173,CASTPVAAERKQYF,TRBV25-1*01,None,TRBJ2-7*01,2
174,CASTPWAAEREQSF,TRBV25-1*01,None,TRBJ2-7*01,2
175,CASNPGAAAREQYF,TRBV25-1*01,None,TRBJ2-7*01,2
176,CASTPAAAAREHYF,TRBV25-1*01,None,TRBJ2-7*01,2
177,CASTPEAAERAQYF,TRBV25-1*01,None,TRBJ2-7*01,2
178,CASTPGTAAREQYF,TRBV25-1*01,None,TRBJ2-7*01,2
179,CASTPGAAEREHSF,TRBV25-1*01,None,TRBJ2-7*01,2
180,CGCTPGAAEREQYF,TRBV25-1*01,None,TRBJ2-7*01,2
181,CASTPWAAKREQYF,TRBV25-1*01,None,TRBJ2-7*01,2
182,CASTPAAAEGEQYF,TRBV25-1*01,None,TRBJ2-7*01,2
183,CASTPGSEEREQYF,TRBV25-1*01,None,TRBJ2-7*01,2
184,CASTPAAAEREKYF,TRBV25-1*01,None,TRBJ2-7*01,2
185,CASTLGAAEGEQYF,TRBV25-1*01,None,TRBJ2-7*01,2
186,CASTLEAAEREQYF,TRBV25-1*01,None,TRBJ2-7*01,2
187,CASTPVAAERVQYF,TRBV25-1*01,None,TRBJ2-7*01,2
188,CATTPWAAEREQYF,TRBV25-1*01,None,TRBJ2-7*01,2
189,CASPPGAAEREQDF,TRBV25-1*01,None,TRBJ2-7*01,2
190,CASTPRAAEREKYF,TRBV25-1*01,None,TRBJ2-7*01,2
191,CATTPGAAERDQYF,TRBV25-1*01,None,TRBJ2-7*01,2
192,CASTPGAAELGQYF,TRBV25-1*01,None,TRBJ2-7*01,2
193,CASTPGAAELEHYF,TRBV25-1*01,None,TRBJ2-7*01,2
194,CASTPGAAEIEQYF,TRBV25-1*01,None,TRBJ2-7*01,2
195,CASSSGAAEREQYF,TRBV25-1*01,None,TRBJ2-7*01,2
196,CASTPGAAASEQYF,TRBV25-1*01,None,TRBJ2-7*01,2
197,CASTPGAADRAQYF,TRBV25-1*01,None,TRBJ2-7*01,2
198,CASTPRAAERDQYF,TRBV25-1*01,None,TRBJ2-7*01,2
199,CASSLVIGGATGDIQYF,TRBV7-9*04,None,TRBJ2-4*01,2
200,CASTPRAAEREQNF,TRBV25-1*01,None,TRBJ2-7*01,2
201,CASTPGAAEPEHYF,TRBV25-1*01,None,TRBJ2-7*01,2
202,CASSPEAAEREQYF,TRBV25-1*01,None,TRBJ2-7*01,2
203,CASTPRAGEREQYF,TRBV25-1*01,None,TRBJ2-7*01,2
204,CASSPGAAELEQYF,TRBV25-1*01,None,TRBJ2-7*01,2
205,CASTPRAAEREQYF,TRBV27*01,None,TRBJ2-7*01,2
206,CASTPRAEEREQYF,TRBV25-1*01,None,TRBJ2-7*01,2
207,CASTPRAAERGQYF,TRBV25-1*01,None,TRBJ2-7*01,2
208,CASTPRAAERQQYF,TRBV25-1*01,None,TRBJ2-7*01,2
209,CASTTGAAVREQYF,TRBV25-1*01,None,TRBJ2-7*01,2
210,CASTTGAAERAQYF,TRBV25-1*01,None,TRBJ2-7*01,2
211,CASTPGAAEPDQYF,TRBV25-1*01,None,TRBJ2-7*01,2
212,CASTSNLYQETQYF,TRBV6-6*03,None,TRBJ2-5*01,2
213,CASTPVAAAREQYF,TRBV25-1*01,None,TRBJ2-7*01,2
214,CASTAGAAERAQYF,TRBV25-1*01,None,TRBJ2-7*01,2
215,CASTPSAAEREQYF,TRBV25-1*01,None,TRBJ2-7*01,2
216,CASPPGAAKREQYF,TRBV25-1*01,None,TRBJ2-7*01,2
217,CASTPGTAKREQYF,TRBV25-1*01,None,TRBJ2-7*01,2
218,CASTFGAAEREQYF,TRBV25-1*01,None,TRBJ2-7*01,2
219,CASTSGAAERDQYF,TRBV25-1*01,None,TRBJ2-7*01,2
220,CASTPRDAEREQYF,TRBV25-1*01,None,TRBJ2-7*01,2
221,CASTTGAAEREKYF,TRBV25-1*01,None,TRBJ2-7*01,2
222,CASRPGAAEREQYF,TRBV25-1*01,None,TRBJ2-7*01,2
223,CASTPGAAARAQYF,TRBV25-1*01,None,TRBJ2-7*01,2
224,CASTPGAAARELYF,TRBV25-1*01,None,TRBJ2-7*01,2
225,CASTSGTAEREQYF,TRBV25-1*01,None,TRBJ2-7*01,2
226,CASTPGVAEREQYF,TRBV7-9*05,None,TRBJ2-7*01,2
227,CATTPGAAESEQYF,TRBV25-1*01,None,TRBJ2-7*01,2
228,CASTPGAAAREPYF,TRBV25-1*01,None,TRBJ2-7*01,2
229,CATTPGAAERGQYF,TRBV25-1*01,None,TRBJ2-7*01,2
230,CASRWDRLPVNSPLHF,TRBV7-8*03,None,TRBJ1-6*01,2
231,CASTPGAAARKQYF,TRBV25-1*01,None,TRBJ2-7*01,2
232,CASRWDRVPVNSPLHF,TRBV7-8*03,None,TRBJ1-6*01,2
233,CASTPLAAEREQYF,TRBV25-1*01,None,TRBJ2-7*01,2
234,CASTPGAAARQLYF,TRBV25-1*01,None,TRBJ2-7*01,2
235,CATAPGAAEREQYF,TRBV25-1*01,None,TRBJ2-7*01,2
236,CASTPGAAEREQYF,TRBV11-2*03,None,TRBJ2-7*01,2
237,CASTPGAAGGEQYF,TRBV25-1*01,None,TRBJ2-7*01,2
238,CARTPGAAEREAYF,TRBV25-1*01,None,TRBJ2-7*01,2
239,CASTPGAGERQQYF,TRBV25-1*01,None,TRBJ2-7*01,2
240,CASTPGAAERQLYF,TRBV25-1*01,None,TRBJ2-7*01,2
241,CASTPGAVERDQYF,TRBV25-1*01,None,TRBJ2-7*01,2
242,CASTPGAAEREQYF,TRBV13*02,None,TRBJ2-7*01,2
243,CARTPGAAEREVYF,TRBV25-1*01,None,TRBJ2-7*01,2
244,CARTPGAAERKQYF,TRBV25-1*01,None,TRBJ2-7*01,2
245,CASTPGAAERKLYF,TRBV25-1*01,None,TRBJ2-7*01,2
246,CASTPGAAGLEQYF,TRBV25-1*01,None,TRBJ2-7*01,2
247,CASTPGAAERKEYF,TRBV25-1*01,None,TRBJ2-7*01,2
248,CSSTPGAAERAQYF,TRBV25-1*01,None,TRBJ2-7*01,2
249,CVSPPGAAEREQYF,TRBV25-1*01,None,TRBJ2-7*01,2
250,CARTPGAAGREQYF,TRBV25-1*01,None,TRBJ2-7*01,2
251,CASTPGAAERGRYF,TRBV25-1*01,None,TRBJ2-7*01,2
252,CPSTPGATEREQYF,TRBV25-1*01,None,TRBJ2-7*01,2
253,CSSTPGAAERDQYF,TRBV25-1*01,None,TRBJ2-7*01,2
254,CASTPGDGERDQYF,TRBV25-1*01,None,TRBJ2-7*01,2
255,CASTPGDGEREQYF,TRBV25-1*01,None,TRBJ2-7*01,2
256,CARTPGAAEREKYF,TRBV25-1*01,None,TRBJ2-7*01,2
257,CAITPGAAERQQYF,TRBV25-1*01,None,TRBJ2-7*01,2
258,CASTPGAALREQYF,TRBV25-1*01,None,TRBJ2-7*01,2
259,CARTPGAAEPEQYF,TRBV25-1*01,None,TRBJ2-7*01,2
260,CAIPPGAAEREQYF,TRBV25-1*01,None,TRBJ2-7*01,2
261,CASTPGDAEREKYF,TRBV25-1*01,None,TRBJ2-7*01,2
262,CANTPGAAESEQYF,TRBV25-1*01,None,TRBJ2-7*01,2
263,CANTPGTAEREQYF,TRBV25-1*01,None,TRBJ2-7*01,2
264,CASTPGAAESELYF,TRBV25-1*01,None,TRBJ2-7*01,2
265,CAGTPGPAEREQYF,TRBV25-1*01,None,TRBJ2-7*01,2
266,CASTPGAAESEKYF,TRBV25-1*01,None,TRBJ2-7*01,2
267,CTSTPRAAEREQYF,TRBV25-1*01,None,TRBJ2-7*01,2
268,CASTPGAAESDQYF,TRBV25-1*01,None,TRBJ2-7*01,2
269,CAITPGAAAREQYF,TRBV25-1*01,None,TRBJ2-7*01,2
270,CARTPAAAEREQYF,TRBV25-1*01,None,TRBJ2-7*01,2
271,CASTPGDAEHEQYF,TRBV25-1*01,None,TRBJ2-7*01,2
272,CASTPGAAERVKYF,TRBV25-1*01,None,TRBJ2-7*01,2
273,CARTPGAADREQYF,TRBV25-1*01,None,TRBJ2-7*01,2
274,CARTPGAAEGEQYF,TRBV25-1*01,None,TRBJ2-7*01,2
275,CASTPGAATREQYF,TRBV25-1*01,None,TRBJ2-7*01,2
276,CAGTPGAAERELYF,TRBV25-1*01,None,TRBJ2-7*01,2
277,CASTPGSAAREQYF,TRBV25-1*01,None,TRBJ2-7*01,2
278,CACTPGTAEREQYF,TRBV25-1*01,None,TRBJ2-7*01,2
279,CAIPGAAEREQYF,TRBV25-1*01,None,TRBJ2-7*01,2
280,CASTPGAAEREQYF,TRBV6-2*01,None,TRBJ2-7*01,2
281,CARTPWAAEREQYF,TRBV25-1*01,None,TRBJ2-7*01,2
282,CASTPGASGREQYF,TRBV25-1*01,None,TRBJ2-7*01,2
283,CASTPGAAEREQYF,TRBV25-1*01,None,TRBJ2-5*01,2
284,CASTPGSAERQQYF,TRBV25-1*01,None,TRBJ2-7*01,2
285,CASTPGAAKGEQYF,TRBV25-1*01,None,TRBJ2-7*01,2
286,CASTPGAAEREQYF,TRBV6-6*01,None,TRBJ2-7*01,2
287,CARTPGDAEREQYF,TRBV25-1*01,None,TRBJ2-7*01,2
288,CASTPGAAEREQYF,TRBV6-5*01,None,TRBJ2-7*01,2
289,CASTPGSAGREQYF,TRBV25-1*01,None,TRBJ2-7*01,2
290,CAITTGAAEREQYF,TRBV25-1*01,None,TRBJ2-7*01,2
291,CASTPGAAEREQYF,TRBV6-4*02,None,TRBJ2-7*01,2
292,CASTPGGAEREHYF,TRBV25-1*01,None,TRBJ2-7*01,2
293,CASTPGAAEREQYF,TRBV6-4*01,None,TRBJ2-7*01,2
294,CASTPGAAEREQYF,TRBV6-3*01,None,TRBJ2-7*01,2
295,CACNPGAAEREQYF,TRBV25-1*01,None,TRBJ2-7*01,2
296,CASTPGAAEREQYF,TRBV25-1*01,None,TRBJ1-6*02,2
297,CASTPGAAKCEQYF,TRBV25-1*01,None,TRBJ2-7*01,2
298,CASTPGAAEREQYF,TRBV6-1*01,None,TRBJ2-7*01,2
299,CACTPGAAEREKYF,TRBV25-1*01,None,TRBJ2-7*01,2
300,CARTPRAAEREQYF,TRBV25-1*01,None,TRBJ2-7*01,2
301,CSSTPGAAESEQYF,TRBV25-1*01,None,TRBJ2-7*01,2
302,CASTPGAAEREQYF,TRBV7-8*02,None,TRBJ2-7*01,2
303,CASTPGAAEREQYF,TRBV7-8*03,None,TRBJ2-7*01,2
304,CASTPGAAKREKYF,TRBV25-1*01,None,TRBJ2-7*01,2
305,CASTPGASERELYF,TRBV25-1*01,None,TRBJ2-7*01,2
306,CASTPGGAERQQYF,TRBV25-1*01,None,TRBJ2-7*01,2
307,CASTPGAAEREQYF,TRBV7-4*01,None,TRBJ2-7*01,2
308,CALTPGAAEREQYF,TRBV25-1*01,None,TRBJ2-7*01,2
309,CASTPGASERDQYF,TRBV25-1*01,None,TRBJ2-7*01,2
310,CARTPGPAEREQYF,TRBV25-1*01,None,TRBJ2-7*01,2
311,CASTPGSAEREKYF,TRBV25-1*01,None,TRBJ2-7*01,2
312,CASTPRGAEREQYF,TRBV25-1*01,None,TRBJ2-7*01,1
313,CASTPRAVERQQYF,TRBV25-1*01,None,TRBJ2-7*01,1
314,CASTPRAPERAQYF,TRBV25-1*01,None,TRBJ2-7*01,1
315,CASTPGFAEREPYF,TRBV25-1*01,None,TRBJ2-7*01,1
316,CASTPRGAEREQYF,TRBV18*01,None,TRBJ2-7*01,1
317,CASTPRDAERQQYF,TRBV25-1*01,None,TRBJ2-7*01,1
318,CASTPGGAAREQYF,TRBV25-1*01,None,TRBJ2-7*01,1
319,CASTPGDLEREQYF,TRBV25-1*01,None,TRBJ2-7*01,1
320,CASTPGDAEREQDF,TRBV25-1*01,None,TRBJ2-7*01,1
321,CASTPRAVELEQYF,TRBV25-1*01,None,TRBJ2-7*01,1
322,CASTPGDAERQQHF,TRBV6-4*01,None,TRBJ2-7*01,1
323,CASTPRAVAPEQYF,TRBV25-1*01,None,TRBJ2-7*01,1
324,CASTPGDAESVQYF,TRBV25-1*01,None,TRBJ2-7*01,1
325,CASTPRATEREQYF,TRBV25-1*01,None,TRBJ2-7*01,1
326,CASTPGDEESEQYF,TRBV25-1*01,None,TRBJ2-7*01,1
327,CASTPGEAGRAKYF,TRBV25-1*01,None,TRBJ2-7*01,1
328,CASTPRASEREQYF,TRBV4-2*02,None,TRBJ2-7*01,1
329,CASTPGDEKREQYF,TRBV25-1*01,None,TRBJ2-7*01,1
330,CASTPGDSEREQYF,TRBV25-1*01,None,TRBJ2-7*01,1
331,CASTPRSAEREQYF,TRBV25-1*01,None,TRBJ2-7*01,1
332,CASTPRAPEREQYF,TRBV25-1*01,None,TRBJ2-7*01,1
333,CASTPGDPEREQDF,TRBV6-6*05,None,TRBJ2-7*01,1
334,CASTPGDEEREQYF,TRBV25-1*01,None,TRBJ2-7*01,1
335,CASTPGAVVREQYF,TRBV25-1*01,None,TRBJ2-7*01,1
336,CASTPRTADREQYF,TRBV7-9*05,None,TRBJ2-7*01,1
337,CASTPVAPEREQYF,TRBV25-1*01,None,TRBJ2-7*01,1
338,CASTPGATKREQYF,TRBV25-1*01,None,TRBJ2-7*01,1
339,CASTPGATKREQYF,TRBV12-4*02,None,TRBJ2-7*01,1
340,CASTPGATESEQYF,TRBV25-1*01,None,TRBJ2-7*01,1
341,CASTPVAAETEQYF,TRBV25-1*01,None,TRBJ2-7*01,1
342,CASTPGATERVQSF,TRBV25-1*01,None,TRBJ2-7*01,1
343,CASTPVAAGREQYF,TRBV7-9*05,None,TRBJ2-7*01,1
344,CASTPVAEEREQYF,TRBV25-1*01,None,TRBJ2-7*01,1
345,CASTPVAPERAQYF,TRBV25-1*01,None,TRBJ2-7*01,1
346,CASTPGATERLQYF,TRBV25-1*01,None,TRBJ2-7*01,1
347,CASTPGATERGQYF,TRBV25-1*01,None,TRBJ2-7*01,1
348,CASTPGDAEREHYF,TRBV25-1*01,None,TRBJ2-7*01,1
349,CASTPVASEREQYF,TRBV25-1*01,None,TRBJ2-7*01,1
350,CASTPGATEREQNF,TRBV25-1*01,None,TRBJ2-7*01,1
351,CASTPGATEREPYF,TRBV25-1*01,None,TRBJ2-7*01,1
352,CASTPVATEREQYF,TRBV25-1*01,None,TRBJ2-7*01,1
353,CASTPVDEEREQYF,TRBV25-1*01,None,TRBJ2-7*01,1
354,CASTPGATERELYF,TRBV25-1*01,None,TRBJ2-7*01,1
355,CASTPVGEEREKYF,TRBV25-1*01,None,TRBJ2-7*01,1
356,CASTPVSAELEQYF,TRBV25-1*01,None,TRBJ2-7*01,1
357,CASTPGATEREKYF,TRBV25-1*01,None,TRBJ2-7*01,1
358,CASTPVAAERQQYF,TRBV25-1*01,None,TRBJ2-7*01,1
359,CASTPGAVERAHYF,TRBV25-1*01,None,TRBJ2-7*01,1
360,CASTPVAAERPQYF,TRBV28*01,None,TRBJ2-7*01,1
361,CASTPGAVEREQHF,TRBV25-1*01,None,TRBJ2-7*01,1
362,CASTPRTAKREQYF,TRBV25-1*01,None,TRBJ2-7*01,1
363,CASTPRVTGREQYF,TRBV25-1*01,None,TRBJ2-7*01,1
364,CASTPGDAERDQYF,TRBV25-1*01,None,TRBJ2-7*01,1
365,CASTPSAAEREQYF,TRBV13*01,None,TRBJ2-7*01,1
366,CASTPGDAERDLYF,TRBV25-1*01,None,TRBJ2-7*01,1
367,CASTPGDAEPVQYF,TRBV25-1*01,None,TRBJ2-7*01,1
368,CASTPVAAECDQYF,TRBV25-1*01,None,TRBJ2-7*01,1
369,CASTPGDAEHEYYF,TRBV25-1*01,None,TRBJ2-7*01,1
370,CASTPVAAECEQYF,TRBV25-1*01,None,TRBJ2-7*01,1
371,CASTPVAAEGEQYF,TRBV25-1*01,None,TRBJ2-7*01,1
372,CASTPVAAEPQQYF,TRBV25-1*01,None,TRBJ2-7*01,1
373,CASTPGDADREQYF,TRBV25-1*01,None,TRBJ2-7*01,1
374,CASTPGCAEREQYF,TRBV25-1*01,None,TRBJ2-7*01,1
375,CASTPGGAEPQQYF,TRBV25-1*01,None,TRBJ2-7*01,1
376,CASTPGAVERQQYF,TRBV25-1*01,None,TRBJ2-7*01,1
377,CASTPVAAERELEF,TRBV25-1*01,None,TRBJ2-7*01,1
378,CASTPGAVERERYF,TRBV25-1*01,None,TRBJ2-7*01,1
379,CASTPVAAEREQYF,TRBV7-9*05,None,TRBJ2-7*01,1
380,CASTPGAVEREQYF,TRBV28*01,None,TRBJ2-7*01,1
381,CASTPGGADREQYF,TRBV25-1*01,None,TRBJ2-7*01,1
382,CASTPGSDERTQYF,TRBV4-2*02,None,TRBJ2-7*01,1
383,CASTPRAAVREQYF,TRBV25-1*01,None,TRBJ2-7*01,1
384,CASTPGGAERDQYF,TRBV25-1*01,None,TRBJ2-7*01,1
385,CASTPGPVQREQYF,TRBV25-1*01,None,TRBJ2-7*01,1
386,CASTPGTAVREQYF,TRBV25-1*01,None,TRBJ2-7*01,1
387,CASTPGPTEREQYF,TRBV25-1*01,None,TRBJ2-7*01,1
388,CASTPGTEEREQYF,TRBV25-1*01,None,TRBJ2-7*01,1
389,CASTPGPPERYQYF,TRBV25-1*01,None,TRBJ2-7*01,1
390,CASTPGVAEGEEYF,TRBV25-1*01,None,TRBJ2-7*01,1
391,CASTPGPGEREQYF,TRBV25-1*01,None,TRBJ2-7*01,1
392,CASTPGVAEGEQYF,TRBV25-1*01,None,TRBJ2-7*01,1
393,CASTPGPASREQYF,TRBV25-1*01,None,TRBJ2-7*01,1
394,CASTPGVAERDQYF,TRBV25-1*01,None,TRBJ2-7*01,1
395,CASTPGPAQREHYF,TRBV25-1*01,None,TRBJ2-7*01,1
396,CASTPGVAEREQYF,TRBV6-6*05,None,TRBJ2-7*01,1
397,CASTPGVAESEQYF,TRBV25-1*01,None,TRBJ2-7*01,1
398,CASTPGPAKREQYF,TRBV25-1*01,None,TRBJ2-7*01,1
399,CASTPGVEEREQYF,TRBV25-1*01,None,TRBJ2-7*01,1
400,CASTPGVTEREQYF,TRBV25-1*01,None,TRBJ2-7*01,1
401,CASTPGVVDREQYF,TRBV25-1*01,None,TRBJ2-7*01,1
402,CASTPKAAEREQYF,TRBV25-1*01,None,TRBJ2-7*01,1
403,CASTPGPAGREQYF,TRBV25-1*01,None,TRBJ2-7*01,1
404,CASTPGPAERQQYF,TRBV25-1*01,None,TRBJ2-7*01,1
405,CASTPGPAERHQYF,TRBV25-1*01,None,TRBJ2-7*01,1
406,CASTPGTAGREQYF,TRBV25-1*01,None,TRBJ2-7*01,1
407,CASTPGTAERGQYF,TRBV25-1*01,None,TRBJ2-7*01,1
408,CASTPGSAEGEQYF,TRBV6-2*01,None,TRBJ2-7*01,1
409,CASTPGTADREQYF,TRBV25-1*01,None,TRBJ2-7*01,1
410,CASTPGSAVREQYF,TRBV25-1*01,None,TRBJ2-7*01,1
411,CASTPVSAEQEQYF,TRBV25-1*01,None,TRBJ2-7*01,1
412,CASTPGSAKRETYF,TRBV25-1*01,None,TRBJ2-7*01,1
413,CASTPGSAESEQYF,TRBV25-1*01,None,TRBJ2-7*01,1
414,CASTPGSAESDQYF,TRBV25-1*01,None,TRBJ2-7*01,1
415,CASTPGSPEREQYF,TRBV25-1*01,None,TRBJ2-7*01,1
416,CASTPGSTEREQYF,TRBV25-1*01,None,TRBJ2-7*01,1
417,CASTPGSVEREQYF,TRBV25-1*01,None,TRBJ2-7*01,1
418,CASTPGSAERGQYF,TRBV25-1*01,None,TRBJ2-7*01,1
419,CASTPGTAEHEQYF,TRBV25-1*01,None,TRBJ2-7*01,1
420,CASTPGTAEREQYF,TRBV27*01,None,TRBJ2-7*01,1
421,CASTPGTAEPQQYF,TRBV25-1*01,None,TRBJ2-7*01,1
422,CASTPGSAEREQHF,TRBV25-1*01,None,TRBJ2-7*01,1
423,CASTPGTAERAQYF,TRBV25-1*01,None,TRBJ2-7*01,1
424,CASTPGTAERDQYF,TRBV25-1*01,None,TRBJ2-7*01,1
425,CASTPGTAEREEYF,TRBV25-1*01,None,TRBJ2-7*01,1
426,CASTPGTAEREKYF,TRBV25-1*01,None,TRBJ2-7*01,1
427,CASTPGTAEREQSF,TRBV25-1*01,None,TRBJ2-7*01,1
428,CASTPGSAEREHYF,TRBV28*01,None,TRBJ2-7*01,1
429,CASTPGSAERAQYF,TRBV25-1*01,None,TRBJ2-7*01,1
430,CASTPMAAEREQYF,TRBV25-1*01,None,TRBJ2-7*01,1
431,CASTPGPAERERYF,TRBV25-1*01,None,TRBJ2-7*01,1
432,CASTPNAAESEQYF,TRBV25-1*01,None,TRBJ2-7*01,1
433,CASTPGGTACEQYF,TRBV25-1*01,None,TRBJ2-7*01,1
434,CASTPRAAEREEYF,TRBV25-1*01,None,TRBJ2-7*01,1
435,CASTPGPAAREHYF,TRBV6-1*01,None,TRBJ2-7*01,1
436,CASTPGPAARALYF,TRBV25-1*01,None,TRBJ2-7*01,1
437,CASTPGNEEREKYF,TRBV25-1*01,None,TRBJ2-7*01,1
438,CASTPGLAEREQDF,TRBV25-1*01,None,TRBJ2-7*01,1
439,CASTPRAAEREQSF,TRBV15*02,None,TRBJ2-7*01,1
440,CASTPRAAEREQYF,TRBV4-2*02,None,TRBJ2-7*01,1
441,CASTPGHAEREQYF,TRBV25-1*01,None,TRBJ2-7*01,1
442,CASTPRAAEREQYF,TRBV7-9*05,None,TRBJ2-7*01,1
443,CASTPRAAERKQYF,TRBV25-1*01,None,TRBJ2-7*01,1
444,CASTPGPAECVLYF,TRBV25-1*01,None,TRBJ2-7*01,1
445,CASTPGGAGREQYF,TRBV25-1*01,None,TRBJ2-7*01,1
446,CASTPGGAERVQYF,TRBV25-1*01,None,TRBJ2-7*01,1
447,CASTPRAAERVLYF,TRBV25-1*01,None,TRBJ2-7*01,1
448,CASTPRAAERVQYF,TRBV25-1*01,None,TRBJ2-7*01,1
449,CASTPGGAEREQHF,TRBV25-1*01,None,TRBJ2-7*01,1
450,CASTPRAAESQLSF,TRBV25-1*01,None,TRBJ2-7*01,1
451,CASTPRAAGREQYF,TRBV25-1*01,None,TRBJ2-7*01,1
452,CASTPGGAEREEYF,TRBV25-1*01,None,TRBJ2-7*01,1
453,CASTPRAAQREQYF,TRBV25-1*01,None,TRBJ2-7*01,1
454,CASTPGPAAREQYF,TRBV25-1*01,None,TRBJ2-7*01,1
455,CASTPGPAEGKQYF,TRBV25-1*01,None,TRBJ2-7*01,1
456,CASTPGPAEREQSF,TRBV25-1*01,None,TRBJ2-7*01,1
457,CASTPGPAERDQYF,TRBV7-9*05,None,TRBJ2-7*01,1
458,CASTPPAAEHEQYF,TRBV25-1*01,None,TRBJ2-7*01,1
459,CASTPPAAEREEYF,TRBV25-1*01,None,TRBJ2-7*01,1
460,CASTPGPAEREQHF,TRBV25-1*01,None,TRBJ2-7*01,1
461,CASTPPAAEREQYF,TRBV25-1*01,None,TRBJ2-7*01,1
462,CASTPQAAARELFF,TRBV27*01,None,TRBJ2-7*01,1
463,CASTPGPAEREQCF,TRBV25-1*01,None,TRBJ2-7*01,1
464,CASTPQAAEREQYF,TRBV25-1*01,None,TRBJ2-7*01,1
465,CASTPGPAEREPYF,TRBV25-1*01,None,TRBJ2-7*01,1
466,CASTPGPAERELYF,TRBV25-1*01,None,TRBJ2-7*01,1
467,CASTPQAAERERYF,TRBV25-1*01,None,TRBJ2-7*01,1
468,CASTPGPAEHDQYF,TRBV27*01,None,TRBJ2-7*01,1
469,CASTPQAAERTQYF,TRBV25-1*01,None,TRBJ2-7*01,1
470,CASTPGPAERDQYF,TRBV25-1*01,None,TRBJ2-7*01,1
471,CASTPRAAAREQYF,TRBV25-1*01,None,TRBJ2-7*01,1
472,CASTPRAAARGQYF,TRBV25-1*01,None,TRBJ2-7*01,1
473,CASTPRAAARVQYF,TRBV25-1*01,None,TRBJ2-7*01,1
474,CASTPRAAEGEQYF,TRBV25-1*01,None,TRBJ2-5*01,1
475,CASTPRAAEGEQYF,TRBV25-1*01,None,TRBJ2-7*01,1
476,CASTPGPAEPEQYF,TRBV25-1*01,None,TRBJ2-7*01,1
477,CASTPRAAERAQYF,TRBV25-1*01,None,TRBJ2-7*01,1
478,CAATPGAAEREQYF,TRBV25-1*01,None,TRBJ2-7*01,1
479,CASTSGAAERERYF,TRBV25-1*01,None,TRBJ2-7*01,1
480,CASTPVTAGREQYF,TRBV25-1*01,None,TRBJ2-7*01,1
481,CSASDWQGSYNEQFF,TRBV20-1*02,None,TRBJ2-1*01,1
482,CSAGGGLCYEQYF,TRBV20-1*03,None,TRBJ2-7*01,1
483,CRSTPGAAEREQYF,TRBV25-1*01,None,TRBJ2-7*01,1
484,CPTTPGAAERDQYF,TRBV25-1*01,None,TRBJ2-7*01,1
485,CPSTTRAAEREQYF,TRBV25-1*01,None,TRBJ2-7*01,1
486,CPSTSNLYQETQYF,TRBV6-6*05,None,TRBJ2-5*01,1
487,CPSTRGAAEREQYF,TRBV25-1*01,None,TRBJ2-7*01,1
488,CPSTPTPAQREQYF,TRBV25-1*01,None,TRBJ2-7*01,1
489,CPSTPSAAEPLYYF,TRBV25-1*01,None,TRBJ2-7*01,1
490,CPSTPRPAGRVLYF,TRBV25-1*01,None,TRBJ2-7*01,1
491,CPSTPRAAERVLSF,TRBV25-1*01,None,TRBJ2-7*01,1
492,CPSTPRAAEGEQYF,TRBV25-1*01,None,TRBJ2-7*01,1
493,CPSTPGTVEGELYF,TRBV25-1*01,None,TRBJ2-7*01,1
494,CPSTPGTAEREQYF,TRBV25-1*01,None,TRBJ2-7*01,1
495,CPSTPGPVQRDQYF,TRBV25-1*01,None,TRBJ2-7*01,1
496,CPSTPGPTEPELCF,TRBV25-1*01,None,TRBJ2-7*01,1
497,CPSTPGPAWRELYF,TRBV25-1*01,None,TRBJ2-7*01,1
498,CPSTPGPAERVQYF,TRBV25-1*01,None,TRBJ2-7*01,1
499,CSASDWQGFYNQQFF,TRBV20-1*04,None,TRBJ2-1*01,1
500,CSASDWQRSYNEQFF,TRBV20-1*05,None,TRBJ2-1*01,1
501,CSSTPAAAEHEQYF,TRBV25-1*01,None,TRBJ2-7*01,1
502,CSAVAGFSDEQYF,TRBV20-1*04,None,TRBJ2-7*01,1
503,CSSSPGAAERGQYF,TRBV25-1*01,None,TRBJ2-7*01,1
504,CSRTPGAAERAQYF,TRBV25-1*01,None,TRBJ2-7*01,1
505,CSNTPGAAESEKYF,TRBV25-1*01,None,TRBJ2-7*01,1
506,CSITSGTAEREQYF,TRBV25-1*01,None,TRBJ2-7*01,1
507,CSITRGAPEREQYF,TRBV25-1*01,None,TRBJ2-7*01,1
508,CSITPSAAQRDQYF,TRBV25-1*01,None,TRBJ2-7*01,1
509,CSITPGAAEPEQCF,TRBV25-1*01,None,TRBJ2-7*01,1
510,CSGVSGFSYEQYF,TRBV20-1*06,None,TRBJ2-7*01,1
511,CSAVTGFSYEQYF,TRBV20-1*02,None,TRBJ2-7*01,1
512,CSAVSGLFFEQYF,TRBV20-1*07,None,TRBJ2-7*01,1
513,CSAVAVFAYEQYF,TRBV20-1*03,None,TRBJ2-7*01,1
514,CSAVAVCSYEQYF,TRBV20-1*03,None,TRBJ2-7*01,1
515,CSAVARSSYEKYF,TRBV20-1*03,None,TRBJ2-7*01,1
516,CSAVAGLSYEQYF,TRBV20-1*03,None,TRBJ2-7*01,1
517,CSAVAGFSYVQYF,TRBV20-1*03,None,TRBJ2-7*01,1
518,CSAVAGFSYQQYF,TRBV20-1*03,None,TRBJ2-7*01,1
519,CSAVAGFSYEHYF,TRBV20-1*06,None,TRBJ2-7*01,1
520,CPSTPGPAERHYYF,TRBV25-1*01,None,TRBJ2-7*01,1
521,CPSTPGASEREQYF,TRBV25-1*01,None,TRBJ2-7*01,1
522,CPSTPGAPQREQYF,TRBV25-1*01,None,TRBJ2-7*01,1
523,CPSTPGAPEREQYF,TRBV25-1*01,None,TRBJ2-7*01,1
524,CPSPPWAAEREQYF,TRBV25-1*01,None,TRBJ2-7*01,1
525,CPSPPAAMAREQYF,TRBV25-1*01,None,TRBJ2-7*01,1
526,CPRTPGGAECDLYF,TRBV25-1*01,None,TRBJ2-7*01,1
527,CPRTPGAAERELYF,TRBV25-1*01,None,TRBJ2-7*01,1
528,CPRTPAATEPQHSF,TRBV27*01,None,TRBJ2-7*01,1
529,CPRTPAAAEPVLYF,TRBV25-1*01,None,TRBJ2-7*01,1
530,CPNTPGPAEREQYF,TRBV25-1*01,None,TRBJ2-7*01,1
531,CPNTAGAAEPELCF,TRBV25-1*01,None,TRBJ2-7*01,1
532,CPITPGPTEREQYF,TRBV25-1*01,None,TRBJ2-7*01,1
533,CPITPGAAERGQYF,TRBV25-1*01,None,TRBJ2-7*01,1
534,CPITPGAAERDHYF,TRBV25-1*01,None,TRBJ2-7*01,1
535,CPITPDAADRVHHF,TRBV25-1*01,None,TRBJ2-7*01,1
536,CPCTTGAGEREQYF,TRBV25-1*01,None,TRBJ2-7*01,1
537,CNSTPGAAEREQYF,TRBV25-1*01,None,TRBJ2-7*01,1
538,CLSTPGAAEREQYF,TRBV25-1*01,None,TRBJ2-7*01,1
539,CHTTTGVAEREQYF,TRBV25-1*01,None,TRBJ2-7*01,1
540,CHSTPGAAARGQYF,TRBV25-1*01,None,TRBJ2-7*01,1
541,CPSTAGAAERDQYF,TRBV25-1*01,None,TRBJ2-7*01,1
542,CPSTHGAAEREQYF,TRBV25-1*01,None,TRBJ2-7*01,1
543,CPSTHGAMEREQYF,TRBV25-1*01,None,TRBJ2-7*01,1
544,CPSTPGAAERELYF,TRBV25-1*01,None,TRBJ2-7*01,1
545,CPSTPGAEQSQYYF,TRBV25-1*01,None,TRBJ2-7*01,1
546,CPSTPGAEEREQYF,TRBV25-1*01,None,TRBJ2-7*01,1
547,CPSTPGAAGREQYF,TRBV25-1*01,None,TRBJ2-7*01,1
548,CPSTPGAAESEQYF,TRBV25-1*01,None,TRBJ2-7*01,1
549,CPSTPGAAERQQYF,TRBV25-1*01,None,TRBJ2-7*01,1
550,CPSTPGAAERGYYF,TRBV25-1*01,None,TRBJ2-7*01,1
551,CPSTPGAAERGQYF,TRBV25-1*01,None,TRBJ2-7*01,1
552,CPSTPGAAEREHHF,TRBV25-1*01,None,TRBJ2-7*01,1
553,CPSTHGAPEREQYF,TRBV25-1*01,None,TRBJ2-7*01,1
554,CPSTPGAAERDLYF,TRBV25-1*01,None,TRBJ2-7*01,1
555,CPSTPGAAEPQLYF,TRBV25-1*01,None,TRBJ2-7*01,1
556,CPSTPGAAEPELYF,TRBV25-1*01,None,TRBJ2-7*01,1
557,CPSTPGAAAREQYF,TRBV25-1*01,None,TRBJ2-7*01,1
558,CPSTPEAAEREQYF,TRBV25-1*01,None,TRBJ2-7*01,1
559,CPSTPAPAEREQYF,TRBV25-1*01,None,TRBJ2-7*01,1
560,CPSTLGGVAQDPYF,TRBV25-1*01,None,TRBJ2-7*01,1
561,CSSTHGAAEREQYF,TRBV25-1*01,None,TRBJ2-7*01,1
562,CSSTPAAAERDQYF,TRBV25-1*01,None,TRBJ2-7*01,1
563,CASTPWAAAREQYF,TRBV25-1*01,None,TRBJ2-7*01,1
564,CVRTPGAAEREQNF,TRBV25-1*01,None,TRBJ2-7*01,1
565,CVNTPWAAEREEYF,TRBV25-1*01,None,TRBJ2-7*01,1
566,CVNTPGAAEREQYF,TRBV25-1*01,None,TRBJ2-7*01,1
567,CVNPGAAEREQYF,TRBV25-1*01,None,TRBJ2-7*01,1
568,CVCTPGAAEREQYF,TRBV25-1*01,None,TRBJ2-7*01,1
569,CTTTPVAWVREQYF,TRBV25-1*01,None,TRBJ2-7*01,1
570,CTTTPEAAEREQYF,TRBV25-1*01,None,TRBJ2-7*01,1
571,CTSTSGAAEREQYF,TRBV25-1*01,None,TRBJ2-7*01,1
572,CTSTPWAAERVQNF,TRBV25-1*01,None,TRBJ2-7*01,1
573,CTSTPVAAEREQYF,TRBV25-1*01,None,TRBJ2-7*01,1
574,CTSTPGVAEREQCF,TRBV25-1*01,None,TRBJ2-7*01,1
575,CTSTPGTAEREQYF,TRBV25-1*01,None,TRBJ2-7*01,1
576,CTSTPGASEREQYF,TRBV25-1*01,None,TRBJ2-7*01,1
577,CTSTPGAAERQQHF,TRBV25-1*01,None,TRBJ2-7*01,1
578,CTSTPGAAERGQYF,TRBV25-1*01,None,TRBJ2-7*01,1
579,CTSTPGAAEREKYF,TRBV25-1*01,None,TRBJ2-7*01,1
580,CTSTPGAAEGEQYF,TRBV25-1*01,None,TRBJ2-7*01,1
581,CTSTPGAAECEQYF,TRBV25-1*01,None,TRBJ2-7*01,1
582,CVRTPGAAEREEYF,TRBV25-1*01,None,TRBJ2-7*01,1
583,CVSAPGAAEREQYF,TRBV25-1*01,None,TRBJ2-7*01,1
584,CSSTPAAAERGQSF,TRBV25-1*01,None,TRBJ2-7*01,1
585,CVSNPGAAEREQYF,TRBV25-1*01,None,TRBJ2-7*01,1
586,CVSTPRAAEREQYF,TRBV25-1*01,None,TRBJ2-7*01,1
587,CVSTPGDAESEQYF,TRBV25-1*01,None,TRBJ2-7*01,1
588,CVSTPGDAEREQYF,TRBV25-1*01,None,TRBJ2-7*01,1
589,CVSTPGATEREPYF,TRBV25-1*01,None,TRBJ2-7*01,1
590,CVSTPGAAGHEQYF,TRBV25-1*01,None,TRBJ2-7*01,1
591,CVSTPGAAESEQYF,TRBV25-1*01,None,TRBJ2-7*01,1
592,CVSTPGAAERERYF,TRBV25-1*01,None,TRBJ2-7*01,1
593,CVSTPGAAEREQFF,TRBV25-1*01,None,TRBJ2-7*01,1
594,CVSTPGAAEHEQYF,TRBV25-1*01,None,TRBJ2-7*01,1
595,CVSTPGAAECDQYF,TRBV7-9*05,None,TRBJ2-7*01,1
596,CVSTPGAADLEQYF,TRBV25-1*01,None,TRBJ2-7*01,1
597,CVSTPGAAAREQYF,TRBV25-1*01,None,TRBJ2-7*01,1
598,CVSTLGAAEREQYF,TRBV25-1*01,None,TRBJ2-7*01,1
599,CVSSSWTGPGLGYTF,TRBV7-9*04,None,TRBJ1-6*02,1
600,CVSSPGAGEREQYF,TRBV25-1*01,None,TRBJ2-7*01,1
601,CVSSPGAAEYEQYF,TRBV25-1*01,None,TRBJ2-7*01,1
602,CVSNPGVAEREPYF,TRBV25-1*01,None,TRBJ2-7*01,1
603,CTSTPGAAASEQYF,TRBV25-1*01,None,TRBJ2-7*01,1
604,CTSTPEAAEREQYF,TRBV25-1*01,None,TRBJ2-7*01,1
605,CTSTHGAAEREQYF,TRBV25-1*01,None,TRBJ1-6*01,1
606,CTSSPGAAEREQYF,TRBV25-1*01,None,TRBJ2-7*01,1
607,CSSTPGGAEREQYF,TRBV25-1*01,None,TRBJ2-7*01,1
608,CSSTPGDAEREQYF,TRBV25-1*01,None,TRBJ2-7*01,1
609,CSSTPGAVERELYF,TRBV25-1*01,None,TRBJ2-7*01,1
610,CSSTPGAPVREQYF,TRBV25-1*01,None,TRBJ2-7*01,1
611,CSSTPGAGEREQYF,TRBV25-1*01,None,TRBJ2-7*01,1
612,CSSTPGAEEREQYF,TRBV25-1*01,None,TRBJ2-7*01,1
613,CSSTPGAAQREQYF,TRBV25-1*01,None,TRBJ2-7*01,1
614,CSSTPGAAKREQYF,TRBV7-9*05,None,TRBJ2-7*01,1
615,CSSTPGAAERQQYF,TRBV25-1*01,None,TRBJ2-7*01,1
616,CSSTPGAAERKQYF,TRBV25-1*01,None,TRBJ2-7*01,1
617,CSSTPGAAERGQYF,TRBV25-1*01,None,TRBJ2-7*01,1
618,CSSTPGAAEREQNF,TRBV25-1*01,None,TRBJ2-7*01,1
619,CSSTPGAAEREQFF,TRBV25-1*01,None,TRBJ2-7*01,1
620,CSSTPGAAEREQDF,TRBV25-1*01,None,TRBJ2-7*01,1
621,CSSTPGAAEHGQYF,TRBV25-1*01,None,TRBJ2-7*01,1
622,CSSTPGAAEHEQYF,TRBV25-1*01,None,TRBJ2-7*01,1
623,CSSTPGAADREQYF,TRBV25-1*01,None,TRBJ2-7*01,1
624,CSSTPGSPEREQYF,TRBV25-1*01,None,TRBJ2-7*01,1
625,CSSTPVAAEREQYF,TRBV25-1*01,None,TRBJ2-7*01,1
626,CSSTPVAGQPDQYF,TRBV25-1*01,None,TRBJ2-7*01,1
627,CTGTPGAAEREQYF,TRBV25-1*01,None,TRBJ2-7*01,1
628,CTSNPGAAERQHYF,TRBV25-1*01,None,TRBJ2-7*01,1
629,CTRTPGAAERQQYF,TRBV25-1*01,None,TRBJ2-7*01,1
630,CTRTPGAADRDQYF,TRBV25-1*01,None,TRBJ1-6*01,1
631,CTRTPEAAEREQYF,TRBV25-1*01,None,TRBJ2-7*01,1
632,CTRTAGAAERELYF,TRBV25-1*01,None,TRBJ2-7*01,1
633,CTNTPGAAEREQYF,TRBV25-1*01,None,TRBJ2-7*01,1
634,CTITPGAGEREQYF,TRBV25-1*01,None,TRBJ2-7*01,1
635,CTCTPGAAEREQYF,TRBV25-1*01,None,TRBJ2-7*01,1
636,CSSTPWAAEGEQYF,TRBV25-1*01,None,TRBJ2-7*01,1
637,CTAVAGFSYVQYF,TRBV20-1*02,None,TRBJ2-7*01,1
638,CSVGTSYAHLLHF,TRBV29-1*02,None,TRBJ1-5*01,1
639,CSVETRTGSSGYTF,TRBV29-1*02,None,TRBJ1-2*01,1
640,CSVETRGGSSGDTF,TRBV29-1*02,None,TRBJ1-2*01,1
641,CSTVEGFSYEQYF,TRBV20-1*06,None,TRBJ2-7*01,1
642,CSSTTGAAEREQYF,TRBV25-1*01,None,TRBJ2-7*01,1
643,CSSTPWAAERDQYF,TRBV25-1*01,None,TRBJ2-7*01,1
644,CGTPGAAEREQYF,TRBV25-1*01,None,TRBJ2-7*01,1
645,CGSTTGAAEREQYF,TRBV25-1*01,None,TRBJ2-7*01,1
646,CGSTPWAAEREQYF,TRBV25-1*01,None,TRBJ2-7*01,1
647,CASTTGAAEGEQYF,TRBV25-1*01,None,TRBJ2-7*01,1
648,CASTTGAADREQYF,TRBV25-1*01,None,TRBJ2-7*01,1
649,CASTTGAAAREQYF,TRBV25-1*01,None,TRBJ2-7*01,1
650,CASTTEAAEREQYF,TRBV25-1*01,None,TRBJ2-7*01,1
651,CASTTEAAELELYF,TRBV25-1*01,None,TRBJ2-7*01,1
652,CASTTCTPAREQHF,TRBV25-1*01,None,TRBJ2-7*01,1
653,CASTTAAAKREQYF,TRBV25-1*01,None,TRBJ2-7*01,1
654,CASTTAAAEREQYF,TRBV25-1*01,None,TRBJ2-7*01,1
655,CASTSWAADREQYF,TRBV25-1*01,None,TRBJ2-7*01,1
656,CASTSVAAEGEHYF,TRBV25-1*01,None,TRBJ2-7*01,1
657,CASTSGSAESEHYF,TRBV25-1*01,None,TRBJ2-7*01,1
658,CASTSGAGEREQYF,TRBV25-1*01,None,TRBJ2-7*01,1
659,CASTSGAAKSEQYF,TRBV25-1*01,None,TRBJ2-7*01,1
660,CASTSGAAKREQYF,TRBV25-1*01,None,TRBJ2-7*01,1
661,CASTSGAAESEQYF,TRBV25-1*01,None,TRBJ2-7*01,1
662,CASTSGAAERYQYF,TRBV25-1*01,None,TRBJ2-7*01,1
663,CASTPGATERAQYF,TRBV25-1*01,None,TRBJ2-7*01,1
664,CASTSGAAEREQYF,TRBV7-3*05,None,TRBJ2-7*01,1
665,CASTTGAADRVKYF,TRBV25-1*01,None,TRBJ2-7*01,1
666,CASTTGAAEPEQYF,TRBV25-1*01,None,TRBJ2-7*01,1
667,CGSTPVAAERGQYF,TRBV25-1*01,None,TRBJ2-7*01,1
668,CASTTGAAEREHYF,TRBV25-1*01,None,TRBJ2-7*01,1
669,CASYPGAAKREQYF,TRBV25-1*01,None,TRBJ2-7*01,1
670,CASYPGAAEREQYF,TRBV25-1*01,None,TRBJ2-7*01,1
671,CASTTWAAEREKYF,TRBV25-1*01,None,TRBJ2-7*01,1
672,CASTTVAAEREQYF,TRBV25-1*01,None,TRBJ2-7*01,1
673,CASTTRAAEREQYF,TRBV25-1*01,None,TRBJ2-7*01,1
674,CASTTNLYQETQYF,TRBV6-6*03,None,TRBJ2-5*01,1
675,CASTTGSAAREQYF,TRBV25-1*01,None,TRBJ2-7*01,1
676,CASTTGPAEREQYF,TRBV27*01,None,TRBJ2-7*01,1
677,CASTTGPAEREQYF,TRBV25-1*01,None,TRBJ2-7*01,1
678,CASTTGGAEREAYF,TRBV27*01,None,TRBJ2-7*01,1
679,CASTTGDAEREQYF,TRBV25-1*01,None,TRBJ2-7*01,1
680,CASTTGAVEREQYF,TRBV25-1*01,None,TRBJ2-7*01,1
681,CASTTGATEREQYF,TRBV25-1*01,None,TRBJ2-7*01,1
682,CASTTGAAKREQYF,TRBV25-1*01,None,TRBJ2-7*01,1
683,CASTTGAAGREQYF,TRBV25-1*01,None,TRBJ2-7*01,1
684,CASTTGAAEREQSF,TRBV25-1*01,None,TRBJ2-7*01,1
685,CASTTGAAEREPYF,TRBV25-1*01,None,TRBJ2-7*01,1
686,CASTSGAAEREQYF,TRBV4-2*02,None,TRBJ2-7*01,1
687,CASTSGAAEREKYF,TRBV25-1*01,None,TRBJ2-7*01,1
688,CASTSGAAEREEYF,TRBV25-1*01,None,TRBJ2-7*01,1
689,CASTSGAAEREDYF,TRBV28*01,None,TRBJ2-7*01,1
690,CASTPWAAVREQYF,TRBV25-1*01,None,TRBJ2-7*01,1
691,CASTPWAAGREQYF,TRBV25-1*01,None,TRBJ2-7*01,1
692,CASTPWAAESEQYF,TRBV25-1*01,None,TRBJ2-7*01,1
693,CASTPWAAERTQYF,TRBV25-1*01,None,TRBJ2-7*01,1
694,CASTPWAAERKLYF,TRBV25-1*01,None,TRBJ2-7*01,1
695,CASTPWAAERHQYF,TRBV25-1*01,None,TRBJ2-7*01,1
696,CASTPWAAERGQYF,TRBV25-1*01,None,TRBJ2-7*01,1
697,CASTPWAAERERYF,TRBV25-1*01,None,TRBJ2-7*01,1
698,CASTPWAAEREQYF,TRBV15*02,None,TRBJ2-7*01,1
699,CASTPWAAEREQHF,TRBV25-1*01,None,TRBJ2-7*01,1
700,CASTPWAAEREQFF,TRBV19*02,None,TRBJ2-7*01,1
701,CASTPWAAEREPYF,TRBV25-1*01,None,TRBJ2-7*01,1
702,CASTPWAAERENYF,TRBV25-1*01,None,TRBJ2-7*01,1
703,CASTPWAAEREHYF,TRBV25-1*01,None,TRBJ2-7*01,1
704,CASTPWAAERDQYF,TRBV25-1*01,None,TRBJ2-7*01,1
705,CASTPWAAERALYF,TRBV25-1*01,None,TRBJ2-7*01,1
706,CASTPWAAEPEQYF,TRBV25-1*01,None,TRBJ2-7*01,1
707,CASTPWAAYREQYF,TRBV25-1*01,None,TRBJ2-7*01,1
708,CASTPWAEERGLYF,TRBV25-1*01,None,TRBJ2-7*01,1
709,CASTPWPAEREQYF,TRBV25-1*01,None,TRBJ2-7*01,1
710,CASTRRAAEREQYF,TRBV25-1*01,None,TRBJ2-7*01,1
711,CASTSGAAELEQSF,TRBV25-1*01,None,TRBJ2-7*01,1
712,CASTSGAADSEQYF,TRBV25-1*01,None,TRBJ2-7*01,1
713,CASTSGAADREQYF,TRBV25-1*01,None,TRBJ2-7*01,1
714,CASTSETQYF,TRBV28*01,None,TRBJ2-5*01,1
715,CASTSEAAKREQYF,TRBV25-1*01,None,TRBJ2-7*01,1
716,CASTSAPAEREQYF,TRBV25-1*01,None,TRBJ2-7*01,1
717,CASTRVAAEREQYF,TRBV25-1*01,None,TRBJ2-7*01,1
718,CASTRGSAEREQYF,TRBV25-1*01,None,TRBJ2-7*01,1
719,CASTPWVAEREQYF,TRBV25-1*01,None,TRBJ2-7*01,1
720,CASTRGGAEREQYF,TRBV25-1*01,None,TRBJ2-7*01,1
721,CASTRGATEREQYF,TRBV25-1*01,None,TRBJ2-7*01,1
722,CASTRGAAEREKYF,TRBV25-1*01,None,TRBJ2-7*01,1
723,CASTRGAAELEQYF,TRBV25-1*01,None,TRBJ2-7*01,1
724,CASTRGAAEGEQYF,TRBV25-1*01,None,TRBJ2-7*01,1
725,CASTRGAAAREHYF,TRBV25-1*01,None,TRBJ1-6*01,1
726,CASTRETGKSEQHF,TRBV25-1*01,None,TRBJ2-7*01,1
727,CATGQGTSYEQYF,TRBV2*02,None,TRBJ2-7*01,1
728,CATPPGAAEREQYF,TRBV25-1*01,None,TRBJ2-7*01,1
729,CATRDRAFQETQYF,TRBV6-6*03,None,TRBJ2-7*01,1
730,CAYTPGAAEREQYF,TRBV25-1*01,None,TRBJ2-7*01,1
731,CDSTPGAAERGQYF,TRBV25-1*01,None,TRBJ2-7*01,1
732,CDSTPGAAERELYF,TRBV25-1*01,None,TRBJ2-7*01,1
733,CDSTPGAAEHEQYF,TRBV25-1*01,None,TRBJ2-7*01,1
734,CDSTPGAADREQYF,TRBV6-6*03,None,TRBJ2-7*01,1
735,CDSTPEAAEREQYF,TRBV25-1*01,None,TRBJ2-7*01,1
736,CDSTPAAAERAQYF,TRBV25-1*01,None,TRBJ2-7*01,1
737,CDSTLGGAEREQYF,TRBV25-1*01,None,TRBJ2-7*01,1
738,CDSSPAAAEREQYF,TRBV25-1*01,None,TRBJ2-7*01,1
739,CDSSLSGRMEKLFF,TRBV12-4*02,None,TRBJ1-4*01,1
740,CDSRWDRFPVNSPLNF,TRBV7-8*03,None,TRBJ1-6*01,1
741,CDSRWDRFPVNSPLHF,TRBV7-8*03,None,TRBJ1-6*01,1
742,CDSAPEAEEREQYF,TRBV25-1*01,None,TRBJ2-7*01,1
743,CDRTPVAAEREQYF,TRBV25-1*01,None,TRBJ2-7*01,1
744,CDDTPGPAEREQSF,TRBV28*01,None,TRBJ2-3*01,1
745,CDCTPGAAEREQYF,TRBV25-1*01,None,TRBJ2-7*01,1
746,CDCTPGAAAREQYF,TRBV28*01,None,TRBJ2-4*01,1
747,CCSTPGAVEREKYF,TRBV25-1*01,None,TRBJ2-7*01,1
748,CDSTPGAAERVQSF,TRBV25-1*01,None,TRBJ2-7*01,1
749,CDSTPGAGEREQYF,TRBV25-1*01,None,TRBJ2-7*01,1
750,CDSTPGAVESEQYF,TRBV25-1*01,None,TRBJ2-7*01,1
751,CGRTPGAAEREQYF,TRBV25-1*01,None,TRBJ2-7*01,1
752,CGSTPVAAEREQYF,TRBV25-1*01,None,TRBJ2-7*01,1
753,CGSTPGATEREQFF,TRBV25-1*01,None,TRBJ2-7*01,1
754,CGSTPGAAGREQYF,TRBV25-1*01,None,TRBJ2-7*01,1
755,CGSTPGAAEREQHF,TRBV25-1*01,None,TRBJ2-7*01,1
756,CGSTPGAAERELYF,TRBV25-1*01,None,TRBJ2-7*01,1
757,CGSTPGAAAREQYF,TRBV25-1*01,None,TRBJ2-7*01,1
758,CGSTHGAAERKQYF,TRBV25-1*01,None,TRBJ2-7*01,1
759,CGITPGAAEREQYF,TRBV25-1*01,None,TRBJ2-7*01,1
760,CDSTPGPADLELSF,TRBV25-1*01,None,TRBJ2-7*01,1
761,CFSTPGAAAREQYF,TRBV25-1*01,None,TRBJ2-7*01,1
762,CESTPWAAESEQYF,TRBV25-1*01,None,TRBJ2-7*01,1
763,CESTPAASEREQYF,TRBV25-1*01,None,TRBJ2-7*01,1
764,CDSTRGAEQRDHIF,TRBV25-1*01,None,TRBJ2-7*01,1
765,CDSTPSAAEREQYF,TRBV25-1*01,None,TRBJ2-7*01,1
766,CDSTPRAEEREEYF,TRBV25-1*01,None,TRBJ2-7*01,1
767,CDSTPGPAEREQYF,TRBV25-1*01,None,TRBJ2-7*01,1
768,CCSTPGAAEREQHF,TRBV25-1*01,None,TRBJ2-7*01,1
769,CAWSGDYRNEQFF,TRBV30*04,None,TRBJ2-7*01,1
770,CATRDRALQETQYF,TRBV6-6*03,None,TRBJ2-7*01,1
771,CAVILTGFQKLVF,TRBV12-4*02,None,TRBJ1-1*01,1
772,CATTPGAAEREPYF,TRBV25-1*01,None,TRBJ2-7*01,1
773,CATTPGAAERELYF,TRBV25-1*01,None,TRBJ2-7*01,1
774,CATTPGAAERAQYF,TRBV25-1*01,None,TRBJ2-7*01,1
775,CATTPGAAELEQYF,TRBV25-1*01,None,TRBJ2-7*01,1
776,CATTPGAAEGEQYF,TRBV25-1*01,None,TRBJ2-7*01,1
777,CATTPGAAECEQYF,TRBV25-1*01,None,TRBJ2-7*01,1
778,CATTPGAADREQYF,TRBV25-1*01,None,TRBJ2-7*01,1
779,CATTPGAADREQFF,TRBV7-4*01,None,TRBJ2-7*01,1
780,CATTPGAADREHYF,TRBV25-1*01,None,TRBJ2-7*01,1
781,CATTPESAEREQYF,TRBV25-1*01,None,TRBJ2-7*01,1
782,CATTPEAAKREQYF,TRBV25-1*01,None,TRBJ2-7*01,1
783,CATTPAAAEREQYF,TRBV25-1*01,None,TRBJ2-7*01,1
784,CATTHGAFQGEQYF,TRBV27*01,None,TRBJ2-7*01,1
785,CATTAGAAVREQYF,TRBV25-1*01,None,TRBJ2-7*01,1
786,CATTAGAAERAQYF,TRBV25-1*01,None,TRBJ2-7*01,1
787,CATSPGAAEREQYF,TRBV25-1*01,None,TRBJ2-7*01,1
788,CATSPGAAEPEQYF,TRBV25-1*01,None,TRBJ2-7*01,1
789,CATTPGAAEREQSF,TRBV25-1*01,None,TRBJ2-7*01,1
790,CATTPGAAEREQYF,TRBV27*01,None,TRBJ2-7*01,1
791,CATTPGAAERERSF,TRBV25-1*01,None,TRBJ2-7*01,1
792,CATTPRAADSQQYF,TRBV25-1*01,None,TRBJ2-7*01,1
793,CATTSNLYQETQYF,TRBV6-8*01,None,TRBJ2-5*01,1
794,CATTSGAAEREQYF,TRBV25-1*01,None,TRBJ2-7*01,1
795,CATTSGAAEREQNF,TRBV25-1*01,None,TRBJ2-7*01,1
796,CATTPVPAEREQYF,TRBV25-1*01,None,TRBJ2-7*01,1
797,CATTPRASEREQYF,TRBV25-1*01,None,TRBJ2-7*01,1
798,CATTPRAAEREQYF,TRBV25-1*01,None,TRBJ2-7*01,1
799,CATTPRAAEPEQYF,TRBV25-1*01,None,TRBJ2-7*01,1
800,CATTPGSAERHQYF,TRBV25-1*01,None,TRBJ2-7*01,1
801,CATTPGAAERSQYF,TRBV25-1*01,None,TRBJ2-7*01,1
802,CATTPGPAETEQYF,TRBV25-1*01,None,TRBJ2-7*01,1
803,CATTPGPAEREQYF,TRBV25-1*01,None,TRBJ2-7*01,1
804,CATTPGPAEPEQYF,TRBV25-1*01,None,TRBJ2-7*01,1
805,CATTPGAEEREQYF,TRBV25-1*01,None,TRBJ2-7*01,1
806,CATTPGAAESQHYF,TRBV25-1*01,None,TRBJ2-7*01,1
807,CATTPGAAESEQYF,TRBV15*02,None,TRBJ2-7*01,1
808,CATTPGAAERVKYF,TRBV25-1*01,None,TRBJ2-7*01,1
809,CASTPGATERAQYF,TRBV4-2*02,None,TRBJ2-7*01,1
810,CASTPGAAERVQYF,TRBV28*01,None,TRBJ2-7*01,1
811,CASTPGATERAQYF,TRBV13*02,None,TRBJ2-7*01,1
812,CASNPGAAERELYF,TRBV25-1*01,None,TRBJ2-7*01,1
813,CASNPGAAERDQYF,TRBV25-1*01,None,TRBJ2-7*01,1
814,CASNPEAAGREQHF,TRBV25-1*01,None,TRBJ2-7*01,1
815,CASNPAPAEREQYF,TRBV25-1*01,None,TRBJ2-7*01,1
816,CASNLRGTRGYGYTF,TRBV27*01,None,TRBJ1-2*01,1
817,CASNHGAAEREQYF,TRBV25-1*01,None,TRBJ2-7*01,1
818,CASMTNLFSYNEQFF,TRBV6-6*05,None,TRBJ2-5*01,1
819,CASMTDLCSYNEQFF,TRBV6-6*03,None,TRBJ2-1*01,1
820,CASLPGAAEREQYF,TRBV25-1*01,None,TRBJ2-7*01,1
821,CASIWDRVPVNSPLHF,TRBV7-8*03,None,TRBJ1-6*01,1
822,CASIPGSAEREQYF,TRBV25-1*01,None,TRBJ2-7*01,1
823,CASIPGATEREQYF,TRBV25-1*01,None,TRBJ2-7*01,1
824,CASIPGASEREQYF,TRBV25-1*01,None,TRBJ2-7*01,1
825,CASIPGAAQREQYF,TRBV25-1*01,None,TRBJ2-7*01,1
826,CASIPGAAERVQYF,TRBV25-1*01,None,TRBJ2-7*01,1
827,CASIPGAAEREKYF,TRBV25-1*01,None,TRBJ2-7*01,1
828,CASNPGAAERELSF,TRBV25-1*01,None,TRBJ2-7*01,1
829,CASNPGAAEREQYF,TRBV6-6*01,None,TRBJ2-7*01,1
830,CASIPGAAEHEQYF,TRBV25-1*01,None,TRBJ2-7*01,1
831,CASNPGAAESEQYF,TRBV25-1*01,None,TRBJ2-7*01,1
832,CASPPGAAERDQYF,TRBV25-1*01,None,TRBJ2-7*01,1
833,CASPPGAAEGEQYF,TRBV25-1*01,None,TRBJ2-7*01,1
834,CASPPGAAECEQYF,TRBV25-1*01,None,TRBJ2-7*01,1
835,CASPPGAAAREQYF,TRBV25-1*01,None,TRBJ2-7*01,1
836,CASPPEAAEREQYF,TRBV25-1*01,None,TRBJ2-7*01,1
837,CASPPAAAEREQYF,TRBV25-1*01,None,TRBJ2-7*01,1
838,CASPHGAAEREQYF,TRBV25-1*01,None,TRBJ2-7*01,1
839,CASPGAAEREQYF,TRBV25-1*01,None,TRBJ2-7*01,1
840,CASPAEAADREQCF,TRBV25-1*01,None,TRBJ2-7*01,1
841,CASNTGAAEREQYF,TRBV25-1*01,None,TRBJ2-7*01,1
842,CASNRGAAEREQYF,TRBV25-1*01,None,TRBJ2-7*01,1
843,CASNPWAAEREQHF,TRBV25-1*01,None,TRBJ2-7*01,1
844,CASNPRAAEREQYF,TRBV25-1*01,None,TRBJ2-7*01,1
845,CASNPGDSELEQYF,TRBV25-1*01,None,TRBJ2-7*01,1
846,CASNPGAEEREQYF,TRBV25-1*01,None,TRBJ2-7*01,1
847,CASIPGAAEREEYF,TRBV25-1*01,None,TRBJ2-7*01,1
848,CASIPGAADREQYF,TRBV25-1*01,None,TRBJ2-7*01,1
849,CARTPGPAERVQYF,TRBV25-1*01,None,TRBJ2-7*01,1
850,CASAPGAAEREEYF,TRBV25-1*01,None,TRBJ2-7*01,1
851,CASAPEAAEREQYF,TRBV25-1*01,None,TRBJ2-7*01,1
852,CASALGAAEREQYF,TRBV25-1*01,None,TRBJ2-7*01,1
853,CASALGAAEREPYF,TRBV28*01,None,TRBJ2-7*01,1
854,CASAAGAAEREQYF,TRBV25-1*01,None,TRBJ2-7*01,1
855,CARTTGAAEREQYF,TRBV25-1*01,None,TRBJ2-7*01,1
856,CARTSEAAEREQYF,TRBV25-1*01,None,TRBJ2-7*01,1
857,CARTRGAAEREQYF,TRBV25-1*01,None,TRBJ2-7*01,1
858,CARTPSAVESHVSF,TRBV25-1*01,None,TRBJ2-7*01,1
859,CARTPRAAGREQYF,TRBV25-1*01,None,TRBJ2-7*01,1
860,CARTPRAAGRELYF,TRBV25-1*01,None,TRBJ2-7*01,1
861,CARTPMAAEREQYF,TRBV25-1*01,None,TRBJ2-7*01,1
862,CARTPGVAEREQYF,TRBV25-1*01,None,TRBJ2-7*01,1
863,CARTPGTAEREQYF,TRBV25-1*01,None,TRBJ2-7*01,1
864,CARTPGSAESQQYF,TRBV25-1*01,None,TRBJ2-7*01,1
865,CARTPGSAERQQYF,TRBV25-1*01,None,TRBJ2-7*01,1
866,CASAPGAAAREQYF,TRBV25-1*01,None,TRBJ2-7*01,1
867,CASAPGAAEREHYF,TRBV25-1*01,None,TRBJ2-7*01,1
868,CASHPGAAEREQYF,TRBV25-1*01,None,TRBJ2-7*01,1
869,CASAPGAAEREKYF,TRBV28*01,None,TRBJ2-7*01,1
870,CASGPGAAEREQYF,TRBV25-1*01,None,TRBJ2-7*01,1
871,CASGLGTLETQYF,TRBV28*01,None,TRBJ2-5*01,1
872,CASGFWTGTGLGYTF,TRBV11-3*03,None,TRBJ1-2*01,1
873,CASATGGAEREQYF,TRBV25-1*01,None,TRBJ2-7*01,1
874,CASATGAAEREQYF,TRBV25-1*01,None,TRBJ2-7*01,1
875,CASASGAAEREQYF,TRBV25-1*01,None,TRBJ2-7*01,1
876,CASAPGAVEREQYF,TRBV25-1*01,None,TRBJ2-7*01,1
877,CASAPGASEREQYF,TRBV25-1*01,None,TRBJ2-7*01,1
878,CASAPGAAVREQYF,TRBV25-1*01,None,TRBJ2-7*01,1
879,CASAPGAAKREQYF,TRBV25-1*01,None,TRBJ2-7*01,1
880,CASAPGAAERKQYF,TRBV25-1*01,None,TRBJ2-7*01,1
881,CASAPGAAERGQYF,TRBV25-1*01,None,TRBJ2-7*01,1
882,CASAPGAAEREQYF,TRBV7-9*05,None,TRBJ2-7*01,1
883,CASAPGAAEREQDF,TRBV25-1*01,None,TRBJ2-7*01,1
884,CASAPGAAERELYF,TRBV25-1*01,None,TRBJ2-7*01,1
885,CASPPGAAEREHYF,TRBV25-1*01,None,TRBJ2-7*01,1
886,CASPPGAAEREKYF,TRBV25-1*01,None,TRBJ2-7*01,1
887,CASPPGAAERGQYF,TRBV25-1*01,None,TRBJ2-7*01,1
888,CASSLRDSYEQYF,TRBV7-8*03,None,TRBJ2-7*01,1
889,CASSLIEEQFF,TRBV28*01,None,TRBJ2-1*01,1
890,CASSLIDEQSF,TRBV28*01,None,TRBJ2-1*01,1
891,CASSLIDEQLF,TRBV6-6*03,None,TRBJ2-1*01,1
892,CASSLIDEQFF,TRBV28*01,None,TRBJ2-3*01,1
893,CASSLIDEQFF,TRBV27*01,None,TRBJ2-1*01,1
894,CASSLGAAEREQYF,TRBV25-1*01,None,TRBJ2-7*01,1
895,CASSLFDEQFF,TRBV28*01,None,TRBJ2-1*01,1
896,CASSHGAAEREQYF,TRBV25-1*01,None,TRBJ2-7*01,1
897,CASSGMEGQGALYGYTF,TRBV28*01,TRBD1*01,TRBJ1-2*01,1
898,CASSGMEGEGALSAYTF,TRBV7-9*03,None,TRBJ1-2*01,1
899,CASSFSVGPTYEQSF,TRBV14*02,None,TRBJ2-7*01,1
900,CASSFSVGPTYELYF,TRBV14*02,None,TRBJ2-7*01,1
901,CASSFSVGPSYEQYF,TRBV14*02,None,TRBJ2-7*01,1
902,CASSFSVAPTYELYF,TRBV14*02,None,TRBJ2-7*01,1
903,CASSFPPRETQYF,TRBV19*03,None,TRBJ2-3*01,1
904,CASSLPGRVEKLFF,TRBV12-4*02,None,TRBJ1-4*01,1
905,CASSLRVSYEQYF,TRBV11-3*02,None,TRBJ2-7*01,1
906,CASPPGAAERVQYF,TRBV25-1*01,None,TRBJ2-7*01,1
907,CASSLRVSYEQYF,TRBV7-8*03,None,TRBJ2-4*01,1
908,CASSPGAAERTQYF,TRBV25-1*01,None,TRBJ2-7*01,1
909,CASSPGAAERKQYF,TRBV27*01,None,TRBJ2-7*01,1
910,CASSPGAAEREQYF,TRBV7-8*03,None,TRBJ2-7*01,1
911,CASSPGAAEREQYF,TRBV5-5*02,None,TRBJ2-7*01,1
912,CASSPGAAEREQYF,TRBV28*01,None,TRBJ2-7*01,1
913,CASSPGAAEREPYF,TRBV25-1*01,None,TRBJ2-7*01,1
914,CASSPGAAERAQYF,TRBV25-1*01,None,TRBJ2-7*01,1
915,CASSPGAAEGGQYF,TRBV25-1*01,None,TRBJ2-7*01,1
916,CASSPGAADREQYF,TRBV25-1*01,None,TRBJ2-7*01,1
917,CASSPGAADREQNF,TRBV25-1*01,None,TRBJ2-7*01,1
918,CASSPAAAERVQYF,TRBV25-1*01,None,TRBJ2-7*01,1
919,CASSLVIWGATGDIQYF,TRBV7-9*04,None,TRBJ2-4*01,1
920,CASSLSRRVEKLFF,TRBV12-4*02,None,TRBJ1-4*01,1
921,CASSLSGRVKKLFF,TRBV12-4*02,None,TRBJ1-4*01,1
922,CASSLSGRVEKLFF,TRBV6-6*03,None,TRBJ1-4*01,1
923,CASSFPPRETLYF,TRBV19*03,None,TRBJ2-5*01,1
924,CASSFPPRATQYF,TRBV19*03,None,TRBJ2-5*01,1
925,CASSFIDDQFF,TRBV28*01,None,TRBJ2-1*01,1
926,CASSDKGGSYNEQFF,TRBV7-3*05,None,TRBJ2-1*01,1
927,CASRLVTLETQYF,TRBV28*01,None,TRBJ2-5*01,1
928,CASRLSGRVENLFF,TRBV12-4*02,None,TRBJ1-4*01,1
929,CASRLGTLGTQYF,TRBV28*01,None,TRBJ2-5*01,1
930,CASRLGTLETRYF,TRBV28*01,None,TRBJ2-5*01,1
931,CASRLGTLEPQYF,TRBV28*01,None,TRBJ2-5*01,1
932,CASPSETQYF,TRBV6-6*05,None,TRBJ2-5*01,1
933,CASPSETKYF,TRBV28*01,None,TRBJ2-5*01,1
934,CASPRETQYF,TRBV28*01,None,TRBJ2-5*01,1
935,CASPPRAAEREQYF,TRBV25-1*01,None,TRBJ2-7*01,1
936,CASPPGYAEREKYF,TRBV25-1*01,None,TRBJ2-7*01,1
937,CASPPGTAVREQYF,TRBV25-1*01,None,TRBJ2-7*01,1
938,CASPPGSAEREQYF,TRBV25-1*01,None,TRBJ2-7*01,1
939,CASPPGPAEREQYF,TRBV25-1*01,None,TRBJ2-7*01,1
940,CASPPGPADREQYF,TRBV25-1*01,None,TRBJ2-7*01,1
941,CASPPGAVEREQYF,TRBV25-1*01,None,TRBJ2-7*01,1
942,CASRPTGHVYGYNF,TRBV27*01,None,TRBJ1-2*01,1
943,CASRPTGHVYGYTF,TRBV14*02,None,TRBJ1-2*01,1
944,CASRRDRWPVNSRHHF,TRBV7-8*01,None,TRBJ1-6*01,1
945,CASRWDRFPVNSTLHF,TRBV7-8*03,None,TRBJ1-6*02,1
946,CASSCWTGTGLGYTF,TRBV7-9*04,None,TRBJ1-2*01,1
947,CASSAWTGSVVGYTF,TRBV7-9*04,None,TRBJ1-2*01,1
948,CASRWSCIPVNSPLHF,TRBV7-8*03,None,TRBJ1-6*01,1
949,CASRWRRFPVNSPLHF,TRBV7-8*02,None,TRBJ1-6*01,1
950,CASRWDRFTVNSPLNF,TRBV5-8*01,None,TRBJ1-6*01,1
951,CASRWDRFQVNSPLHF,TRBV7-8*03,None,TRBJ1-6*01,1
952,CASRWDRFPVNSPLPF,TRBV7-8*03,None,TRBJ1-6*01,1
953,CASRSSVGPTYEQYF,TRBV14*02,None,TRBJ2-7*01,1
954,CASRWDRFPVNSPLHF,TRBV7-8*02,None,TRBJ1-6*01,1
955,CASRWDRFPVNSPLHF,TRBV7-3*05,None,TRBJ1-6*01,1
956,CASRWDRFPVNSPLHF,TRBV11-3*02,None,TRBJ1-6*01,1
957,CASRWDRFPVNAPLHF,TRBV7-8*03,None,TRBJ1-6*01,1
958,CASRWDLFPVNSPLHF,TRBV7-8*03,None,TRBJ1-6*01,1
959,CASRWARFPVNSPLHF,TRBV7-8*03,None,TRBJ1-6*01,1
960,CARTPGSAEREQYF,TRBV25-1*01,None,TRBJ2-7*01,1
961,CARTPGGTERVQYF,TRBV25-1*01,None,TRBJ2-7*01,1
962,CASSPGAAKREQYF,TRBV25-1*01,None,TRBJ2-7*01,1
963,CAITPGAAESHQHF,TRBV25-1*01,None,TRBJ2-7*01,1
964,CAITPGAAERVLYF,TRBV25-1*01,None,TRBJ2-7*01,1
965,CAITPGAAERTQYF,TRBV25-1*01,None,TRBJ2-5*01,1
966,CAITPGAAERHLYF,TRBV25-1*01,None,TRBJ2-7*01,1
967,CAITPGAAEREQYF,TRBV7-9*05,None,TRBJ2-7*01,1
968,CAITPGAAEREQYF,TRBV10-3*01,None,TRBJ2-7*01,1
969,CAITPGAAEREQSF,TRBV25-1*01,None,TRBJ2-7*01,1
970,CAITPGAAEREQFF,TRBV25-1*01,None,TRBJ2-7*01,1
971,CAITPGAAEREKYF,TRBV25-1*01,None,TRBJ2-7*01,1
972,CAITPGAAERDQYF,TRBV10-3*02,None,TRBJ2-7*01,1
973,CAITPGAAELEQYF,TRBV25-1*01,None,TRBJ2-7*01,1
974,CAITPGAAEGEQYF,TRBV25-1*01,None,TRBJ2-7*01,1
975,CAITPGAAECEQYF,TRBV25-1*01,None,TRBJ2-7*01,1
976,CAITHGAAEREQYF,TRBV25-1*01,None,TRBJ2-7*01,1
977,CAINPGAAEREQYF,TRBV25-1*01,None,TRBJ2-7*01,1
978,CAINPGAAELEQYF,TRBV25-1*01,None,TRBJ2-7*01,1
979,CAITPGAAESEQYF,TRBV25-1*01,None,TRBJ2-7*01,1
980,CAITPGAAKREKYF,TRBV25-1*01,None,TRBJ2-7*01,1
981,CAHTPGAAEREQYF,TRBV25-1*01,None,TRBJ2-7*01,1
982,CAITPGAAQREQYF,TRBV25-1*01,None,TRBJ2-7*01,1
983,CAITPSAAERAQYF,TRBV25-1*01,None,TRBJ2-7*01,1
984,CAITPRAAEREQYF,TRBV25-1*01,None,TRBJ2-7*01,1
985,CAITPRAAEHQQYF,TRBV25-1*01,None,TRBJ2-7*01,1
986,CAITPRAAEHEKYF,TRBV25-1*01,None,TRBJ2-7*01,1
987,CAITPRAAEGLQYF,TRBV25-1*01,None,TRBJ2-7*01,1
988,CAITPGSAERERYF,TRBV25-1*01,None,TRBJ2-7*01,1
989,CAITPGPAERVHSF,TRBV25-1*01,None,TRBJ2-7*01,1
990,CAITPGPAEREQYF,TRBV25-1*01,None,TRBJ2-7*01,1
991,CAITPGGTAREQYF,TRBV25-1*01,None,TRBJ2-7*01,1
992,CAITPGGAESEQYF,TRBV25-1*01,None,TRBJ2-7*01,1
993,CAITPGGAEREQSF,TRBV25-1*01,None,TRBJ2-7*01,1
994,CAITPGGAAHALYF,TRBV25-1*01,None,TRBJ2-7*01,1
995,CAITPGATEREQYF,TRBV25-1*01,None,TRBJ2-7*01,1
996,CAITPGATECHQYF,TRBV25-1*01,None,TRBJ2-7*01,1
997,CAITPGAGAREQYF,TRBV25-1*01,None,TRBJ2-7*01,1
998,CAIKPGAAEREQYF,TRBV25-1*01,None,TRBJ2-7*01,1
999,CAGTTGAEEREQYF,TRBV25-1*01,None,TRBJ2-7*01,1
1000,CARTPGGAEREQYF,TRBV25-1*01,None,TRBJ2-7*01,1
1001,CACTPGSAEREQYF,TRBV25-1*01,None,TRBJ2-7*01,1
1002,CACTPGGAEREQYF,TRBV25-1*01,None,TRBJ2-7*01,1
1003,CACTPGDGGREQYF,TRBV25-1*01,None,TRBJ2-7*01,1
1004,CACTPGAVEREQYF,TRBV25-1*01,None,TRBJ2-7*01,1
1005,CACTPGASEREQYF,TRBV25-1*01,None,TRBJ2-7*01,1
1006,CACTPGAAQRQQYF,TRBV25-1*01,None,TRBJ2-7*01,1
1007,CACTPGAAERVQYF,TRBV25-1*01,None,TRBJ2-7*01,1
1008,CACTPGAAERKQYF,TRBV25-1*01,None,TRBJ2-7*01,1
1009,CACTPGAAERELYF,TRBV25-1*01,None,TRBJ2-7*01,1
1010,CACTPGAAEREKNF,TRBV25-1*01,None,TRBJ2-7*01,1
1011,CACTPGAAERAQYF,TRBV25-1*01,None,TRBJ2-7*01,1
1012,CACTAGAAEREQYF,TRBV25-1*01,None,TRBJ2-7*01,1
1013,CACSFFTCWAKYGNTF,TRBV6-9*01,None,TRBJ1-2*01,1
1014,CACPPGAAEREQDF,TRBV25-1*01,None,TRBJ2-7*01,1
1015,CACNPGAAEREHYF,TRBV25-1*01,None,TRBJ2-7*01,1
1016,CACAPGAAEREQYF,TRBV25-1*01,None,TRBJ2-7*01,1
1017,CACTPGPAERYQYF,TRBV25-1*01,None,TRBJ2-7*01,1
1018,CACTPGTVEREQYF,TRBV25-1*01,None,TRBJ2-7*01,1
1019,CAGTPRGAEREQYF,TRBV27*01,None,TRBJ2-7*01,1
1020,CACTPVAAEREQYF,TRBV25-1*01,None,TRBJ2-7*01,1
1021,CAGTPRAEERELYF,TRBV25-1*01,None,TRBJ2-7*01,1
1022,CAGTPGGVERVQYF,TRBV25-1*01,None,TRBJ2-7*01,1
1023,CAGTPGDAEREQYF,TRBV25-1*01,None,TRBJ2-7*01,1
1024,CAGTPGDAEGEQYF,TRBV25-1*01,None,TRBJ2-7*01,1
1025,CAGTPGAGERAQYF,TRBV25-1*01,None,TRBJ2-7*01,1
1026,CAGTPGAAKREQYF,TRBV25-1*01,None,TRBJ2-7*01,1
1027,CAGTPGAAESEQYF,TRBV25-1*01,None,TRBJ2-7*01,1
1028,CAGTPGAAEREQYF,TRBV27*01,None,TRBJ2-7*01,1
1029,CAGTPGAAEREPYF,TRBV25-1*01,None,TRBJ2-7*01,1
1030,CAGTPGAAECEQYF,TRBV25-1*01,None,TRBJ2-7*01,1
1031,CAGSYKGGSYNEQFF,TRBV7-3*05,None,TRBJ2-1*01,1
1032,CAGNPGAAEREQYF,TRBV25-1*01,None,TRBJ2-7*01,1
1033,CAGIPMAAAREQYF,TRBV25-1*01,None,TRBJ2-7*01,1
1034,CAFTPRAAEREQYF,TRBV25-1*01,None,TRBJ2-7*01,1
1035,CADTPGAEEREQYF,TRBV25-1*01,None,TRBJ2-7*01,1
1036,CAITPWAAECEQYF,TRBV25-1*01,None,TRBJ2-7*01,1
1037,CAITPWAAEHEQYF,TRBV25-1*01,None,TRBJ2-7*01,1
1038,CAITSGAAEREQYF,TRBV25-1*01,None,TRBJ2-7*01,1
1039,CARTPGAAEREQYF,TRBV28*01,None,TRBJ2-7*01,1
1040,CARTPGAAERAQYF,TRBV25-1*01,None,TRBJ2-7*01,1
1041,CARTPGAAEPELYF,TRBV25-1*01,None,TRBJ2-7*01,1
1042,CARTPGAADSEQYF,TRBV25-1*01,None,TRBJ2-7*01,1
1043,CARTPGAAAREQCF,TRBV25-1*01,None,TRBJ2-7*01,1
1044,CARTPEAAVREQYF,TRBV5-3*01,None,TRBJ2-7*01,1
1045,CARTPEAAEREQYF,TRBV25-1*01,None,TRBJ2-7*01,1
1046,CARTPAAAEDEQYF,TRBV7-1*01,None,TRBJ2-7*01,1
1047,CARTPAAAAREQYF,TRBV25-1*01,None,TRBJ2-7*01,1
1048,CARTAGAAEREQYF,TRBV25-1*01,None,TRBJ2-7*01,1
1049,CARSLSGRVGKLFF,TRBV12-4*02,None,TRBJ1-4*01,1
1050,CARSFIHSQSF,TRBV28*01,None,TRBJ2-1*01,1
1051,CARPTGAAEREQYF,TRBV25-1*01,None,TRBJ2-7*01,1
1052,CARPPGAAEREHYF,TRBV25-1*01,None,TRBJ2-7*01,1
1053,CARNPGTAEREQYF,TRBV25-1*01,None,TRBJ2-7*01,1
1054,CARNPGAAEREQYF,TRBV25-1*01,None,TRBJ2-7*01,1
1055,CARTPGAAEREPYF,TRBV25-1*01,None,TRBJ2-7*01,1
1056,CARTPGAAEREQYF,TRBV4-2*02,None,TRBJ2-7*01,1
1057,CAITSWAAEREQYF,TRBV25-1*01,None,TRBJ2-7*01,1
1058,CARTPGAAEREQYF,TRBV5-8*02,None,TRBJ2-7*01,1
1059,CARTPGDTERGQYF,TRBV25-1*01,None,TRBJ2-7*01,1
1060,CARTPGATEREQYF,TRBV25-1*01,None,TRBJ2-7*01,1
1061,CARTPGAGEREQYF,TRBV25-1*01,None,TRBJ2-7*01,1
1062,CARTPGAEEREQYF,TRBV25-1*01,None,TRBJ2-7*01,1
1063,CARTPGAAYREQYF,TRBV25-1*01,None,TRBJ2-7*01,1
1064,CARTPGAAQREQYF,TRBV25-1*01,None,TRBJ2-7*01,1
1065,CARTPGAAQPEEYF,TRBV25-1*01,None,TRBJ2-7*01,1
1066,CARTPGAAKREQYF,TRBV25-1*01,None,TRBJ2-7*01,1
1067,CARTPGAAGRELYF,TRBV25-1*01,None,TRBJ2-7*01,1
1068,CARTPGAAESQQYF,TRBV25-1*01,None,TRBJ2-7*01,1
1069,CARTPGAAERVLYF,TRBV25-1*01,None,TRBJ2-7*01,1
1070,CARTPGAAERQQYF,TRBV25-1*01,None,TRBJ2-7*01,1
1071,CARTPGAAERLHYF,TRBV25-1*01,None,TRBJ2-7*01,1
1072,CARTPGAAERHQHF,TRBV25-1*01,None,TRBJ2-7*01,1
1073,CARTPGAAERERYF,TRBV25-1*01,None,TRBJ2-7*01,1
1074,CARLPGAAEREQYF,TRBV25-1*01,None,TRBJ2-7*01,1
1075,CARKPGAEEREQYF,TRBV25-1*01,None,TRBJ2-7*01,1
1076,CARAPGAAEREQNF,TRBV25-1*01,None,TRBJ2-7*01,1
1077,CARAHGAAEREQYF,TRBV7-8*03,None,TRBJ1-6*01,1
1078,CANTPGAAEGVKYF,TRBV25-1*01,None,TRBJ2-7*01,1
1079,CANTPAAAEREQYF,TRBV25-1*01,None,TRBJ2-7*01,1
1080,CANTPAAAELEQYF,TRBV25-1*01,None,TRBJ2-7*01,1
1081,CANTLGAAEREQYF,TRBV25-1*01,None,TRBJ2-7*01,1
1082,CANIPVAAEREQYF,TRBV25-1*01,None,TRBJ2-7*01,1
1083,CANIPGAAEREQYF,TRBV25-1*01,None,TRBJ2-7*01,1
1084,CANAPGAAEREQYF,TRBV25-1*01,None,TRBJ2-7*01,1
1085,CAMTPGAAEREQYF,TRBV25-1*01,None,TRBJ2-7*01,1
1086,CALTPGSAEREQYF,TRBV25-1*01,None,TRBJ2-7*01,1
1087,CALTPGAAEGKQYF,TRBV25-1*01,None,TRBJ2-7*01,1
1088,CALSLPGSASKIIF,TRBV12-4*02,None,TRBJ1-1*01,1
1089,CALSESGSASKIIF,TRBV12-4*02,None,TRBJ1-1*01,1
1090,CALIPGAASREQYF,TRBV25-1*01,None,TRBJ2-7*01,1
1091,CAKTPGAAEREQYF,TRBV25-1*01,None,TRBJ2-7*01,1
1092,CAITTGGAEPVLYF,TRBV25-1*01,None,TRBJ2-7*01,1
1093,CANTPGAAEHEQYF,TRBV25-1*01,None,TRBJ2-7*01,1
1094,CANTPGAAELEQYF,TRBV25-1*01,None,TRBJ2-7*01,1
1095,CANTPGAAERAQYF,TRBV25-1*01,None,TRBJ2-7*01,1
1096,CANTPGAAQRELSF,TRBV25-1*01,None,TRBJ2-7*01,1
1097,CANTPGSAEREQYF,TRBV25-1*01,None,TRBJ2-7*01,1
1098,CANTPGPAEGEKYF,TRBV25-1*01,None,TRBJ2-7*01,1
1099,CANTPGIAEREQYF,TRBV25-1*01,None,TRBJ2-7*01,1
1100,CANTPGGAEREQYF,TRBV25-1*01,None,TRBJ2-7*01,1
1101,CANTPGATEREQYF,TRBV25-1*01,None,TRBJ2-7*01,1
1102,CANTPGAEEREQYF,TRBV25-1*01,None,TRBJ2-7*01,1
1103,CANTPGAAGPEFYF,TRBV25-1*01,None,TRBJ2-7*01,1
1104,CANTPGAAERDQYF,TRBV25-1*01,None,TRBJ2-7*01,1
1105,CANTPGAAEREQYF,TRBV27*01,None,TRBJ2-7*01,1
1106,CANTPGAAEREQNF,TRBV25-1*01,None,TRBJ2-7*01,1
1107,CANTPGAAEREQHF,TRBV25-1*01,None,TRBJ2-7*01,1
1108,CANTPGAAERELYF,TRBV25-1*01,None,TRBJ2-7*01,1
1109,CANTPGAAEREKYF,TRBV25-1*01,None,TRBJ2-7*01,1
1110,CANTPGAAEREKFF,TRBV25-1*01,None,TRBJ2-7*01,1
1111,CASSPGAAGREQYF,TRBV25-1*01,None,TRBJ2-7*01,1
1112,CASSPGAATSVQYF,TRBV25-1*01,None,TRBJ2-7*01,1
1113,CASTPGATEPEQYF,TRBV25-1*01,None,TRBJ2-7*01,1
1114,CASTPGAAEREQYF,TRBV7-7*01,None,TRBJ2-7*01,1
1115,CASTPGAAEREQYF,TRBV7-2*04,None,TRBJ2-7*01,1
1116,CASTPGAAEREQYF,TRBV5-5*03,None,TRBJ2-7*01,1
1117,CASTPGAAEREQYF,TRBV4-3*04,None,TRBJ2-7*01,1
1118,CASTPGAAEREQYF,TRBV25-1*01,None,TRBJ2-6*01,1
1119,CASTPGAAEREQYF,TRBV25-1*01,None,TRBJ2-1*01,1
1120,CASTPGAAEREQYF,TRBV25-1*01,None,TRBJ1-6*01,1
1121,CASTPGAAEREQYF,TRBV25-1*01,None,TRBJ1-2*01,1
1122,CASTPGAAEREQYF,TRBV12-4*01,None,TRBJ2-7*01,1
1123,CASTPGAAEREQHF,TRBV28*01,None,TRBJ2-7*01,1
1124,CASTPGAAEREQHF,TRBV27*01,None,TRBJ2-7*01,1
1125,CASTPGAAEREQEF,TRBV25-1*01,None,TRBJ2-7*01,1
1126,CASTPGAAEREQCF,TRBV28*01,None,TRBJ2-7*01,1
1127,CASTPGAAEREPYF,TRBV28*01,None,TRBJ2-7*01,1
1128,CASTPGAAEREMYF,TRBV25-1*01,None,TRBJ2-7*01,1
1129,CASTPGAAERELCF,TRBV25-1*01,None,TRBJ2-7*01,1
1130,CASTPGAAEREQYF,TRBV7-3*04,None,TRBJ2-7*01,1
1131,CASTPGAAEREQYF,TRBV9*02,None,TRBJ2-7*01,1
1132,CASTPGAAEREKSF,TRBV25-1*01,None,TRBJ2-7*01,1
1133,CASTPGAAERERYF,TRBV27*01,None,TRBJ2-7*01,1
1134,CASTPGAAERVQYF,TRBV7-9*05,None,TRBJ2-7*01,1
1135,CAATPGPAGREHYF,TRBV25-1*01,None,TRBJ2-7*01,1
1136,CASTPGAAERVPYF,TRBV25-1*01,None,TRBJ2-7*01,1
1137,CASTPGAAERVPCF,TRBV25-1*01,None,TRBJ2-7*01,1
1138,CASTPGAAERSQYF,TRBV25-1*01,None,TRBJ2-7*01,1
1139,CASTPGAAERRQYF,TRBV4-2*02,None,TRBJ2-7*01,1
1140,CASTPGAAERQQSF,TRBV25-1*01,None,TRBJ2-7*01,1
1141,CASTPGAAERLLYF,TRBV25-1*01,None,TRBJ2-7*01,1
1142,CASTPGAAERKKYF,TRBV25-1*01,None,TRBJ2-7*01,1
1143,CASTPGAAERHLYF,TRBV25-1*01,None,TRBJ2-7*01,1
1144,CASTPGAAERGQYF,TRBV13*01,None,TRBJ2-7*01,1
1145,CASTPGAAERGHYF,TRBV25-1*01,None,TRBJ2-7*01,1
1146,CASTPGAAEREYYF,TRBV25-1*01,None,TRBJ2-7*01,1
1147,CASTPGAAEREWYF,TRBV25-1*01,None,TRBJ2-7*01,1
1148,CASTPGAAERETYF,TRBV25-1*01,None,TRBJ2-7*01,1
1149,CASTPGAAEREKYF,TRBV7-9*05,None,TRBJ2-7*01,1
1150,CASTPGAAEREKHF,TRBV4-2*02,None,TRBJ2-7*01,1
1151,CASTPGAAEHEPYF,TRBV25-1*01,None,TRBJ2-7*01,1
1152,CASTPGAAEPQLSF,TRBV25-1*01,None,TRBJ2-7*01,1
1153,CASTPGAAEPEQYF,TRBV6-5*01,None,TRBJ2-7*01,1
1154,CASTPGAAEPEQCF,TRBV25-1*01,None,TRBJ2-7*01,1
1155,CASTPGAAEPELYF,TRBV25-1*01,None,TRBJ2-7*01,1
1156,CASTPGAAEPELCF,TRBV25-1*01,None,TRBJ2-7*01,1
1157,CASTPGAAEPEHYF,TRBV2*02,None,TRBJ2-7*01,1
1158,CASTPGAAELQQYF,TRBV25-1*01,None,TRBJ2-7*01,1
1159,CASTPGAAELEQYF,TRBV7-9*05,None,TRBJ2-7*01,1
1160,CASTPGAAELEQDF,TRBV25-1*01,None,TRBJ2-7*01,1
1161,CASTPGAAELEQCF,TRBV25-1*01,None,TRBJ2-7*01,1
1162,CASTPGAAELEKYF,TRBV25-1*01,None,TRBJ2-7*01,1
1163,CASTPGAAEHKQYF,TRBV25-1*01,None,TRBJ2-7*01,1
1164,CASTPGAAEHGQYF,TRBV25-1*01,None,TRBJ2-7*01,1
1165,CASTPGAAEHERYF,TRBV25-1*01,None,TRBJ2-7*01,1
1166,CASTPGAAEHEQYF,TRBV7-9*06,None,TRBJ2-7*01,1
1167,CASTPGAAEHEQYF,TRBV28*01,None,TRBJ2-7*01,1
1168,CASTPGAAEPKQCF,TRBV25-1*01,None,TRBJ2-7*01,1
1169,CASTPGAAEPVLSF,TRBV25-1*01,None,TRBJ2-7*01,1
1170,CASTPGAAEREKDF,TRBV25-1*01,None,TRBJ2-7*01,1
1171,CASTPGAAEPVLYF,TRBV25-1*01,None,TRBJ2-7*01,1
1172,CASTPGAAEREHYF,TRBV6-6*05,None,TRBJ2-7*01,1
1173,CASTPGAAEREHYF,TRBV4-2*02,None,TRBJ2-7*01,1
1174,CASTPGAAEREHNF,TRBV25-1*01,None,TRBJ2-7*01,1
1175,CASTPGAAEREHF,TRBV25-1*01,None,TRBJ2-7*01,1
1176,CASTPGAAEREHDF,TRBV25-1*01,None,TRBJ2-7*01,1
1177,CASTPGAAEREGYF,TRBV25-1*01,None,TRBJ2-7*01,1
1178,CASTPGAAEREECF,TRBV25-1*01,None,TRBJ2-7*01,1
1179,CASTPGAAEREAFF,TRBV25-1*01,None,TRBJ2-7*01,1
1180,CASTPGAAERDPYF,TRBV25-1*01,None,TRBJ2-7*01,1
1181,CASTPGAAERATYF,TRBV25-1*01,None,TRBJ2-7*01,1
1182,CASTPGAAERAQYF,TRBV6-6*05,None,TRBJ2-7*01,1
1183,CASTPGAAERAQYF,TRBV25-1*01,None,TRBJ1-1*01,1
1184,CASTPGAAERAQHF,TRBV25-1*01,None,TRBJ2-7*01,1
1185,CASTPGAAERAKDF,TRBV25-1*01,None,TRBJ2-7*01,1
1186,CASTPGAAEQEQYF,TRBV25-1*01,None,TRBJ2-7*01,1
1187,CASTPGAAERWQYF,TRBV25-1*01,None,TRBJ2-7*01,1
1188,CASTPGAAERYQYF,TRBV25-1*01,None,TRBJ2-7*01,1
1189,CASTPGAAESEKCF,TRBV25-1*01,None,TRBJ2-7*01,1
1190,CASTPGAGEREQNF,TRBV25-1*01,None,TRBJ2-7*01,1
1191,CASTPGAGECEQYF,TRBV25-1*01,None,TRBJ2-7*01,1
1192,CASTPGAGAREQHF,TRBV25-1*01,None,TRBJ2-7*01,1
1193,CASTPGAEESEQYF,TRBV25-1*01,None,TRBJ2-7*01,1
1194,CASTPGAEERGQYF,TRBV25-1*01,None,TRBJ2-7*01,1
1195,CASTPGAEERERYF,TRBV25-1*01,None,TRBJ2-7*01,1
1196,CASTPGAEEREQYF,TRBV4-2*02,None,TRBJ2-7*01,1
1197,CASTPGAEEREQDF,TRBV25-1*01,None,TRBJ2-7*01,1
1198,CASTPGAEERDQYF,TRBV25-1*01,None,TRBJ2-7*01,1
1199,CASTPGAEERAQYF,TRBV25-1*01,None,TRBJ2-7*01,1
1200,CASTPGAEEPEQYF,TRBV25-1*01,None,TRBJ2-7*01,1
1201,CASTPGAAYSEQYF,TRBV25-1*01,None,TRBJ2-1*01,1
1202,CASTPGAAVRVQYF,TRBV25-1*01,None,TRBJ2-7*01,1
1203,CASTPGAAVRGQYF,TRBV25-1*01,None,TRBJ2-7*01,1
1204,CASTPGAAVLEQYF,TRBV25-1*01,None,TRBJ2-7*01,1
1205,CASTPGAARRKQYF,TRBV25-1*01,None,TRBJ2-7*01,1
1206,CASTPGAGEGAQYF,TRBV25-1*01,None,TRBJ2-7*01,1
1207,CASTPGAGERGQYF,TRBV25-1*01,None,TRBJ2-7*01,1
1208,CASTPGAAESEPYF,TRBV25-1*01,None,TRBJ2-7*01,1
1209,CASTPGAGERVQYF,TRBV25-1*01,None,TRBJ2-7*01,1
1210,CASTPGATEPELYF,TRBV25-1*01,None,TRBJ2-7*01,1
1211,CASTPGATELEQDF,TRBV25-1*01,None,TRBJ2-7*01,1
1212,CASTPGATECELYF,TRBV25-1*01,None,TRBJ2-7*01,1
1213,CASTPGASESEQYF,TRBV25-1*01,None,TRBJ2-7*01,1
1214,CASTPGASEREQYF,TRBV7-9*05,None,TRBJ2-7*01,1
1215,CASTPGASEREQHF,TRBV25-1*01,None,TRBJ2-7*01,1
1216,CASTPGASEREKYF,TRBV25-1*01,None,TRBJ2-7*01,1
1217,CASTPGASERAQYF,TRBV25-1*01,None,TRBJ2-7*01,1
1218,CASTPGASAREQYF,TRBV25-1*01,None,TRBJ2-7*01,1
1219,CASTPGAPKREQCF,TRBV25-1*01,None,TRBJ2-7*01,1
1220,CASTPGAPEREHYF,TRBV25-1*01,None,TRBJ2-7*01,1
1221,CASTPGALEEEQYF,TRBV25-1*01,None,TRBJ2-7*01,1
1222,CASTPGAKEREQYF,TRBV25-1*01,None,TRBJ2-7*01,1
1223,CASTPGAGKREQYF,TRBV25-1*01,None,TRBJ2-7*01,1
1224,CASTPGAGESEQYF,TRBV25-1*01,None,TRBJ2-7*01,1
1225,CASTPGAARREQYF,TRBV25-1*01,None,TRBJ2-7*01,1
1226,CASTPGAAQREQHF,TRBV25-1*01,None,TRBJ2-7*01,1
1227,CASTPGAAQHDQYF,TRBV25-1*01,None,TRBJ2-7*01,1
1228,CASTPGAANRVTYF,TRBV25-1*01,None,TRBJ2-7*01,1
1229,CASTPGAAGRAKYF,TRBV25-1*01,None,TRBJ2-7*01,1
1230,CASTPGAAEVEQYF,TRBV25-1*01,None,TRBJ2-7*01,1
1231,CASTPGAAETQQYF,TRBV25-1*01,None,TRBJ2-7*01,1
1232,CASTPGAAETEQYF,TRBV25-1*01,None,TRBJ2-7*01,1
1233,CASTPGAAESVQYF,TRBV25-1*01,None,TRBJ2-7*01,1
1234,CASTPGAAESQLYF,TRBV25-1*01,None,TRBJ2-7*01,1
1235,CASTPGAAESNQYF,TRBV4-2*02,None,TRBJ2-7*01,1
1236,CASTPGAAESKQYF,TRBV25-1*01,None,TRBJ2-7*01,1
1237,CASTPGAAESHQYF,TRBV25-1*01,None,TRBJ2-7*01,1
1238,CASTPGAAESHLSF,TRBV25-1*01,None,TRBJ2-7*01,1
1239,CASTPGAAESERYF,TRBV25-1*01,None,TRBJ2-7*01,1
1240,CASTPGAAESEQYF,TRBV4-2*02,None,TRBJ2-7*01,1
1241,CASTPGAAESEQYF,TRBV25-1*01,None,TRBJ2-6*01,1
1242,CASTPGAAESEQSF,TRBV25-1*01,None,TRBJ2-7*01,1
1243,CASTPGAAESEQNF,TRBV27*01,None,TRBJ2-7*01,1
1244,CASTPGAAGRDQSF,TRBV25-1*01,None,TRBJ2-7*01,1
1245,CASTPGAAGRDQYF,TRBV25-1*01,None,TRBJ2-7*01,1
1246,CASTPGAAGREEYF,TRBV7-9*05,None,TRBJ2-7*01,1
1247,CASTPGAAHREEYF,TRBV25-1*01,None,TRBJ2-7*01,1
1248,CASTPGAALPLLYF,TRBV25-1*01,None,TRBJ2-7*01,1
1249,CASTPGAAKSDQYF,TRBV25-1*01,None,TRBJ2-7*01,1
1250,CASTPGAAKRVQYF,TRBV25-1*01,None,TRBJ2-7*01,1
1251,CASTPGAAKRQQYF,TRBV25-1*01,None,TRBJ2-7*01,1
1252,CASTPGAAKRAHNF,TRBV25-1*01,None,TRBJ2-7*01,1
1253,CASTPGAAKCQQYF,TRBV25-1*01,None,TRBJ2-7*01,1
1254,CASTPGAAGRTKYF,TRBV25-1*01,None,TRBJ2-7*01,1
1255,CASTPGAAGREQCF,TRBV25-1*01,None,TRBJ2-7*01,1
1256,CASTPGAAGRKQYF,TRBV25-1*01,None,TRBJ2-7*01,1
1257,CASTPGAAGRHQYF,TRBV25-1*01,None,TRBJ2-7*01,1
1258,CASTPGAAGRGQYF,TRBV25-1*01,None,TRBJ2-7*01,1
1259,CASTPGAAGRERYF,TRBV25-1*01,None,TRBJ2-7*01,1
1260,CASTPGAAGREQYF,TRBV7-9*05,None,TRBJ2-7*01,1
1261,CASTPGAAGREQYF,TRBV7-1*01,None,TRBJ2-7*01,1
1262,CASTPGAAEHEQYF,TRBV25-1*01,None,TRBJ1-6*01,1
1263,CASTPGAAEHEHYF,TRBV25-1*01,None,TRBJ2-7*01,1
1264,CASSPGAAVHEQYF,TRBV25-1*01,None,TRBJ2-7*01,1
1265,CASTHWAAEREQYF,TRBV25-1*01,None,TRBJ2-7*01,1
1266,CASTHSAAERELYF,TRBV25-1*01,None,TRBJ2-7*01,1
1267,CASTHGVAEREQYF,TRBV25-1*01,None,TRBJ2-7*01,1
1268,CASTHGSAEREQYF,TRBV25-1*01,None,TRBJ2-7*01,1
1269,CASTHGAEESEQYF,TRBV25-1*01,None,TRBJ2-7*01,1
1270,CASTHGAAESEQYF,TRBV25-1*01,None,TRBJ2-7*01,1
1271,CASTHGAAEREQYF,TRBV4-2*02,None,TRBJ2-7*01,1
1272,CASTHGAAEREQYF,TRBV2*02,None,TRBJ2-7*01,1
1273,CASTHGAAERELYF,TRBV25-1*01,None,TRBJ2-7*01,1
1274,CASTHGAAERDQYF,TRBV25-1*01,None,TRBJ2-7*01,1
1275,CASTHGAAERAQDF,TRBV25-1*01,None,TRBJ2-7*01,1
1276,CASTHGAAERAKYF,TRBV25-1*01,None,TRBJ2-7*01,1
1277,CASTHGAADCEQFF,TRBV25-1*01,None,TRBJ2-7*01,1
1278,CASTHAAAEREQYF,TRBV25-1*01,None,TRBJ2-7*01,1
1279,CASTGSAEREQYF,TRBV25-1*01,None,TRBJ2-7*01,1
1280,CASTAWAAEREKYF,TRBV25-1*01,None,TRBJ2-7*01,1
1281,CASTHTAAEREPYF,TRBV25-1*01,None,TRBJ2-7*01,1
1282,CASTLGAAAREHYF,TRBV25-1*01,None,TRBJ2-7*01,1
1283,CASTARPGEREQYF,TRBV25-1*01,None,TRBJ2-7*01,1
1284,CASTLGAAECEQYF,TRBV25-1*01,None,TRBJ2-7*01,1
1285,CASTPAAAASEQYF,TRBV25-1*01,None,TRBJ2-7*01,1
1286,CASTPAAAAREQYF,TRBV25-1*01,None,TRBJ2-7*01,1
1287,CASTPAAAAREPYF,TRBV25-1*01,None,TRBJ2-7*01,1
1288,CASTLWAAEREQYF,TRBV25-1*01,None,TRBJ2-7*01,1
1289,CASTLRAAEGEQYF,TRBV25-1*01,None,TRBJ2-7*01,1
1290,CASTLGVAEREQYF,TRBV25-1*01,None,TRBJ2-7*01,1
1291,CASTLGATEREQYF,TRBV25-1*01,None,TRBJ2-7*01,1
1292,CASTLGAAESEQYF,TRBV25-1*01,None,TRBJ2-7*01,1
1293,CASTLGAAEREQYF,TRBV7-4*01,None,TRBJ2-7*01,1
1294,CASTLGAAEREQSF,TRBV25-1*01,None,TRBJ2-7*01,1
1295,CASTLGAAEREQHF,TRBV25-1*01,None,TRBJ2-7*01,1
1296,CASTLGAAEREKYF,TRBV25-1*01,None,TRBJ2-7*01,1
1297,CASTLGAAERDQYF,TRBV25-1*01,None,TRBJ2-7*01,1
1298,CASTLGAAEPEQYF,TRBV28*01,None,TRBJ2-7*01,1
1299,CASTLGAAEPEQYF,TRBV25-1*01,None,TRBJ2-7*01,1
1300,CASTAVAAEREQYF,TRBV6-3*01,None,TRBJ2-7*01,1
1301,CASTARPAEREQYF,TRBV25-1*01,None,TRBJ2-7*01,1
1302,CASTPGAAEGTQYF,TRBV25-1*01,None,TRBJ2-7*01,1
1303,CASSSWTGTGLSYTF,TRBV7-9*04,None,TRBJ1-2*01,1
1304,CASSSWTGTGLGFTF,TRBV7-9*04,None,TRBJ1-2*01,1
1305,CASSRQGANEQYF,TRBV6-6*04,TRBD1*01,TRBJ2-7*01,1
1306,CASSPWAAEHAHYF,TRBV25-1*01,None,TRBJ2-7*01,1
1307,CASSPTGYVYGYTF,TRBV27*01,None,TRBJ1-2*01,1
1308,CASSPRAVQGEQYF,TRBV25-1*01,None,TRBJ2-7*01,1
1309,CASSPRAAEREQYF,TRBV25-1*01,None,TRBJ2-7*01,1
1310,CASSPRAAEREKYF,TRBV25-1*01,None,TRBJ2-7*01,1
1311,CASSPRAAAREQYF,TRBV25-1*01,None,TRBJ2-7*01,1
1312,CASSPGSAEREQYF,TRBV25-1*01,None,TRBJ2-7*01,1
1313,CASSPGSAEREPYF,TRBV25-1*01,None,TRBJ2-7*01,1
1314,CASSPGGAEREQYF,TRBV25-1*01,None,TRBJ2-7*01,1
1315,CASSPGEAEREQYF,TRBV25-1*01,None,TRBJ2-7*01,1
1316,CASSPGDAEREQYF,TRBV25-1*01,None,TRBJ2-7*01,1
1317,CASSPGAVERGQYF,TRBV25-1*01,None,TRBJ1-6*01,1
1318,CASSPGAPEREQCF,TRBV25-1*01,None,TRBJ2-7*01,1
1319,CASSSWTGTGLGYTF,TRBV7-8*03,None,TRBJ1-2*01,1
1320,CASSSWTGTGWGYTF,TRBV7-9*04,None,TRBJ1-2*01,1
1321,CASTAGGAERDQYF,TRBV25-1*01,None,TRBJ2-7*01,1
1322,CASSTGSEQYF,TRBV6-6*03,None,TRBJ2-7*01,1
1323,CASTAGDAEREQYF,TRBV25-1*01,None,TRBJ2-7*01,1
1324,CASTAGAVEREQYF,TRBV25-1*01,None,TRBJ2-7*01,1
1325,CASTAGAAQRDQYF,TRBV25-1*01,None,TRBJ2-7*01,1
1326,CASTAGAAESEQYF,TRBV25-1*01,None,TRBJ2-7*01,1
1327,CASTAGAAERRQYF,TRBV25-1*01,None,TRBJ2-7*01,1
1328,CASTAGAAERQQYF,TRBV25-1*01,None,TRBJ2-7*01,1
1329,CASTAGAAEREQYF,TRBV4-2*02,None,TRBJ2-7*01,1
1330,CASTAGAAEREKYF,TRBV25-1*01,None,TRBJ2-7*01,1
1331,CASTAGAAEPEQYF,TRBV25-1*01,None,TRBJ2-7*01,1
1332,CASTAGAAAREQYF,TRBV25-1*01,None,TRBJ2-7*01,1
1333,CASTAGAAAREMYF,TRBV25-1*01,None,TRBJ2-7*01,1
1334,CASSYKGGYYNEQFF,TRBV7-3*05,None,TRBJ2-5*01,1
1335,CASSYKGGSYNEQFF,TRBV6-6*05,None,TRBJ2-1*01,1
1336,CASSYKGCSYNEQFF,TRBV7-3*05,None,TRBJ2-1*01,1
1337,CASSTWTGTGLGYTF,TRBV4-3*02,None,TRBJ1-2*01,1
1338,CASTPAAAERDLYF,TRBV25-1*01,None,TRBJ2-7*01,1
1339,CASTPAAAERELYF,TRBV25-1*01,None,TRBJ2-7*01,1
1340,CASTPAAAEREQCF,TRBV27*01,None,TRBJ2-7*01,1
1341,CASTPGAADREPYF,TRBV25-1*01,None,TRBJ2-7*01,1
1342,CASTPGAADRDQYF,TRBV25-1*01,None,TRBJ2-7*01,1
1343,CASTPGAADLQQYF,TRBV25-1*01,None,TRBJ2-7*01,1
1344,CASTPGAAARQQYF,TRBV25-1*01,None,TRBJ2-7*01,1
1345,CASTPGAAAREQYF,TRBV4-2*02,None,TRBJ2-7*01,1
1346,CASTPGAAARDQYF,TRBV25-1*01,None,TRBJ2-7*01,1
1347,CASTPGAAARDLYF,TRBV25-1*01,None,TRBJ2-7*01,1
1348,CASTPGAAARDKYF,TRBV25-1*01,None,TRBJ2-7*01,1
1349,CASTPGAAARAAYF,TRBV25-1*01,None,TRBJ2-7*01,1
1350,CASTPGAAAPQLYF,TRBV25-1*01,None,TRBJ2-7*01,1
1351,CASTPGAAAPEQYF,TRBV25-1*01,None,TRBJ2-7*01,1
1352,CASTPGAAALEQYF,TRBV25-1*01,None,TRBJ2-7*01,1
1353,CASTPGAAAGEQYF,TRBV4-3*04,None,TRBJ2-7*01,1
1354,CASTPEVAEREQYF,TRBV25-1*01,None,TRBJ2-7*01,1
1355,CASTPESAEREQYF,TRBV25-1*01,None,TRBJ2-7*01,1
1356,CASTPEHAEREQYF,TRBV25-1*01,None,TRBJ2-7*01,1
1357,CASTPGAADREEYF,TRBV25-1*01,None,TRBJ2-7*01,1
1358,CASTPGAADREQYF,TRBV6-6*05,None,TRBJ2-7*01,1
1359,CASTPAAAEREQHF,TRBV25-1*01,None,TRBJ2-7*01,1
1360,CASTPGAAEAEKCF,TRBV25-1*01,None,TRBJ2-7*01,1
1361,CASTPGAAEGQQYF,TRBV25-1*01,None,TRBJ2-7*01,1
1362,CASTPGAAEGKLYF,TRBV25-1*01,None,TRBJ2-7*01,1
1363,CASTPGAAEGKLCF,TRBV25-1*01,None,TRBJ1-6*01,1
1364,CASTPGAAEGEQYF,TRBV7-9*05,None,TRBJ2-7*01,1
1365,CASTPGAAEGEQYF,TRBV4-2*02,None,TRBJ2-7*01,1
1366,CASTPGAAEGEQSF,TRBV25-1*01,None,TRBJ2-7*01,1
1367,CASTPGAAEGEEYF,TRBV25-1*01,None,TRBJ2-7*01,1
1368,CASTPGAAECQQYF,TRBV25-1*01,None,TRBJ2-7*01,1
1369,CASTPGAAECKQYF,TRBV25-1*01,None,TRBJ2-7*01,1
1370,CASTPGAAECGQYF,TRBV25-1*01,None,TRBJ2-7*01,1
1371,CASTPGAAECERYF,TRBV25-1*01,None,TRBJ2-7*01,1
1372,CASTPGAAECEQHF,TRBV25-1*01,None,TRBJ2-7*01,1
1373,CASTPGAAECEHYF,TRBV25-1*01,None,TRBJ2-7*01,1
1374,CASTPGAAECDQYF,TRBV25-1*01,None,TRBJ2-7*01,1
1375,CASTPGAAEAEQYF,TRBV28*01,None,TRBJ2-7*01,1
1376,CASTPEAVEREQYF,TRBV25-1*01,None,TRBJ2-7*01,1
1377,CASTPEATERDQYF,TRBV25-1*01,None,TRBJ2-7*01,1
1378,CASTPEASQRKQYF,TRBV25-1*01,None,TRBJ2-7*01,1
1379,CASTPEASEREQYF,TRBV25-1*01,None,TRBJ2-7*01,1
1380,CASTPAPGARQLYF,TRBV25-1*01,None,TRBJ2-7*01,1
1381,CASTPAPAERQLYF,TRBV25-1*01,None,TRBJ2-7*01,1
1382,CASTPAPAECEQYF,TRBV25-1*01,None,TRBJ2-7*01,1
1383,CASTPAGAETLLSF,TRBV25-1*01,None,TRBJ2-7*01,1
1384,CASTPADAERELYF,TRBV25-1*01,None,TRBJ2-7*01,1
1385,CASTPAAVEREQYF,TRBV25-1*01,None,TRBJ2-7*01,1
1386,CASTPAATKSEQYF,TRBV25-1*01,None,TRBJ2-7*01,1
1387,CASTPAAGERVQYF,TRBV25-1*01,None,TRBJ2-7*01,1
1388,CASTPAAEEREQYF,TRBV25-1*01,None,TRBJ2-7*01,1
1389,CASTPAAAQRDQYF,TRBV25-1*01,None,TRBJ2-7*01,1
1390,CASTPAAAKREQYF,TRBV25-1*01,None,TRBJ2-7*01,1
1391,CASTPAAAGREQYF,TRBV25-1*01,None,TRBJ2-7*01,1
1392,CASTPAAAESEQYF,TRBV25-1*01,None,TRBJ2-7*01,1
1393,CASTPAAAERERDF,TRBV25-1*01,None,TRBJ2-7*01,1
1394,CASTPAAAEREQYF,TRBV7-9*05,None,TRBJ2-7*01,1
1395,CASTPAPTEREQYF,TRBV25-1*01,None,TRBJ2-7*01,1
1396,CASTPASAEREQYF,TRBV25-1*01,None,TRBJ2-7*01,1
1397,CASTPATAEREQYF,TRBV25-1*01,None,TRBJ2-7*01,1
1398,CASTPEAAEREKYF,TRBV25-1*01,None,TRBJ2-7*01,1
1399,CASTPEAAKREQYF,TRBV25-1*01,None,TRBJ2-7*01,1
1400,CASTPEAAESLQYF,TRBV25-1*01,None,TRBJ2-7*01,1
1401,CASTPEAAERQQYF,TRBV25-1*01,None,TRBJ2-7*01,1
1402,CASTPEAAERERYF,TRBV25-1*01,None,TRBJ2-7*01,1
1403,CASTPEAAERERNF,TRBV25-1*01,None,TRBJ2-7*01,1
1404,CASTPEAAEREQYF,TRBV27*01,None,TRBJ2-7*01,1
1405,CASTPEAAEREEYF,TRBV25-1*01,None,TRBJ2-7*01,1
1406,CASTPAVAEREQYF,TRBV25-1*01,None,TRBJ2-7*01,1
1407,CASTPEAAERDQYF,TRBV25-1*01,None,TRBJ2-7*01,1
1408,CASTPEAAAREQYF,TRBV25-1*01,None,TRBJ2-7*01,1
1409,CASTPDAADSEQYF,TRBV25-1*01,None,TRBJ2-7*01,1
1410,CASTPCAPEREQYF,TRBV25-1*01,None,TRBJ2-7*01,1
1411,CASTPCAAESDQYF,TRBV25-1*01,None,TRBJ2-7*01,1
1412,CASTPCAAECHHYF,TRBV25-1*01,None,TRBJ2-7*01,1
1413,CVSTPWAAEREQYF,TRBV25-1*01,None,TRBJ2-7*01,1
